entry,name,size_bytes,instrs,decomp_ok,file
0x100007b0,FUN_100007b0,10,4,1,100007b0_FUN_100007b0
0x100007c0,FUN_100007c0,136,58,1,100007c0_FUN_100007c0
0x1000096c,FUN_1000096c,154,70,1,1000096c_FUN_1000096c
0x10000a38,FUN_10000a38,216,89,1,10000a38_FUN_10000a38
0x10000a70,FUN_10000a70,96,39,1,10000a70_FUN_10000a70
0x10000b54,FUN_10000b54,46,18,1,10000b54_FUN_10000b54
0x10000b94,FUN_10000b94,28,11,1,10000b94_FUN_10000b94
0x10000bb4,FUN_10000bb4,34,12,1,10000bb4_FUN_10000bb4
0x10000be4,FUN_10000be4,20,8,1,10000be4_FUN_10000be4
0x10000c04,FUN_10000c04,80,33,1,10000c04_FUN_10000c04
0x10000c74,FUN_10000c74,104,38,1,10000c74_FUN_10000c74
0x10000cf0,FUN_10000cf0,28,11,1,10000cf0_FUN_10000cf0
0x10000d18,FUN_10000d18,26,11,1,10000d18_FUN_10000d18
0x10000d40,FUN_10000d40,20,8,1,10000d40_FUN_10000d40
0x10000d5c,FUN_10000d5c,12,5,1,10000d5c_FUN_10000d5c
0x10000d70,FUN_10000d70,12,5,1,10000d70_FUN_10000d70
0x10000d84,FUN_10000d84,20,8,1,10000d84_FUN_10000d84
0x10000da4,FUN_10000da4,10,5,1,10000da4_FUN_10000da4
0x10000db8,FUN_10000db8,54,21,1,10000db8_FUN_10000db8
0x10000e00,FUN_10000e00,304,127,1,10000e00_FUN_10000e00
0x10000f4c,FUN_10000f4c,42,18,1,10000f4c_FUN_10000f4c
0x10000f80,FUN_10000f80,14,6,1,10000f80_FUN_10000f80
0x10000f8e,FUN_10000f8e,324,122,1,10000f8e_FUN_10000f8e
0x10001124,FUN_10001124,46,17,1,10001124_FUN_10001124
0x100011e4,FUN_100011e4,992,368,1,100011e4_FUN_100011e4
0x10001720,FUN_10001720,38,16,1,10001720_FUN_10001720
0x1000175e,FUN_1000175e,32,14,1,1000175e_FUN_1000175e
0x10001786,FUN_10001786,26,10,1,10001786_FUN_10001786
0x10001848,FUN_10001848,36,11,1,10001848_FUN_10001848
0x100018ac,FUN_100018ac,92,34,1,100018ac_FUN_100018ac
0x10001914,FUN_10001914,66,23,1,10001914_FUN_10001914
0x10001956,FUN_10001956,84,36,1,10001956_FUN_10001956
0x100019c4,FUN_100019c4,114,44,1,100019c4_FUN_100019c4
0x10001af4,FUN_10001af4,58,27,1,10001af4_FUN_10001af4
0x10001bb8,FUN_10001bb8,38,17,1,10001bb8_FUN_10001bb8
0x10001c5c,FUN_10001c5c,68,25,1,10001c5c_FUN_10001c5c
0x10001ca4,FUN_10001ca4,20,9,1,10001ca4_FUN_10001ca4
0x10001cbc,FUN_10001cbc,142,53,1,10001cbc_FUN_10001cbc
0x10001d50,FUN_10001d50,384,155,1,10001d50_FUN_10001d50
0x10001f08,FUN_10001f08,410,155,1,10001f08_FUN_10001f08
0x100020b4,FUN_100020b4,170,70,1,100020b4_FUN_100020b4
0x100021da,FUN_100021da,930,323,1,100021da_FUN_100021da
0x10002490,FUN_10002490,190,72,1,10002490_FUN_10002490
0x1000257c,FUN_1000257c,68,24,1,1000257c_FUN_1000257c
0x10002640,FUN_10002640,540,197,1,10002640_FUN_10002640
0x100028fe,FUN_100028fe,66,27,1,100028fe_FUN_100028fe
0x10002940,FUN_10002940,368,137,1,10002940_FUN_10002940
0x10002ab8,FUN_10002ab8,672,263,1,10002ab8_FUN_10002ab8
0x10003048,FUN_10003048,10,5,1,10003048_FUN_10003048
0x10003058,FUN_10003058,10,5,1,10003058_FUN_10003058
0x10003088,FUN_10003088,10,5,1,10003088_FUN_10003088
0x10003098,FUN_10003098,10,5,1,10003098_FUN_10003098
0x100030a8,FUN_100030a8,10,5,1,100030a8_FUN_100030a8
0x100030c8,FUN_100030c8,10,5,1,100030c8_FUN_100030c8
0x100030e8,FUN_100030e8,10,5,1,100030e8_FUN_100030e8
0x100030f8,FUN_100030f8,10,5,1,100030f8_FUN_100030f8
0x10003108,FUN_10003108,10,5,1,10003108_FUN_10003108
0x10003118,FUN_10003118,10,5,1,10003118_FUN_10003118
0x10003148,FUN_10003148,10,5,1,10003148_FUN_10003148
0x10003158,FUN_10003158,10,5,1,10003158_FUN_10003158
0x10003178,FUN_10003178,10,5,1,10003178_FUN_10003178
0x10003188,FUN_10003188,10,5,1,10003188_FUN_10003188
0x10003198,FUN_10003198,10,5,1,10003198_FUN_10003198
0x100031a8,FUN_100031a8,10,5,1,100031a8_FUN_100031a8
0x100031c8,FUN_100031c8,10,5,1,100031c8_FUN_100031c8
0x100031e8,FUN_100031e8,10,5,1,100031e8_FUN_100031e8
0x100031f8,FUN_100031f8,10,5,1,100031f8_FUN_100031f8
0x10003208,FUN_10003208,10,5,1,10003208_FUN_10003208
0x10003218,FUN_10003218,10,5,1,10003218_FUN_10003218
0x10003228,FUN_10003228,10,5,1,10003228_FUN_10003228
0x10003798,FUN_10003798,4,1,1,10003798_FUN_10003798
0x1000379c,FUN_1000379c,630,202,1,1000379c_FUN_1000379c
0x10003a14,FUN_10003a14,30,10,1,10003a14_FUN_10003a14
0x10003a34,FUN_10003a34,34,12,1,10003a34_FUN_10003a34
0x10003a58,FUN_10003a58,66,21,1,10003a58_FUN_10003a58
0x10003b08,FUN_10003b08,412,117,1,10003b08_FUN_10003b08
0x10003ce4,FUN_10003ce4,184,61,1,10003ce4_FUN_10003ce4
0x10003d5c,FUN_10003d5c,360,109,1,10003d5c_FUN_10003d5c
0x10003eca,FUN_10003eca,98,30,1,10003eca_FUN_10003eca
0x10003f3c,FUN_10003f3c,122,40,1,10003f3c_FUN_10003f3c
0x10003fb8,FUN_10003fb8,14,7,1,10003fb8_FUN_10003fb8
0x10003fc8,FUN_10003fc8,16,6,1,10003fc8_FUN_10003fc8
0x10003fd8,FUN_10003fd8,18,6,1,10003fd8_FUN_10003fd8
0x10003fec,FUN_10003fec,18,6,1,10003fec_FUN_10003fec
0x10004000,FUN_10004000,18,6,1,10004000_FUN_10004000
0x10004014,FUN_10004014,18,6,1,10004014_FUN_10004014
0x10004028,FUN_10004028,18,6,1,10004028_FUN_10004028
0x1000403c,FUN_1000403c,44,14,1,1000403c_FUN_1000403c
0x10004068,FUN_10004068,78,25,1,10004068_FUN_10004068
0x100040b8,FUN_100040b8,64,21,1,100040b8_FUN_100040b8
0x100040f8,FUN_100040f8,158,46,1,100040f8_FUN_100040f8
0x10004198,FUN_10004198,160,55,1,10004198_FUN_10004198
0x10004238,FUN_10004238,50,17,1,10004238_FUN_10004238
0x10004268,FUN_10004268,744,262,1,10004268_FUN_10004268
0x10004558,FUN_10004558,312,119,1,10004558_FUN_10004558
0x100046a8,FUN_100046a8,782,298,1,100046a8_FUN_100046a8
0x10005868,FUN_10005868,1082,323,1,10005868_FUN_10005868
0x100064c0,FUN_100064c0,240,91,1,100064c0_FUN_100064c0
0x100065c0,FUN_100065c0,152,49,1,100065c0_FUN_100065c0
0x10006668,FUN_10006668,244,93,1,10006668_FUN_10006668
0x10006770,FUN_10006770,156,51,1,10006770_FUN_10006770
0x10006d70,FUN_10006d70,1002,349,1,10006d70_FUN_10006d70
0x100071e0,FUN_100071e0,546,191,1,100071e0_FUN_100071e0
0x10007460,FUN_10007460,2048,775,1,10007460_FUN_10007460
0x10007ca8,FUN_10007ca8,344,120,1,10007ca8_FUN_10007ca8
0x10008240,FUN_10008240,236,86,1,10008240_FUN_10008240
0x10008360,FUN_10008360,2918,1149,1,10008360_FUN_10008360
0x10008f34,FUN_10008f34,146,57,1,10008f34_FUN_10008f34
0x1000914c,FUN_1000914c,138,51,1,1000914c_FUN_1000914c
0x100091e8,FUN_100091e8,698,269,1,100091e8_FUN_100091e8
0x100098b8,FUN_100098b8,174,68,1,100098b8_FUN_100098b8
0x10009990,FUN_10009990,188,75,1,10009990_FUN_10009990
0x10009a7c,FUN_10009a7c,50,22,1,10009a7c_FUN_10009a7c
0x10009ac4,FUN_10009ac4,40,17,1,10009ac4_FUN_10009ac4
0x10009af4,FUN_10009af4,36,15,1,10009af4_FUN_10009af4
0x10009b20,FUN_10009b20,40,17,1,10009b20_FUN_10009b20
0x10009b50,FUN_10009b50,36,15,1,10009b50_FUN_10009b50
0x10009c08,FUN_10009c08,32,13,1,10009c08_FUN_10009c08
0x10009c2c,FUN_10009c2c,148,61,1,10009c2c_FUN_10009c2c
0x10009ce0,FUN_10009ce0,1526,593,1,10009ce0_FUN_10009ce0
0x1000a3a0,FUN_1000a3a0,146,61,1,1000a3a0_FUN_1000a3a0
0x1000a494,FUN_1000a494,42,18,1,1000a494_FUN_1000a494
0x1000a4cc,FUN_1000a4cc,178,70,1,1000a4cc_FUN_1000a4cc
0x1000a5a8,FUN_1000a5a8,178,70,1,1000a5a8_FUN_1000a5a8
0x1000a684,FUN_1000a684,36,15,1,1000a684_FUN_1000a684
0x1000a6b0,FUN_1000a6b0,114,48,1,1000a6b0_FUN_1000a6b0
0x1000a744,FUN_1000a744,118,51,1,1000a744_FUN_1000a744
0x1000a7cc,FUN_1000a7cc,130,58,1,1000a7cc_FUN_1000a7cc
0x1000a864,FUN_1000a864,40,17,1,1000a864_FUN_1000a864
0x1000a894,FUN_1000a894,36,15,1,1000a894_FUN_1000a894
0x1000a8c0,FUN_1000a8c0,40,17,1,1000a8c0_FUN_1000a8c0
0x1000a8f0,FUN_1000a8f0,40,17,1,1000a8f0_FUN_1000a8f0
0x1000a920,FUN_1000a920,38,15,1,1000a920_FUN_1000a920
0x1000a98c,FUN_1000a98c,108,45,1,1000a98c_FUN_1000a98c
0x1000ab14,FUN_1000ab14,80,32,1,1000ab14_FUN_1000ab14
0x1000ac58,FUN_1000ac58,102,38,1,1000ac58_FUN_1000ac58
0x1000acd8,FUN_1000acd8,82,36,1,1000acd8_FUN_1000acd8
0x1000ad34,FUN_1000ad34,94,41,1,1000ad34_FUN_1000ad34
0x1000ad9c,FUN_1000ad9c,510,180,1,1000ad9c_FUN_1000ad9c
0x1000afdc,FUN_1000afdc,34,14,1,1000afdc_FUN_1000afdc
0x1000b008,FUN_1000b008,64,23,1,1000b008_FUN_1000b008
0x1000b1e0,FUN_1000b1e0,190,79,1,1000b1e0_FUN_1000b1e0
0x1000b218,FUN_1000b218,44,19,1,1000b218_FUN_1000b218
0x1000b24c,FUN_1000b24c,210,89,1,1000b24c_FUN_1000b24c
0x1000b34c,FUN_1000b34c,122,47,1,1000b34c_FUN_1000b34c
0x1000b3d0,FUN_1000b3d0,284,121,1,1000b3d0_FUN_1000b3d0
0x1000b484,FUN_1000b484,72,31,1,1000b484_FUN_1000b484
0x1000b4d8,FUN_1000b4d8,444,178,1,1000b4d8_FUN_1000b4d8
0x1000b6e0,FUN_1000b6e0,154,67,1,1000b6e0_FUN_1000b6e0
0x1000b78c,FUN_1000b78c,262,103,1,1000b78c_FUN_1000b78c
0x1000b89c,FUN_1000b89c,84,34,1,1000b89c_FUN_1000b89c
0x1000b8f4,FUN_1000b8f4,180,75,1,1000b8f4_FUN_1000b8f4
0x1000b9ac,FUN_1000b9ac,100,46,1,1000b9ac_FUN_1000b9ac
0x1000ba14,FUN_1000ba14,50,20,1,1000ba14_FUN_1000ba14
0x1000ba4c,FUN_1000ba4c,92,40,1,1000ba4c_FUN_1000ba4c
0x1000bab0,FUN_1000bab0,190,73,1,1000bab0_FUN_1000bab0
0x1000bbb4,FUN_1000bbb4,204,75,1,1000bbb4_FUN_1000bbb4
0x1000bc84,FUN_1000bc84,44,18,1,1000bc84_FUN_1000bc84
0x1000bcb4,FUN_1000bcb4,100,44,1,1000bcb4_FUN_1000bcb4
0x1000bd1c,FUN_1000bd1c,70,32,1,1000bd1c_FUN_1000bd1c
0x1000bd68,FUN_1000bd68,72,33,1,1000bd68_FUN_1000bd68
0x1000bdb4,FUN_1000bdb4,50,20,1,1000bdb4_FUN_1000bdb4
0x1000bdec,FUN_1000bdec,44,18,1,1000bdec_FUN_1000bdec
0x1000be1c,FUN_1000be1c,258,106,1,1000be1c_FUN_1000be1c
0x1000bf34,FUN_1000bf34,60,27,1,1000bf34_FUN_1000bf34
0x1000bf74,FUN_1000bf74,96,40,1,1000bf74_FUN_1000bf74
0x1000bfa0,FUN_1000bfa0,44,18,1,1000bfa0_FUN_1000bfa0
0x1000bfd0,FUN_1000bfd0,630,234,1,1000bfd0_FUN_1000bfd0
0x1000c2dc,FUN_1000c2dc,236,87,1,1000c2dc_FUN_1000c2dc
0x1000c3e0,FUN_1000c3e0,126,52,1,1000c3e0_FUN_1000c3e0
0x1000c480,FUN_1000c480,156,60,1,1000c480_FUN_1000c480
0x1000c57c,FUN_1000c57c,70,29,1,1000c57c_FUN_1000c57c
0x1000c5c8,FUN_1000c5c8,122,44,1,1000c5c8_FUN_1000c5c8
0x1000c65c,FUN_1000c65c,80,28,1,1000c65c_FUN_1000c65c
0x1000c750,FUN_1000c750,680,265,1,1000c750_FUN_1000c750
0x1000c8d8,FUN_1000c8d8,578,231,1,1000c8d8_FUN_1000c8d8
0x1000ca14,FUN_1000ca14,70,28,1,1000ca14_FUN_1000ca14
0x1000ca60,FUN_1000ca60,46,19,1,1000ca60_FUN_1000ca60
0x1000ca90,FUN_1000ca90,38,15,1,1000ca90_FUN_1000ca90
0x1000cac0,FUN_1000cac0,44,18,1,1000cac0_FUN_1000cac0
0x1000de78,FUN_1000de78,82,29,1,1000de78_FUN_1000de78
0x1000e69c,FUN_1000e69c,112,44,1,1000e69c_FUN_1000e69c
0x1000eb50,FUN_1000eb50,42,18,1,1000eb50_FUN_1000eb50
0x1000eb84,FUN_1000eb84,42,18,1,1000eb84_FUN_1000eb84
0x1000ec38,FUN_1000ec38,36,15,1,1000ec38_FUN_1000ec38
0x1000f6f0,FUN_1000f6f0,80,31,1,1000f6f0_FUN_1000f6f0
0x1000fa80,FUN_1000fa80,112,45,1,1000fa80_FUN_1000fa80
0x1000fe34,FUN_1000fe34,92,35,1,1000fe34_FUN_1000fe34
0x1000ff84,FUN_1000ff84,138,56,1,1000ff84_FUN_1000ff84
0x10010020,FUN_10010020,62,23,1,10010020_FUN_10010020
0x10010064,FUN_10010064,396,148,1,10010064_FUN_10010064
0x100100ac,FUN_100100ac,140,55,1,100100ac_FUN_100100ac
0x100100d8,FUN_100100d8,124,51,1,100100d8_FUN_100100d8
0x1001016c,FUN_1001016c,56,24,1,1001016c_FUN_1001016c
0x100101a8,FUN_100101a8,226,89,1,100101a8_FUN_100101a8
0x10010298,FUN_10010298,244,88,1,10010298_FUN_10010298
0x10010520,FUN_10010520,158,67,1,10010520_FUN_10010520
0x100105cc,FUN_100105cc,60,24,1,100105cc_FUN_100105cc
0x1001060c,FUN_1001060c,458,172,1,1001060c_FUN_1001060c
0x10010848,FUN_10010848,252,95,1,10010848_FUN_10010848
0x10010a24,FUN_10010a24,96,37,1,10010a24_FUN_10010a24
0x10010a8c,FUN_10010a8c,136,52,1,10010a8c_FUN_10010a8c
0x10010b34,FUN_10010b34,258,95,1,10010b34_FUN_10010b34
0x10010f00,FUN_10010f00,328,120,1,10010f00_FUN_10010f00
0x100111b4,FUN_100111b4,58,21,1,100111b4_FUN_100111b4
0x100112a8,FUN_100112a8,46,18,1,100112a8_FUN_100112a8
0x100112e0,FUN_100112e0,208,82,1,100112e0_FUN_100112e0
0x100113e4,FUN_100113e4,142,52,1,100113e4_FUN_100113e4
0x10011460,FUN_10011460,96,39,1,10011460_FUN_10011460
0x1001154c,FUN_1001154c,136,48,1,1001154c_FUN_1001154c
0x100115ec,FUN_100115ec,300,104,1,100115ec_FUN_100115ec
0x10011734,FUN_10011734,464,171,1,10011734_FUN_10011734
0x10011924,FUN_10011924,120,49,1,10011924_FUN_10011924
0x100119bc,FUN_100119bc,530,221,1,100119bc_FUN_100119bc
0x10011bac,FUN_10011bac,176,67,1,10011bac_FUN_10011bac
0x10011c88,FUN_10011c88,366,130,1,10011c88_FUN_10011c88
0x10011e4c,FUN_10011e4c,42,18,1,10011e4c_FUN_10011e4c
0x10011ed0,FUN_10011ed0,62,26,1,10011ed0_FUN_10011ed0
0x10011f14,FUN_10011f14,200,79,1,10011f14_FUN_10011f14
0x10012014,FUN_10012014,340,127,1,10012014_FUN_10012014
0x10012210,FUN_10012210,78,30,1,10012210_FUN_10012210
0x1001227c,FUN_1001227c,92,35,1,1001227c_FUN_1001227c
0x100122f8,FUN_100122f8,114,48,1,100122f8_FUN_100122f8
0x1001238c,FUN_1001238c,74,28,1,1001238c_FUN_1001238c
0x10012584,FUN_10012584,74,28,1,10012584_FUN_10012584
0x100125dc,FUN_100125dc,204,82,1,100125dc_FUN_100125dc
0x10012bb4,FUN_10012bb4,78,29,1,10012bb4_FUN_10012bb4
0x10012c18,FUN_10012c18,98,39,1,10012c18_FUN_10012c18
0x10012c80,FUN_10012c80,66,27,1,10012c80_FUN_10012c80
0x10012d08,FUN_10012d08,166,63,1,10012d08_FUN_10012d08
0x10012e6c,FUN_10012e6c,154,63,1,10012e6c_FUN_10012e6c
0x10013334,FUN_10013334,144,56,1,10013334_FUN_10013334
0x10013414,FUN_10013414,122,45,1,10013414_FUN_10013414
0x10013660,FUN_10013660,36,15,1,10013660_FUN_10013660
0x1001368c,FUN_1001368c,76,32,1,1001368c_FUN_1001368c
0x10013758,FUN_10013758,36,14,1,10013758_FUN_10013758
0x100137ec,FUN_100137ec,174,65,1,100137ec_FUN_100137ec
0x100138b8,FUN_100138b8,158,61,1,100138b8_FUN_100138b8
0x10013e50,FUN_10013e50,70,26,1,10013e50_FUN_10013e50
0x100145b0,FUN_100145b0,166,68,1,100145b0_FUN_100145b0
0x10014674,FUN_10014674,38,15,1,10014674_FUN_10014674
0x100146a4,FUN_100146a4,162,65,1,100146a4_FUN_100146a4
0x100147b0,FUN_100147b0,226,86,1,100147b0_FUN_100147b0
0x10014cc4,FUN_10014cc4,510,188,1,10014cc4_FUN_10014cc4
0x10014f10,FUN_10014f10,76,31,1,10014f10_FUN_10014f10
0x10015058,FUN_10015058,144,59,1,10015058_FUN_10015058
0x1001513c,FUN_1001513c,32,13,1,1001513c_FUN_1001513c
0x10015160,FUN_10015160,32,13,1,10015160_FUN_10015160
0x100151a8,FUN_100151a8,92,38,1,100151a8_FUN_100151a8
0x10015208,FUN_10015208,120,51,1,10015208_FUN_10015208
0x10015284,FUN_10015284,162,69,1,10015284_FUN_10015284
0x10015354,FUN_10015354,156,61,1,10015354_FUN_10015354
0x10015684,FUN_10015684,102,42,1,10015684_FUN_10015684
0x10015704,FUN_10015704,188,76,1,10015704_FUN_10015704
0x100158d8,FUN_100158d8,124,45,1,100158d8_FUN_100158d8
0x10015b10,FUN_10015b10,88,32,1,10015b10_FUN_10015b10
0x10015b7c,FUN_10015b7c,196,73,1,10015b7c_FUN_10015b7c
0x10015d78,FUN_10015d78,36,15,1,10015d78_FUN_10015d78
0x10015da4,FUN_10015da4,94,37,1,10015da4_FUN_10015da4
0x10015f88,FUN_10015f88,126,51,1,10015f88_FUN_10015f88
0x10016028,FUN_10016028,306,124,1,10016028_FUN_10016028
0x10016178,FUN_10016178,266,98,1,10016178_FUN_10016178
0x100162cc,FUN_100162cc,70,26,1,100162cc_FUN_100162cc
0x10016328,FUN_10016328,70,26,1,10016328_FUN_10016328
0x10016384,FUN_10016384,200,74,1,10016384_FUN_10016384
0x10016460,FUN_10016460,66,25,1,10016460_FUN_10016460
0x100164b8,FUN_100164b8,98,35,1,100164b8_FUN_100164b8
0x10016530,FUN_10016530,58,20,1,10016530_FUN_10016530
0x10016570,FUN_10016570,64,26,1,10016570_FUN_10016570
0x100165b4,FUN_100165b4,96,39,1,100165b4_FUN_100165b4
0x100165f8,FUN_100165f8,74,28,1,100165f8_FUN_100165f8
0x10016648,FUN_10016648,68,27,1,10016648_FUN_10016648
0x10016690,FUN_10016690,114,42,1,10016690_FUN_10016690
0x10016708,FUN_10016708,74,30,1,10016708_FUN_10016708
0x100167c0,FUN_100167c0,162,65,1,100167c0_FUN_100167c0
0x100169f4,FUN_100169f4,76,28,1,100169f4_FUN_100169f4
0x10016a44,FUN_10016a44,266,104,1,10016a44_FUN_10016a44
0x10016be8,FUN_10016be8,490,186,1,10016be8_FUN_10016be8
0x10017188,FUN_10017188,44,19,1,10017188_FUN_10017188
0x100173c0,FUN_100173c0,32,13,1,100173c0_FUN_100173c0
0x100173e4,FUN_100173e4,32,13,1,100173e4_FUN_100173e4
0x10017408,FUN_10017408,32,13,1,10017408_FUN_10017408
0x1001742c,FUN_1001742c,32,13,1,1001742c_FUN_1001742c
0x10017474,FUN_10017474,32,13,1,10017474_FUN_10017474
0x10017498,FUN_10017498,32,13,1,10017498_FUN_10017498
0x100174bc,FUN_100174bc,32,13,1,100174bc_FUN_100174bc
0x100174e0,FUN_100174e0,32,13,1,100174e0_FUN_100174e0
0x10017528,FUN_10017528,32,13,1,10017528_FUN_10017528
0x1001754c,FUN_1001754c,150,61,1,1001754c_FUN_1001754c
0x10017604,FUN_10017604,86,36,1,10017604_FUN_10017604
0x10018fa0,FUN_10018fa0,78,32,1,10018fa0_FUN_10018fa0
0x1001902c,FUN_1001902c,138,52,1,1001902c_FUN_1001902c
0x10019344,FUN_10019344,204,79,1,10019344_FUN_10019344
0x10019438,FUN_10019438,526,191,1,10019438_FUN_10019438
0x1001946c,FUN_1001946c,42,17,1,1001946c_FUN_1001946c
0x100194a0,FUN_100194a0,202,81,1,100194a0_FUN_100194a0
0x10019594,FUN_10019594,156,63,1,10019594_FUN_10019594
0x10019634,FUN_10019634,778,296,1,10019634_FUN_10019634
0x10019d30,FUN_10019d30,214,86,1,10019d30_FUN_10019d30
0x1001a000,FUN_1001a000,70,27,1,1001a000_FUN_1001a000
0x1001a6e4,FUN_1001a6e4,94,39,1,1001a6e4_FUN_1001a6e4
0x1001a758,FUN_1001a758,78,33,1,1001a758_FUN_1001a758
0x1001a7c0,FUN_1001a7c0,50,20,1,1001a7c0_FUN_1001a7c0
0x1001a7fc,FUN_1001a7fc,132,55,1,1001a7fc_FUN_1001a7fc
0x1001a900,FUN_1001a900,48,19,1,1001a900_FUN_1001a900
0x1001a934,FUN_1001a934,220,82,1,1001a934_FUN_1001a934
0x1001aa1c,FUN_1001aa1c,208,78,1,1001aa1c_FUN_1001aa1c
0x1001ab28,FUN_1001ab28,102,41,1,1001ab28_FUN_1001ab28
0x1001ab98,FUN_1001ab98,150,59,1,1001ab98_FUN_1001ab98
0x1001ac40,FUN_1001ac40,196,77,1,1001ac40_FUN_1001ac40
0x1001ad14,FUN_1001ad14,426,161,1,1001ad14_FUN_1001ad14
0x1001af18,FUN_1001af18,616,239,1,1001af18_FUN_1001af18
0x1001b21c,FUN_1001b21c,58,23,1,1001b21c_FUN_1001b21c
0x1001b260,FUN_1001b260,66,25,1,1001b260_FUN_1001b260
0x1001b2b8,FUN_1001b2b8,298,109,1,1001b2b8_FUN_1001b2b8
0x1001b5cc,FUN_1001b5cc,66,25,1,1001b5cc_FUN_1001b5cc
0x1001b8c8,FUN_1001b8c8,152,61,1,1001b8c8_FUN_1001b8c8
0x1001bbe0,FUN_1001bbe0,128,52,1,1001bbe0_FUN_1001bbe0
0x1001bc64,FUN_1001bc64,114,46,1,1001bc64_FUN_1001bc64
0x1001bd8c,FUN_1001bd8c,36,15,1,1001bd8c_FUN_1001bd8c
0x1001bdb8,FUN_1001bdb8,344,130,1,1001bdb8_FUN_1001bdb8
0x1001bf4c,FUN_1001bf4c,348,127,1,1001bf4c_FUN_1001bf4c
0x1001c0e8,FUN_1001c0e8,198,74,1,1001c0e8_FUN_1001c0e8
0x1001c1d0,FUN_1001c1d0,172,68,1,1001c1d0_FUN_1001c1d0
0x1001c2a0,FUN_1001c2a0,114,47,1,1001c2a0_FUN_1001c2a0
0x1001c6bc,FUN_1001c6bc,550,220,1,1001c6bc_FUN_1001c6bc
0x1001c9e8,FUN_1001c9e8,32,13,1,1001c9e8_FUN_1001c9e8
0x1001ca0c,FUN_1001ca0c,32,13,1,1001ca0c_FUN_1001ca0c
0x1001ca30,FUN_1001ca30,44,18,1,1001ca30_FUN_1001ca30
0x1001cad0,FUN_1001cad0,150,59,1,1001cad0_FUN_1001cad0
0x1001d1e4,FUN_1001d1e4,414,176,1,1001d1e4_FUN_1001d1e4
0x1001db58,FUN_1001db58,80,37,1,1001db58_FUN_1001db58
0x1001dbac,FUN_1001dbac,44,18,1,1001dbac_FUN_1001dbac
0x1001dca0,FUN_1001dca0,98,39,1,1001dca0_FUN_1001dca0
0x1001dcdc,FUN_1001dcdc,90,37,1,1001dcdc_FUN_1001dcdc
0x1001dd44,FUN_1001dd44,82,33,1,1001dd44_FUN_1001dd44
0x1001e5ec,FUN_1001e5ec,230,96,1,1001e5ec_FUN_1001e5ec
0x1001e6e4,FUN_1001e6e4,188,80,1,1001e6e4_FUN_1001e6e4
0x1001e8e8,FUN_1001e8e8,182,77,1,1001e8e8_FUN_1001e8e8
0x1001fccc,FUN_1001fccc,42,18,1,1001fccc_FUN_1001fccc
0x1001fd00,FUN_1001fd00,56,25,1,1001fd00_FUN_1001fd00
0x1001fd40,FUN_1001fd40,194,83,1,1001fd40_FUN_1001fd40
0x1001fe10,FUN_1001fe10,54,24,1,1001fe10_FUN_1001fe10
0x1001ff08,FUN_1001ff08,154,64,1,1001ff08_FUN_1001ff08
0x1001ffc8,FUN_1001ffc8,224,95,1,1001ffc8_FUN_1001ffc8
0x1002000c,FUN_1002000c,194,80,1,1002000c_FUN_1002000c
0x100200ec,FUN_100200ec,192,81,1,100200ec_FUN_100200ec
0x100201cc,FUN_100201cc,88,35,1,100201cc_FUN_100201cc
0x10020240,FUN_10020240,114,51,1,10020240_FUN_10020240
0x100202d0,FUN_100202d0,54,22,1,100202d0_FUN_100202d0
0x1002030c,FUN_1002030c,64,24,1,1002030c_FUN_1002030c
0x10020488,FUN_10020488,40,16,1,10020488_FUN_10020488
0x100204b8,FUN_100204b8,46,18,1,100204b8_FUN_100204b8
0x100204f0,FUN_100204f0,34,14,1,100204f0_FUN_100204f0
0x1002051c,FUN_1002051c,44,18,1,1002051c_FUN_1002051c
0x1002057c,FUN_1002057c,42,18,1,1002057c_FUN_1002057c
0x100205b0,FUN_100205b0,84,34,1,100205b0_FUN_100205b0
0x1002061c,FUN_1002061c,48,19,1,1002061c_FUN_1002061c
0x10020694,FUN_10020694,60,25,1,10020694_FUN_10020694
0x100206d8,FUN_100206d8,464,186,1,100206d8_FUN_100206d8
0x10020860,FUN_10020860,882,370,1,10020860_FUN_10020860
0x10020d34,FUN_10020d34,54,22,1,10020d34_FUN_10020d34
0x10020d70,FUN_10020d70,120,50,1,10020d70_FUN_10020d70
0x10020dac,FUN_10020dac,90,35,1,10020dac_FUN_10020dac
0x10020ebc,FUN_10020ebc,50,20,1,10020ebc_FUN_10020ebc
0x10020f44,FUN_10020f44,88,34,1,10020f44_FUN_10020f44
0x10021b6c,FUN_10021b6c,46,19,1,10021b6c_FUN_10021b6c
0x10021ba0,FUN_10021ba0,38,15,1,10021ba0_FUN_10021ba0
0x10021bd0,FUN_10021bd0,240,88,1,10021bd0_FUN_10021bd0
0x10021cec,FUN_10021cec,280,105,1,10021cec_FUN_10021cec
0x10021e38,FUN_10021e38,514,177,1,10021e38_FUN_10021e38
0x10022060,FUN_10022060,406,148,1,10022060_FUN_10022060
0x1002222c,FUN_1002222c,290,105,1,1002222c_FUN_1002222c
0x10022388,FUN_10022388,328,125,1,10022388_FUN_10022388
0x100224f0,FUN_100224f0,148,64,1,100224f0_FUN_100224f0
0x10022538,FUN_10022538,286,119,1,10022538_FUN_10022538
0x100225ec,FUN_100225ec,198,76,1,100225ec_FUN_100225ec
0x100226d8,FUN_100226d8,194,80,1,100226d8_FUN_100226d8
0x100227b4,FUN_100227b4,544,205,1,100227b4_FUN_100227b4
0x10022a20,FUN_10022a20,106,42,1,10022a20_FUN_10022a20
0x10022aac,FUN_10022aac,120,48,1,10022aac_FUN_10022aac
0x10022b4c,FUN_10022b4c,168,63,1,10022b4c_FUN_10022b4c
0x10022c14,FUN_10022c14,168,63,1,10022c14_FUN_10022c14
0x10022ce0,FUN_10022ce0,236,95,1,10022ce0_FUN_10022ce0
0x10022de4,FUN_10022de4,542,192,1,10022de4_FUN_10022de4
0x10023020,FUN_10023020,376,141,1,10023020_FUN_10023020
0x100231e4,FUN_100231e4,176,68,1,100231e4_FUN_100231e4
0x10023584,FUN_10023584,386,145,1,10023584_FUN_10023584
0x10023d9c,FUN_10023d9c,70,27,1,10023d9c_FUN_10023d9c
0x10023df0,FUN_10023df0,70,27,1,10023df0_FUN_10023df0
0x10023f38,FUN_10023f38,64,27,1,10023f38_FUN_10023f38
0x100240c0,FUN_100240c0,350,139,1,100240c0_FUN_100240c0
0x10024260,FUN_10024260,800,297,1,10024260_FUN_10024260
0x100245c4,FUN_100245c4,318,118,1,100245c4_FUN_100245c4
0x1002471c,FUN_1002471c,786,312,1,1002471c_FUN_1002471c
0x10024a90,FUN_10024a90,294,116,1,10024a90_FUN_10024a90
0x10024f5c,FUN_10024f5c,34,14,1,10024f5c_FUN_10024f5c
0x10024f88,FUN_10024f88,46,20,1,10024f88_FUN_10024f88
0x10024fbc,FUN_10024fbc,98,41,1,10024fbc_FUN_10024fbc
0x10025024,FUN_10025024,104,46,1,10025024_FUN_10025024
0x10025098,FUN_10025098,90,39,1,10025098_FUN_10025098
0x100250f8,FUN_100250f8,56,25,1,100250f8_FUN_100250f8
0x10025134,FUN_10025134,124,51,1,10025134_FUN_10025134
0x100251bc,FUN_100251bc,158,68,1,100251bc_FUN_100251bc
0x10025264,FUN_10025264,108,42,1,10025264_FUN_10025264
0x100252d8,FUN_100252d8,344,127,1,100252d8_FUN_100252d8
0x1002544c,FUN_1002544c,44,19,1,1002544c_FUN_1002544c
0x10025480,FUN_10025480,300,115,1,10025480_FUN_10025480
0x100255c4,FUN_100255c4,322,119,1,100255c4_FUN_100255c4
0x1002571c,FUN_1002571c,44,19,1,1002571c_FUN_1002571c
0x10025750,FUN_10025750,152,65,1,10025750_FUN_10025750
0x100257f0,FUN_100257f0,114,46,1,100257f0_FUN_100257f0
0x10025948,FUN_10025948,74,33,1,10025948_FUN_10025948
0x100259e8,FUN_100259e8,64,26,1,100259e8_FUN_100259e8
0x10025a40,FUN_10025a40,66,27,1,10025a40_FUN_10025a40
0x10025a9c,FUN_10025a9c,60,23,1,10025a9c_FUN_10025a9c
0x10025b08,FUN_10025b08,58,22,1,10025b08_FUN_10025b08
0x10025b54,FUN_10025b54,96,38,1,10025b54_FUN_10025b54
0x10025bc0,FUN_10025bc0,38,15,1,10025bc0_FUN_10025bc0
0x10025bf0,FUN_10025bf0,236,92,1,10025bf0_FUN_10025bf0
0x10025db8,FUN_10025db8,90,35,1,10025db8_FUN_10025db8
0x10025e18,FUN_10025e18,80,32,1,10025e18_FUN_10025e18
0x10025f48,FUN_10025f48,152,58,1,10025f48_FUN_10025f48
0x10026270,FUN_10026270,280,103,1,10026270_FUN_10026270
0x100263a4,FUN_100263a4,254,95,1,100263a4_FUN_100263a4
0x1002660c,FUN_1002660c,222,84,1,1002660c_FUN_1002660c
0x10026978,FUN_10026978,390,148,1,10026978_FUN_10026978
0x100269d4,FUN_100269d4,428,179,1,100269d4_FUN_100269d4
0x10026ff8,FUN_10026ff8,232,100,1,10026ff8_FUN_10026ff8
0x100275d0,FUN_100275d0,368,145,1,100275d0_FUN_100275d0
0x10027798,FUN_10027798,204,80,1,10027798_FUN_10027798
0x10027884,FUN_10027884,504,190,1,10027884_FUN_10027884
0x10027b20,FUN_10027b20,44,17,1,10027b20_FUN_10027b20
0x10027c74,FUN_10027c74,212,85,1,10027c74_FUN_10027c74
0x10028574,FUN_10028574,254,101,1,10028574_FUN_10028574
0x10028bd0,FUN_10028bd0,146,52,1,10028bd0_FUN_10028bd0
0x10028c7c,FUN_10028c7c,446,162,1,10028c7c_FUN_10028c7c
0x100293f8,FUN_100293f8,126,54,1,100293f8_FUN_100293f8
0x10029574,FUN_10029574,248,100,1,10029574_FUN_10029574
0x100295fc,FUN_100295fc,544,210,1,100295fc_FUN_100295fc
0x10029d38,FUN_10029d38,78,32,1,10029d38_FUN_10029d38
0x10029d98,FUN_10029d98,326,117,1,10029d98_FUN_10029d98
0x10029f00,FUN_10029f00,86,36,1,10029f00_FUN_10029f00
0x10029f68,FUN_10029f68,234,90,1,10029f68_FUN_10029f68
0x1002a1e0,FUN_1002a1e0,82,33,1,1002a1e0_FUN_1002a1e0
0x1002a22c,FUN_1002a22c,164,57,1,1002a22c_FUN_1002a22c
0x1002a2d4,FUN_1002a2d4,806,297,1,1002a2d4_FUN_1002a2d4
0x1002a628,FUN_1002a628,268,103,1,1002a628_FUN_1002a628
0x1002a740,FUN_1002a740,668,265,1,1002a740_FUN_1002a740
0x1002aa04,FUN_1002aa04,650,240,1,1002aa04_FUN_1002aa04
0x1002acc4,FUN_1002acc4,1214,450,1,1002acc4_FUN_1002acc4
0x1002b2a4,FUN_1002b2a4,76,32,1,1002b2a4_FUN_1002b2a4
0x1002b958,FUN_1002b958,78,33,1,1002b958_FUN_1002b958
0x1002bae0,FUN_1002bae0,192,81,1,1002bae0_FUN_1002bae0
0x1002bbd0,FUN_1002bbd0,152,59,1,1002bbd0_FUN_1002bbd0
0x1002bc80,FUN_1002bc80,310,113,1,1002bc80_FUN_1002bc80
0x1002bde4,FUN_1002bde4,208,75,1,1002bde4_FUN_1002bde4
0x1002bf54,FUN_1002bf54,178,68,1,1002bf54_FUN_1002bf54
0x1002c010,FUN_1002c010,48,19,1,1002c010_FUN_1002c010
0x1002cb88,FUN_1002cb88,98,39,1,1002cb88_FUN_1002cb88
0x1002cdd8,FUN_1002cdd8,206,78,1,1002cdd8_FUN_1002cdd8
0x1002d000,FUN_1002d000,256,103,1,1002d000_FUN_1002d000
0x1002d288,FUN_1002d288,124,50,1,1002d288_FUN_1002d288
0x1002d48c,FUN_1002d48c,344,132,1,1002d48c_FUN_1002d48c
0x1002d61c,FUN_1002d61c,624,240,1,1002d61c_FUN_1002d61c
0x1002d96c,FUN_1002d96c,44,17,1,1002d96c_FUN_1002d96c
0x1002da40,FUN_1002da40,196,76,1,1002da40_FUN_1002da40
0x1002db08,FUN_1002db08,108,38,1,1002db08_FUN_1002db08
0x1002db7c,FUN_1002db7c,442,166,1,1002db7c_FUN_1002db7c
0x1002dd8c,FUN_1002dd8c,772,293,1,1002dd8c_FUN_1002dd8c
0x1002e108,FUN_1002e108,40,16,1,1002e108_FUN_1002e108
0x1002e800,FUN_1002e800,40,16,1,1002e800_FUN_1002e800
0x1002e82c,FUN_1002e82c,40,16,1,1002e82c_FUN_1002e82c
0x1002e858,FUN_1002e858,40,16,1,1002e858_FUN_1002e858
0x1002e884,FUN_1002e884,40,16,1,1002e884_FUN_1002e884
0x1002e8b0,FUN_1002e8b0,76,32,1,1002e8b0_FUN_1002e8b0
0x1002e900,FUN_1002e900,138,51,1,1002e900_FUN_1002e900
0x1002e994,FUN_1002e994,76,31,1,1002e994_FUN_1002e994
0x1002ea48,FUN_1002ea48,106,43,1,1002ea48_FUN_1002ea48
0x1002eb04,FUN_1002eb04,40,17,1,1002eb04_FUN_1002eb04
0x1002eb34,FUN_1002eb34,36,14,1,1002eb34_FUN_1002eb34
0x1002ed68,FUN_1002ed68,166,65,1,1002ed68_FUN_1002ed68
0x1002eefc,FUN_1002eefc,50,19,1,1002eefc_FUN_1002eefc
0x1002ef34,FUN_1002ef34,36,14,1,1002ef34_FUN_1002ef34
0x1002ef9c,FUN_1002ef9c,68,26,1,1002ef9c_FUN_1002ef9c
0x1002efe4,FUN_1002efe4,114,45,1,1002efe4_FUN_1002efe4
0x1002f010,FUN_1002f010,40,15,1,1002f010_FUN_1002f010
0x1002f03c,FUN_1002f03c,66,26,1,1002f03c_FUN_1002f03c
0x1002f43c,FUN_1002f43c,86,35,1,1002f43c_FUN_1002f43c
0x1002f5bc,FUN_1002f5bc,96,39,1,1002f5bc_FUN_1002f5bc
0x1002f6f0,FUN_1002f6f0,76,34,1,1002f6f0_FUN_1002f6f0
0x1002f824,FUN_1002f824,362,133,1,1002f824_FUN_1002f824
0x10030054,FUN_10030054,118,46,1,10030054_FUN_10030054
0x100300d4,FUN_100300d4,454,162,1,100300d4_FUN_100300d4
0x10030490,FUN_10030490,288,102,1,10030490_FUN_10030490
0x10030658,FUN_10030658,212,83,1,10030658_FUN_10030658
0x1003145c,FUN_1003145c,36,15,1,1003145c_FUN_1003145c
0x10031488,FUN_10031488,36,15,1,10031488_FUN_10031488
0x100314b4,FUN_100314b4,36,15,1,100314b4_FUN_100314b4
0x1003150c,FUN_1003150c,36,15,1,1003150c_FUN_1003150c
0x10031538,FUN_10031538,50,20,1,10031538_FUN_10031538
0x10031574,FUN_10031574,64,26,1,10031574_FUN_10031574
0x100315c4,FUN_100315c4,38,15,1,100315c4_FUN_100315c4
0x100315f0,FUN_100315f0,38,15,1,100315f0_FUN_100315f0
0x10031658,FUN_10031658,64,27,1,10031658_FUN_10031658
0x100316a8,FUN_100316a8,104,39,1,100316a8_FUN_100316a8
0x100316d0,FUN_100316d0,76,31,1,100316d0_FUN_100316d0
0x1003172c,FUN_1003172c,196,77,1,1003172c_FUN_1003172c
0x10031a1c,FUN_10031a1c,502,186,1,10031a1c_FUN_10031a1c
0x10031c54,FUN_10031c54,58,23,1,10031c54_FUN_10031c54
0x10031c98,FUN_10031c98,200,80,1,10031c98_FUN_10031c98
0x10031eec,FUN_10031eec,790,283,1,10031eec_FUN_10031eec
0x100323a8,FUN_100323a8,496,204,1,100323a8_FUN_100323a8
0x10032d70,FUN_10032d70,112,45,1,10032d70_FUN_10032d70
0x10032df8,FUN_10032df8,50,21,1,10032df8_FUN_10032df8
0x10032e34,FUN_10032e34,480,188,1,10032e34_FUN_10032e34
0x1003304c,FUN_1003304c,360,137,1,1003304c_FUN_1003304c
0x10033204,FUN_10033204,604,223,1,10033204_FUN_10033204
0x100334d0,FUN_100334d0,98,44,1,100334d0_FUN_100334d0
0x100335d0,FUN_100335d0,370,144,1,100335d0_FUN_100335d0
0x100337e0,FUN_100337e0,116,46,1,100337e0_FUN_100337e0
0x100338b4,FUN_100338b4,52,21,1,100338b4_FUN_100338b4
0x10033e0c,FUN_10033e0c,60,26,1,10033e0c_FUN_10033e0c
0x10033e64,FUN_10033e64,38,15,1,10033e64_FUN_10033e64
0x10033e94,FUN_10033e94,38,15,1,10033e94_FUN_10033e94
0x10033ec4,FUN_10033ec4,42,17,1,10033ec4_FUN_10033ec4
0x10033ef8,FUN_10033ef8,550,198,1,10033ef8_FUN_10033ef8
0x10034178,FUN_10034178,514,192,1,10034178_FUN_10034178
0x100343ec,FUN_100343ec,48,18,1,100343ec_FUN_100343ec
0x10034424,FUN_10034424,458,170,1,10034424_FUN_10034424
0x1003464c,FUN_1003464c,240,86,1,1003464c_FUN_1003464c
0x10034788,FUN_10034788,52,19,1,10034788_FUN_10034788
0x100347c4,FUN_100347c4,84,37,1,100347c4_FUN_100347c4
0x10034838,FUN_10034838,114,47,1,10034838_FUN_10034838
0x100348d0,FUN_100348d0,94,40,1,100348d0_FUN_100348d0
0x1003494c,FUN_1003494c,154,63,1,1003494c_FUN_1003494c
0x10034a08,FUN_10034a08,124,54,1,10034a08_FUN_10034a08
0x10034ab4,FUN_10034ab4,50,20,1,10034ab4_FUN_10034ab4
0x10034af0,FUN_10034af0,438,170,1,10034af0_FUN_10034af0
0x10034cfc,FUN_10034cfc,300,120,1,10034cfc_FUN_10034cfc
0x10034e64,FUN_10034e64,260,104,1,10034e64_FUN_10034e64
0x10034fa4,FUN_10034fa4,188,75,1,10034fa4_FUN_10034fa4
0x1003507c,FUN_1003507c,142,55,1,1003507c_FUN_1003507c
0x1003512c,FUN_1003512c,202,81,1,1003512c_FUN_1003512c
0x10035220,FUN_10035220,310,119,1,10035220_FUN_10035220
0x10035380,FUN_10035380,204,83,1,10035380_FUN_10035380
0x10035484,FUN_10035484,228,95,1,10035484_FUN_10035484
0x100355e0,FUN_100355e0,106,44,1,100355e0_FUN_100355e0
0x100357f4,FUN_100357f4,218,87,1,100357f4_FUN_100357f4
0x100358f0,FUN_100358f0,240,97,1,100358f0_FUN_100358f0
0x10035a7c,FUN_10035a7c,126,52,1,10035a7c_FUN_10035a7c
0x10035b24,FUN_10035b24,88,37,1,10035b24_FUN_10035b24
0x10035b94,FUN_10035b94,96,38,1,10035b94_FUN_10035b94
0x10035c14,FUN_10035c14,68,26,1,10035c14_FUN_10035c14
0x10035c70,FUN_10035c70,68,26,1,10035c70_FUN_10035c70
0x1003633c,FUN_1003633c,114,49,1,1003633c_FUN_1003633c
0x10036c9c,FUN_10036c9c,46,20,1,10036c9c_FUN_10036c9c
0x10036cd8,FUN_10036cd8,42,18,1,10036cd8_FUN_10036cd8
0x10036d0c,FUN_10036d0c,66,27,1,10036d0c_FUN_10036d0c
0x10036df4,FUN_10036df4,38,15,1,10036df4_FUN_10036df4
0x10036e74,FUN_10036e74,32,13,1,10036e74_FUN_10036e74
0x100370f4,FUN_100370f4,120,45,1,100370f4_FUN_100370f4
0x1003711c,FUN_1003711c,80,31,1,1003711c_FUN_1003711c
0x10037184,FUN_10037184,40,15,1,10037184_FUN_10037184
0x100371b0,FUN_100371b0,140,58,1,100371b0_FUN_100371b0
0x10037bb0,FUN_10037bb0,40,16,1,10037bb0_FUN_10037bb0
0x10038814,FUN_10038814,36,14,1,10038814_FUN_10038814
0x1003883c,FUN_1003883c,36,14,1,1003883c_FUN_1003883c
0x10038864,FUN_10038864,100,42,1,10038864_FUN_10038864
0x100388d4,FUN_100388d4,194,72,1,100388d4_FUN_100388d4
0x100389a0,FUN_100389a0,58,24,1,100389a0_FUN_100389a0
0x100389e8,FUN_100389e8,72,27,1,100389e8_FUN_100389e8
0x10038a38,FUN_10038a38,146,58,1,10038a38_FUN_10038a38
0x100390ac,FUN_100390ac,58,25,1,100390ac_FUN_100390ac
0x100390f4,FUN_100390f4,136,60,1,100390f4_FUN_100390f4
0x100395c0,FUN_100395c0,34,14,1,100395c0_FUN_100395c0
0x100396a4,FUN_100396a4,64,26,1,100396a4_FUN_100396a4
0x100396fc,FUN_100396fc,54,21,1,100396fc_FUN_100396fc
0x10039740,FUN_10039740,40,16,1,10039740_FUN_10039740
0x10039770,FUN_10039770,70,27,1,10039770_FUN_10039770
0x100397d0,FUN_100397d0,46,19,1,100397d0_FUN_100397d0
0x10039808,FUN_10039808,72,28,1,10039808_FUN_10039808
0x10039868,FUN_10039868,80,34,1,10039868_FUN_10039868
0x100398c0,FUN_100398c0,60,27,1,100398c0_FUN_100398c0
0x10039904,FUN_10039904,70,30,1,10039904_FUN_10039904
0x10039954,FUN_10039954,150,58,1,10039954_FUN_10039954
0x10039a30,FUN_10039a30,62,26,1,10039a30_FUN_10039a30
0x10039a78,FUN_10039a78,94,38,1,10039a78_FUN_10039a78
0x10039af4,FUN_10039af4,66,30,1,10039af4_FUN_10039af4
0x10039b40,FUN_10039b40,42,17,1,10039b40_FUN_10039b40
0x10039cc0,FUN_10039cc0,128,54,1,10039cc0_FUN_10039cc0
0x10039e58,FUN_10039e58,128,54,1,10039e58_FUN_10039e58
0x1003eaa0,FUN_1003eaa0,42,16,1,1003eaa0_FUN_1003eaa0
0x1003eb08,FUN_1003eb08,42,17,1,1003eb08_FUN_1003eb08
0x1003eb38,FUN_1003eb38,120,47,1,1003eb38_FUN_1003eb38
0x1003ebd4,FUN_1003ebd4,42,17,1,1003ebd4_FUN_1003ebd4
0x1003ec74,FUN_1003ec74,86,36,1,1003ec74_FUN_1003ec74
0x1003efd4,FUN_1003efd4,102,41,1,1003efd4_FUN_1003efd4
0x1003f050,FUN_1003f050,128,52,1,1003f050_FUN_1003f050
0x1003f0e4,FUN_1003f0e4,52,21,1,1003f0e4_FUN_1003f0e4
0x1003f160,FUN_1003f160,258,100,1,1003f160_FUN_1003f160
0x1003f2cc,FUN_1003f2cc,34,14,1,1003f2cc_FUN_1003f2cc
0x1003f2f4,FUN_1003f2f4,36,15,1,1003f2f4_FUN_1003f2f4
0x1003f320,FUN_1003f320,36,15,1,1003f320_FUN_1003f320
0x1003f388,FUN_1003f388,84,36,1,1003f388_FUN_1003f388
0x1003f438,FUN_1003f438,90,36,1,1003f438_FUN_1003f438
0x1003f46c,FUN_1003f46c,96,40,1,1003f46c_FUN_1003f46c
0x1003f59c,FUN_1003f59c,120,48,1,1003f59c_FUN_1003f59c
0x1003f6f0,FUN_1003f6f0,38,15,1,1003f6f0_FUN_1003f6f0
0x1003f71c,FUN_1003f71c,38,15,1,1003f71c_FUN_1003f71c
0x1003f748,FUN_1003f748,52,20,1,1003f748_FUN_1003f748
0x1003f838,FUN_1003f838,68,24,1,1003f838_FUN_1003f838
0x1003f888,FUN_1003f888,308,126,1,1003f888_FUN_1003f888
0x1003fbfc,FUN_1003fbfc,58,23,1,1003fbfc_FUN_1003fbfc
0x1003fc40,FUN_1003fc40,46,19,1,1003fc40_FUN_1003fc40
0x1003fc78,FUN_1003fc78,46,18,1,1003fc78_FUN_1003fc78
0x1003fcb0,FUN_1003fcb0,92,39,1,1003fcb0_FUN_1003fcb0
0x1003fe20,FUN_1003fe20,90,36,1,1003fe20_FUN_1003fe20
0x1003fe54,FUN_1003fe54,36,14,1,1003fe54_FUN_1003fe54
0x1003fe7c,FUN_1003fe7c,42,17,1,1003fe7c_FUN_1003fe7c
0x1003feb0,FUN_1003feb0,238,98,1,1003feb0_FUN_1003feb0
0x100401bc,FUN_100401bc,86,35,1,100401bc_FUN_100401bc
0x100403ac,FUN_100403ac,92,34,1,100403ac_FUN_100403ac
0x100404a8,FUN_100404a8,494,206,1,100404a8_FUN_100404a8
0x1004098c,FUN_1004098c,64,25,1,1004098c_FUN_1004098c
0x10040f84,FUN_10040f84,228,83,1,10040f84_FUN_10040f84
0x1004108c,FUN_1004108c,48,18,1,1004108c_FUN_1004108c
0x100410c0,FUN_100410c0,128,57,1,100410c0_FUN_100410c0
0x10041164,FUN_10041164,108,44,1,10041164_FUN_10041164
0x100411ec,FUN_100411ec,378,165,1,100411ec_FUN_100411ec
0x100413a4,FUN_100413a4,66,25,1,100413a4_FUN_100413a4
0x100413fc,FUN_100413fc,170,63,1,100413fc_FUN_100413fc
0x100415cc,FUN_100415cc,44,20,1,100415cc_FUN_100415cc
0x10041600,FUN_10041600,368,144,1,10041600_FUN_10041600
0x100417d4,FUN_100417d4,128,55,1,100417d4_FUN_100417d4
0x10041904,FUN_10041904,36,15,1,10041904_FUN_10041904
0x1004197c,FUN_1004197c,36,15,1,1004197c_FUN_1004197c
0x100419a8,FUN_100419a8,36,15,1,100419a8_FUN_100419a8
0x100419d4,FUN_100419d4,36,15,1,100419d4_FUN_100419d4
0x10041a00,FUN_10041a00,36,15,1,10041a00_FUN_10041a00
0x10041a2c,FUN_10041a2c,70,27,1,10041a2c_FUN_10041a2c
0x10041b10,FUN_10041b10,48,19,1,10041b10_FUN_10041b10
0x10041bd8,FUN_10041bd8,42,17,1,10041bd8_FUN_10041bd8
0x10041c48,FUN_10041c48,42,17,1,10041c48_FUN_10041c48
0x10041c7c,FUN_10041c7c,88,35,1,10041c7c_FUN_10041c7c
0x10041cac,FUN_10041cac,48,19,1,10041cac_FUN_10041cac
0x10041ce8,FUN_10041ce8,42,17,1,10041ce8_FUN_10041ce8
0x10041d58,FUN_10041d58,42,17,1,10041d58_FUN_10041d58
0x10041de4,FUN_10041de4,130,48,1,10041de4_FUN_10041de4
0x10041e0c,FUN_10041e0c,126,48,1,10041e0c_FUN_10041e0c
0x10041e60,FUN_10041e60,36,14,1,10041e60_FUN_10041e60
0x10041ef4,FUN_10041ef4,60,25,1,10041ef4_FUN_10041ef4
0x10041f38,FUN_10041f38,168,64,1,10041f38_FUN_10041f38
0x10042130,FUN_10042130,76,31,1,10042130_FUN_10042130
0x10042198,FUN_10042198,70,31,1,10042198_FUN_10042198
0x10042200,FUN_10042200,126,49,1,10042200_FUN_10042200
0x1004229c,FUN_1004229c,142,58,1,1004229c_FUN_1004229c
0x10042314,FUN_10042314,192,76,1,10042314_FUN_10042314
0x10042400,FUN_10042400,102,43,1,10042400_FUN_10042400
0x1004248c,FUN_1004248c,150,57,1,1004248c_FUN_1004248c
0x10042548,FUN_10042548,352,124,1,10042548_FUN_10042548
0x100426dc,FUN_100426dc,380,152,1,100426dc_FUN_100426dc
0x100427a8,FUN_100427a8,42,17,1,100427a8_FUN_100427a8
0x10042924,FUN_10042924,36,15,1,10042924_FUN_10042924
0x10042950,FUN_10042950,36,15,1,10042950_FUN_10042950
0x1004297c,FUN_1004297c,36,15,1,1004297c_FUN_1004297c
0x100429a8,FUN_100429a8,36,14,1,100429a8_FUN_100429a8
0x10042a08,FUN_10042a08,46,18,1,10042a08_FUN_10042a08
0x10042a40,FUN_10042a40,42,17,1,10042a40_FUN_10042a40
0x10042a74,FUN_10042a74,88,36,1,10042a74_FUN_10042a74
0x10042ae4,FUN_10042ae4,78,31,1,10042ae4_FUN_10042ae4
0x10042b3c,FUN_10042b3c,98,37,1,10042b3c_FUN_10042b3c
0x10042c20,FUN_10042c20,168,67,1,10042c20_FUN_10042c20
0x10042cec,FUN_10042cec,38,15,1,10042cec_FUN_10042cec
0x10042d18,FUN_10042d18,104,42,1,10042d18_FUN_10042d18
0x10042e14,FUN_10042e14,116,45,1,10042e14_FUN_10042e14
0x10042ea8,FUN_10042ea8,120,46,1,10042ea8_FUN_10042ea8
0x10042f3c,FUN_10042f3c,72,28,1,10042f3c_FUN_10042f3c
0x1004300c,FUN_1004300c,180,71,1,1004300c_FUN_1004300c
0x100430c0,FUN_100430c0,62,26,1,100430c0_FUN_100430c0
0x10043108,FUN_10043108,90,36,1,10043108_FUN_10043108
0x100432d4,FUN_100432d4,36,15,1,100432d4_FUN_100432d4
0x10043300,FUN_10043300,98,38,1,10043300_FUN_10043300
0x1004337c,FUN_1004337c,98,38,1,1004337c_FUN_1004337c
0x100433f8,FUN_100433f8,50,21,1,100433f8_FUN_100433f8
0x10043430,FUN_10043430,118,48,1,10043430_FUN_10043430
0x100434c0,FUN_100434c0,114,43,1,100434c0_FUN_100434c0
0x10043548,FUN_10043548,36,14,1,10043548_FUN_10043548
0x100435d0,FUN_100435d0,46,18,1,100435d0_FUN_100435d0
0x10043608,FUN_10043608,96,39,1,10043608_FUN_10043608
0x10043680,FUN_10043680,66,27,1,10043680_FUN_10043680
0x100436c8,FUN_100436c8,64,25,1,100436c8_FUN_100436c8
0x10043710,FUN_10043710,70,25,1,10043710_FUN_10043710
0x1004375c,FUN_1004375c,42,17,1,1004375c_FUN_1004375c
0x100437bc,FUN_100437bc,162,63,1,100437bc_FUN_100437bc
0x10043880,FUN_10043880,100,45,1,10043880_FUN_10043880
0x100438f8,FUN_100438f8,44,19,1,100438f8_FUN_100438f8
0x1004392c,FUN_1004392c,88,40,1,1004392c_FUN_1004392c
0x10043988,FUN_10043988,252,99,1,10043988_FUN_10043988
0x10043a8c,FUN_10043a8c,102,42,1,10043a8c_FUN_10043a8c
0x10044258,FUN_10044258,122,46,1,10044258_FUN_10044258
0x1004453c,FUN_1004453c,72,27,1,1004453c_FUN_1004453c
0x10044598,FUN_10044598,70,28,1,10044598_FUN_10044598
0x10044954,FUN_10044954,112,40,1,10044954_FUN_10044954
0x100449d8,FUN_100449d8,11816,4396,1,100449d8_FUN_100449d8
0x10044bdc,FUN_10044bdc,118,45,1,10044bdc_FUN_10044bdc
0x10044c70,FUN_10044c70,78,29,1,10044c70_FUN_10044c70
0x10044cc8,FUN_10044cc8,78,29,1,10044cc8_FUN_10044cc8
0x10045314,FUN_10045314,40,16,1,10045314_FUN_10045314
0x10045340,FUN_10045340,108,43,1,10045340_FUN_10045340
0x100453b8,FUN_100453b8,118,46,1,100453b8_FUN_100453b8
0x10045438,FUN_10045438,78,31,1,10045438_FUN_10045438
0x10045490,FUN_10045490,72,26,1,10045490_FUN_10045490
0x100454dc,FUN_100454dc,308,128,1,100454dc_FUN_100454dc
0x10045644,FUN_10045644,84,31,1,10045644_FUN_10045644
0x100456a0,FUN_100456a0,82,30,1,100456a0_FUN_100456a0
0x100456fc,FUN_100456fc,76,28,1,100456fc_FUN_100456fc
0x1004574c,FUN_1004574c,78,29,1,1004574c_FUN_1004574c
0x100457a4,FUN_100457a4,76,31,1,100457a4_FUN_100457a4
0x10045808,FUN_10045808,116,46,1,10045808_FUN_10045808
0x10045888,FUN_10045888,50,21,1,10045888_FUN_10045888
0x100458c4,FUN_100458c4,84,31,1,100458c4_FUN_100458c4
0x10045920,FUN_10045920,72,32,1,10045920_FUN_10045920
0x10045974,FUN_10045974,104,39,1,10045974_FUN_10045974
0x100459e4,FUN_100459e4,52,21,1,100459e4_FUN_100459e4
0x10045a1c,FUN_10045a1c,84,31,1,10045a1c_FUN_10045a1c
0x10045a78,FUN_10045a78,64,28,1,10045a78_FUN_10045a78
0x10045ac0,FUN_10045ac0,124,48,1,10045ac0_FUN_10045ac0
0x10045b58,FUN_10045b58,106,42,1,10045b58_FUN_10045b58
0x10045be0,FUN_10045be0,36,15,1,10045be0_FUN_10045be0
0x10045c0c,FUN_10045c0c,118,43,1,10045c0c_FUN_10045c0c
0x10045c9c,FUN_10045c9c,480,162,1,10045c9c_FUN_10045c9c
0x10045e9c,FUN_10045e9c,122,53,1,10045e9c_FUN_10045e9c
0x10047ebc,FUN_10047ebc,136,49,1,10047ebc_FUN_10047ebc
0x10047f50,FUN_10047f50,82,30,1,10047f50_FUN_10047f50
0x10047ff4,FUN_10047ff4,32,13,1,10047ff4_FUN_10047ff4
0x10048018,FUN_10048018,152,62,1,10048018_FUN_10048018
0x10048084,FUN_10048084,372,134,1,10048084_FUN_10048084
0x1004823c,FUN_1004823c,178,68,1,1004823c_FUN_1004823c
0x10048308,FUN_10048308,244,89,1,10048308_FUN_10048308
0x10048434,FUN_10048434,104,41,1,10048434_FUN_10048434
0x100485d8,FUN_100485d8,214,78,1,100485d8_FUN_100485d8
0x100486d0,FUN_100486d0,78,29,1,100486d0_FUN_100486d0
0x10048728,FUN_10048728,100,40,1,10048728_FUN_10048728
0x10048794,FUN_10048794,88,35,1,10048794_FUN_10048794
0x100487f4,FUN_100487f4,74,27,1,100487f4_FUN_100487f4
0x10048844,FUN_10048844,72,26,1,10048844_FUN_10048844
0x10048890,FUN_10048890,210,79,1,10048890_FUN_10048890
0x10048980,FUN_10048980,176,69,1,10048980_FUN_10048980
0x10048a54,FUN_10048a54,302,117,1,10048a54_FUN_10048a54
0x10048ba4,FUN_10048ba4,68,26,1,10048ba4_FUN_10048ba4
0x10048bf0,FUN_10048bf0,68,26,1,10048bf0_FUN_10048bf0
0x10048c3c,FUN_10048c3c,76,28,1,10048c3c_FUN_10048c3c
0x10048cd8,FUN_10048cd8,144,49,1,10048cd8_FUN_10048cd8
0x10048d70,FUN_10048d70,62,23,1,10048d70_FUN_10048d70
0x100498f0,FUN_100498f0,126,46,1,100498f0_FUN_100498f0
0x10049a78,FUN_10049a78,266,102,1,10049a78_FUN_10049a78
0x10049eac,FUN_10049eac,54,22,1,10049eac_FUN_10049eac
0x1004a1e8,FUN_1004a1e8,52,21,1,1004a1e8_FUN_1004a1e8
0x1004a224,FUN_1004a224,238,84,1,1004a224_FUN_1004a224
0x1004b420,FUN_1004b420,174,66,1,1004b420_FUN_1004b420
0x1004b678,FUN_1004b678,80,35,1,1004b678_FUN_1004b678
0x1004b6f0,FUN_1004b6f0,46,20,1,1004b6f0_FUN_1004b6f0
0x1004b7d8,FUN_1004b7d8,36,15,1,1004b7d8_FUN_1004b7d8
0x1004b804,FUN_1004b804,36,15,1,1004b804_FUN_1004b804
0x1004b86c,FUN_1004b86c,90,36,1,1004b86c_FUN_1004b86c
0x1004b8a0,FUN_1004b8a0,42,17,1,1004b8a0_FUN_1004b8a0
0x1004b8d4,FUN_1004b8d4,36,14,1,1004b8d4_FUN_1004b8d4
0x1004b93c,FUN_1004b93c,116,47,1,1004b93c_FUN_1004b93c
0x1004b9d4,FUN_1004b9d4,36,14,1,1004b9d4_FUN_1004b9d4
0x1004b9fc,FUN_1004b9fc,34,14,1,1004b9fc_FUN_1004b9fc
0x1004bed4,FUN_1004bed4,46,20,1,1004bed4_FUN_1004bed4
0x1004c374,FUN_1004c374,110,46,1,1004c374_FUN_1004c374
0x1004cb0c,FUN_1004cb0c,286,115,1,1004cb0c_FUN_1004cb0c
0x1004cd40,FUN_1004cd40,36,15,1,1004cd40_FUN_1004cd40
0x1004cd6c,FUN_1004cd6c,48,19,1,1004cd6c_FUN_1004cd6c
0x1004cddc,FUN_1004cddc,60,24,1,1004cddc_FUN_1004cddc
0x1004ced0,FUN_1004ced0,56,23,1,1004ced0_FUN_1004ced0
0x1004cf14,FUN_1004cf14,170,70,1,1004cf14_FUN_1004cf14
0x1004d074,FUN_1004d074,78,29,1,1004d074_FUN_1004d074
0x1004d1c4,FUN_1004d1c4,294,113,1,1004d1c4_FUN_1004d1c4
0x1004d704,FUN_1004d704,74,32,1,1004d704_FUN_1004d704
0x1004dc50,FUN_1004dc50,180,79,1,1004dc50_FUN_1004dc50
0x1004ec20,FUN_1004ec20,36,15,1,1004ec20_FUN_1004ec20
0x1004ec4c,FUN_1004ec4c,38,15,1,1004ec4c_FUN_1004ec4c
0x1004ec7c,FUN_1004ec7c,86,35,1,1004ec7c_FUN_1004ec7c
0x1004ed20,FUN_1004ed20,84,36,1,1004ed20_FUN_1004ed20
0x1004eeb0,FUN_1004eeb0,170,70,1,1004eeb0_FUN_1004eeb0
0x1004ef88,FUN_1004ef88,210,83,1,1004ef88_FUN_1004ef88
0x1004f084,FUN_1004f084,108,44,1,1004f084_FUN_1004f084
0x1004f110,FUN_1004f110,80,33,1,1004f110_FUN_1004f110
0x1004f6cc,FUN_1004f6cc,36,15,1,1004f6cc_FUN_1004f6cc
0x1004f6f8,FUN_1004f6f8,272,102,1,1004f6f8_FUN_1004f6f8
0x1004f8bc,FUN_1004f8bc,36,14,1,1004f8bc_FUN_1004f8bc
0x1004f9b4,FUN_1004f9b4,102,44,1,1004f9b4_FUN_1004f9b4
0x1004fa28,FUN_1004fa28,90,34,1,1004fa28_FUN_1004fa28
0x1004ff64,FUN_1004ff64,488,174,1,1004ff64_FUN_1004ff64
0x10050194,FUN_10050194,40,16,1,10050194_FUN_10050194
0x100501c4,FUN_100501c4,72,30,1,100501c4_FUN_100501c4
0x10050210,FUN_10050210,112,44,1,10050210_FUN_10050210
0x10050294,FUN_10050294,646,232,1,10050294_FUN_10050294
0x10050564,FUN_10050564,376,140,1,10050564_FUN_10050564
0x100506fc,FUN_100506fc,228,90,1,100506fc_FUN_100506fc
0x10050808,FUN_10050808,358,136,1,10050808_FUN_10050808
0x100509fc,FUN_100509fc,36,14,1,100509fc_FUN_100509fc
0x10050a24,FUN_10050a24,552,195,1,10050a24_FUN_10050a24
0x10050ca0,FUN_10050ca0,868,304,1,10050ca0_FUN_10050ca0
0x10051068,FUN_10051068,268,106,1,10051068_FUN_10051068
0x10051398,FUN_10051398,768,273,1,10051398_FUN_10051398
0x100516f4,FUN_100516f4,318,119,1,100516f4_FUN_100516f4
0x10051b78,FUN_10051b78,150,61,1,10051b78_FUN_10051b78
0x10051dcc,FUN_10051dcc,146,57,1,10051dcc_FUN_10051dcc
0x10051ee4,FUN_10051ee4,36,14,1,10051ee4_FUN_10051ee4
0x10051fdc,FUN_10051fdc,102,44,1,10051fdc_FUN_10051fdc
0x10052050,FUN_10052050,116,46,1,10052050_FUN_10052050
0x100525a4,FUN_100525a4,488,174,1,100525a4_FUN_100525a4
0x100527d4,FUN_100527d4,40,16,1,100527d4_FUN_100527d4
0x10052804,FUN_10052804,38,15,1,10052804_FUN_10052804
0x10052834,FUN_10052834,112,44,1,10052834_FUN_10052834
0x100528bc,FUN_100528bc,54,21,1,100528bc_FUN_100528bc
0x10052a24,FUN_10052a24,396,150,1,10052a24_FUN_10052a24
0x10052be0,FUN_10052be0,82,35,1,10052be0_FUN_10052be0
0x10052c38,FUN_10052c38,64,27,1,10052c38_FUN_10052c38
0x10052ce4,FUN_10052ce4,114,43,1,10052ce4_FUN_10052ce4
0x10052d70,FUN_10052d70,142,55,1,10052d70_FUN_10052d70
0x10052e20,FUN_10052e20,140,53,1,10052e20_FUN_10052e20
0x10052f48,FUN_10052f48,114,49,1,10052f48_FUN_10052f48
0x10052fd4,FUN_10052fd4,74,32,1,10052fd4_FUN_10052fd4
0x10053090,FUN_10053090,54,23,1,10053090_FUN_10053090
0x100530d8,FUN_100530d8,58,24,1,100530d8_FUN_100530d8
0x10053120,FUN_10053120,70,30,1,10053120_FUN_10053120
0x10053170,FUN_10053170,156,66,1,10053170_FUN_10053170
0x10053210,FUN_10053210,292,113,1,10053210_FUN_10053210
0x10053344,FUN_10053344,350,136,1,10053344_FUN_10053344
0x100534e0,FUN_100534e0,300,114,1,100534e0_FUN_100534e0
0x10053620,FUN_10053620,90,37,1,10053620_FUN_10053620
0x10053684,FUN_10053684,328,129,1,10053684_FUN_10053684
0x100537d8,FUN_100537d8,122,49,1,100537d8_FUN_100537d8
0x1005385c,FUN_1005385c,176,70,1,1005385c_FUN_1005385c
0x1005393c,FUN_1005393c,22,10,1,1005393c_FUN_1005393c
0x10053968,FUN_10053968,6,3,1,10053968_FUN_10053968
0x10053974,FUN_10053974,44,16,1,10053974_FUN_10053974
0x100539a4,FUN_100539a4,24,11,1,100539a4_FUN_100539a4
0x100539c0,FUN_100539c0,36,15,1,100539c0_FUN_100539c0
0x100539e8,FUN_100539e8,238,78,1,100539e8_FUN_100539e8
0x10053ae8,FUN_10053ae8,90,35,1,10053ae8_FUN_10053ae8
0x10053b4c,FUN_10053b4c,56,23,1,10053b4c_FUN_10053b4c
0x10053b8c,FUN_10053b8c,142,55,1,10053b8c_FUN_10053b8c
0x10053c24,FUN_10053c24,186,70,1,10053c24_FUN_10053c24
0x10053ce8,FUN_10053ce8,226,82,1,10053ce8_FUN_10053ce8
0x10053dd4,FUN_10053dd4,196,78,1,10053dd4_FUN_10053dd4
0x10053ea0,FUN_10053ea0,154,64,1,10053ea0_FUN_10053ea0
0x10053f54,FUN_10053f54,324,120,1,10053f54_FUN_10053f54
0x100540ac,FUN_100540ac,370,149,1,100540ac_FUN_100540ac
0x10054230,FUN_10054230,338,129,1,10054230_FUN_10054230
0x10054558,FUN_10054558,32,12,1,10054558_FUN_10054558
0x1005457c,FUN_1005457c,92,37,1,1005457c_FUN_1005457c
0x100545e4,FUN_100545e4,94,38,1,100545e4_FUN_100545e4
0x10054680,FUN_10054680,20,9,1,10054680_FUN_10054680
0x10054698,FUN_10054698,446,180,1,10054698_FUN_10054698
0x100548ec,FUN_100548ec,284,113,1,100548ec_FUN_100548ec
0x10054a1c,FUN_10054a1c,784,323,1,10054a1c_FUN_10054a1c
0x10054dfc,FUN_10054dfc,44,20,1,10054dfc_FUN_10054dfc
0x10054e2c,FUN_10054e2c,80,35,1,10054e2c_FUN_10054e2c
0x10054e80,FUN_10054e80,10,4,1,10054e80_FUN_10054e80
0x10054e90,FUN_10054e90,68,33,1,10054e90_FUN_10054e90
0x10054ed8,FUN_10054ed8,694,294,1,10054ed8_FUN_10054ed8
0x10055288,FUN_10055288,44,19,1,10055288_FUN_10055288
0x100552b8,FUN_100552b8,18,8,1,100552b8_FUN_100552b8
0x100552d0,FUN_100552d0,18,8,1,100552d0_FUN_100552d0
0x100552e8,FUN_100552e8,26,10,1,100552e8_FUN_100552e8
0x1005530c,FUN_1005530c,12,5,1,1005530c_FUN_1005530c
0x10055524,FUN_10055524,162,67,1,10055524_FUN_10055524
0x100555cc,FUN_100555cc,70,21,1,100555cc_FUN_100555cc
0x10055618,FUN_10055618,294,114,1,10055618_FUN_10055618
0x1005576c,FUN_1005576c,112,39,1,1005576c_FUN_1005576c
0x100557f8,FUN_100557f8,284,92,1,100557f8_FUN_100557f8
0x10055b54,FUN_10055b54,64,22,1,10055b54_FUN_10055b54
0x10055b98,FUN_10055b98,68,25,1,10055b98_FUN_10055b98
0x10055be0,FUN_10055be0,66,25,1,10055be0_FUN_10055be0
0x10055c2c,FUN_10055c2c,60,22,1,10055c2c_FUN_10055c2c
0x10055c70,FUN_10055c70,14,6,1,10055c70_FUN_10055c70
0x10055d00,FUN_10055d00,118,52,1,10055d00_FUN_10055d00
0x10055d30,FUN_10055d30,158,56,1,10055d30_FUN_10055d30
0x10055de0,FUN_10055de0,148,46,1,10055de0_FUN_10055de0
0x10055e80,FUN_10055e80,20,9,1,10055e80_FUN_10055e80
0x1005608c,FUN_1005608c,42,15,1,1005608c_FUN_1005608c
0x100560c0,FUN_100560c0,218,85,1,100560c0_FUN_100560c0
0x100561b0,FUN_100561b0,50,20,1,100561b0_FUN_100561b0
0x100561f8,FUN_100561f8,132,53,1,100561f8_FUN_100561f8
0x1005629c,FUN_1005629c,226,81,1,1005629c_FUN_1005629c
0x100563a8,FUN_100563a8,102,42,1,100563a8_FUN_100563a8
0x10056618,FUN_10056618,6,3,1,10056618_FUN_10056618
0x10056630,FUN_10056630,18,7,1,10056630_FUN_10056630
0x10056648,FUN_10056648,42,15,1,10056648_FUN_10056648
0x10056678,FUN_10056678,38,13,1,10056678_FUN_10056678
0x100566a4,FUN_100566a4,168,70,1,100566a4_FUN_100566a4
0x10056770,FUN_10056770,20,8,1,10056770_FUN_10056770
0x10056788,FUN_10056788,6,3,1,10056788_FUN_10056788
0x10056794,FUN_10056794,14,5,1,10056794_FUN_10056794
0x100567a8,FUN_100567a8,20,8,1,100567a8_FUN_100567a8
0x100567c0,FUN_100567c0,6,3,1,100567c0_FUN_100567c0
0x100567cc,FUN_100567cc,14,7,1,100567cc_FUN_100567cc
0x100567e0,FUN_100567e0,6,3,1,100567e0_FUN_100567e0
0x100567ec,FUN_100567ec,10,4,1,100567ec_FUN_100567ec
0x100567fc,FUN_100567fc,20,9,1,100567fc_FUN_100567fc
0x10056814,FUN_10056814,10,5,1,10056814_FUN_10056814
0x10056824,FUN_10056824,108,47,1,10056824_FUN_10056824
0x100568ac,FUN_100568ac,10,4,1,100568ac_FUN_100568ac
0x100568bc,FUN_100568bc,4,2,1,100568bc_FUN_100568bc
0x100568c4,FUN_100568c4,6,3,1,100568c4_FUN_100568c4
0x100568d0,FUN_100568d0,6,3,1,100568d0_FUN_100568d0
0x100568dc,FUN_100568dc,10,4,1,100568dc_FUN_100568dc
0x100568ec,FUN_100568ec,30,13,1,100568ec_FUN_100568ec
0x10056914,FUN_10056914,60,26,1,10056914_FUN_10056914
0x10056960,FUN_10056960,52,22,1,10056960_FUN_10056960
0x10056aa0,FUN_10056aa0,58,24,1,10056aa0_FUN_10056aa0
0x10056ae4,FUN_10056ae4,154,59,1,10056ae4_FUN_10056ae4
0x10056b90,FUN_10056b90,104,42,1,10056b90_FUN_10056b90
0x10056ca4,FUN_10056ca4,156,60,1,10056ca4_FUN_10056ca4
0x1005700c,FUN_1005700c,20,8,1,1005700c_FUN_1005700c
0x10057024,FUN_10057024,328,128,1,10057024_FUN_10057024
0x100571ac,FUN_100571ac,6,3,1,100571ac_FUN_100571ac
0x100571b8,FUN_100571b8,8,4,1,100571b8_FUN_100571b8
0x100571f0,FUN_100571f0,6,3,1,100571f0_FUN_100571f0
0x100571fc,FUN_100571fc,6,3,1,100571fc_FUN_100571fc
0x10057234,FUN_10057234,14,6,1,10057234_FUN_10057234
0x100573a4,FUN_100573a4,8,4,1,100573a4_FUN_100573a4
0x100573b0,FUN_100573b0,60,24,1,100573b0_FUN_100573b0
0x100573f4,FUN_100573f4,34,16,1,100573f4_FUN_100573f4
0x1005741c,FUN_1005741c,92,34,1,1005741c_FUN_1005741c
0x100574c8,FUN_100574c8,128,48,1,100574c8_FUN_100574c8
0x10057648,FUN_10057648,56,20,1,10057648_FUN_10057648
0x10057688,FUN_10057688,78,28,1,10057688_FUN_10057688
0x100576e0,FUN_100576e0,20,7,1,100576e0_FUN_100576e0
0x100576f8,FUN_100576f8,12,5,1,100576f8_FUN_100576f8
0x10057708,FUN_10057708,30,9,1,10057708_FUN_10057708
0x1005772c,FUN_1005772c,42,15,1,1005772c_FUN_1005772c
0x10057770,FUN_10057770,8,3,1,10057770_FUN_10057770
0x1005777c,FUN_1005777c,76,30,1,1005777c_FUN_1005777c
0x100577f4,FUN_100577f4,200,82,1,100577f4_FUN_100577f4
0x100578dc,FUN_100578dc,64,28,1,100578dc_FUN_100578dc
0x10057940,FUN_10057940,28,13,1,10057940_FUN_10057940
0x10057bdc,FUN_10057bdc,28,13,1,10057bdc_FUN_10057bdc
0x10057bfc,FUN_10057bfc,28,11,1,10057bfc_FUN_10057bfc
0x100582d0,FUN_100582d0,256,103,1,100582d0_FUN_100582d0
0x1005842c,FUN_1005842c,68,26,1,1005842c_FUN_1005842c
0x10058478,FUN_10058478,670,263,1,10058478_FUN_10058478
0x10058e84,FUN_10058e84,362,138,1,10058e84_FUN_10058e84
0x10059150,FUN_10059150,340,122,1,10059150_FUN_10059150
0x10059314,FUN_10059314,152,57,1,10059314_FUN_10059314
0x100593bc,FUN_100593bc,34,14,1,100593bc_FUN_100593bc
0x100593e4,FUN_100593e4,370,141,1,100593e4_FUN_100593e4
0x1005955c,FUN_1005955c,98,43,1,1005955c_FUN_1005955c
0x100595d4,FUN_100595d4,108,45,1,100595d4_FUN_100595d4
0x10059644,FUN_10059644,100,41,1,10059644_FUN_10059644
0x100596bc,FUN_100596bc,28,11,1,100596bc_FUN_100596bc
0x100596dc,FUN_100596dc,28,11,1,100596dc_FUN_100596dc
0x100596fc,FUN_100596fc,36,13,1,100596fc_FUN_100596fc
0x100597e8,FUN_100597e8,12,5,1,100597e8_FUN_100597e8
0x100597f8,FUN_100597f8,240,89,1,100597f8_FUN_100597f8
0x100598fc,FUN_100598fc,60,23,1,100598fc_FUN_100598fc
0x10059944,FUN_10059944,72,26,1,10059944_FUN_10059944
0x10059990,FUN_10059990,198,75,1,10059990_FUN_10059990
0x10059c18,FUN_10059c18,124,47,1,10059c18_FUN_10059c18
0x10059c48,FUN_10059c48,62,28,1,10059c48_FUN_10059c48
0x10059cc4,FUN_10059cc4,318,133,1,10059cc4_FUN_10059cc4
0x10059e10,FUN_10059e10,4,2,1,10059e10_FUN_10059e10
0x10059e18,FUN_10059e18,14,6,1,10059e18_FUN_10059e18
0x10059e2c,FUN_10059e2c,234,92,1,10059e2c_FUN_10059e2c
0x1005a014,FUN_1005a014,62,26,1,1005a014_FUN_1005a014
0x1005a05c,FUN_1005a05c,32,13,1,1005a05c_FUN_1005a05c
0x1005a300,FUN_1005a300,238,99,1,1005a300_FUN_1005a300
0x1005a3fc,FUN_1005a3fc,230,87,1,1005a3fc_FUN_1005a3fc
0x1005b8b8,FUN_1005b8b8,84,35,1,1005b8b8_FUN_1005b8b8
0x1005bb44,FUN_1005bb44,266,115,1,1005bb44_FUN_1005bb44
0x1005bcb0,FUN_1005bcb0,178,71,1,1005bcb0_FUN_1005bcb0
0x1005bd84,FUN_1005bd84,60,23,1,1005bd84_FUN_1005bd84
0x1005bdc8,FUN_1005bdc8,36,14,1,1005bdc8_FUN_1005bdc8
0x1005be90,FUN_1005be90,8,4,1,1005be90_FUN_1005be90
0x1005be9c,FUN_1005be9c,218,84,1,1005be9c_FUN_1005be9c
0x1005bf90,FUN_1005bf90,46,16,1,1005bf90_FUN_1005bf90
0x1005bfdc,FUN_1005bfdc,34,15,1,1005bfdc_FUN_1005bfdc
0x1005c0c8,FUN_1005c0c8,156,64,1,1005c0c8_FUN_1005c0c8
0x1005c180,FUN_1005c180,34,16,1,1005c180_FUN_1005c180
0x1005c1ac,FUN_1005c1ac,102,38,1,1005c1ac_FUN_1005c1ac
0x1005c250,FUN_1005c250,24,9,1,1005c250_FUN_1005c250
0x1005c270,FUN_1005c270,46,16,1,1005c270_FUN_1005c270
0x1005c2a4,FUN_1005c2a4,56,20,1,1005c2a4_FUN_1005c2a4
0x1005c348,FUN_1005c348,110,48,1,1005c348_FUN_1005c348
0x1005c3e0,FUN_1005c3e0,108,46,1,1005c3e0_FUN_1005c3e0
0x1005c49c,FUN_1005c49c,68,25,1,1005c49c_FUN_1005c49c
0x1005c4e4,FUN_1005c4e4,446,180,1,1005c4e4_FUN_1005c4e4
0x1005c6dc,FUN_1005c6dc,184,77,1,1005c6dc_FUN_1005c6dc
0x1005c958,FUN_1005c958,486,180,1,1005c958_FUN_1005c958
0x1005cb80,FUN_1005cb80,36,17,1,1005cb80_FUN_1005cb80
0x1005cc5c,FUN_1005cc5c,424,174,1,1005cc5c_FUN_1005cc5c
0x1005ce1c,FUN_1005ce1c,182,72,1,1005ce1c_FUN_1005ce1c
0x1005cf2c,FUN_1005cf2c,34,12,1,1005cf2c_FUN_1005cf2c
0x1005cf54,FUN_1005cf54,104,39,1,1005cf54_FUN_1005cf54
0x1005d040,FUN_1005d040,50,21,1,1005d040_FUN_1005d040
0x1005d0f4,FUN_1005d0f4,66,23,1,1005d0f4_FUN_1005d0f4
0x1005d13c,FUN_1005d13c,112,43,1,1005d13c_FUN_1005d13c
0x1005d1b8,FUN_1005d1b8,32,13,1,1005d1b8_FUN_1005d1b8
0x1005d1dc,FUN_1005d1dc,58,24,1,1005d1dc_FUN_1005d1dc
0x1005d200,FUN_1005d200,6,3,1,1005d200_FUN_1005d200
0x1005d20c,FUN_1005d20c,48,20,1,1005d20c_FUN_1005d20c
0x1005d270,FUN_1005d270,132,49,1,1005d270_FUN_1005d270
0x1005d334,FUN_1005d334,48,17,1,1005d334_FUN_1005d334
0x1005d3e0,FUN_1005d3e0,44,18,1,1005d3e0_FUN_1005d3e0
0x1005d3f0,FUN_1005d3f0,84,35,1,1005d3f0_FUN_1005d3f0
0x1005d448,FUN_1005d448,122,45,1,1005d448_FUN_1005d448
0x1005d4c8,FUN_1005d4c8,52,20,1,1005d4c8_FUN_1005d4c8
0x1005d500,FUN_1005d500,168,62,1,1005d500_FUN_1005d500
0x1005d5cc,FUN_1005d5cc,260,102,1,1005d5cc_FUN_1005d5cc
0x1005d6e4,FUN_1005d6e4,18,6,1,1005d6e4_FUN_1005d6e4
0x1005d6fc,FUN_1005d6fc,42,19,1,1005d6fc_FUN_1005d6fc
0x1005d72c,FUN_1005d72c,412,158,1,1005d72c_FUN_1005d72c
0x1005d8ec,FUN_1005d8ec,192,72,1,1005d8ec_FUN_1005d8ec
0x1005da14,FUN_1005da14,172,65,1,1005da14_FUN_1005da14
0x1005dbec,FUN_1005dbec,78,35,1,1005dbec_FUN_1005dbec
0x1005dc4c,FUN_1005dc4c,56,25,1,1005dc4c_FUN_1005dc4c
0x1005dc94,FUN_1005dc94,48,19,1,1005dc94_FUN_1005dc94
0x1005dcd4,FUN_1005dcd4,44,20,1,1005dcd4_FUN_1005dcd4
0x1005dd10,FUN_1005dd10,44,20,1,1005dd10_FUN_1005dd10
0x1005dd4c,FUN_1005dd4c,108,44,1,1005dd4c_FUN_1005dd4c
0x1005ddc8,FUN_1005ddc8,92,37,1,1005ddc8_FUN_1005ddc8
0x1005df28,FUN_1005df28,134,56,1,1005df28_FUN_1005df28
0x1005e048,FUN_1005e048,76,31,1,1005e048_FUN_1005e048
0x1005e230,FUN_1005e230,130,52,1,1005e230_FUN_1005e230
0x1005e308,FUN_1005e308,70,25,1,1005e308_FUN_1005e308
0x1005e420,FUN_1005e420,54,20,1,1005e420_FUN_1005e420
0x1005e4ac,FUN_1005e4ac,44,17,1,1005e4ac_FUN_1005e4ac
0x1005e4e0,FUN_1005e4e0,108,44,1,1005e4e0_FUN_1005e4e0
0x1005e560,FUN_1005e560,202,77,1,1005e560_FUN_1005e560
0x1005e6a0,FUN_1005e6a0,120,47,1,1005e6a0_FUN_1005e6a0
0x1005e72c,FUN_1005e72c,144,50,1,1005e72c_FUN_1005e72c
0x1005e890,FUN_1005e890,252,91,1,1005e890_FUN_1005e890
0x1005e9b8,FUN_1005e9b8,558,206,1,1005e9b8_FUN_1005e9b8
0x1005ee80,FUN_1005ee80,32,10,1,1005ee80_FUN_1005ee80
0x1005eea4,FUN_1005eea4,44,19,1,1005eea4_FUN_1005eea4
0x1005eee0,FUN_1005eee0,60,22,1,1005eee0_FUN_1005eee0
0x1005f510,FUN_1005f510,76,33,1,1005f510_FUN_1005f510
0x1005f568,FUN_1005f568,48,21,1,1005f568_FUN_1005f568
0x1005f5f4,FUN_1005f5f4,46,20,1,1005f5f4_FUN_1005f5f4
0x1005f638,FUN_1005f638,30,11,1,1005f638_FUN_1005f638
0x1005f9a0,FUN_1005f9a0,268,107,1,1005f9a0_FUN_1005f9a0
0x1005fabc,FUN_1005fabc,84,32,1,1005fabc_FUN_1005fabc
0x1005fb14,FUN_1005fb14,74,31,1,1005fb14_FUN_1005fb14
0x1005fb64,FUN_1005fb64,116,47,1,1005fb64_FUN_1005fb64
0x1005fbf8,FUN_1005fbf8,722,293,1,1005fbf8_FUN_1005fbf8
0x1005ffe4,FUN_1005ffe4,32,13,1,1005ffe4_FUN_1005ffe4
0x10060008,FUN_10060008,104,44,1,10060008_FUN_10060008
0x10060090,FUN_10060090,20,9,1,10060090_FUN_10060090
0x100600ac,FUN_100600ac,98,40,1,100600ac_FUN_100600ac
0x10060128,FUN_10060128,74,31,1,10060128_FUN_10060128
0x10060178,FUN_10060178,72,30,1,10060178_FUN_10060178
0x100601c4,FUN_100601c4,32,13,1,100601c4_FUN_100601c4
0x100601e8,FUN_100601e8,74,32,1,100601e8_FUN_100601e8
0x10060240,FUN_10060240,252,107,1,10060240_FUN_10060240
0x10060378,FUN_10060378,330,131,1,10060378_FUN_10060378
0x10060510,FUN_10060510,142,55,1,10060510_FUN_10060510
0x10060644,FUN_10060644,24,10,1,10060644_FUN_10060644
0x10060664,FUN_10060664,92,33,1,10060664_FUN_10060664
0x100606d0,FUN_100606d0,74,31,1,100606d0_FUN_100606d0
0x1006072c,FUN_1006072c,88,37,1,1006072c_FUN_1006072c
0x10060880,FUN_10060880,118,47,1,10060880_FUN_10060880
0x10060908,FUN_10060908,200,75,1,10060908_FUN_10060908
0x100609e8,FUN_100609e8,50,20,1,100609e8_FUN_100609e8
0x10060ac8,FUN_10060ac8,130,52,1,10060ac8_FUN_10060ac8
0x10060db0,FUN_10060db0,78,31,1,10060db0_FUN_10060db0
0x10060e18,FUN_10060e18,48,19,1,10060e18_FUN_10060e18
0x10060e60,FUN_10060e60,40,15,1,10060e60_FUN_10060e60
0x10060e8c,FUN_10060e8c,164,61,1,10060e8c_FUN_10060e8c
0x10060f48,FUN_10060f48,70,28,1,10060f48_FUN_10060f48
0x10061800,FUN_10061800,120,49,1,10061800_FUN_10061800
0x10061900,FUN_10061900,56,20,1,10061900_FUN_10061900
0x10061948,FUN_10061948,14,6,1,10061948_FUN_10061948
0x1006195c,FUN_1006195c,90,34,1,1006195c_FUN_1006195c
0x100619bc,FUN_100619bc,68,22,1,100619bc_FUN_100619bc
0x10061ba4,FUN_10061ba4,110,41,1,10061ba4_FUN_10061ba4
0x10061c18,FUN_10061c18,88,31,1,10061c18_FUN_10061c18
0x10061c80,FUN_10061c80,206,73,1,10061c80_FUN_10061c80
0x10061f54,FUN_10061f54,104,36,1,10061f54_FUN_10061f54
0x10061fd0,FUN_10061fd0,98,36,1,10061fd0_FUN_10061fd0
0x10062810,FUN_10062810,296,103,1,10062810_FUN_10062810
0x1006295c,FUN_1006295c,46,19,1,1006295c_FUN_1006295c
0x10062994,FUN_10062994,88,36,1,10062994_FUN_10062994
0x100629f4,FUN_100629f4,38,16,1,100629f4_FUN_100629f4
0x10062a28,FUN_10062a28,1244,461,1,10062a28_FUN_10062a28
0x10062fe4,FUN_10062fe4,14,6,1,10062fe4_FUN_10062fe4
0x10062ffc,FUN_10062ffc,126,46,1,10062ffc_FUN_10062ffc
0x1006309c,FUN_1006309c,54,18,1,1006309c_FUN_1006309c
0x100630e4,FUN_100630e4,100,39,1,100630e4_FUN_100630e4
0x10063160,FUN_10063160,48,16,1,10063160_FUN_10063160
0x10063194,FUN_10063194,50,19,1,10063194_FUN_10063194
0x100631d8,FUN_100631d8,78,32,1,100631d8_FUN_100631d8
0x1006323c,FUN_1006323c,134,54,1,1006323c_FUN_1006323c
0x10063330,FUN_10063330,30,13,1,10063330_FUN_10063330
0x10063450,FUN_10063450,6,3,1,10063450_FUN_10063450
0x100634ec,FUN_100634ec,416,183,1,100634ec_FUN_100634ec
0x10063690,FUN_10063690,158,65,1,10063690_FUN_10063690
0x10063738,FUN_10063738,206,82,1,10063738_FUN_10063738
0x1006380c,FUN_1006380c,452,167,1,1006380c_FUN_1006380c
0x100639d8,FUN_100639d8,60,23,1,100639d8_FUN_100639d8
0x10063a30,FUN_10063a30,114,46,1,10063a30_FUN_10063a30
0x10063abc,FUN_10063abc,150,56,1,10063abc_FUN_10063abc
0x10063b70,FUN_10063b70,6,2,1,10063b70_FUN_10063b70
0x10063b7c,FUN_10063b7c,202,77,1,10063b7c_FUN_10063b7c
0x10063c70,FUN_10063c70,8,3,1,10063c70_FUN_10063c70
0x10063d20,FUN_10063d20,218,83,1,10063d20_FUN_10063d20
0x10063e14,FUN_10063e14,128,47,1,10063e14_FUN_10063e14
0x10063eb0,FUN_10063eb0,222,90,1,10063eb0_FUN_10063eb0
0x10063f9c,FUN_10063f9c,72,31,1,10063f9c_FUN_10063f9c
0x1006401c,FUN_1006401c,4,2,1,1006401c_FUN_1006401c
0x1006405c,FUN_1006405c,68,25,1,1006405c_FUN_1006405c
0x100640bc,FUN_100640bc,126,49,1,100640bc_FUN_100640bc
0x10064150,FUN_10064150,32,14,1,10064150_FUN_10064150
0x10064180,FUN_10064180,32,14,1,10064180_FUN_10064180
0x100641b0,FUN_100641b0,32,14,1,100641b0_FUN_100641b0
0x100641e0,FUN_100641e0,38,18,1,100641e0_FUN_100641e0
0x10064218,FUN_10064218,44,19,1,10064218_FUN_10064218
0x10064254,FUN_10064254,68,25,1,10064254_FUN_10064254
0x100642b4,FUN_100642b4,248,100,1,100642b4_FUN_100642b4
0x100643d4,FUN_100643d4,32,14,1,100643d4_FUN_100643d4
0x10064404,FUN_10064404,40,18,1,10064404_FUN_10064404
0x1006443c,FUN_1006443c,32,14,1,1006443c_FUN_1006443c
0x1006446c,FUN_1006446c,32,14,1,1006446c_FUN_1006446c
0x1006449c,FUN_1006449c,40,17,1,1006449c_FUN_1006449c
0x10064518,FUN_10064518,52,22,1,10064518_FUN_10064518
0x10064560,FUN_10064560,82,34,1,10064560_FUN_10064560
0x100645d8,FUN_100645d8,54,24,1,100645d8_FUN_100645d8
0x10064624,FUN_10064624,44,19,1,10064624_FUN_10064624
0x10064664,FUN_10064664,36,14,1,10064664_FUN_10064664
0x10064698,FUN_10064698,54,22,1,10064698_FUN_10064698
0x100646e4,FUN_100646e4,60,24,1,100646e4_FUN_100646e4
0x10064734,FUN_10064734,44,18,1,10064734_FUN_10064734
0x10064770,FUN_10064770,44,18,1,10064770_FUN_10064770
0x100647ac,FUN_100647ac,102,44,1,100647ac_FUN_100647ac
0x1006482c,FUN_1006482c,36,13,1,1006482c_FUN_1006482c
0x10064860,FUN_10064860,32,13,1,10064860_FUN_10064860
0x100648c4,FUN_100648c4,224,84,1,100648c4_FUN_100648c4
0x10064adc,FUN_10064adc,38,16,1,10064adc_FUN_10064adc
0x10064b38,FUN_10064b38,62,26,1,10064b38_FUN_10064b38
0x10064b84,FUN_10064b84,88,32,1,10064b84_FUN_10064b84
0x10064c60,FUN_10064c60,158,67,1,10064c60_FUN_10064c60
0x10064d1c,FUN_10064d1c,366,149,1,10064d1c_FUN_10064d1c
0x10064eb8,FUN_10064eb8,712,275,1,10064eb8_FUN_10064eb8
0x100651fc,FUN_100651fc,102,42,1,100651fc_FUN_100651fc
0x10065280,FUN_10065280,108,40,1,10065280_FUN_10065280
0x100652c4,FUN_100652c4,24,12,1,100652c4_FUN_100652c4
0x100652e4,FUN_100652e4,92,42,1,100652e4_FUN_100652e4
0x10065364,FUN_10065364,96,39,1,10065364_FUN_10065364
0x100653c8,FUN_100653c8,280,106,1,100653c8_FUN_100653c8
0x100654e8,FUN_100654e8,456,152,1,100654e8_FUN_100654e8
0x100656bc,FUN_100656bc,58,27,1,100656bc_FUN_100656bc
0x10065730,FUN_10065730,242,92,1,10065730_FUN_10065730
0x10065844,FUN_10065844,586,225,1,10065844_FUN_10065844
0x10065aa4,FUN_10065aa4,34,15,1,10065aa4_FUN_10065aa4
0x10065ad0,FUN_10065ad0,184,71,1,10065ad0_FUN_10065ad0
0x10065ba8,FUN_10065ba8,220,84,1,10065ba8_FUN_10065ba8
0x10065c8c,FUN_10065c8c,142,53,1,10065c8c_FUN_10065c8c
0x10065d2c,FUN_10065d2c,134,50,1,10065d2c_FUN_10065d2c
0x10065dc4,FUN_10065dc4,384,157,1,10065dc4_FUN_10065dc4
0x10065f58,FUN_10065f58,172,75,1,10065f58_FUN_10065f58
0x10066014,FUN_10066014,34,12,1,10066014_FUN_10066014
0x10066044,FUN_10066044,34,12,1,10066044_FUN_10066044
0x10066074,FUN_10066074,284,89,1,10066074_FUN_10066074
0x10066178,FUN_10066178,240,89,1,10066178_FUN_10066178
0x1006626c,FUN_1006626c,222,80,1,1006626c_FUN_1006626c
0x10066350,FUN_10066350,264,96,1,10066350_FUN_10066350
0x10066460,FUN_10066460,270,99,1,10066460_FUN_10066460
0x10066578,FUN_10066578,218,78,1,10066578_FUN_10066578
0x10066658,FUN_10066658,176,60,1,10066658_FUN_10066658
0x1006670c,FUN_1006670c,680,243,1,1006670c_FUN_1006670c
0x100669b8,FUN_100669b8,274,92,1,100669b8_FUN_100669b8
0x10066adc,FUN_10066adc,424,149,1,10066adc_FUN_10066adc
0x10066c88,FUN_10066c88,436,155,1,10066c88_FUN_10066c88
0x10066e40,FUN_10066e40,450,161,1,10066e40_FUN_10066e40
0x10067008,FUN_10067008,524,184,1,10067008_FUN_10067008
0x10067218,FUN_10067218,36,16,1,10067218_FUN_10067218
0x10067244,FUN_10067244,90,31,1,10067244_FUN_10067244
0x100672a4,FUN_100672a4,112,40,1,100672a4_FUN_100672a4
0x10067318,FUN_10067318,154,58,1,10067318_FUN_10067318
0x100673b8,FUN_100673b8,16,7,1,100673b8_FUN_100673b8
0x1006742c,FUN_1006742c,52,21,1,1006742c_FUN_1006742c
0x10067470,FUN_10067470,68,28,1,10067470_FUN_10067470
0x100674c4,FUN_100674c4,40,17,1,100674c4_FUN_100674c4
0x100674f8,FUN_100674f8,90,34,1,100674f8_FUN_100674f8
0x10067560,FUN_10067560,348,129,1,10067560_FUN_10067560
0x10067ae0,FUN_10067ae0,20,9,1,10067ae0_FUN_10067ae0
0x10067af8,FUN_10067af8,76,34,1,10067af8_FUN_10067af8
0x10067b48,FUN_10067b48,726,267,1,10067b48_FUN_10067b48
0x10067e68,FUN_10067e68,6,2,1,10067e68_FUN_10067e68
0x10067e74,FUN_10067e74,10,4,1,10067e74_FUN_10067e74
0x10067f20,FUN_10067f20,16,8,1,10067f20_FUN_10067f20
0x10067f78,FUN_10067f78,8,4,1,10067f78_FUN_10067f78
0x10067f84,FUN_10067f84,26,9,1,10067f84_FUN_10067f84
0x10067fa0,FUN_10067fa0,318,115,1,10067fa0_FUN_10067fa0
0x10068114,FUN_10068114,26,10,1,10068114_FUN_10068114
0x10068134,FUN_10068134,36,13,1,10068134_FUN_10068134
0x1006815c,FUN_1006815c,84,34,1,1006815c_FUN_1006815c
0x100681c4,FUN_100681c4,6,2,1,100681c4_FUN_100681c4
0x100681cc,FUN_100681cc,50,14,1,100681cc_FUN_100681cc
0x10068204,FUN_10068204,56,19,1,10068204_FUN_10068204
0x10068334,FUN_10068334,60,19,1,10068334_FUN_10068334
0x10068374,FUN_10068374,122,44,1,10068374_FUN_10068374
0x10068424,FUN_10068424,250,98,1,10068424_FUN_10068424
0x10068560,FUN_10068560,200,84,1,10068560_FUN_10068560
0x1006866c,FUN_1006866c,180,77,1,1006866c_FUN_1006866c
0x1006876c,FUN_1006876c,566,213,1,1006876c_FUN_1006876c
0x10068a30,FUN_10068a30,12,5,1,10068a30_FUN_10068a30
0x10068a5c,FUN_10068a5c,20,9,1,10068a5c_FUN_10068a5c
0x10068ad0,FUN_10068ad0,232,81,1,10068ad0_FUN_10068ad0
0x10068af4,FUN_10068af4,78,36,1,10068af4_FUN_10068af4
0x10068b50,FUN_10068b50,6,3,1,10068b50_FUN_10068b50
0x10068b84,FUN_10068b84,44,20,1,10068b84_FUN_10068b84
0x10068bb4,FUN_10068bb4,24,9,1,10068bb4_FUN_10068bb4
0x10068bd0,FUN_10068bd0,26,11,1,10068bd0_FUN_10068bd0
0x10068bf4,FUN_10068bf4,88,32,1,10068bf4_FUN_10068bf4
0x10068c60,FUN_10068c60,52,18,1,10068c60_FUN_10068c60
0x10068ca0,FUN_10068ca0,44,16,1,10068ca0_FUN_10068ca0
0x10068cd8,FUN_10068cd8,28,11,1,10068cd8_FUN_10068cd8
0x10068cf4,FUN_10068cf4,170,71,1,10068cf4_FUN_10068cf4
0x10068e38,FUN_10068e38,54,18,1,10068e38_FUN_10068e38
0x10068e74,FUN_10068e74,108,43,1,10068e74_FUN_10068e74
0x10068ef0,FUN_10068ef0,148,51,1,10068ef0_FUN_10068ef0
0x10068fe0,FUN_10068fe0,12,6,1,10068fe0_FUN_10068fe0
0x10068ff0,FUN_10068ff0,28,13,1,10068ff0_FUN_10068ff0
0x1006901c,FUN_1006901c,88,39,1,1006901c_FUN_1006901c
0x10069080,FUN_10069080,10,5,1,10069080_FUN_10069080
0x10069090,FUN_10069090,10,5,1,10069090_FUN_10069090
0x100690a0,FUN_100690a0,10,5,1,100690a0_FUN_100690a0
0x100690b0,FUN_100690b0,10,5,1,100690b0_FUN_100690b0
0x100690c0,FUN_100690c0,70,25,1,100690c0_FUN_100690c0
0x10069118,FUN_10069118,40,18,1,10069118_FUN_10069118
0x10069150,FUN_10069150,6,3,1,10069150_FUN_10069150
0x1006915c,FUN_1006915c,6,3,1,1006915c_FUN_1006915c
0x10069168,FUN_10069168,12,6,1,10069168_FUN_10069168
0x10069178,FUN_10069178,64,26,1,10069178_FUN_10069178
0x100691bc,FUN_100691bc,116,40,1,100691bc_FUN_100691bc
0x10069234,FUN_10069234,26,12,1,10069234_FUN_10069234
0x1006952c,FUN_1006952c,100,39,1,1006952c_FUN_1006952c
0x10069594,FUN_10069594,178,71,1,10069594_FUN_10069594
0x1006970c,FUN_1006970c,150,62,1,1006970c_FUN_1006970c
0x100697ac,FUN_100697ac,84,36,1,100697ac_FUN_100697ac
0x10069804,FUN_10069804,8,3,1,10069804_FUN_10069804
0x100699e4,FUN_100699e4,224,96,1,100699e4_FUN_100699e4
0x10069b0c,FUN_10069b0c,150,63,1,10069b0c_FUN_10069b0c
0x10069ba8,FUN_10069ba8,410,155,1,10069ba8_FUN_10069ba8
0x10069e18,FUN_10069e18,656,249,1,10069e18_FUN_10069e18
0x1006a0c8,FUN_1006a0c8,492,188,1,1006a0c8_FUN_1006a0c8
0x1006a2c8,FUN_1006a2c8,1410,551,1,1006a2c8_FUN_1006a2c8
0x1006a8a4,FUN_1006a8a4,906,346,1,1006a8a4_FUN_1006a8a4
0x1006b0e4,FUN_1006b0e4,2150,790,1,1006b0e4_FUN_1006b0e4
0x1006b960,FUN_1006b960,1132,441,1,1006b960_FUN_1006b960
0x1006b990,FUN_1006b990,34,17,1,1006b990_FUN_1006b990
0x1006b9bc,FUN_1006b9bc,6,2,1,1006b9bc_FUN_1006b9bc
0x1006b9c8,FUN_1006b9c8,10,4,1,1006b9c8_FUN_1006b9c8
0x1006b9f4,FUN_1006b9f4,140,58,1,1006b9f4_FUN_1006b9f4
0x1006ba84,FUN_1006ba84,204,82,1,1006ba84_FUN_1006ba84
0x1006bb68,FUN_1006bb68,170,68,1,1006bb68_FUN_1006bb68
0x1006bc30,FUN_1006bc30,66,28,1,1006bc30_FUN_1006bc30
0x1006bc84,FUN_1006bc84,64,26,1,1006bc84_FUN_1006bc84
0x1006bcd4,FUN_1006bcd4,64,26,1,1006bcd4_FUN_1006bcd4
0x1006bd24,FUN_1006bd24,64,26,1,1006bd24_FUN_1006bd24
0x1006bd74,FUN_1006bd74,64,26,1,1006bd74_FUN_1006bd74
0x1006bdc4,FUN_1006bdc4,64,26,1,1006bdc4_FUN_1006bdc4
0x1006be14,FUN_1006be14,64,26,1,1006be14_FUN_1006be14
0x1006be64,FUN_1006be64,230,94,1,1006be64_FUN_1006be64
0x1006bf70,FUN_1006bf70,210,86,1,1006bf70_FUN_1006bf70
0x1006c070,FUN_1006c070,246,97,1,1006c070_FUN_1006c070
0x1006c184,FUN_1006c184,68,30,1,1006c184_FUN_1006c184
0x1006c1dc,FUN_1006c1dc,166,67,1,1006c1dc_FUN_1006c1dc
0x1006c2a0,FUN_1006c2a0,158,67,1,1006c2a0_FUN_1006c2a0
0x1006c364,FUN_1006c364,216,93,1,1006c364_FUN_1006c364
0x1006c468,FUN_1006c468,162,67,1,1006c468_FUN_1006c468
0x1006c528,FUN_1006c528,148,63,1,1006c528_FUN_1006c528
0x1006c5dc,FUN_1006c5dc,358,144,1,1006c5dc_FUN_1006c5dc
0x1006c788,FUN_1006c788,140,62,1,1006c788_FUN_1006c788
0x1006c83c,FUN_1006c83c,74,28,1,1006c83c_FUN_1006c83c
0x1006ca54,FUN_1006ca54,62,27,1,1006ca54_FUN_1006ca54
0x1006cb58,FUN_1006cb58,78,34,1,1006cb58_FUN_1006cb58
0x1006ccb0,FUN_1006ccb0,66,26,1,1006ccb0_FUN_1006ccb0
0x1006ccf8,FUN_1006ccf8,130,49,1,1006ccf8_FUN_1006ccf8
0x1006ce2c,FUN_1006ce2c,92,37,1,1006ce2c_FUN_1006ce2c
0x1006ce8c,FUN_1006ce8c,200,75,1,1006ce8c_FUN_1006ce8c
0x1006cf60,FUN_1006cf60,86,37,1,1006cf60_FUN_1006cf60
0x1006cfc8,FUN_1006cfc8,64,25,1,1006cfc8_FUN_1006cfc8
0x1006d018,FUN_1006d018,210,78,1,1006d018_FUN_1006d018
0x1006d0f8,FUN_1006d0f8,52,23,1,1006d0f8_FUN_1006d0f8
0x1006d138,FUN_1006d138,84,37,1,1006d138_FUN_1006d138
0x1006d19c,FUN_1006d19c,88,29,1,1006d19c_FUN_1006d19c
0x1006d204,FUN_1006d204,242,96,1,1006d204_FUN_1006d204
0x1006d300,FUN_1006d300,176,62,1,1006d300_FUN_1006d300
0x1006d748,FUN_1006d748,454,168,1,1006d748_FUN_1006d748
0x1006db40,FUN_1006db40,116,45,1,1006db40_FUN_1006db40
0x1006dbb8,FUN_1006dbb8,572,204,1,1006dbb8_FUN_1006dbb8
0x1006df10,FUN_1006df10,398,140,1,1006df10_FUN_1006df10
0x1006e0bc,FUN_1006e0bc,82,31,1,1006e0bc_FUN_1006e0bc
0x1006e114,FUN_1006e114,90,36,1,1006e114_FUN_1006e114
0x1006e180,FUN_1006e180,152,55,1,1006e180_FUN_1006e180
0x1006e2dc,FUN_1006e2dc,56,23,1,1006e2dc_FUN_1006e2dc
0x1006e320,FUN_1006e320,96,35,1,1006e320_FUN_1006e320
0x1006e384,FUN_1006e384,96,35,1,1006e384_FUN_1006e384
0x1006e3e8,FUN_1006e3e8,162,61,1,1006e3e8_FUN_1006e3e8
0x1006e490,FUN_1006e490,102,37,1,1006e490_FUN_1006e490
0x1006e4fc,FUN_1006e4fc,150,52,1,1006e4fc_FUN_1006e4fc
0x1006e940,FUN_1006e940,382,135,1,1006e940_FUN_1006e940
0x1006ed34,FUN_1006ed34,102,34,1,1006ed34_FUN_1006ed34
0x1006eda8,FUN_1006eda8,62,22,1,1006eda8_FUN_1006eda8
0x1006edf0,FUN_1006edf0,60,21,1,1006edf0_FUN_1006edf0
0x1006ef14,FUN_1006ef14,126,49,1,1006ef14_FUN_1006ef14
0x1006efcc,FUN_1006efcc,20,9,1,1006efcc_FUN_1006efcc
0x1006f0e8,FUN_1006f0e8,536,200,1,1006f0e8_FUN_1006f0e8
0x1006f31c,FUN_1006f31c,326,132,1,1006f31c_FUN_1006f31c
0x1006f474,FUN_1006f474,350,140,1,1006f474_FUN_1006f474
0x1006f978,FUN_1006f978,312,113,1,1006f978_FUN_1006f978
0x1006fb38,FUN_1006fb38,176,72,1,1006fb38_FUN_1006fb38
0x10070204,FUN_10070204,68,27,1,10070204_FUN_10070204
0x10070258,FUN_10070258,274,105,1,10070258_FUN_10070258
0x1007037c,FUN_1007037c,80,30,1,1007037c_FUN_1007037c
0x100703d0,FUN_100703d0,486,162,1,100703d0_FUN_100703d0
0x1007067c,FUN_1007067c,30,10,1,1007067c_FUN_1007067c
0x100706a4,FUN_100706a4,64,23,1,100706a4_FUN_100706a4
0x10070810,FUN_10070810,134,57,1,10070810_FUN_10070810
0x10070a84,FUN_10070a84,54,19,1,10070a84_FUN_10070a84
0x10070ba0,FUN_10070ba0,72,27,1,10070ba0_FUN_10070ba0
0x10070bf4,FUN_10070bf4,52,20,1,10070bf4_FUN_10070bf4
0x10070c60,FUN_10070c60,40,16,1,10070c60_FUN_10070c60
0x10070c94,FUN_10070c94,40,16,1,10070c94_FUN_10070c94
0x10070cc8,FUN_10070cc8,314,131,1,10070cc8_FUN_10070cc8
0x10070e48,FUN_10070e48,50,20,1,10070e48_FUN_10070e48
0x10071038,FUN_10071038,756,293,1,10071038_FUN_10071038
0x100713ec,FUN_100713ec,116,41,1,100713ec_FUN_100713ec
0x1007172c,FUN_1007172c,278,115,1,1007172c_FUN_1007172c
0x1007186c,FUN_1007186c,162,63,1,1007186c_FUN_1007186c
0x1007193c,FUN_1007193c,958,352,1,1007193c_FUN_1007193c
0x10071e1c,FUN_10071e1c,382,127,1,10071e1c_FUN_10071e1c
0x10071fdc,FUN_10071fdc,44,16,1,10071fdc_FUN_10071fdc
0x1007200c,FUN_1007200c,96,33,1,1007200c_FUN_1007200c
0x100721c0,FUN_100721c0,68,26,1,100721c0_FUN_100721c0
0x10072238,FUN_10072238,26,10,1,10072238_FUN_10072238
0x1007225c,FUN_1007225c,6,2,1,1007225c_FUN_1007225c
0x10072268,FUN_10072268,28,11,1,10072268_FUN_10072268
0x1007228c,FUN_1007228c,26,10,1,1007228c_FUN_1007228c
0x100722b0,FUN_100722b0,76,28,1,100722b0_FUN_100722b0
0x100722bc,FUN_100722bc,28,11,1,100722bc_FUN_100722bc
0x100722e0,FUN_100722e0,8,3,1,100722e0_FUN_100722e0
0x100722ec,FUN_100722ec,66,25,1,100722ec_FUN_100722ec
0x10072638,FUN_10072638,362,146,1,10072638_FUN_10072638
0x100727ac,FUN_100727ac,276,112,1,100727ac_FUN_100727ac
0x100728f4,FUN_100728f4,18,8,1,100728f4_FUN_100728f4
0x1007296c,FUN_1007296c,36,15,1,1007296c_FUN_1007296c
0x10072994,FUN_10072994,74,29,1,10072994_FUN_10072994
0x100729f0,FUN_100729f0,82,35,1,100729f0_FUN_100729f0
0x10072a48,FUN_10072a48,74,29,1,10072a48_FUN_10072a48
0x10072aa4,FUN_10072aa4,70,30,1,10072aa4_FUN_10072aa4
0x10072af0,FUN_10072af0,120,44,1,10072af0_FUN_10072af0
0x10072b7c,FUN_10072b7c,122,43,1,10072b7c_FUN_10072b7c
0x10072c78,FUN_10072c78,6,2,1,10072c78_FUN_10072c78
0x10072c84,FUN_10072c84,10,4,1,10072c84_FUN_10072c84
0x10072c94,FUN_10072c94,296,122,1,10072c94_FUN_10072c94
0x10072de4,FUN_10072de4,208,86,1,10072de4_FUN_10072de4
0x10073004,FUN_10073004,216,85,1,10073004_FUN_10073004
0x100730f4,FUN_100730f4,160,61,1,100730f4_FUN_100730f4
0x100731a8,FUN_100731a8,122,50,1,100731a8_FUN_100731a8
0x10073238,FUN_10073238,586,218,1,10073238_FUN_10073238
0x1007375c,FUN_1007375c,44,17,1,1007375c_FUN_1007375c
0x1007378c,FUN_1007378c,44,17,1,1007378c_FUN_1007378c
0x100737bc,FUN_100737bc,62,25,1,100737bc_FUN_100737bc
0x10073804,FUN_10073804,80,33,1,10073804_FUN_10073804
0x100739c8,FUN_100739c8,120,46,1,100739c8_FUN_100739c8
0x10073a50,FUN_10073a50,118,46,1,10073a50_FUN_10073a50
0x10073bc8,FUN_10073bc8,66,22,1,10073bc8_FUN_10073bc8
0x10073cc0,FUN_10073cc0,22,10,1,10073cc0_FUN_10073cc0
0x10073cdc,FUN_10073cdc,522,204,1,10073cdc_FUN_10073cdc
0x10073f28,FUN_10073f28,328,133,1,10073f28_FUN_10073f28
0x100740b0,FUN_100740b0,168,69,1,100740b0_FUN_100740b0
0x100743d8,FUN_100743d8,782,290,1,100743d8_FUN_100743d8
0x10074904,FUN_10074904,176,66,1,10074904_FUN_10074904
0x100749dc,FUN_100749dc,16,7,1,100749dc_FUN_100749dc
0x100749f0,FUN_100749f0,614,241,1,100749f0_FUN_100749f0
0x10074ca0,FUN_10074ca0,618,248,1,10074ca0_FUN_10074ca0
0x10075230,FUN_10075230,290,114,1,10075230_FUN_10075230
0x10075394,FUN_10075394,432,173,1,10075394_FUN_10075394
0x100755a4,FUN_100755a4,64,29,1,100755a4_FUN_100755a4
0x100755fc,FUN_100755fc,424,157,1,100755fc_FUN_100755fc
0x100757d0,FUN_100757d0,200,70,1,100757d0_FUN_100757d0
0x100758d8,FUN_100758d8,666,256,1,100758d8_FUN_100758d8
0x10076514,FUN_10076514,110,41,1,10076514_FUN_10076514
0x100765ec,FUN_100765ec,116,51,1,100765ec_FUN_100765ec
0x10076680,FUN_10076680,180,70,1,10076680_FUN_10076680
0x1007676c,FUN_1007676c,26,11,1,1007676c_FUN_1007676c
0x1007678c,FUN_1007678c,450,159,1,1007678c_FUN_1007678c
0x10076e8c,FUN_10076e8c,1326,485,1,10076e8c_FUN_10076e8c
0x10077458,FUN_10077458,322,120,1,10077458_FUN_10077458
0x100775bc,FUN_100775bc,84,37,1,100775bc_FUN_100775bc
0x10077630,FUN_10077630,102,36,1,10077630_FUN_10077630
0x100776ac,FUN_100776ac,108,43,1,100776ac_FUN_100776ac
0x1007772c,FUN_1007772c,162,67,1,1007772c_FUN_1007772c
0x100777ec,FUN_100777ec,94,37,1,100777ec_FUN_100777ec
0x10077868,FUN_10077868,132,55,1,10077868_FUN_10077868
0x100779e4,FUN_100779e4,102,44,1,100779e4_FUN_100779e4
0x10077a60,FUN_10077a60,170,63,1,10077a60_FUN_10077a60
0x10077be4,FUN_10077be4,32,13,1,10077be4_FUN_10077be4
0x10077c0c,FUN_10077c0c,18,9,1,10077c0c_FUN_10077c0c
0x10077c28,FUN_10077c28,62,26,1,10077c28_FUN_10077c28
0x10077c7c,FUN_10077c7c,126,50,1,10077c7c_FUN_10077c7c
0x10077e14,FUN_10077e14,194,74,1,10077e14_FUN_10077e14
0x10077f04,FUN_10077f04,106,41,1,10077f04_FUN_10077f04
0x1007806c,FUN_1007806c,162,58,1,1007806c_FUN_1007806c
0x100781d0,FUN_100781d0,232,90,1,100781d0_FUN_100781d0
0x10078470,FUN_10078470,1178,438,1,10078470_FUN_10078470
0x10078a20,FUN_10078a20,130,50,1,10078a20_FUN_10078a20
0x10078abc,FUN_10078abc,98,40,1,10078abc_FUN_10078abc
0x10078bfc,FUN_10078bfc,36,16,1,10078bfc_FUN_10078bfc
0x10078d08,FUN_10078d08,336,118,1,10078d08_FUN_10078d08
0x10078f18,FUN_10078f18,114,47,1,10078f18_FUN_10078f18
0x1007912c,FUN_1007912c,88,35,1,1007912c_FUN_1007912c
0x100791c4,FUN_100791c4,90,35,1,100791c4_FUN_100791c4
0x100793c8,FUN_100793c8,282,117,1,100793c8_FUN_100793c8
0x100794fc,FUN_100794fc,32,15,1,100794fc_FUN_100794fc
0x100796ec,FUN_100796ec,82,33,1,100796ec_FUN_100796ec
0x10079b64,FUN_10079b64,112,44,1,10079b64_FUN_10079b64
0x10079be4,FUN_10079be4,84,31,1,10079be4_FUN_10079be4
0x10079c44,FUN_10079c44,228,80,1,10079c44_FUN_10079c44
0x10079d50,FUN_10079d50,100,36,1,10079d50_FUN_10079d50
0x10079dc4,FUN_10079dc4,82,36,1,10079dc4_FUN_10079dc4
0x10079ea0,FUN_10079ea0,196,72,1,10079ea0_FUN_10079ea0
0x1007a0f0,FUN_1007a0f0,86,37,1,1007a0f0_FUN_1007a0f0
0x1007a2a4,FUN_1007a2a4,30,11,1,1007a2a4_FUN_1007a2a4
0x1007a2c8,FUN_1007a2c8,28,10,1,1007a2c8_FUN_1007a2c8
0x1007a2e8,FUN_1007a2e8,30,11,1,1007a2e8_FUN_1007a2e8
0x1007a30c,FUN_1007a30c,44,19,1,1007a30c_FUN_1007a30c
0x1007a33c,FUN_1007a33c,202,72,1,1007a33c_FUN_1007a33c
0x1007a40c,FUN_1007a40c,32,13,1,1007a40c_FUN_1007a40c
0x1007a430,FUN_1007a430,70,28,1,1007a430_FUN_1007a430
0x1007a48c,FUN_1007a48c,30,9,1,1007a48c_FUN_1007a48c
0x1007a4b0,FUN_1007a4b0,40,18,1,1007a4b0_FUN_1007a4b0
0x1007a4dc,FUN_1007a4dc,56,25,1,1007a4dc_FUN_1007a4dc
0x1007a518,FUN_1007a518,70,27,1,1007a518_FUN_1007a518
0x1007a568,FUN_1007a568,74,31,1,1007a568_FUN_1007a568
0x1007a5c8,FUN_1007a5c8,54,23,1,1007a5c8_FUN_1007a5c8
0x1007a604,FUN_1007a604,140,58,1,1007a604_FUN_1007a604
0x1007a694,FUN_1007a694,414,153,1,1007a694_FUN_1007a694
0x1007a850,FUN_1007a850,12,4,1,1007a850_FUN_1007a850
0x1007a860,FUN_1007a860,8,3,1,1007a860_FUN_1007a860
0x1007a86c,FUN_1007a86c,8,3,1,1007a86c_FUN_1007a86c
0x1007a878,FUN_1007a878,292,116,1,1007a878_FUN_1007a878
0x1007a9cc,FUN_1007a9cc,26,9,1,1007a9cc_FUN_1007a9cc
0x1007a9ec,FUN_1007a9ec,98,35,1,1007a9ec_FUN_1007a9ec
0x1007aa68,FUN_1007aa68,160,53,1,1007aa68_FUN_1007aa68
0x1007ab0c,FUN_1007ab0c,94,38,1,1007ab0c_FUN_1007ab0c
0x1007ab70,FUN_1007ab70,84,32,1,1007ab70_FUN_1007ab70
0x1007abc8,FUN_1007abc8,360,138,1,1007abc8_FUN_1007abc8
0x1007ad80,FUN_1007ad80,68,29,1,1007ad80_FUN_1007ad80
0x1007addc,FUN_1007addc,4,2,1,1007addc_FUN_1007addc
0x1007ade4,FUN_1007ade4,432,168,1,1007ade4_FUN_1007ade4
0x1007b028,FUN_1007b028,278,102,1,1007b028_FUN_1007b028
0x1007b1a4,FUN_1007b1a4,118,49,1,1007b1a4_FUN_1007b1a4
0x1007b240,FUN_1007b240,150,61,1,1007b240_FUN_1007b240
0x1007b2e4,FUN_1007b2e4,120,49,1,1007b2e4_FUN_1007b2e4
0x1007b37c,FUN_1007b37c,54,19,1,1007b37c_FUN_1007b37c
0x1007b3b8,FUN_1007b3b8,50,20,1,1007b3b8_FUN_1007b3b8
0x1007b3f0,FUN_1007b3f0,134,56,1,1007b3f0_FUN_1007b3f0
0x1007b49c,FUN_1007b49c,350,123,1,1007b49c_FUN_1007b49c
0x1007b62c,FUN_1007b62c,586,207,1,1007b62c_FUN_1007b62c
0x1007bc4c,FUN_1007bc4c,202,72,1,1007bc4c_FUN_1007bc4c
0x1007bd5c,FUN_1007bd5c,758,279,1,1007bd5c_FUN_1007bd5c
0x1007c0ec,FUN_1007c0ec,14,5,1,1007c0ec_FUN_1007c0ec
0x1007c100,FUN_1007c100,70,25,1,1007c100_FUN_1007c100
0x1007c15c,FUN_1007c15c,118,43,1,1007c15c_FUN_1007c15c
0x1007c1ec,FUN_1007c1ec,44,17,1,1007c1ec_FUN_1007c1ec
0x1007c21c,FUN_1007c21c,66,22,1,1007c21c_FUN_1007c21c
0x1007c2bc,FUN_1007c2bc,6,2,1,1007c2bc_FUN_1007c2bc
0x1007c388,FUN_1007c388,118,44,1,1007c388_FUN_1007c388
0x1007c414,FUN_1007c414,186,65,1,1007c414_FUN_1007c414
0x1007c4fc,FUN_1007c4fc,64,23,1,1007c4fc_FUN_1007c4fc
0x1007c5fc,FUN_1007c5fc,28,12,1,1007c5fc_FUN_1007c5fc
0x1007c61c,FUN_1007c61c,96,38,1,1007c61c_FUN_1007c61c
0x1007c690,FUN_1007c690,76,29,1,1007c690_FUN_1007c690
0x1007c6e0,FUN_1007c6e0,26,8,1,1007c6e0_FUN_1007c6e0
0x1007c700,FUN_1007c700,130,51,1,1007c700_FUN_1007c700
0x1007c7a4,FUN_1007c7a4,154,56,1,1007c7a4_FUN_1007c7a4
0x1007c900,FUN_1007c900,360,135,1,1007c900_FUN_1007c900
0x1007cae0,FUN_1007cae0,42,13,1,1007cae0_FUN_1007cae0
0x1007cb10,FUN_1007cb10,10,4,1,1007cb10_FUN_1007cb10
0x1007cb20,FUN_1007cb20,138,45,1,1007cb20_FUN_1007cb20
0x1007cbc4,FUN_1007cbc4,68,24,1,1007cbc4_FUN_1007cbc4
0x1007cd14,FUN_1007cd14,436,166,1,1007cd14_FUN_1007cd14
0x1007ce0c,FUN_1007ce0c,86,32,1,1007ce0c_FUN_1007ce0c
0x1007ce80,FUN_1007ce80,270,95,1,1007ce80_FUN_1007ce80
0x1007cfb4,FUN_1007cfb4,58,19,1,1007cfb4_FUN_1007cfb4
0x1007cff4,FUN_1007cff4,16,7,1,1007cff4_FUN_1007cff4
0x1007d008,FUN_1007d008,54,23,1,1007d008_FUN_1007d008
0x1007d058,FUN_1007d058,12,5,1,1007d058_FUN_1007d058
0x1007d068,FUN_1007d068,48,20,1,1007d068_FUN_1007d068
0x1007d09c,FUN_1007d09c,56,21,1,1007d09c_FUN_1007d09c
0x1007d0d8,FUN_1007d0d8,380,135,1,1007d0d8_FUN_1007d0d8
0x1007d200,FUN_1007d200,760,284,1,1007d200_FUN_1007d200
0x1007d55c,FUN_1007d55c,120,44,1,1007d55c_FUN_1007d55c
0x1007d5e8,FUN_1007d5e8,144,55,1,1007d5e8_FUN_1007d5e8
0x1007d768,FUN_1007d768,526,186,1,1007d768_FUN_1007d768
0x1007da08,FUN_1007da08,62,28,1,1007da08_FUN_1007da08
0x1007da4c,FUN_1007da4c,172,68,1,1007da4c_FUN_1007da4c
0x1007db04,FUN_1007db04,56,26,1,1007db04_FUN_1007db04
0x1007db44,FUN_1007db44,142,62,1,1007db44_FUN_1007db44
0x1007dbdc,FUN_1007dbdc,72,33,1,1007dbdc_FUN_1007dbdc
0x1007dc30,FUN_1007dc30,110,46,1,1007dc30_FUN_1007dc30
0x1007dca8,FUN_1007dca8,254,106,1,1007dca8_FUN_1007dca8
0x1007ddd0,FUN_1007ddd0,40,18,1,1007ddd0_FUN_1007ddd0
0x1007ddfc,FUN_1007ddfc,120,47,1,1007ddfc_FUN_1007ddfc
0x1007de78,FUN_1007de78,120,47,1,1007de78_FUN_1007de78
0x1007df2c,FUN_1007df2c,42,19,1,1007df2c_FUN_1007df2c
0x1007df68,FUN_1007df68,42,19,1,1007df68_FUN_1007df68
0x1007dfa4,FUN_1007dfa4,170,74,1,1007dfa4_FUN_1007dfa4
0x1007e054,FUN_1007e054,88,37,1,1007e054_FUN_1007e054
0x1007e0b0,FUN_1007e0b0,286,105,1,1007e0b0_FUN_1007e0b0
0x1007e1d4,FUN_1007e1d4,326,122,1,1007e1d4_FUN_1007e1d4
0x1007e320,FUN_1007e320,368,142,1,1007e320_FUN_1007e320
0x1007e498,FUN_1007e498,564,222,1,1007e498_FUN_1007e498
0x1007e6ec,FUN_1007e6ec,86,37,1,1007e6ec_FUN_1007e6ec
0x1007e74c,FUN_1007e74c,172,72,1,1007e74c_FUN_1007e74c
0x1007e808,FUN_1007e808,186,87,1,1007e808_FUN_1007e808
0x1007e8dc,FUN_1007e8dc,250,96,1,1007e8dc_FUN_1007e8dc
0x1007e9e0,FUN_1007e9e0,114,48,1,1007e9e0_FUN_1007e9e0
0x1007ebf8,FUN_1007ebf8,154,64,1,1007ebf8_FUN_1007ebf8
0x1007ec9c,FUN_1007ec9c,70,31,1,1007ec9c_FUN_1007ec9c
0x1007ecec,FUN_1007ecec,86,35,1,1007ecec_FUN_1007ecec
0x1007effc,FUN_1007effc,640,232,1,1007effc_FUN_1007effc
0x1007f28c,FUN_1007f28c,898,329,1,1007f28c_FUN_1007f28c
0x1007f384,FUN_1007f384,354,129,1,1007f384_FUN_1007f384
0x1007f4f4,FUN_1007f4f4,520,193,1,1007f4f4_FUN_1007f4f4
0x1007f704,FUN_1007f704,344,126,1,1007f704_FUN_1007f704
0x1007f924,FUN_1007f924,96,37,1,1007f924_FUN_1007f924
0x1007f98c,FUN_1007f98c,60,26,1,1007f98c_FUN_1007f98c
0x1007f9d0,FUN_1007f9d0,548,210,1,1007f9d0_FUN_1007f9d0
0x1007fc00,FUN_1007fc00,86,34,1,1007fc00_FUN_1007fc00
0x1007fc5c,FUN_1007fc5c,460,166,1,1007fc5c_FUN_1007fc5c
0x100803d8,FUN_100803d8,100,43,1,100803d8_FUN_100803d8
0x10080444,FUN_10080444,82,31,1,10080444_FUN_10080444
0x1008049c,FUN_1008049c,190,70,1,1008049c_FUN_1008049c
0x10080568,FUN_10080568,582,216,1,10080568_FUN_10080568
0x100807bc,FUN_100807bc,232,90,1,100807bc_FUN_100807bc
0x100808b4,FUN_100808b4,5176,1922,1,100808b4_FUN_100808b4
0x10081e24,FUN_10081e24,42,16,1,10081e24_FUN_10081e24
0x10081e54,FUN_10081e54,20,7,1,10081e54_FUN_10081e54
0x10081e6c,FUN_10081e6c,28,9,1,10081e6c_FUN_10081e6c
0x10081ea8,FUN_10081ea8,78,34,1,10081ea8_FUN_10081ea8
0x10081f04,FUN_10081f04,78,33,1,10081f04_FUN_10081f04
0x10081f60,FUN_10081f60,86,35,1,10081f60_FUN_10081f60
0x10081fc4,FUN_10081fc4,76,32,1,10081fc4_FUN_10081fc4
0x10082018,FUN_10082018,208,84,1,10082018_FUN_10082018
0x10082294,FUN_10082294,134,54,1,10082294_FUN_10082294
0x1008234c,FUN_1008234c,88,34,1,1008234c_FUN_1008234c
0x10082450,FUN_10082450,158,63,1,10082450_FUN_10082450
0x100825d8,FUN_100825d8,208,76,1,100825d8_FUN_100825d8
0x100826d0,FUN_100826d0,208,76,1,100826d0_FUN_100826d0
0x100827c8,FUN_100827c8,114,39,1,100827c8_FUN_100827c8
0x10082840,FUN_10082840,450,158,1,10082840_FUN_10082840
0x10082a44,FUN_10082a44,52,19,1,10082a44_FUN_10082a44
0x10082a88,FUN_10082a88,238,97,1,10082a88_FUN_10082a88
0x10082d2c,FUN_10082d2c,270,99,1,10082d2c_FUN_10082d2c
0x10082e58,FUN_10082e58,138,56,1,10082e58_FUN_10082e58
0x100831e8,FUN_100831e8,50,20,1,100831e8_FUN_100831e8
0x10083220,FUN_10083220,214,71,1,10083220_FUN_10083220
0x100832fc,FUN_100832fc,88,31,1,100832fc_FUN_100832fc
0x10083358,FUN_10083358,42,18,1,10083358_FUN_10083358
0x10083388,FUN_10083388,54,21,1,10083388_FUN_10083388
0x100833d0,FUN_100833d0,66,27,1,100833d0_FUN_100833d0
0x100836b8,FUN_100836b8,68,25,1,100836b8_FUN_100836b8
0x10083700,FUN_10083700,54,23,1,10083700_FUN_10083700
0x1008374c,FUN_1008374c,350,129,1,1008374c_FUN_1008374c
0x10083c54,FUN_10083c54,94,41,1,10083c54_FUN_10083c54
0x10083cbc,FUN_10083cbc,240,88,1,10083cbc_FUN_10083cbc
0x10083dc8,FUN_10083dc8,102,46,1,10083dc8_FUN_10083dc8
0x10083e38,FUN_10083e38,38,17,1,10083e38_FUN_10083e38
0x10084080,FUN_10084080,492,194,1,10084080_FUN_10084080
0x100840a8,FUN_100840a8,28,11,1,100840a8_FUN_100840a8
0x100842c4,FUN_100842c4,78,33,1,100842c4_FUN_100842c4
0x1008432c,FUN_1008432c,88,41,1,1008432c_FUN_1008432c
0x10084388,FUN_10084388,122,55,1,10084388_FUN_10084388
0x10084408,FUN_10084408,54,25,1,10084408_FUN_10084408
0x10084444,FUN_10084444,116,50,1,10084444_FUN_10084444
0x100844c0,FUN_100844c0,300,124,1,100844c0_FUN_100844c0
0x100845f0,FUN_100845f0,484,183,1,100845f0_FUN_100845f0
0x100847dc,FUN_100847dc,836,309,1,100847dc_FUN_100847dc
0x10084b28,FUN_10084b28,148,57,1,10084b28_FUN_10084b28
0x10084bcc,FUN_10084bcc,1000,345,1,10084bcc_FUN_10084bcc
0x10084fcc,FUN_10084fcc,856,318,1,10084fcc_FUN_10084fcc
0x10085330,FUN_10085330,198,79,1,10085330_FUN_10085330
0x10085400,FUN_10085400,870,337,1,10085400_FUN_10085400
0x1008576c,FUN_1008576c,2786,1012,1,1008576c_FUN_1008576c
0x10086280,FUN_10086280,34,15,1,10086280_FUN_10086280
0x100862ac,FUN_100862ac,42,18,1,100862ac_FUN_100862ac
0x100862e0,FUN_100862e0,34,15,1,100862e0_FUN_100862e0
0x1008630c,FUN_1008630c,34,15,1,1008630c_FUN_1008630c
0x10086338,FUN_10086338,94,42,1,10086338_FUN_10086338
0x100863a0,FUN_100863a0,56,24,1,100863a0_FUN_100863a0
0x100863dc,FUN_100863dc,6,2,1,100863dc_FUN_100863dc
0x100863e8,FUN_100863e8,136,51,1,100863e8_FUN_100863e8
0x100864e4,FUN_100864e4,118,45,1,100864e4_FUN_100864e4
0x1008679c,FUN_1008679c,244,94,1,1008679c_FUN_1008679c
0x1008686c,FUN_1008686c,210,79,1,1008686c_FUN_1008686c
0x10086948,FUN_10086948,118,46,1,10086948_FUN_10086948
0x100869d4,FUN_100869d4,62,23,1,100869d4_FUN_100869d4
0x10086a1c,FUN_10086a1c,112,48,1,10086a1c_FUN_10086a1c
0x10086aa0,FUN_10086aa0,36,17,1,10086aa0_FUN_10086aa0
0x10086ae0,FUN_10086ae0,96,37,1,10086ae0_FUN_10086ae0
0x10086b44,FUN_10086b44,98,37,1,10086b44_FUN_10086b44
0x10086bac,FUN_10086bac,40,18,1,10086bac_FUN_10086bac
0x10086be0,FUN_10086be0,40,18,1,10086be0_FUN_10086be0
0x10086c14,FUN_10086c14,40,18,1,10086c14_FUN_10086c14
0x10086c48,FUN_10086c48,40,18,1,10086c48_FUN_10086c48
0x10086c7c,FUN_10086c7c,80,34,1,10086c7c_FUN_10086c7c
0x10086cd8,FUN_10086cd8,82,34,1,10086cd8_FUN_10086cd8
0x10086d38,FUN_10086d38,56,22,1,10086d38_FUN_10086d38
0x10086d7c,FUN_10086d7c,52,22,1,10086d7c_FUN_10086d7c
0x10086dbc,FUN_10086dbc,344,155,1,10086dbc_FUN_10086dbc
0x10086f50,FUN_10086f50,58,22,1,10086f50_FUN_10086f50
0x10086f90,FUN_10086f90,10,5,1,10086f90_FUN_10086f90
0x10086fc4,FUN_10086fc4,148,56,1,10086fc4_FUN_10086fc4
0x10087078,FUN_10087078,186,73,1,10087078_FUN_10087078
0x100871bc,FUN_100871bc,42,18,1,100871bc_FUN_100871bc
0x10087264,FUN_10087264,8,3,1,10087264_FUN_10087264
0x10087270,FUN_10087270,102,41,1,10087270_FUN_10087270
0x100872fc,FUN_100872fc,6,3,1,100872fc_FUN_100872fc
0x10087308,FUN_10087308,6,3,1,10087308_FUN_10087308
0x10087314,FUN_10087314,40,18,1,10087314_FUN_10087314
0x10087344,FUN_10087344,40,18,1,10087344_FUN_10087344
0x10087374,FUN_10087374,146,62,1,10087374_FUN_10087374
0x1008740c,FUN_1008740c,180,75,1,1008740c_FUN_1008740c
0x100874e0,FUN_100874e0,20,9,1,100874e0_FUN_100874e0
0x100874f8,FUN_100874f8,54,18,1,100874f8_FUN_100874f8
0x10087534,FUN_10087534,274,108,1,10087534_FUN_10087534
0x10087650,FUN_10087650,6,3,1,10087650_FUN_10087650
0x1008765c,FUN_1008765c,150,72,1,1008765c_FUN_1008765c
0x100876fc,FUN_100876fc,6,3,1,100876fc_FUN_100876fc
0x10087708,FUN_10087708,36,16,1,10087708_FUN_10087708
0x10087738,FUN_10087738,868,331,1,10087738_FUN_10087738
0x10087aa4,FUN_10087aa4,1974,757,1,10087aa4_FUN_10087aa4
0x10088288,FUN_10088288,252,95,1,10088288_FUN_10088288
0x10088388,FUN_10088388,252,95,1,10088388_FUN_10088388
0x10088488,FUN_10088488,1230,481,1,10088488_FUN_10088488
0x1008895c,FUN_1008895c,516,190,1,1008895c_FUN_1008895c
0x10088f7c,FUN_10088f7c,6,3,1,10088f7c_FUN_10088f7c
0x10088f88,FUN_10088f88,92,32,1,10088f88_FUN_10088f88
0x10088ffc,FUN_10088ffc,20,8,1,10088ffc_FUN_10088ffc
0x10089398,FUN_10089398,118,48,1,10089398_FUN_10089398
0x10089434,FUN_10089434,246,104,1,10089434_FUN_10089434
0x1008953c,FUN_1008953c,46,20,1,1008953c_FUN_1008953c
0x10089570,FUN_10089570,116,47,1,10089570_FUN_10089570
0x1008960c,FUN_1008960c,26,10,1,1008960c_FUN_1008960c
0x1008962c,FUN_1008962c,26,10,1,1008962c_FUN_1008962c
0x1008964c,FUN_1008964c,48,21,1,1008964c_FUN_1008964c
0x10089680,FUN_10089680,1224,474,1,10089680_FUN_10089680
0x10089b64,FUN_10089b64,138,52,1,10089b64_FUN_10089b64
0x10089bf8,FUN_10089bf8,48,18,1,10089bf8_FUN_10089bf8
0x10089c2c,FUN_10089c2c,732,268,1,10089c2c_FUN_10089c2c
0x10089f60,FUN_10089f60,152,61,1,10089f60_FUN_10089f60
0x1008a000,FUN_1008a000,184,73,1,1008a000_FUN_1008a000
0x1008a0c0,FUN_1008a0c0,174,70,1,1008a0c0_FUN_1008a0c0
0x1008a178,FUN_1008a178,252,104,1,1008a178_FUN_1008a178
0x1008a284,FUN_1008a284,38,15,1,1008a284_FUN_1008a284
0x1008a2b0,FUN_1008a2b0,222,84,1,1008a2b0_FUN_1008a2b0
0x1008a2dc,FUN_1008a2dc,722,277,1,1008a2dc_FUN_1008a2dc
0x1008a5b8,FUN_1008a5b8,182,73,1,1008a5b8_FUN_1008a5b8
0x1008a678,FUN_1008a678,154,60,1,1008a678_FUN_1008a678
0x1008a718,FUN_1008a718,236,90,1,1008a718_FUN_1008a718
0x1008a824,FUN_1008a824,8,3,1,1008a824_FUN_1008a824
0x1008a830,FUN_1008a830,6,3,1,1008a830_FUN_1008a830
0x1008a83c,FUN_1008a83c,354,134,1,1008a83c_FUN_1008a83c
0x1008a9a8,FUN_1008a9a8,156,56,1,1008a9a8_FUN_1008a9a8
0x1008abf0,FUN_1008abf0,266,98,1,1008abf0_FUN_1008abf0
0x1008ad00,FUN_1008ad00,164,66,1,1008ad00_FUN_1008ad00
0x1008adac,FUN_1008adac,342,132,1,1008adac_FUN_1008adac
0x1008af34,FUN_1008af34,84,36,1,1008af34_FUN_1008af34
0x1008af98,FUN_1008af98,258,104,1,1008af98_FUN_1008af98
0x1008b0a0,FUN_1008b0a0,742,281,1,1008b0a0_FUN_1008b0a0
0x1008b3a0,FUN_1008b3a0,136,53,1,1008b3a0_FUN_1008b3a0
0x1008b42c,FUN_1008b42c,1436,585,1,1008b42c_FUN_1008b42c
0x1008b9e4,FUN_1008b9e4,452,183,1,1008b9e4_FUN_1008b9e4
0x1008bbb4,FUN_1008bbb4,6,3,1,1008bbb4_FUN_1008bbb4
0x1008bbc0,FUN_1008bbc0,1176,438,1,1008bbc0_FUN_1008bbc0
0x1008c088,FUN_1008c088,36,14,1,1008c088_FUN_1008c088
0x1008c0b0,FUN_1008c0b0,12,6,1,1008c0b0_FUN_1008c0b0
0x1008c0c0,FUN_1008c0c0,26,12,1,1008c0c0_FUN_1008c0c0
0x1008c0e0,FUN_1008c0e0,598,232,1,1008c0e0_FUN_1008c0e0
0x1008c354,FUN_1008c354,48,18,1,1008c354_FUN_1008c354
0x1008c388,FUN_1008c388,1426,540,1,1008c388_FUN_1008c388
0x1008c930,FUN_1008c930,180,77,1,1008c930_FUN_1008c930
0x1008ca08,FUN_1008ca08,62,25,1,1008ca08_FUN_1008ca08
0x1008ca4c,FUN_1008ca4c,58,24,1,1008ca4c_FUN_1008ca4c
0x1008ca98,FUN_1008ca98,62,29,1,1008ca98_FUN_1008ca98
0x1008cadc,FUN_1008cadc,30,12,1,1008cadc_FUN_1008cadc
0x1008cb00,FUN_1008cb00,38,17,1,1008cb00_FUN_1008cb00
0x1008cb2c,FUN_1008cb2c,58,26,1,1008cb2c_FUN_1008cb2c
0x1008cb6c,FUN_1008cb6c,38,16,1,1008cb6c_FUN_1008cb6c
0x1008cb9c,FUN_1008cb9c,76,34,1,1008cb9c_FUN_1008cb9c
0x1008cbec,FUN_1008cbec,268,102,1,1008cbec_FUN_1008cbec
0x1008ccfc,FUN_1008ccfc,140,53,1,1008ccfc_FUN_1008ccfc
0x1008cd8c,FUN_1008cd8c,1102,413,1,1008cd8c_FUN_1008cd8c
0x1008d20c,FUN_1008d20c,60,25,1,1008d20c_FUN_1008d20c
0x1008d24c,FUN_1008d24c,156,63,1,1008d24c_FUN_1008d24c
0x1008d30c,FUN_1008d30c,104,46,1,1008d30c_FUN_1008d30c
0x1008d384,FUN_1008d384,54,23,1,1008d384_FUN_1008d384
0x1008d3c0,FUN_1008d3c0,830,323,1,1008d3c0_FUN_1008d3c0
0x1008d724,FUN_1008d724,194,81,1,1008d724_FUN_1008d724
0x1008d804,FUN_1008d804,820,327,1,1008d804_FUN_1008d804
0x1008db78,FUN_1008db78,88,37,1,1008db78_FUN_1008db78
0x1008dbd4,FUN_1008dbd4,278,116,1,1008dbd4_FUN_1008dbd4
0x1008dd14,FUN_1008dd14,36,17,1,1008dd14_FUN_1008dd14
0x1008dd3c,FUN_1008dd3c,80,34,1,1008dd3c_FUN_1008dd3c
0x1008ddb0,FUN_1008ddb0,110,47,1,1008ddb0_FUN_1008ddb0
0x1008de58,FUN_1008de58,76,37,1,1008de58_FUN_1008de58
0x1008dee0,FUN_1008dee0,2216,866,1,1008dee0_FUN_1008dee0
0x1008e790,FUN_1008e790,184,71,1,1008e790_FUN_1008e790
0x1008e860,FUN_1008e860,88,35,1,1008e860_FUN_1008e860
0x1008e8c8,FUN_1008e8c8,3120,1242,1,1008e8c8_FUN_1008e8c8
0x1008f514,FUN_1008f514,22,8,1,1008f514_FUN_1008f514
0x1008f530,FUN_1008f530,156,66,1,1008f530_FUN_1008f530
0x1008f71c,FUN_1008f71c,84,36,1,1008f71c_FUN_1008f71c
0x1008f77c,FUN_1008f77c,102,44,1,1008f77c_FUN_1008f77c
0x1008f810,FUN_1008f810,248,89,1,1008f810_FUN_1008f810
0x1008f924,FUN_1008f924,440,177,1,1008f924_FUN_1008f924
0x1008fb20,FUN_1008fb20,16,6,1,1008fb20_FUN_1008fb20
0x1008fb34,FUN_1008fb34,270,99,1,1008fb34_FUN_1008fb34
0x1008fc50,FUN_1008fc50,132,54,1,1008fc50_FUN_1008fc50
0x1008fce8,FUN_1008fce8,1002,398,1,1008fce8_FUN_1008fce8
0x10090120,FUN_10090120,1676,627,1,10090120_FUN_10090120
0x100907b0,FUN_100907b0,642,245,1,100907b0_FUN_100907b0
0x10090a38,FUN_10090a38,460,175,1,10090a38_FUN_10090a38
0x10090c10,FUN_10090c10,978,384,1,10090c10_FUN_10090c10
0x10090ff0,FUN_10090ff0,620,229,1,10090ff0_FUN_10090ff0
0x10091290,FUN_10091290,1604,626,1,10091290_FUN_10091290
0x10091920,FUN_10091920,66,27,1,10091920_FUN_10091920
0x10091980,FUN_10091980,12,5,1,10091980_FUN_10091980
0x10091990,FUN_10091990,26,10,1,10091990_FUN_10091990
0x100919b0,FUN_100919b0,12,5,1,100919b0_FUN_100919b0
0x100919c0,FUN_100919c0,12,5,1,100919c0_FUN_100919c0
0x100919d0,FUN_100919d0,12,5,1,100919d0_FUN_100919d0
0x100919e0,FUN_100919e0,100,40,1,100919e0_FUN_100919e0
0x100921c4,FUN_100921c4,116,47,1,100921c4_FUN_100921c4
0x10092450,FUN_10092450,72,33,1,10092450_FUN_10092450
0x1009249c,FUN_1009249c,46,19,1,1009249c_FUN_1009249c
0x10092758,FUN_10092758,28,11,1,10092758_FUN_10092758
0x10092778,FUN_10092778,78,34,1,10092778_FUN_10092778
0x100927e8,FUN_100927e8,266,113,1,100927e8_FUN_100927e8
0x10092918,FUN_10092918,86,37,1,10092918_FUN_10092918
0x10092c10,FUN_10092c10,76,26,1,10092c10_FUN_10092c10
0x10092c64,FUN_10092c64,454,182,1,10092c64_FUN_10092c64
0x10092e68,FUN_10092e68,130,50,1,10092e68_FUN_10092e68
0x10092ef8,FUN_10092ef8,6,3,1,10092ef8_FUN_10092ef8
0x10092f04,FUN_10092f04,6,3,1,10092f04_FUN_10092f04
0x10092f10,FUN_10092f10,24,12,1,10092f10_FUN_10092f10
0x10092f2c,FUN_10092f2c,24,12,1,10092f2c_FUN_10092f2c
0x10092f48,FUN_10092f48,22,10,1,10092f48_FUN_10092f48
0x10092f64,FUN_10092f64,14,5,1,10092f64_FUN_10092f64
0x10092f78,FUN_10092f78,24,10,1,10092f78_FUN_10092f78
0x10092f98,FUN_10092f98,116,49,1,10092f98_FUN_10092f98
0x10093034,FUN_10093034,14,5,1,10093034_FUN_10093034
0x10093048,FUN_10093048,82,38,1,10093048_FUN_10093048
0x100930a8,FUN_100930a8,38,14,1,100930a8_FUN_100930a8
0x10093250,FUN_10093250,36,15,1,10093250_FUN_10093250
0x10093284,FUN_10093284,40,15,1,10093284_FUN_10093284
0x100932b0,FUN_100932b0,98,38,1,100932b0_FUN_100932b0
0x1009331c,FUN_1009331c,176,75,1,1009331c_FUN_1009331c
0x100933f8,FUN_100933f8,16,5,1,100933f8_FUN_100933f8
0x1009340c,FUN_1009340c,44,20,1,1009340c_FUN_1009340c
0x1009343c,FUN_1009343c,6,3,1,1009343c_FUN_1009343c
0x10093448,FUN_10093448,288,101,1,10093448_FUN_10093448
0x10093574,FUN_10093574,40,20,1,10093574_FUN_10093574
0x100935a4,FUN_100935a4,40,20,1,100935a4_FUN_100935a4
0x100935d0,FUN_100935d0,84,34,1,100935d0_FUN_100935d0
0x10093628,FUN_10093628,232,95,1,10093628_FUN_10093628
0x10093728,FUN_10093728,364,146,1,10093728_FUN_10093728
0x100938a8,FUN_100938a8,36,17,1,100938a8_FUN_100938a8
0x100938d0,FUN_100938d0,786,317,1,100938d0_FUN_100938d0
0x10093bf0,FUN_10093bf0,44,17,1,10093bf0_FUN_10093bf0
0x10093c2c,FUN_10093c2c,8,3,1,10093c2c_FUN_10093c2c
0x10093c38,FUN_10093c38,66,30,1,10093c38_FUN_10093c38
0x10093c80,FUN_10093c80,456,189,1,10093c80_FUN_10093c80
0x10093ee0,FUN_10093ee0,38,17,1,10093ee0_FUN_10093ee0
0x10093f0c,FUN_10093f0c,250,110,1,10093f0c_FUN_10093f0c
0x10094038,FUN_10094038,38,18,1,10094038_FUN_10094038
0x10094064,FUN_10094064,56,24,1,10094064_FUN_10094064
0x100940a0,FUN_100940a0,88,37,1,100940a0_FUN_100940a0
0x100940fc,FUN_100940fc,58,25,1,100940fc_FUN_100940fc
0x1009413c,FUN_1009413c,40,18,1,1009413c_FUN_1009413c
0x10094168,FUN_10094168,6,3,1,10094168_FUN_10094168
0x10094174,FUN_10094174,168,60,1,10094174_FUN_10094174
0x10094254,FUN_10094254,16,7,1,10094254_FUN_10094254
0x10094268,FUN_10094268,18,8,1,10094268_FUN_10094268
0x10094280,FUN_10094280,72,31,1,10094280_FUN_10094280
0x100942d8,FUN_100942d8,316,120,1,100942d8_FUN_100942d8
0x10094444,FUN_10094444,56,23,1,10094444_FUN_10094444
0x1009448c,FUN_1009448c,56,21,1,1009448c_FUN_1009448c
0x100944cc,FUN_100944cc,70,29,1,100944cc_FUN_100944cc
0x10094518,FUN_10094518,238,102,1,10094518_FUN_10094518
0x10094644,FUN_10094644,206,88,1,10094644_FUN_10094644
0x10094720,FUN_10094720,98,40,1,10094720_FUN_10094720
0x100949b4,FUN_100949b4,284,111,1,100949b4_FUN_100949b4
0x100949c0,FUN_100949c0,52,24,1,100949c0_FUN_100949c0
0x10094a00,FUN_10094a00,18,8,1,10094a00_FUN_10094a00
0x10094a1c,FUN_10094a1c,114,49,1,10094a1c_FUN_10094a1c
0x10094ab8,FUN_10094ab8,30,12,1,10094ab8_FUN_10094ab8
0x10094ca0,FUN_10094ca0,54,23,1,10094ca0_FUN_10094ca0
0x10094d74,FUN_10094d74,486,208,1,10094d74_FUN_10094d74
0x10094f64,FUN_10094f64,82,36,1,10094f64_FUN_10094f64
0x10095000,FUN_10095000,212,83,1,10095000_FUN_10095000
0x100950f8,FUN_100950f8,46,18,1,100950f8_FUN_100950f8
0x1009512c,FUN_1009512c,198,81,1,1009512c_FUN_1009512c
0x10095200,FUN_10095200,76,32,1,10095200_FUN_10095200
0x10095250,FUN_10095250,104,43,1,10095250_FUN_10095250
0x100952c4,FUN_100952c4,666,244,1,100952c4_FUN_100952c4
0x10095d34,FUN_10095d34,112,45,1,10095d34_FUN_10095d34
0x10096618,FUN_10096618,20,8,1,10096618_FUN_10096618
0x10096630,FUN_10096630,82,29,1,10096630_FUN_10096630
0x10096718,FUN_10096718,20,8,1,10096718_FUN_10096718
0x10096730,FUN_10096730,446,171,1,10096730_FUN_10096730
0x10096e9c,FUN_10096e9c,40,15,1,10096e9c_FUN_10096e9c
0x10096ec8,FUN_10096ec8,32,13,1,10096ec8_FUN_10096ec8
0x10096eec,FUN_10096eec,90,37,1,10096eec_FUN_10096eec
0x10096f4c,FUN_10096f4c,20,8,1,10096f4c_FUN_10096f4c
0x10096f64,FUN_10096f64,590,240,1,10096f64_FUN_10096f64
0x100971e0,FUN_100971e0,682,261,1,100971e0_FUN_100971e0
0x100974b8,FUN_100974b8,1200,475,1,100974b8_FUN_100974b8
0x10097998,FUN_10097998,308,126,1,10097998_FUN_10097998
0x10097aec,FUN_10097aec,138,55,1,10097aec_FUN_10097aec
0x10097b98,FUN_10097b98,90,32,1,10097b98_FUN_10097b98
0x10098174,FUN_10098174,224,89,1,10098174_FUN_10098174
0x10098540,FUN_10098540,20,8,1,10098540_FUN_10098540
0x10098558,FUN_10098558,310,119,1,10098558_FUN_10098558
0x10099414,FUN_10099414,90,34,1,10099414_FUN_10099414
0x10099478,FUN_10099478,430,173,1,10099478_FUN_10099478
0x10099634,FUN_10099634,20,8,1,10099634_FUN_10099634
0x1009964c,FUN_1009964c,214,90,1,1009964c_FUN_1009964c
0x100997b0,FUN_100997b0,38,16,1,100997b0_FUN_100997b0
0x100997e0,FUN_100997e0,120,43,1,100997e0_FUN_100997e0
0x1009985c,FUN_1009985c,64,26,1,1009985c_FUN_1009985c
0x100998a8,FUN_100998a8,316,134,1,100998a8_FUN_100998a8
0x10099a18,FUN_10099a18,58,26,1,10099a18_FUN_10099a18
0x10099a58,FUN_10099a58,302,128,1,10099a58_FUN_10099a58
0x10099ca4,FUN_10099ca4,320,127,1,10099ca4_FUN_10099ca4
0x1009a1f4,FUN_1009a1f4,44,19,1,1009a1f4_FUN_1009a1f4
0x1009a224,FUN_1009a224,160,67,1,1009a224_FUN_1009a224
0x1009a2d8,FUN_1009a2d8,428,184,1,1009a2d8_FUN_1009a2d8
0x1009a4b8,FUN_1009a4b8,124,51,1,1009a4b8_FUN_1009a4b8
0x1009a564,FUN_1009a564,400,126,1,1009a564_FUN_1009a564
0x1009a718,FUN_1009a718,666,252,1,1009a718_FUN_1009a718
0x1009a9cc,FUN_1009a9cc,78,38,1,1009a9cc_FUN_1009a9cc
0x1009aa6c,FUN_1009aa6c,28,11,1,1009aa6c_FUN_1009aa6c
0x1009aa8c,FUN_1009aa8c,236,96,1,1009aa8c_FUN_1009aa8c
0x1009ab84,FUN_1009ab84,216,84,1,1009ab84_FUN_1009ab84
0x1009ac34,FUN_1009ac34,1378,543,1,1009ac34_FUN_1009ac34
0x1009ac8c,FUN_1009ac8c,120,52,1,1009ac8c_FUN_1009ac8c
0x1009ad0c,FUN_1009ad0c,162,63,1,1009ad0c_FUN_1009ad0c
0x1009ae54,FUN_1009ae54,94,40,1,1009ae54_FUN_1009ae54
0x1009aecc,FUN_1009aecc,28,11,1,1009aecc_FUN_1009aecc
0x1009af48,FUN_1009af48,10,5,1,1009af48_FUN_1009af48
0x1009af58,FUN_1009af58,146,54,1,1009af58_FUN_1009af58
0x1009b000,FUN_1009b000,44,16,1,1009b000_FUN_1009b000
0x1009b030,FUN_1009b030,142,57,1,1009b030_FUN_1009b030
0x1009b0c4,FUN_1009b0c4,386,135,1,1009b0c4_FUN_1009b0c4
0x1009b254,FUN_1009b254,130,51,1,1009b254_FUN_1009b254
0x1009b34c,FUN_1009b34c,608,234,1,1009b34c_FUN_1009b34c
0x1009b5c0,FUN_1009b5c0,32,13,1,1009b5c0_FUN_1009b5c0
0x1009b628,FUN_1009b628,104,38,1,1009b628_FUN_1009b628
0x1009b694,FUN_1009b694,606,218,1,1009b694_FUN_1009b694
0x1009b8f8,FUN_1009b8f8,202,78,1,1009b8f8_FUN_1009b8f8
0x1009b9d8,FUN_1009b9d8,500,186,1,1009b9d8_FUN_1009b9d8
0x1009c11c,FUN_1009c11c,246,95,1,1009c11c_FUN_1009c11c
0x1009c220,FUN_1009c220,202,59,1,1009c220_FUN_1009c220
0x1009c304,FUN_1009c304,124,36,1,1009c304_FUN_1009c304
0x1009c388,FUN_1009c388,348,100,1,1009c388_FUN_1009c388
0x1009c4f0,FUN_1009c4f0,1156,343,1,1009c4f0_FUN_1009c4f0
0x1009c984,FUN_1009c984,1264,425,1,1009c984_FUN_1009c984
0x1009ce94,FUN_1009ce94,42,15,1,1009ce94_FUN_1009ce94
0x1009d0bc,FUN_1009d0bc,364,132,1,1009d0bc_FUN_1009d0bc
0x1009d240,FUN_1009d240,682,229,1,1009d240_FUN_1009d240
0x1009d320,FUN_1009d320,402,140,1,1009d320_FUN_1009d320
0x1009d4c8,FUN_1009d4c8,602,222,1,1009d4c8_FUN_1009d4c8
0x1009d748,FUN_1009d748,434,157,1,1009d748_FUN_1009d748
0x1009d900,FUN_1009d900,678,255,1,1009d900_FUN_1009d900
0x1009dbd4,FUN_1009dbd4,12,6,1,1009dbd4_FUN_1009dbd4
0x1009dbe4,FUN_1009dbe4,4,2,1,1009dbe4_FUN_1009dbe4
0x1009dc20,FUN_1009dc20,56,23,1,1009dc20_FUN_1009dc20
0x1009dc5c,FUN_1009dc5c,46,18,1,1009dc5c_FUN_1009dc5c
0x1009dc98,FUN_1009dc98,52,22,1,1009dc98_FUN_1009dc98
0x1009dd80,FUN_1009dd80,28,9,1,1009dd80_FUN_1009dd80
0x1009de60,FUN_1009de60,148,62,1,1009de60_FUN_1009de60
0x1009decc,FUN_1009decc,82,37,1,1009decc_FUN_1009decc
0x1009df28,FUN_1009df28,34,14,1,1009df28_FUN_1009df28
0x1009df50,FUN_1009df50,98,38,1,1009df50_FUN_1009df50
0x1009dfd4,FUN_1009dfd4,40,19,1,1009dfd4_FUN_1009dfd4
0x1009e000,FUN_1009e000,34,16,1,1009e000_FUN_1009e000
0x1009e02c,FUN_1009e02c,6,2,1,1009e02c_FUN_1009e02c
0x1009e038,FUN_1009e038,434,173,1,1009e038_FUN_1009e038
0x1009e224,FUN_1009e224,28,11,1,1009e224_FUN_1009e224
0x1009e248,FUN_1009e248,310,121,1,1009e248_FUN_1009e248
0x1009e3b4,FUN_1009e3b4,178,65,1,1009e3b4_FUN_1009e3b4
0x1009e480,FUN_1009e480,204,81,1,1009e480_FUN_1009e480
0x1009e570,FUN_1009e570,156,59,1,1009e570_FUN_1009e570
0x1009e630,FUN_1009e630,58,24,1,1009e630_FUN_1009e630
0x1009e688,FUN_1009e688,40,19,1,1009e688_FUN_1009e688
0x1009e6b4,FUN_1009e6b4,204,81,1,1009e6b4_FUN_1009e6b4
0x1009e7a0,FUN_1009e7a0,182,65,1,1009e7a0_FUN_1009e7a0
0x1009e86c,FUN_1009e86c,338,136,1,1009e86c_FUN_1009e86c
0x1009e9f8,FUN_1009e9f8,38,15,1,1009e9f8_FUN_1009e9f8
0x1009ea24,FUN_1009ea24,156,59,1,1009ea24_FUN_1009ea24
0x1009eae4,FUN_1009eae4,12,5,1,1009eae4_FUN_1009eae4
0x1009eaf4,FUN_1009eaf4,52,20,1,1009eaf4_FUN_1009eaf4
0x1009eb2c,FUN_1009eb2c,64,25,1,1009eb2c_FUN_1009eb2c
0x1009ec10,FUN_1009ec10,74,27,1,1009ec10_FUN_1009ec10
0x1009ec64,FUN_1009ec64,102,42,1,1009ec64_FUN_1009ec64
0x1009ecd0,FUN_1009ecd0,20,8,1,1009ecd0_FUN_1009ecd0
0x1009ece8,FUN_1009ece8,188,72,1,1009ece8_FUN_1009ece8
0x1009edc4,FUN_1009edc4,188,72,1,1009edc4_FUN_1009edc4
0x1009eeac,FUN_1009eeac,92,36,1,1009eeac_FUN_1009eeac
0x1009ef1c,FUN_1009ef1c,100,39,1,1009ef1c_FUN_1009ef1c
0x1009ef94,FUN_1009ef94,6,2,1,1009ef94_FUN_1009ef94
0x1009efa0,FUN_1009efa0,66,27,1,1009efa0_FUN_1009efa0
0x1009efe8,FUN_1009efe8,292,108,1,1009efe8_FUN_1009efe8
0x1009f12c,FUN_1009f12c,150,53,1,1009f12c_FUN_1009f12c
0x1009f1dc,FUN_1009f1dc,120,45,1,1009f1dc_FUN_1009f1dc
0x1009f26c,FUN_1009f26c,122,43,1,1009f26c_FUN_1009f26c
0x1009f30c,FUN_1009f30c,52,20,1,1009f30c_FUN_1009f30c
0x1009f374,FUN_1009f374,32,14,1,1009f374_FUN_1009f374
0x1009f460,FUN_1009f460,220,81,1,1009f460_FUN_1009f460
0x1009f54c,FUN_1009f54c,120,45,1,1009f54c_FUN_1009f54c
0x1009f5d4,FUN_1009f5d4,108,43,1,1009f5d4_FUN_1009f5d4
0x1009f644,FUN_1009f644,376,133,1,1009f644_FUN_1009f644
0x1009f98c,FUN_1009f98c,94,37,1,1009f98c_FUN_1009f98c
0x1009fa38,FUN_1009fa38,112,45,1,1009fa38_FUN_1009fa38
0x1009faf4,FUN_1009faf4,1934,751,1,1009faf4_FUN_1009faf4
0x100a0304,FUN_100a0304,128,51,1,100a0304_FUN_100a0304
0x100a0310,FUN_100a0310,48,20,1,100a0310_FUN_100a0310
0x100a0350,FUN_100a0350,92,38,1,100a0350_FUN_100a0350
0x100a03c0,FUN_100a03c0,182,74,1,100a03c0_FUN_100a03c0
0x100a0490,FUN_100a0490,260,101,1,100a0490_FUN_100a0490
0x100a05a8,FUN_100a05a8,66,27,1,100a05a8_FUN_100a05a8
0x100a05fc,FUN_100a05fc,70,29,1,100a05fc_FUN_100a05fc
0x100a0654,FUN_100a0654,316,119,1,100a0654_FUN_100a0654
0x100a07a0,FUN_100a07a0,378,143,1,100a07a0_FUN_100a07a0
0x100a09ec,FUN_100a09ec,112,43,1,100a09ec_FUN_100a09ec
0x100a0a70,FUN_100a0a70,122,48,1,100a0a70_FUN_100a0a70
0x100a0b00,FUN_100a0b00,72,31,1,100a0b00_FUN_100a0b00
0x100a0bf8,FUN_100a0bf8,122,51,1,100a0bf8_FUN_100a0bf8
0x100a0c90,FUN_100a0c90,188,74,1,100a0c90_FUN_100a0c90
0x100a0d70,FUN_100a0d70,226,89,1,100a0d70_FUN_100a0d70
0x100a0e78,FUN_100a0e78,124,47,1,100a0e78_FUN_100a0e78
0x100a0f3c,FUN_100a0f3c,88,35,1,100a0f3c_FUN_100a0f3c
0x100a0fb0,FUN_100a0fb0,86,33,1,100a0fb0_FUN_100a0fb0
0x100a1024,FUN_100a1024,410,159,1,100a1024_FUN_100a1024
0x100a11ec,FUN_100a11ec,8,3,1,100a11ec_FUN_100a11ec
0x100a1270,FUN_100a1270,230,88,1,100a1270_FUN_100a1270
0x100a1550,FUN_100a1550,8,3,1,100a1550_FUN_100a1550
0x100a1598,FUN_100a1598,66,27,1,100a1598_FUN_100a1598
0x100a1660,FUN_100a1660,8,3,1,100a1660_FUN_100a1660
0x100a166c,FUN_100a166c,20,7,1,100a166c_FUN_100a166c
0x100a1684,FUN_100a1684,6,2,1,100a1684_FUN_100a1684
0x100a1690,FUN_100a1690,502,188,1,100a1690_FUN_100a1690
0x100a18bc,FUN_100a18bc,132,48,1,100a18bc_FUN_100a18bc
0x100a1a14,FUN_100a1a14,32,11,1,100a1a14_FUN_100a1a14
0x100a1a3c,FUN_100a1a3c,54,25,1,100a1a3c_FUN_100a1a3c
0x100a1a7c,FUN_100a1a7c,114,46,1,100a1a7c_FUN_100a1a7c
0x100a1b0c,FUN_100a1b0c,36,15,1,100a1b0c_FUN_100a1b0c
0x100a1b34,FUN_100a1b34,38,15,1,100a1b34_FUN_100a1b34
0x100a1b60,FUN_100a1b60,42,17,1,100a1b60_FUN_100a1b60
0x100a1ba4,FUN_100a1ba4,136,53,1,100a1ba4_FUN_100a1ba4
0x100a1c10,FUN_100a1c10,4,2,1,100a1c10_FUN_100a1c10
0x100a1c18,FUN_100a1c18,254,98,1,100a1c18_FUN_100a1c18
0x100a1c48,FUN_100a1c48,70,27,1,100a1c48_FUN_100a1c48
0x100a1cc0,FUN_100a1cc0,74,28,1,100a1cc0_FUN_100a1cc0
0x100a1ce0,FUN_100a1ce0,162,71,1,100a1ce0_FUN_100a1ce0
0x100a1d94,FUN_100a1d94,24,7,1,100a1d94_FUN_100a1d94
0x100a1db0,FUN_100a1db0,42,17,1,100a1db0_FUN_100a1db0
0x100a1e1c,FUN_100a1e1c,92,39,1,100a1e1c_FUN_100a1e1c
0x100a1ed0,FUN_100a1ed0,114,45,1,100a1ed0_FUN_100a1ed0
0x100a22ac,FUN_100a22ac,56,24,1,100a22ac_FUN_100a22ac
0x100a22fc,FUN_100a22fc,16,7,1,100a22fc_FUN_100a22fc
0x100a2310,FUN_100a2310,16,7,1,100a2310_FUN_100a2310
0x100a2324,FUN_100a2324,16,7,1,100a2324_FUN_100a2324
0x100a2338,FUN_100a2338,16,7,1,100a2338_FUN_100a2338
0x100a25dc,FUN_100a25dc,122,42,1,100a25dc_FUN_100a25dc
0x100a25f8,FUN_100a25f8,74,28,1,100a25f8_FUN_100a25f8
0x100a265c,FUN_100a265c,34,12,1,100a265c_FUN_100a265c
0x100a26a8,FUN_100a26a8,274,105,1,100a26a8_FUN_100a26a8
0x100a27e8,FUN_100a27e8,160,63,1,100a27e8_FUN_100a27e8
0x100a288c,FUN_100a288c,210,78,1,100a288c_FUN_100a288c
0x100a299c,FUN_100a299c,330,122,1,100a299c_FUN_100a299c
0x100a2b00,FUN_100a2b00,66,24,1,100a2b00_FUN_100a2b00
0x100a2b5c,FUN_100a2b5c,70,24,1,100a2b5c_FUN_100a2b5c
0x100a2bb8,FUN_100a2bb8,116,46,1,100a2bb8_FUN_100a2bb8
0x100a2c44,FUN_100a2c44,314,116,1,100a2c44_FUN_100a2c44
0x100a2da4,FUN_100a2da4,56,22,1,100a2da4_FUN_100a2da4
0x100a2de0,FUN_100a2de0,34,13,1,100a2de0_FUN_100a2de0
0x100a2e08,FUN_100a2e08,34,13,1,100a2e08_FUN_100a2e08
0x100a2e58,FUN_100a2e58,44,18,1,100a2e58_FUN_100a2e58
0x100a2eb0,FUN_100a2eb0,150,61,1,100a2eb0_FUN_100a2eb0
0x100a2f68,FUN_100a2f68,98,40,1,100a2f68_FUN_100a2f68
0x100a2fe4,FUN_100a2fe4,60,24,1,100a2fe4_FUN_100a2fe4
0x100a3170,FUN_100a3170,46,18,1,100a3170_FUN_100a3170
0x100a31b0,FUN_100a31b0,54,23,1,100a31b0_FUN_100a31b0
0x100a3200,FUN_100a3200,136,53,1,100a3200_FUN_100a3200
0x100a3298,FUN_100a3298,272,112,1,100a3298_FUN_100a3298
0x100a3508,FUN_100a3508,88,36,1,100a3508_FUN_100a3508
0x100a3564,FUN_100a3564,48,21,1,100a3564_FUN_100a3564
0x100a3598,FUN_100a3598,36,11,1,100a3598_FUN_100a3598
0x100a35c0,FUN_100a35c0,82,29,1,100a35c0_FUN_100a35c0
0x100a365c,FUN_100a365c,34,10,1,100a365c_FUN_100a365c
0x100a36ac,FUN_100a36ac,84,28,1,100a36ac_FUN_100a36ac
0x100a3704,FUN_100a3704,376,146,1,100a3704_FUN_100a3704
0x100a3890,FUN_100a3890,32,14,1,100a3890_FUN_100a3890
0x100a38b4,FUN_100a38b4,144,59,1,100a38b4_FUN_100a38b4
0x100a3970,FUN_100a3970,48,19,1,100a3970_FUN_100a3970
0x100a39e4,FUN_100a39e4,1056,348,1,100a39e4_FUN_100a39e4
0x100a3e34,FUN_100a3e34,218,84,1,100a3e34_FUN_100a3e34
0x100a3f70,FUN_100a3f70,30,11,1,100a3f70_FUN_100a3f70
0x100a40ac,FUN_100a40ac,102,41,1,100a40ac_FUN_100a40ac
0x100a417c,FUN_100a417c,74,29,1,100a417c_FUN_100a417c
0x100a4228,FUN_100a4228,40,17,1,100a4228_FUN_100a4228
0x100a4254,FUN_100a4254,40,16,1,100a4254_FUN_100a4254
0x100a42c0,FUN_100a42c0,82,35,1,100a42c0_FUN_100a42c0
0x100a42e4,FUN_100a42e4,58,23,1,100a42e4_FUN_100a42e4
0x100a4328,FUN_100a4328,234,85,1,100a4328_FUN_100a4328
0x100a443c,FUN_100a443c,110,44,1,100a443c_FUN_100a443c
0x100a4544,FUN_100a4544,158,56,1,100a4544_FUN_100a4544
0x100a4614,FUN_100a4614,52,22,1,100a4614_FUN_100a4614
0x100a464c,FUN_100a464c,202,80,1,100a464c_FUN_100a464c
0x100a474c,FUN_100a474c,592,229,1,100a474c_FUN_100a474c
0x100a49c4,FUN_100a49c4,172,63,1,100a49c4_FUN_100a49c4
0x100a4a98,FUN_100a4a98,74,30,1,100a4a98_FUN_100a4a98
0x100a4afc,FUN_100a4afc,106,45,1,100a4afc_FUN_100a4afc
0x100a4b88,FUN_100a4b88,150,58,1,100a4b88_FUN_100a4b88
0x100a4c48,FUN_100a4c48,772,304,1,100a4c48_FUN_100a4c48
0x100a4fc4,FUN_100a4fc4,250,102,1,100a4fc4_FUN_100a4fc4
0x100a5114,FUN_100a5114,62,24,1,100a5114_FUN_100a5114
0x100a5168,FUN_100a5168,8,4,1,100a5168_FUN_100a5168
0x100a5174,FUN_100a5174,140,55,1,100a5174_FUN_100a5174
0x100a529c,FUN_100a529c,624,273,1,100a529c_FUN_100a529c
0x100a5538,FUN_100a5538,288,107,1,100a5538_FUN_100a5538
0x100a5670,FUN_100a5670,70,26,1,100a5670_FUN_100a5670
0x100a56c8,FUN_100a56c8,100,39,1,100a56c8_FUN_100a56c8
0x100a5774,FUN_100a5774,220,82,1,100a5774_FUN_100a5774
0x100a5880,FUN_100a5880,40,17,1,100a5880_FUN_100a5880
0x100a58ac,FUN_100a58ac,34,14,1,100a58ac_FUN_100a58ac
0x100a58d4,FUN_100a58d4,160,65,1,100a58d4_FUN_100a58d4
0x100a5a1c,FUN_100a5a1c,22,11,1,100a5a1c_FUN_100a5a1c
0x100a5a3c,FUN_100a5a3c,164,66,1,100a5a3c_FUN_100a5a3c
0x100a5b08,FUN_100a5b08,100,36,1,100a5b08_FUN_100a5b08
0x100a5b78,FUN_100a5b78,242,88,1,100a5b78_FUN_100a5b78
0x100a5d6c,FUN_100a5d6c,50,22,1,100a5d6c_FUN_100a5d6c
0x100a5f38,FUN_100a5f38,256,101,1,100a5f38_FUN_100a5f38
0x100a60ec,FUN_100a60ec,22,9,1,100a60ec_FUN_100a60ec
0x100a6108,FUN_100a6108,22,10,1,100a6108_FUN_100a6108
0x100a6128,FUN_100a6128,22,10,1,100a6128_FUN_100a6128
0x100a6148,FUN_100a6148,92,39,1,100a6148_FUN_100a6148
0x100a61b0,FUN_100a61b0,40,14,1,100a61b0_FUN_100a61b0
0x100a61d0,FUN_100a61d0,72,30,1,100a61d0_FUN_100a61d0
0x100a61f0,FUN_100a61f0,562,214,1,100a61f0_FUN_100a61f0
0x100a623c,FUN_100a623c,30,15,1,100a623c_FUN_100a623c
0x100a6260,FUN_100a6260,98,37,1,100a6260_FUN_100a6260
0x100a65e4,FUN_100a65e4,342,131,1,100a65e4_FUN_100a65e4
0x100a66c0,FUN_100a66c0,146,60,1,100a66c0_FUN_100a66c0
0x100a676c,FUN_100a676c,340,119,1,100a676c_FUN_100a676c
0x100a68d8,FUN_100a68d8,116,46,1,100a68d8_FUN_100a68d8
0x100a6950,FUN_100a6950,90,37,1,100a6950_FUN_100a6950
0x100a69b0,FUN_100a69b0,250,99,1,100a69b0_FUN_100a69b0
0x100a6ab8,FUN_100a6ab8,494,174,1,100a6ab8_FUN_100a6ab8
0x100a6cb8,FUN_100a6cb8,174,60,1,100a6cb8_FUN_100a6cb8
0x100a6d70,FUN_100a6d70,536,205,1,100a6d70_FUN_100a6d70
0x100a6f9c,FUN_100a6f9c,68,31,1,100a6f9c_FUN_100a6f9c
0x100a6fec,FUN_100a6fec,126,55,1,100a6fec_FUN_100a6fec
0x100a7040,FUN_100a7040,48,21,1,100a7040_FUN_100a7040
0x100a717c,FUN_100a717c,14,7,1,100a717c_FUN_100a717c
0x100a71c4,FUN_100a71c4,28,13,1,100a71c4_FUN_100a71c4
0x100a71e4,FUN_100a71e4,26,12,1,100a71e4_FUN_100a71e4
0x100a7204,FUN_100a7204,140,61,1,100a7204_FUN_100a7204
0x100a72cc,FUN_100a72cc,42,19,1,100a72cc_FUN_100a72cc
0x100a7314,FUN_100a7314,42,19,1,100a7314_FUN_100a7314
0x100a735c,FUN_100a735c,14,7,1,100a735c_FUN_100a735c
0x100a7370,FUN_100a7370,18,8,1,100a7370_FUN_100a7370
0x100a7388,FUN_100a7388,18,8,1,100a7388_FUN_100a7388
0x100a7450,FUN_100a7450,774,279,1,100a7450_FUN_100a7450
0x100a77b4,FUN_100a77b4,110,41,1,100a77b4_FUN_100a77b4
0x100a7838,FUN_100a7838,90,36,1,100a7838_FUN_100a7838
0x100a78ac,FUN_100a78ac,78,31,1,100a78ac_FUN_100a78ac
0x100a790c,FUN_100a790c,44,18,1,100a790c_FUN_100a790c
0x100a793c,FUN_100a793c,18,7,1,100a793c_FUN_100a793c
0x100a7954,FUN_100a7954,104,44,1,100a7954_FUN_100a7954
0x100a79b4,FUN_100a79b4,68,27,1,100a79b4_FUN_100a79b4
0x100a7a0c,FUN_100a7a0c,20,7,1,100a7a0c_FUN_100a7a0c
0x100a7a24,FUN_100a7a24,22,9,1,100a7a24_FUN_100a7a24
0x100a7a40,FUN_100a7a40,10,5,1,100a7a40_FUN_100a7a40
0x100a7a50,FUN_100a7a50,84,33,1,100a7a50_FUN_100a7a50
0x100a7ab8,FUN_100a7ab8,96,39,1,100a7ab8_FUN_100a7ab8
0x100a7b2c,FUN_100a7b2c,432,168,1,100a7b2c_FUN_100a7b2c
0x100a7d20,FUN_100a7d20,88,36,1,100a7d20_FUN_100a7d20
0x100a7d8c,FUN_100a7d8c,82,29,1,100a7d8c_FUN_100a7d8c
0x100a7dfc,FUN_100a7dfc,36,15,1,100a7dfc_FUN_100a7dfc
0x100a7e24,FUN_100a7e24,60,25,1,100a7e24_FUN_100a7e24
0x100a7ec4,FUN_100a7ec4,152,59,1,100a7ec4_FUN_100a7ec4
0x100a8180,FUN_100a8180,662,228,1,100a8180_FUN_100a8180
0x100a8428,FUN_100a8428,144,53,1,100a8428_FUN_100a8428
0x100a84e0,FUN_100a84e0,80,33,1,100a84e0_FUN_100a84e0
0x100a8558,FUN_100a8558,36,14,1,100a8558_FUN_100a8558
0x100a8588,FUN_100a8588,48,20,1,100a8588_FUN_100a8588
0x100a8628,FUN_100a8628,84,35,1,100a8628_FUN_100a8628
0x100a869c,FUN_100a869c,84,35,1,100a869c_FUN_100a869c
0x100a8710,FUN_100a8710,30,12,1,100a8710_FUN_100a8710
0x100a873c,FUN_100a873c,154,60,1,100a873c_FUN_100a873c
0x100a87e4,FUN_100a87e4,108,44,1,100a87e4_FUN_100a87e4
0x100a8874,FUN_100a8874,876,341,1,100a8874_FUN_100a8874
0x100a8cd4,FUN_100a8cd4,22,9,1,100a8cd4_FUN_100a8cd4
0x100a8cf8,FUN_100a8cf8,22,9,1,100a8cf8_FUN_100a8cf8
0x100a8d1c,FUN_100a8d1c,196,81,1,100a8d1c_FUN_100a8d1c
0x100a8e00,FUN_100a8e00,382,142,1,100a8e00_FUN_100a8e00
0x100a8fb0,FUN_100a8fb0,330,123,1,100a8fb0_FUN_100a8fb0
0x100a9130,FUN_100a9130,232,90,1,100a9130_FUN_100a9130
0x100a9234,FUN_100a9234,82,31,1,100a9234_FUN_100a9234
0x100a9298,FUN_100a9298,56,24,1,100a9298_FUN_100a9298
0x100a92d4,FUN_100a92d4,12,5,1,100a92d4_FUN_100a92d4
0x100a92e4,FUN_100a92e4,12,5,1,100a92e4_FUN_100a92e4
0x100a92f4,FUN_100a92f4,28,14,1,100a92f4_FUN_100a92f4
0x100a9314,FUN_100a9314,6,2,1,100a9314_FUN_100a9314
0x100a9348,FUN_100a9348,70,29,1,100a9348_FUN_100a9348
0x100a9394,FUN_100a9394,70,29,1,100a9394_FUN_100a9394
0x100a94c4,FUN_100a94c4,142,53,1,100a94c4_FUN_100a94c4
0x100a955c,FUN_100a955c,154,58,1,100a955c_FUN_100a955c
0x100a9600,FUN_100a9600,164,63,1,100a9600_FUN_100a9600
0x100a96ac,FUN_100a96ac,444,183,1,100a96ac_FUN_100a96ac
0x100a98c4,FUN_100a98c4,198,82,1,100a98c4_FUN_100a98c4
0x100a99c4,FUN_100a99c4,170,66,1,100a99c4_FUN_100a99c4
0x100a9a7c,FUN_100a9a7c,6,3,1,100a9a7c_FUN_100a9a7c
0x100a9a88,FUN_100a9a88,6,3,1,100a9a88_FUN_100a9a88
0x100a9ab8,FUN_100a9ab8,70,25,1,100a9ab8_FUN_100a9ab8
0x100a9b0c,FUN_100a9b0c,176,67,1,100a9b0c_FUN_100a9b0c
0x100a9bcc,FUN_100a9bcc,46,20,1,100a9bcc_FUN_100a9bcc
0x100a9c00,FUN_100a9c00,44,20,1,100a9c00_FUN_100a9c00
0x100a9c30,FUN_100a9c30,44,20,1,100a9c30_FUN_100a9c30
0x100a9c60,FUN_100a9c60,44,20,1,100a9c60_FUN_100a9c60
0x100a9c90,FUN_100a9c90,44,20,1,100a9c90_FUN_100a9c90
0x100a9cc0,FUN_100a9cc0,58,25,1,100a9cc0_FUN_100a9cc0
0x100a9d10,FUN_100a9d10,154,64,1,100a9d10_FUN_100a9d10
0x100a9e80,FUN_100a9e80,20,9,1,100a9e80_FUN_100a9e80
0x100aa1fc,FUN_100aa1fc,222,75,1,100aa1fc_FUN_100aa1fc
0x100aa490,FUN_100aa490,714,286,1,100aa490_FUN_100aa490
0x100aaee4,FUN_100aaee4,66,26,1,100aaee4_FUN_100aaee4
0x100ae620,FUN_100ae620,166,71,1,100ae620_FUN_100ae620
0x100ae7a4,FUN_100ae7a4,64,27,1,100ae7a4_FUN_100ae7a4
0x100ae7e8,FUN_100ae7e8,40,16,1,100ae7e8_FUN_100ae7e8
0x100aed60,FUN_100aed60,20,8,1,100aed60_FUN_100aed60
0x100aed84,FUN_100aed84,220,87,1,100aed84_FUN_100aed84
0x100aee78,FUN_100aee78,198,80,1,100aee78_FUN_100aee78
0x100aef54,FUN_100aef54,252,99,1,100aef54_FUN_100aef54
0x100af490,FUN_100af490,56,22,1,100af490_FUN_100af490
0x100af4e0,FUN_100af4e0,48,20,1,100af4e0_FUN_100af4e0
0x100af514,FUN_100af514,184,64,1,100af514_FUN_100af514
0x100af5dc,FUN_100af5dc,330,133,1,100af5dc_FUN_100af5dc
0x100af72c,FUN_100af72c,330,135,1,100af72c_FUN_100af72c
0x100af87c,FUN_100af87c,322,129,1,100af87c_FUN_100af87c
0x100afe10,FUN_100afe10,1442,497,1,100afe10_FUN_100afe10
0x100b05d8,FUN_100b05d8,48,18,1,100b05d8_FUN_100b05d8
0x100b0614,FUN_100b0614,238,84,1,100b0614_FUN_100b0614
0x100b07e4,FUN_100b07e4,76,29,1,100b07e4_FUN_100b07e4
0x100b0840,FUN_100b0840,76,29,1,100b0840_FUN_100b0840
0x100b0db8,FUN_100b0db8,52,19,1,100b0db8_FUN_100b0db8
0x100b0df0,FUN_100b0df0,66,26,1,100b0df0_FUN_100b0df0
0x100b165c,FUN_100b165c,170,63,1,100b165c_FUN_100b165c
0x100b1840,FUN_100b1840,440,157,1,100b1840_FUN_100b1840
0x100b2004,FUN_100b2004,86,33,1,100b2004_FUN_100b2004
0x100b2064,FUN_100b2064,184,77,1,100b2064_FUN_100b2064
0x100b2134,FUN_100b2134,16,7,1,100b2134_FUN_100b2134
0x100b2148,FUN_100b2148,50,20,1,100b2148_FUN_100b2148
0x100b218c,FUN_100b218c,66,25,1,100b218c_FUN_100b218c
0x100b21e0,FUN_100b21e0,210,85,1,100b21e0_FUN_100b21e0
0x100b22c8,FUN_100b22c8,160,61,1,100b22c8_FUN_100b22c8
0x100b23f8,FUN_100b23f8,54,19,1,100b23f8_FUN_100b23f8
0x100b243c,FUN_100b243c,178,65,1,100b243c_FUN_100b243c
0x100b2514,FUN_100b2514,226,86,1,100b2514_FUN_100b2514
0x100b260c,FUN_100b260c,294,115,1,100b260c_FUN_100b260c
0x100b2c18,FUN_100b2c18,66,25,1,100b2c18_FUN_100b2c18
0x100b2c6c,FUN_100b2c6c,84,30,1,100b2c6c_FUN_100b2c6c
0x100b2ccc,FUN_100b2ccc,126,44,1,100b2ccc_FUN_100b2ccc
0x100b2d5c,FUN_100b2d5c,66,26,1,100b2d5c_FUN_100b2d5c
0x100b2db0,FUN_100b2db0,70,26,1,100b2db0_FUN_100b2db0
0x100b327c,FUN_100b327c,316,109,1,100b327c_FUN_100b327c
0x100b33cc,FUN_100b33cc,52,19,1,100b33cc_FUN_100b33cc
0x100b3b7c,FUN_100b3b7c,214,80,1,100b3b7c_FUN_100b3b7c
0x100b3c64,FUN_100b3c64,528,201,1,100b3c64_FUN_100b3c64
0x100b413c,FUN_100b413c,74,31,1,100b413c_FUN_100b413c
0x100b418c,FUN_100b418c,384,134,1,100b418c_FUN_100b418c
0x100b4494,FUN_100b4494,424,148,1,100b4494_FUN_100b4494
0x100b4740,FUN_100b4740,76,32,1,100b4740_FUN_100b4740
0x100b4808,FUN_100b4808,70,28,1,100b4808_FUN_100b4808
0x100b4860,FUN_100b4860,98,36,1,100b4860_FUN_100b4860
0x100b4a50,FUN_100b4a50,54,23,1,100b4a50_FUN_100b4a50
0x100b4a9c,FUN_100b4a9c,66,29,1,100b4a9c_FUN_100b4a9c
0x100b4dac,FUN_100b4dac,152,64,1,100b4dac_FUN_100b4dac
0x100b4e60,FUN_100b4e60,82,32,1,100b4e60_FUN_100b4e60
0x100b5088,FUN_100b5088,110,48,1,100b5088_FUN_100b5088
0x100b51d8,FUN_100b51d8,244,99,1,100b51d8_FUN_100b51d8
0x100b5300,FUN_100b5300,214,81,1,100b5300_FUN_100b5300
0x100b5400,FUN_100b5400,240,95,1,100b5400_FUN_100b5400
0x100b551c,FUN_100b551c,78,35,1,100b551c_FUN_100b551c
0x100b55f4,FUN_100b55f4,190,82,1,100b55f4_FUN_100b55f4
0x100b5798,FUN_100b5798,72,28,1,100b5798_FUN_100b5798
0x100b5864,FUN_100b5864,94,36,1,100b5864_FUN_100b5864
0x100b58dc,FUN_100b58dc,162,59,1,100b58dc_FUN_100b58dc
0x100b59a4,FUN_100b59a4,142,56,1,100b59a4_FUN_100b59a4
0x100b5e34,FUN_100b5e34,196,80,1,100b5e34_FUN_100b5e34
0x100b6138,FUN_100b6138,240,84,1,100b6138_FUN_100b6138
0x100b62a4,FUN_100b62a4,52,20,1,100b62a4_FUN_100b62a4
0x100b62ec,FUN_100b62ec,66,28,1,100b62ec_FUN_100b62ec
0x100b63f0,FUN_100b63f0,128,52,1,100b63f0_FUN_100b63f0
0x100b6474,FUN_100b6474,116,45,1,100b6474_FUN_100b6474
0x100b64fc,FUN_100b64fc,144,61,1,100b64fc_FUN_100b64fc
0x100b65a8,FUN_100b65a8,54,22,1,100b65a8_FUN_100b65a8
0x100b65f0,FUN_100b65f0,34,15,1,100b65f0_FUN_100b65f0
0x100b6620,FUN_100b6620,56,25,1,100b6620_FUN_100b6620
0x100b6664,FUN_100b6664,648,252,1,100b6664_FUN_100b6664
0x100b6724,FUN_100b6724,544,207,1,100b6724_FUN_100b6724
0x100b7d54,FUN_100b7d54,84,36,1,100b7d54_FUN_100b7d54
0x100b7dc4,FUN_100b7dc4,32,13,1,100b7dc4_FUN_100b7dc4
0x100b7df8,FUN_100b7df8,252,102,1,100b7df8_FUN_100b7df8
0x100b80dc,FUN_100b80dc,56,25,1,100b80dc_FUN_100b80dc
0x100b8194,FUN_100b8194,224,84,1,100b8194_FUN_100b8194
0x100b8290,FUN_100b8290,60,25,1,100b8290_FUN_100b8290
0x100b82d8,FUN_100b82d8,74,31,1,100b82d8_FUN_100b82d8
0x100b8330,FUN_100b8330,74,31,1,100b8330_FUN_100b8330
0x100b87b8,FUN_100b87b8,42,17,1,100b87b8_FUN_100b87b8
0x100b8838,FUN_100b8838,42,17,1,100b8838_FUN_100b8838
0x100b88c4,FUN_100b88c4,206,76,1,100b88c4_FUN_100b88c4
0x100b8fe0,FUN_100b8fe0,60,25,1,100b8fe0_FUN_100b8fe0
0x100b9030,FUN_100b9030,74,28,1,100b9030_FUN_100b9030
0x100b9094,FUN_100b9094,98,36,1,100b9094_FUN_100b9094
0x100b9108,FUN_100b9108,68,25,1,100b9108_FUN_100b9108
0x100b9224,FUN_100b9224,74,27,1,100b9224_FUN_100b9224
0x100b9284,FUN_100b9284,20,8,1,100b9284_FUN_100b9284
0x100b92a8,FUN_100b92a8,10,5,1,100b92a8_FUN_100b92a8
0x100b92b8,FUN_100b92b8,22,11,1,100b92b8_FUN_100b92b8
0x100b92d4,FUN_100b92d4,24,9,1,100b92d4_FUN_100b92d4
0x100b92f0,FUN_100b92f0,18,9,1,100b92f0_FUN_100b92f0
0x100b9308,FUN_100b9308,18,9,1,100b9308_FUN_100b9308
0x100b9320,FUN_100b9320,20,9,1,100b9320_FUN_100b9320
0x100b9338,FUN_100b9338,68,31,1,100b9338_FUN_100b9338
0x100b9380,FUN_100b9380,54,21,1,100b9380_FUN_100b9380
0x100b93bc,FUN_100b93bc,22,11,1,100b93bc_FUN_100b93bc
0x100b93d8,FUN_100b93d8,8,4,1,100b93d8_FUN_100b93d8
0x100b93e4,FUN_100b93e4,36,17,1,100b93e4_FUN_100b93e4
0x100b940c,FUN_100b940c,38,18,1,100b940c_FUN_100b940c
0x100b9438,FUN_100b9438,14,6,1,100b9438_FUN_100b9438
0x100b944c,FUN_100b944c,322,129,1,100b944c_FUN_100b944c
0x100b9590,FUN_100b9590,86,35,1,100b9590_FUN_100b9590
0x100b95ec,FUN_100b95ec,216,85,1,100b95ec_FUN_100b95ec
0x100b96d4,FUN_100b96d4,404,155,1,100b96d4_FUN_100b96d4
0x100b9870,FUN_100b9870,34,14,1,100b9870_FUN_100b9870
0x100b989c,FUN_100b989c,44,19,1,100b989c_FUN_100b989c
0x100b98d0,FUN_100b98d0,102,41,1,100b98d0_FUN_100b98d0
0x100b993c,FUN_100b993c,32,14,1,100b993c_FUN_100b993c
0x100b9960,FUN_100b9960,36,16,1,100b9960_FUN_100b9960
0x100b9988,FUN_100b9988,50,20,1,100b9988_FUN_100b9988
0x100b99c0,FUN_100b99c0,110,43,1,100b99c0_FUN_100b99c0
0x100b9a34,FUN_100b9a34,170,60,1,100b9a34_FUN_100b9a34
0x100b9ae4,FUN_100b9ae4,188,65,1,100b9ae4_FUN_100b9ae4
0x100b9ba4,FUN_100b9ba4,282,97,1,100b9ba4_FUN_100b9ba4
0x100b9cc4,FUN_100b9cc4,88,33,1,100b9cc4_FUN_100b9cc4
0x100b9d20,FUN_100b9d20,8,3,1,100b9d20_FUN_100b9d20
0x100b9d28,FUN_100b9d28,104,43,1,100b9d28_FUN_100b9d28
0x100b9d90,FUN_100b9d90,90,35,1,100b9d90_FUN_100b9d90
0x100b9e04,FUN_100b9e04,12,5,1,100b9e04_FUN_100b9e04
0x100b9ec4,FUN_100b9ec4,100,42,1,100b9ec4_FUN_100b9ec4
0x100b9f30,FUN_100b9f30,14,6,1,100b9f30_FUN_100b9f30
0x100b9f44,FUN_100b9f44,48,20,1,100b9f44_FUN_100b9f44
0x100b9f78,FUN_100b9f78,68,28,1,100b9f78_FUN_100b9f78
0x100b9fd4,FUN_100b9fd4,38,12,1,100b9fd4_FUN_100b9fd4
0x100ba004,FUN_100ba004,64,27,1,100ba004_FUN_100ba004
0x100ba05c,FUN_100ba05c,50,22,1,100ba05c_FUN_100ba05c
0x100ba094,FUN_100ba094,10,4,1,100ba094_FUN_100ba094
0x100ba0a4,FUN_100ba0a4,126,46,1,100ba0a4_FUN_100ba0a4
0x100ba138,FUN_100ba138,432,147,1,100ba138_FUN_100ba138
0x100ba310,FUN_100ba310,6,3,1,100ba310_FUN_100ba310
0x100ba31c,FUN_100ba31c,10,4,1,100ba31c_FUN_100ba31c
0x100ba32c,FUN_100ba32c,122,52,1,100ba32c_FUN_100ba32c
0x100ba3ac,FUN_100ba3ac,88,36,1,100ba3ac_FUN_100ba3ac
0x100ba830,FUN_100ba830,42,17,1,100ba830_FUN_100ba830
0x100ba860,FUN_100ba860,88,35,1,100ba860_FUN_100ba860
0x100ba874,FUN_100ba874,82,32,1,100ba874_FUN_100ba874
0x100ba888,FUN_100ba888,618,228,1,100ba888_FUN_100ba888
0x100bab48,FUN_100bab48,660,230,1,100bab48_FUN_100bab48
0x100bae78,FUN_100bae78,246,86,1,100bae78_FUN_100bae78
0x100baf8c,FUN_100baf8c,146,49,1,100baf8c_FUN_100baf8c
0x100bb038,FUN_100bb038,150,55,1,100bb038_FUN_100bb038
0x100bb168,FUN_100bb168,12,6,1,100bb168_FUN_100bb168
0x100bb178,FUN_100bb178,12,6,1,100bb178_FUN_100bb178
0x100bb188,FUN_100bb188,4,2,1,100bb188_FUN_100bb188
0x100bb190,FUN_100bb190,4,2,1,100bb190_FUN_100bb190
0x100bb198,FUN_100bb198,120,48,1,100bb198_FUN_100bb198
0x100bb218,FUN_100bb218,128,49,1,100bb218_FUN_100bb218
0x100bb29c,FUN_100bb29c,492,181,1,100bb29c_FUN_100bb29c
0x100bb4c0,FUN_100bb4c0,166,65,1,100bb4c0_FUN_100bb4c0
0x100bb580,FUN_100bb580,6,2,1,100bb580_FUN_100bb580
0x100bb58c,FUN_100bb58c,132,49,1,100bb58c_FUN_100bb58c
0x100bb7bc,FUN_100bb7bc,46,17,1,100bb7bc_FUN_100bb7bc
0x100bb874,FUN_100bb874,450,162,1,100bb874_FUN_100bb874
0x100bba48,FUN_100bba48,194,73,1,100bba48_FUN_100bba48
0x100bbb1c,FUN_100bbb1c,192,76,1,100bbb1c_FUN_100bbb1c
0x100bbbfc,FUN_100bbbfc,58,22,1,100bbbfc_FUN_100bbbfc
0x100bbc50,FUN_100bbc50,58,23,1,100bbc50_FUN_100bbc50
0x100bbca4,FUN_100bbca4,46,17,1,100bbca4_FUN_100bbca4
0x100bbce4,FUN_100bbce4,98,40,1,100bbce4_FUN_100bbce4
0x100bbd70,FUN_100bbd70,10,3,1,100bbd70_FUN_100bbd70
0x100bbd80,FUN_100bbd80,6,2,1,100bbd80_FUN_100bbd80
0x100bbd8c,FUN_100bbd8c,114,45,1,100bbd8c_FUN_100bbd8c
0x100bbe14,FUN_100bbe14,14,6,1,100bbe14_FUN_100bbe14
0x100bc03c,FUN_100bc03c,74,28,1,100bc03c_FUN_100bc03c
0x100bc130,FUN_100bc130,56,24,1,100bc130_FUN_100bc130
0x100bc270,FUN_100bc270,502,192,1,100bc270_FUN_100bc270
0x100bc4b0,FUN_100bc4b0,16,6,1,100bc4b0_FUN_100bc4b0
0x100bc4bc,FUN_100bc4bc,102,40,1,100bc4bc_FUN_100bc4bc
0x100bc52c,FUN_100bc52c,46,19,1,100bc52c_FUN_100bc52c
0x100bc57c,FUN_100bc57c,16,6,1,100bc57c_FUN_100bc57c
0x100bc588,FUN_100bc588,34,14,1,100bc588_FUN_100bc588
0x100bc5b0,FUN_100bc5b0,80,31,1,100bc5b0_FUN_100bc5b0
0x100bc604,FUN_100bc604,50,20,1,100bc604_FUN_100bc604
0x100bc840,FUN_100bc840,38,15,1,100bc840_FUN_100bc840
0x100bc870,FUN_100bc870,122,47,1,100bc870_FUN_100bc870
0x100bc900,FUN_100bc900,52,22,1,100bc900_FUN_100bc900
0x100bc94c,FUN_100bc94c,218,86,1,100bc94c_FUN_100bc94c
0x100bcac4,FUN_100bcac4,40,16,1,100bcac4_FUN_100bcac4
0x100bcaf4,FUN_100bcaf4,94,34,1,100bcaf4_FUN_100bcaf4
0x100bcb60,FUN_100bcb60,26,12,1,100bcb60_FUN_100bcb60
0x100bcb88,FUN_100bcb88,88,37,1,100bcb88_FUN_100bcb88
0x100bcbf8,FUN_100bcbf8,46,19,1,100bcbf8_FUN_100bcbf8
0x100bd78c,FUN_100bd78c,16,6,1,100bd78c_FUN_100bd78c
0x100bd820,FUN_100bd820,38,18,1,100bd820_FUN_100bd820
0x100bd858,FUN_100bd858,8,4,1,100bd858_FUN_100bd858
0x100bd864,FUN_100bd864,94,39,1,100bd864_FUN_100bd864
0x100bd9c0,FUN_100bd9c0,186,69,1,100bd9c0_FUN_100bd9c0
0x100bda98,FUN_100bda98,16,6,1,100bda98_FUN_100bda98
0x100bdaa4,FUN_100bdaa4,30,14,1,100bdaa4_FUN_100bdaa4
0x100bdac8,FUN_100bdac8,32,13,1,100bdac8_FUN_100bdac8
0x100bdaec,FUN_100bdaec,30,14,1,100bdaec_FUN_100bdaec
0x100bdbac,FUN_100bdbac,302,107,1,100bdbac_FUN_100bdbac
0x100bdcf4,FUN_100bdcf4,62,26,1,100bdcf4_FUN_100bdcf4
0x100bdd78,FUN_100bdd78,12,5,1,100bdd78_FUN_100bdd78
0x100be0cc,FUN_100be0cc,232,88,1,100be0cc_FUN_100be0cc
0x100be204,FUN_100be204,92,36,1,100be204_FUN_100be204
0x100be278,FUN_100be278,64,27,1,100be278_FUN_100be278
0x100be2c4,FUN_100be2c4,82,35,1,100be2c4_FUN_100be2c4
0x100be32c,FUN_100be32c,70,29,1,100be32c_FUN_100be32c
0x100be38c,FUN_100be38c,18,7,1,100be38c_FUN_100be38c
0x100be3a4,FUN_100be3a4,284,106,1,100be3a4_FUN_100be3a4
0x100be7e0,FUN_100be7e0,18,7,1,100be7e0_FUN_100be7e0
0x100be7f8,FUN_100be7f8,202,86,1,100be7f8_FUN_100be7f8
0x100be904,FUN_100be904,398,153,1,100be904_FUN_100be904
0x100beba0,FUN_100beba0,78,32,1,100beba0_FUN_100beba0
0x100bed38,FUN_100bed38,40,16,1,100bed38_FUN_100bed38
0x100bed9c,FUN_100bed9c,6,3,1,100bed9c_FUN_100bed9c
0x100beda8,FUN_100beda8,18,7,1,100beda8_FUN_100beda8
0x100bedc0,FUN_100bedc0,92,35,1,100bedc0_FUN_100bedc0
0x100bee34,FUN_100bee34,100,37,1,100bee34_FUN_100bee34
0x100beebc,FUN_100beebc,54,20,1,100beebc_FUN_100beebc
0x100bf184,FUN_100bf184,234,83,1,100bf184_FUN_100bf184
0x100bf278,FUN_100bf278,28,10,1,100bf278_FUN_100bf278
0x100bf298,FUN_100bf298,78,28,1,100bf298_FUN_100bf298
0x100bf2b8,FUN_100bf2b8,134,49,1,100bf2b8_FUN_100bf2b8
0x100bf360,FUN_100bf360,114,41,1,100bf360_FUN_100bf360
0x100bf3ec,FUN_100bf3ec,114,45,1,100bf3ec_FUN_100bf3ec
0x100bf488,FUN_100bf488,28,14,1,100bf488_FUN_100bf488
0x100bf548,FUN_100bf548,14,6,1,100bf548_FUN_100bf548
0x100bf554,FUN_100bf554,12,6,1,100bf554_FUN_100bf554
0x100bf62c,FUN_100bf62c,10,5,1,100bf62c_FUN_100bf62c
0x100bf6e4,FUN_100bf6e4,76,33,1,100bf6e4_FUN_100bf6e4
0x100bf7d0,FUN_100bf7d0,60,24,1,100bf7d0_FUN_100bf7d0
0x100bf814,FUN_100bf814,154,56,1,100bf814_FUN_100bf814
0x100bf958,FUN_100bf958,214,77,1,100bf958_FUN_100bf958
0x100bfa44,FUN_100bfa44,152,61,1,100bfa44_FUN_100bfa44
0x100bfb8c,FUN_100bfb8c,394,156,1,100bfb8c_FUN_100bfb8c
0x100bfd64,FUN_100bfd64,8,3,1,100bfd64_FUN_100bfd64
0x100c03b0,FUN_100c03b0,136,51,1,100c03b0_FUN_100c03b0
0x100c0454,FUN_100c0454,20,9,1,100c0454_FUN_100c0454
0x100c0470,FUN_100c0470,82,31,1,100c0470_FUN_100c0470
0x100c050c,FUN_100c050c,92,42,1,100c050c_FUN_100c050c
0x100c0584,FUN_100c0584,90,35,1,100c0584_FUN_100c0584
0x100c05f0,FUN_100c05f0,90,35,1,100c05f0_FUN_100c05f0
0x100c065c,FUN_100c065c,158,63,1,100c065c_FUN_100c065c
0x100c0718,FUN_100c0718,166,65,1,100c0718_FUN_100c0718
0x100c0864,FUN_100c0864,74,29,1,100c0864_FUN_100c0864
0x100c0924,FUN_100c0924,124,50,1,100c0924_FUN_100c0924
0x100c09bc,FUN_100c09bc,132,53,1,100c09bc_FUN_100c09bc
0x100c0a60,FUN_100c0a60,104,39,1,100c0a60_FUN_100c0a60
0x100c0adc,FUN_100c0adc,58,23,1,100c0adc_FUN_100c0adc
0x100c1068,FUN_100c1068,44,17,1,100c1068_FUN_100c1068
0x100c1098,FUN_100c1098,38,16,1,100c1098_FUN_100c1098
0x100c1320,FUN_100c1320,92,30,1,100c1320_FUN_100c1320
0x100c1380,FUN_100c1380,58,21,1,100c1380_FUN_100c1380
0x100c1418,FUN_100c1418,42,16,1,100c1418_FUN_100c1418
0x100c1460,FUN_100c1460,14,6,1,100c1460_FUN_100c1460
0x100c1488,FUN_100c1488,164,62,1,100c1488_FUN_100c1488
0x100c164c,FUN_100c164c,726,279,1,100c164c_FUN_100c164c
0x100c195c,FUN_100c195c,10,4,1,100c195c_FUN_100c195c
0x100c196c,FUN_100c196c,22,10,1,100c196c_FUN_100c196c
0x100c198c,FUN_100c198c,70,31,1,100c198c_FUN_100c198c
0x100c19e4,FUN_100c19e4,342,133,1,100c19e4_FUN_100c19e4
0x100c1b58,FUN_100c1b58,96,36,1,100c1b58_FUN_100c1b58
0x100c1bc4,FUN_100c1bc4,76,30,1,100c1bc4_FUN_100c1bc4
0x100c1c20,FUN_100c1c20,96,37,1,100c1c20_FUN_100c1c20
0x100c1c90,FUN_100c1c90,124,51,1,100c1c90_FUN_100c1c90
0x100c1d1c,FUN_100c1d1c,44,18,1,100c1d1c_FUN_100c1d1c
0x100c1d54,FUN_100c1d54,44,18,1,100c1d54_FUN_100c1d54
0x100c1d8c,FUN_100c1d8c,84,33,1,100c1d8c_FUN_100c1d8c
0x100c1df0,FUN_100c1df0,64,24,1,100c1df0_FUN_100c1df0
0x100c1e3c,FUN_100c1e3c,124,49,1,100c1e3c_FUN_100c1e3c
0x100c1ecc,FUN_100c1ecc,54,23,1,100c1ecc_FUN_100c1ecc
0x100c1f10,FUN_100c1f10,58,25,1,100c1f10_FUN_100c1f10
0x100c1f58,FUN_100c1f58,54,23,1,100c1f58_FUN_100c1f58
0x100c1f9c,FUN_100c1f9c,58,25,1,100c1f9c_FUN_100c1f9c
0x100c1fe4,FUN_100c1fe4,78,32,1,100c1fe4_FUN_100c1fe4
0x100c2044,FUN_100c2044,122,50,1,100c2044_FUN_100c2044
0x100c2210,FUN_100c2210,88,29,1,100c2210_FUN_100c2210
0x100c2338,FUN_100c2338,10,4,1,100c2338_FUN_100c2338
0x100c3008,FUN_100c3008,6,2,1,100c3008_FUN_100c3008
0x100c3014,FUN_100c3014,10,4,1,100c3014_FUN_100c3014
0x100c3fac,FUN_100c3fac,194,78,1,100c3fac_FUN_100c3fac
0x100c41c4,FUN_100c41c4,50,20,1,100c41c4_FUN_100c41c4
0x100c41fc,FUN_100c41fc,236,97,1,100c41fc_FUN_100c41fc
0x100c43c8,FUN_100c43c8,42,21,1,100c43c8_FUN_100c43c8
0x100c4cc8,FUN_100c4cc8,130,61,1,100c4cc8_FUN_100c4cc8
0x100c4d50,FUN_100c4d50,98,38,1,100c4d50_FUN_100c4d50
0x100c4dc0,FUN_100c4dc0,80,34,1,100c4dc0_FUN_100c4dc0
0x100c4e24,FUN_100c4e24,134,55,1,100c4e24_FUN_100c4e24
0x100c4f1c,FUN_100c4f1c,140,52,1,100c4f1c_FUN_100c4f1c
0x100c4f64,FUN_100c4f64,74,31,1,100c4f64_FUN_100c4f64
0x100c5170,FUN_100c5170,130,56,1,100c5170_FUN_100c5170
0x100c51f8,FUN_100c51f8,112,43,1,100c51f8_FUN_100c51f8
0x100c5858,FUN_100c5858,116,48,1,100c5858_FUN_100c5858
0x100c5c18,FUN_100c5c18,164,62,1,100c5c18_FUN_100c5c18
0x100c5d4c,FUN_100c5d4c,198,74,1,100c5d4c_FUN_100c5d4c
0x100c5e48,FUN_100c5e48,402,151,1,100c5e48_FUN_100c5e48
0x100c60a0,FUN_100c60a0,84,33,1,100c60a0_FUN_100c60a0
0x100c60f8,FUN_100c60f8,110,43,1,100c60f8_FUN_100c60f8
0x100c66d8,FUN_100c66d8,218,83,1,100c66d8_FUN_100c66d8
0x100c67c8,FUN_100c67c8,228,85,1,100c67c8_FUN_100c67c8
0x100c68b0,FUN_100c68b0,130,48,1,100c68b0_FUN_100c68b0
0x100c6a30,FUN_100c6a30,204,77,1,100c6a30_FUN_100c6a30
0x100c6b04,FUN_100c6b04,14,6,1,100c6b04_FUN_100c6b04
0x100c6b18,FUN_100c6b18,22,8,1,100c6b18_FUN_100c6b18
0x100c6d68,FUN_100c6d68,120,46,1,100c6d68_FUN_100c6d68
0x100c6e08,FUN_100c6e08,74,28,1,100c6e08_FUN_100c6e08
0x100c6e58,FUN_100c6e58,12,6,1,100c6e58_FUN_100c6e58
0x100c7054,FUN_100c7054,424,157,1,100c7054_FUN_100c7054
0x100c71c4,FUN_100c71c4,294,112,1,100c71c4_FUN_100c71c4
0x100c7518,FUN_100c7518,64,27,1,100c7518_FUN_100c7518
0x100c756c,FUN_100c756c,112,44,1,100c756c_FUN_100c756c
0x100c7e3c,FUN_100c7e3c,144,52,1,100c7e3c_FUN_100c7e3c
0x100c7f60,FUN_100c7f60,36,14,1,100c7f60_FUN_100c7f60
0x100c8050,FUN_100c8050,4,2,1,100c8050_FUN_100c8050
0x100c8098,FUN_100c8098,4,2,1,100c8098_FUN_100c8098
0x100c80a0,FUN_100c80a0,28,12,1,100c80a0_FUN_100c80a0
0x100c82b0,FUN_100c82b0,560,210,1,100c82b0_FUN_100c82b0
0x100c84fc,FUN_100c84fc,24,10,1,100c84fc_FUN_100c84fc
0x100c8518,FUN_100c8518,170,63,1,100c8518_FUN_100c8518
0x100c85d4,FUN_100c85d4,30,13,1,100c85d4_FUN_100c85d4
0x100c85f8,FUN_100c85f8,32,10,1,100c85f8_FUN_100c85f8
0x100c8a18,FUN_100c8a18,20,8,1,100c8a18_FUN_100c8a18
0x100c8a34,FUN_100c8a34,126,49,1,100c8a34_FUN_100c8a34
0x100c8b4c,FUN_100c8b4c,58,23,1,100c8b4c_FUN_100c8b4c
0x100c8b90,FUN_100c8b90,94,36,1,100c8b90_FUN_100c8b90
0x100c8bf8,FUN_100c8bf8,72,27,1,100c8bf8_FUN_100c8bf8
0x100c8c48,FUN_100c8c48,16,7,1,100c8c48_FUN_100c8c48
0x100c8c5c,FUN_100c8c5c,24,11,1,100c8c5c_FUN_100c8c5c
0x100c97e4,FUN_100c97e4,36,16,1,100c97e4_FUN_100c97e4
0x100c9820,FUN_100c9820,104,39,1,100c9820_FUN_100c9820
0x100c98d4,FUN_100c98d4,36,15,1,100c98d4_FUN_100c98d4
0x100c9900,FUN_100c9900,26,10,1,100c9900_FUN_100c9900
0x100c9924,FUN_100c9924,46,20,1,100c9924_FUN_100c9924
0x100c9960,FUN_100c9960,36,15,1,100c9960_FUN_100c9960
0x100c998c,FUN_100c998c,36,15,1,100c998c_FUN_100c998c
0x100c99e4,FUN_100c99e4,250,105,1,100c99e4_FUN_100c99e4
0x100c99f0,FUN_100c99f0,16,7,1,100c99f0_FUN_100c99f0
0x100c9a08,FUN_100c9a08,6,2,1,100c9a08_FUN_100c9a08
0x100c9a14,FUN_100c9a14,6,2,1,100c9a14_FUN_100c9a14
0x100c9a20,FUN_100c9a20,118,45,1,100c9a20_FUN_100c9a20
0x100c9aac,FUN_100c9aac,80,31,1,100c9aac_FUN_100c9aac
0x100c9b88,FUN_100c9b88,44,18,1,100c9b88_FUN_100c9b88
0x100c9bb8,FUN_100c9bb8,26,13,1,100c9bb8_FUN_100c9bb8
0x100c9c00,FUN_100c9c00,16,6,1,100c9c00_FUN_100c9c00
0x100c9c14,FUN_100c9c14,808,324,1,100c9c14_FUN_100c9c14
0x100c9c68,FUN_100c9c68,30,13,1,100c9c68_FUN_100c9c68
0x100c9d30,FUN_100c9d30,42,16,1,100c9d30_FUN_100c9d30
0x100c9da0,FUN_100c9da0,114,48,1,100c9da0_FUN_100c9da0
0x100c9e14,FUN_100c9e14,10,5,1,100c9e14_FUN_100c9e14
0x100c9e38,FUN_100c9e38,130,48,1,100c9e38_FUN_100c9e38
0x100ca10c,FUN_100ca10c,44,19,1,100ca10c_FUN_100ca10c
0x100ca13c,FUN_100ca13c,110,42,1,100ca13c_FUN_100ca13c
0x100ca1d0,FUN_100ca1d0,84,32,1,100ca1d0_FUN_100ca1d0
0x100ca22c,FUN_100ca22c,82,31,1,100ca22c_FUN_100ca22c
0x100ca288,FUN_100ca288,86,32,1,100ca288_FUN_100ca288
0x100ca324,FUN_100ca324,80,31,1,100ca324_FUN_100ca324
0x100ca37c,FUN_100ca37c,58,24,1,100ca37c_FUN_100ca37c
0x100ca3d4,FUN_100ca3d4,98,39,1,100ca3d4_FUN_100ca3d4
0x100ca440,FUN_100ca440,92,36,1,100ca440_FUN_100ca440
0x100ca5a4,FUN_100ca5a4,102,42,1,100ca5a4_FUN_100ca5a4
0x100ca630,FUN_100ca630,54,25,1,100ca630_FUN_100ca630
0x100ca66c,FUN_100ca66c,50,23,1,100ca66c_FUN_100ca66c
0x100ca700,FUN_100ca700,130,52,1,100ca700_FUN_100ca700
0x100ca9b4,FUN_100ca9b4,234,89,1,100ca9b4_FUN_100ca9b4
0x100cad6c,FUN_100cad6c,332,135,1,100cad6c_FUN_100cad6c
0x100caf1c,FUN_100caf1c,186,72,1,100caf1c_FUN_100caf1c
0x100cafdc,FUN_100cafdc,232,87,1,100cafdc_FUN_100cafdc
0x100cb0c8,FUN_100cb0c8,194,76,1,100cb0c8_FUN_100cb0c8
0x100cb214,FUN_100cb214,42,19,1,100cb214_FUN_100cb214
0x100cb280,FUN_100cb280,152,58,1,100cb280_FUN_100cb280
0x100cb330,FUN_100cb330,42,19,1,100cb330_FUN_100cb330
0x100cb3d8,FUN_100cb3d8,222,89,1,100cb3d8_FUN_100cb3d8
0x100cb4c4,FUN_100cb4c4,60,25,1,100cb4c4_FUN_100cb4c4
0x100cb508,FUN_100cb508,20,9,1,100cb508_FUN_100cb508
0x100cb5a8,FUN_100cb5a8,86,34,1,100cb5a8_FUN_100cb5a8
0x100cb614,FUN_100cb614,142,50,1,100cb614_FUN_100cb614
0x100cb6b4,FUN_100cb6b4,50,17,1,100cb6b4_FUN_100cb6b4
0x100cb748,FUN_100cb748,440,173,1,100cb748_FUN_100cb748
0x100cb924,FUN_100cb924,216,78,1,100cb924_FUN_100cb924
0x100cba10,FUN_100cba10,158,61,1,100cba10_FUN_100cba10
0x100cbacc,FUN_100cbacc,158,64,1,100cbacc_FUN_100cbacc
0x100cbd9c,FUN_100cbd9c,688,269,1,100cbd9c_FUN_100cbd9c
0x100cc614,FUN_100cc614,188,76,1,100cc614_FUN_100cc614
0x100cc6e4,FUN_100cc6e4,78,29,1,100cc6e4_FUN_100cc6e4
0x100cc790,FUN_100cc790,62,27,1,100cc790_FUN_100cc790
0x100cc7d4,FUN_100cc7d4,60,23,1,100cc7d4_FUN_100cc7d4
0x100cc814,FUN_100cc814,62,27,1,100cc814_FUN_100cc814
0x100cc858,FUN_100cc858,56,22,1,100cc858_FUN_100cc858
0x100cc894,FUN_100cc894,90,36,1,100cc894_FUN_100cc894
0x100cca3c,FUN_100cca3c,132,52,1,100cca3c_FUN_100cca3c
0x100ccb58,FUN_100ccb58,94,39,1,100ccb58_FUN_100ccb58
0x100ccbd0,FUN_100ccbd0,82,32,1,100ccbd0_FUN_100ccbd0
0x100ccc60,FUN_100ccc60,68,29,1,100ccc60_FUN_100ccc60
0x100cccc0,FUN_100cccc0,156,59,1,100cccc0_FUN_100cccc0
0x100ccd8c,FUN_100ccd8c,78,30,1,100ccd8c_FUN_100ccd8c
0x100ccef8,FUN_100ccef8,158,63,1,100ccef8_FUN_100ccef8
0x100ccfb0,FUN_100ccfb0,286,110,1,100ccfb0_FUN_100ccfb0
0x100cd0ec,FUN_100cd0ec,232,93,1,100cd0ec_FUN_100cd0ec
0x100cd1e0,FUN_100cd1e0,26,10,1,100cd1e0_FUN_100cd1e0
0x100cd204,FUN_100cd204,88,35,1,100cd204_FUN_100cd204
0x100cd268,FUN_100cd268,130,53,1,100cd268_FUN_100cd268
0x100cd304,FUN_100cd304,370,156,1,100cd304_FUN_100cd304
0x100cd614,FUN_100cd614,508,196,1,100cd614_FUN_100cd614
0x100cd850,FUN_100cd850,292,111,1,100cd850_FUN_100cd850
0x100cdcb0,FUN_100cdcb0,116,45,1,100cdcb0_FUN_100cdcb0
0x100cdd44,FUN_100cdd44,426,167,1,100cdd44_FUN_100cdd44
0x100cdf50,FUN_100cdf50,274,110,1,100cdf50_FUN_100cdf50
0x100ce078,FUN_100ce078,534,204,1,100ce078_FUN_100ce078
0x100ce370,FUN_100ce370,356,133,1,100ce370_FUN_100ce370
0x100ce4e8,FUN_100ce4e8,170,70,1,100ce4e8_FUN_100ce4e8
0x100ce5c0,FUN_100ce5c0,264,115,1,100ce5c0_FUN_100ce5c0
0x100ce6dc,FUN_100ce6dc,210,86,1,100ce6dc_FUN_100ce6dc
0x100ce834,FUN_100ce834,328,131,1,100ce834_FUN_100ce834
0x100ce998,FUN_100ce998,284,112,1,100ce998_FUN_100ce998
0x100ceac8,FUN_100ceac8,176,72,1,100ceac8_FUN_100ceac8
0x100cef94,FUN_100cef94,118,51,1,100cef94_FUN_100cef94
0x100cf028,FUN_100cf028,246,102,1,100cf028_FUN_100cf028
0x100cf134,FUN_100cf134,328,129,1,100cf134_FUN_100cf134
0x100cf5a4,FUN_100cf5a4,196,79,1,100cf5a4_FUN_100cf5a4
0x100cf698,FUN_100cf698,144,53,1,100cf698_FUN_100cf698
0x100cf740,FUN_100cf740,112,47,1,100cf740_FUN_100cf740
0x100cf7d4,FUN_100cf7d4,100,41,1,100cf7d4_FUN_100cf7d4
0x100cf848,FUN_100cf848,170,70,1,100cf848_FUN_100cf848
0x100cfa34,FUN_100cfa34,138,54,1,100cfa34_FUN_100cfa34
0x100cfb10,FUN_100cfb10,60,22,1,100cfb10_FUN_100cfb10
0x100cfd10,FUN_100cfd10,108,43,1,100cfd10_FUN_100cfd10
0x100d01d4,FUN_100d01d4,100,41,1,100d01d4_FUN_100d01d4
0x100d023c,FUN_100d023c,40,18,1,100d023c_FUN_100d023c
0x100d0268,FUN_100d0268,32,13,1,100d0268_FUN_100d0268
0x100d028c,FUN_100d028c,232,90,1,100d028c_FUN_100d028c
0x100d049c,FUN_100d049c,202,80,1,100d049c_FUN_100d049c
0x100d04d8,FUN_100d04d8,208,82,1,100d04d8_FUN_100d04d8
0x100d05b8,FUN_100d05b8,250,94,1,100d05b8_FUN_100d05b8
0x100d06c4,FUN_100d06c4,92,35,1,100d06c4_FUN_100d06c4
0x100d0724,FUN_100d0724,66,33,1,100d0724_FUN_100d0724
0x100d0770,FUN_100d0770,80,30,1,100d0770_FUN_100d0770
0x100d08f0,FUN_100d08f0,80,32,1,100d08f0_FUN_100d08f0
0x100d0950,FUN_100d0950,6,2,1,100d0950_FUN_100d0950
0x100d095c,FUN_100d095c,64,25,1,100d095c_FUN_100d095c
0x100d0a38,FUN_100d0a38,56,20,1,100d0a38_FUN_100d0a38
0x100d0a78,FUN_100d0a78,86,40,1,100d0a78_FUN_100d0a78
0x100d0b48,FUN_100d0b48,40,17,1,100d0b48_FUN_100d0b48
0x100d0b84,FUN_100d0b84,56,22,1,100d0b84_FUN_100d0b84
0x100d0c1c,FUN_100d0c1c,68,26,1,100d0c1c_FUN_100d0c1c
0x100d0c74,FUN_100d0c74,200,77,1,100d0c74_FUN_100d0c74
0x100d0e9c,FUN_100d0e9c,52,19,1,100d0e9c_FUN_100d0e9c
0x100d0ed8,FUN_100d0ed8,242,93,1,100d0ed8_FUN_100d0ed8
0x100d0ff4,FUN_100d0ff4,386,149,1,100d0ff4_FUN_100d0ff4
0x100d11a8,FUN_100d11a8,82,32,1,100d11a8_FUN_100d11a8
0x100d1200,FUN_100d1200,150,59,1,100d1200_FUN_100d1200
0x100d1894,FUN_100d1894,338,135,1,100d1894_FUN_100d1894
0x100d1a1c,FUN_100d1a1c,230,87,1,100d1a1c_FUN_100d1a1c
0x100d1dfc,FUN_100d1dfc,184,71,1,100d1dfc_FUN_100d1dfc
0x100d1ed4,FUN_100d1ed4,124,52,1,100d1ed4_FUN_100d1ed4
0x100d1f58,FUN_100d1f58,52,19,1,100d1f58_FUN_100d1f58
0x100d271c,FUN_100d271c,4,2,1,100d271c_FUN_100d271c
0x100d28bc,FUN_100d28bc,352,133,1,100d28bc_FUN_100d28bc
0x100d2f9c,FUN_100d2f9c,52,19,1,100d2f9c_FUN_100d2f9c
0x100d3218,FUN_100d3218,44,18,1,100d3218_FUN_100d3218
0x100d32ac,FUN_100d32ac,88,35,1,100d32ac_FUN_100d32ac
0x100d3344,FUN_100d3344,8,4,1,100d3344_FUN_100d3344
0x100d3350,FUN_100d3350,6,3,1,100d3350_FUN_100d3350
0x100d335c,FUN_100d335c,86,32,1,100d335c_FUN_100d335c
0x100d380c,FUN_100d380c,40,16,1,100d380c_FUN_100d380c
0x100d3a28,FUN_100d3a28,14,6,1,100d3a28_FUN_100d3a28
0x100d3a3c,FUN_100d3a3c,42,19,1,100d3a3c_FUN_100d3a3c
0x100d3a6c,FUN_100d3a6c,76,30,1,100d3a6c_FUN_100d3a6c
0x100d3ac8,FUN_100d3ac8,78,31,1,100d3ac8_FUN_100d3ac8
0x100d3cc0,FUN_100d3cc0,82,33,1,100d3cc0_FUN_100d3cc0
0x100d3d2c,FUN_100d3d2c,20,9,1,100d3d2c_FUN_100d3d2c
0x100d3d44,FUN_100d3d44,14,7,1,100d3d44_FUN_100d3d44
0x100d3e7c,FUN_100d3e7c,58,24,1,100d3e7c_FUN_100d3e7c
0x100d3ed4,FUN_100d3ed4,56,23,1,100d3ed4_FUN_100d3ed4
0x100d3f20,FUN_100d3f20,134,55,1,100d3f20_FUN_100d3f20
0x100d3fe0,FUN_100d3fe0,14,6,1,100d3fe0_FUN_100d3fe0
0x100d4038,FUN_100d4038,16,8,1,100d4038_FUN_100d4038
0x100d404c,FUN_100d404c,132,53,1,100d404c_FUN_100d404c
0x100d40e4,FUN_100d40e4,258,99,1,100d40e4_FUN_100d40e4
0x100d4440,FUN_100d4440,48,19,1,100d4440_FUN_100d4440
0x100d44a8,FUN_100d44a8,54,21,1,100d44a8_FUN_100d44a8
0x100d44e4,FUN_100d44e4,116,44,1,100d44e4_FUN_100d44e4
0x100d456c,FUN_100d456c,22,11,1,100d456c_FUN_100d456c
0x100d4588,FUN_100d4588,106,42,1,100d4588_FUN_100d4588
0x100d45f8,FUN_100d45f8,50,20,1,100d45f8_FUN_100d45f8
0x100d4630,FUN_100d4630,70,32,1,100d4630_FUN_100d4630
0x100d4684,FUN_100d4684,128,58,1,100d4684_FUN_100d4684
0x100d4718,FUN_100d4718,42,19,1,100d4718_FUN_100d4718
0x100d4748,FUN_100d4748,42,19,1,100d4748_FUN_100d4748
0x100d4778,FUN_100d4778,34,16,1,100d4778_FUN_100d4778
0x100d47a4,FUN_100d47a4,46,21,1,100d47a4_FUN_100d47a4
0x100d47d8,FUN_100d47d8,54,23,1,100d47d8_FUN_100d47d8
0x100d4814,FUN_100d4814,168,57,1,100d4814_FUN_100d4814
0x100d48c0,FUN_100d48c0,60,21,1,100d48c0_FUN_100d48c0
0x100d490c,FUN_100d490c,296,117,1,100d490c_FUN_100d490c
0x100d4a5c,FUN_100d4a5c,50,18,1,100d4a5c_FUN_100d4a5c
0x100d4aa4,FUN_100d4aa4,48,19,1,100d4aa4_FUN_100d4aa4
0x100d4ae8,FUN_100d4ae8,118,46,1,100d4ae8_FUN_100d4ae8
0x100d4b84,FUN_100d4b84,68,25,1,100d4b84_FUN_100d4b84
0x100d4bdc,FUN_100d4bdc,430,153,1,100d4bdc_FUN_100d4bdc
0x100d4dbc,FUN_100d4dbc,50,20,1,100d4dbc_FUN_100d4dbc
0x100d4e04,FUN_100d4e04,66,26,1,100d4e04_FUN_100d4e04
0x100d4e5c,FUN_100d4e5c,84,33,1,100d4e5c_FUN_100d4e5c
0x100d4ec0,FUN_100d4ec0,50,20,1,100d4ec0_FUN_100d4ec0
0x100d4f08,FUN_100d4f08,46,19,1,100d4f08_FUN_100d4f08
0x100d4f4c,FUN_100d4f4c,46,19,1,100d4f4c_FUN_100d4f4c
0x100d4f90,FUN_100d4f90,60,23,1,100d4f90_FUN_100d4f90
0x100d4fe0,FUN_100d4fe0,52,19,1,100d4fe0_FUN_100d4fe0
0x100d5024,FUN_100d5024,118,46,1,100d5024_FUN_100d5024
0x100d50c0,FUN_100d50c0,30,13,1,100d50c0_FUN_100d50c0
0x100d50e4,FUN_100d50e4,30,13,1,100d50e4_FUN_100d50e4
0x100d5108,FUN_100d5108,34,15,1,100d5108_FUN_100d5108
0x100d5130,FUN_100d5130,42,18,1,100d5130_FUN_100d5130
0x100d5170,FUN_100d5170,118,46,1,100d5170_FUN_100d5170
0x100d520c,FUN_100d520c,54,20,1,100d520c_FUN_100d520c
0x100d5258,FUN_100d5258,46,19,1,100d5258_FUN_100d5258
0x100d529c,FUN_100d529c,404,144,1,100d529c_FUN_100d529c
0x100d5460,FUN_100d5460,60,22,1,100d5460_FUN_100d5460
0x100d54ac,FUN_100d54ac,62,22,1,100d54ac_FUN_100d54ac
0x100d54fc,FUN_100d54fc,50,19,1,100d54fc_FUN_100d54fc
0x100d5544,FUN_100d5544,98,40,1,100d5544_FUN_100d5544
0x100d55bc,FUN_100d55bc,50,19,1,100d55bc_FUN_100d55bc
0x100d5604,FUN_100d5604,82,32,1,100d5604_FUN_100d5604
0x100d5674,FUN_100d5674,68,27,1,100d5674_FUN_100d5674
0x100d56d4,FUN_100d56d4,94,35,1,100d56d4_FUN_100d56d4
0x100d5748,FUN_100d5748,92,34,1,100d5748_FUN_100d5748
0x100d57b8,FUN_100d57b8,60,24,1,100d57b8_FUN_100d57b8
0x100d5808,FUN_100d5808,46,19,1,100d5808_FUN_100d5808
0x100d584c,FUN_100d584c,42,18,1,100d584c_FUN_100d584c
0x100d588c,FUN_100d588c,54,22,1,100d588c_FUN_100d588c
0x100d58d8,FUN_100d58d8,54,24,1,100d58d8_FUN_100d58d8
0x100d5928,FUN_100d5928,52,24,1,100d5928_FUN_100d5928
0x100d5974,FUN_100d5974,100,39,1,100d5974_FUN_100d5974
0x100d59f4,FUN_100d59f4,120,43,1,100d59f4_FUN_100d59f4
0x100d5a84,FUN_100d5a84,100,39,1,100d5a84_FUN_100d5a84
0x100d5b04,FUN_100d5b04,148,54,1,100d5b04_FUN_100d5b04
0x100d5bb0,FUN_100d5bb0,312,119,1,100d5bb0_FUN_100d5bb0
0x100d5d18,FUN_100d5d18,120,46,1,100d5d18_FUN_100d5d18
0x100d5dac,FUN_100d5dac,32,14,1,100d5dac_FUN_100d5dac
0x100d5dd0,FUN_100d5dd0,48,18,1,100d5dd0_FUN_100d5dd0
0x100d5e14,FUN_100d5e14,14,6,1,100d5e14_FUN_100d5e14
0x100d5e28,FUN_100d5e28,60,23,1,100d5e28_FUN_100d5e28
0x100d5e78,FUN_100d5e78,52,20,1,100d5e78_FUN_100d5e78
0x100d5f44,FUN_100d5f44,62,23,1,100d5f44_FUN_100d5f44
0x100d5f98,FUN_100d5f98,42,18,1,100d5f98_FUN_100d5f98
0x100d5fd8,FUN_100d5fd8,50,18,1,100d5fd8_FUN_100d5fd8
0x100d6020,FUN_100d6020,48,19,1,100d6020_FUN_100d6020
0x100d6220,FUN_100d6220,30,13,1,100d6220_FUN_100d6220
0x100d6244,FUN_100d6244,30,13,1,100d6244_FUN_100d6244
0x100d6268,FUN_100d6268,96,39,1,100d6268_FUN_100d6268
0x100d62e4,FUN_100d62e4,58,23,1,100d62e4_FUN_100d62e4
0x100d6334,FUN_100d6334,50,20,1,100d6334_FUN_100d6334
0x100d637c,FUN_100d637c,74,31,1,100d637c_FUN_100d637c
0x100d63dc,FUN_100d63dc,14,6,1,100d63dc_FUN_100d63dc
0x100d6414,FUN_100d6414,42,18,1,100d6414_FUN_100d6414
0x100d6454,FUN_100d6454,12,5,1,100d6454_FUN_100d6454
0x100d6468,FUN_100d6468,84,33,1,100d6468_FUN_100d6468
0x100d64c0,FUN_100d64c0,42,17,1,100d64c0_FUN_100d64c0
0x100d6504,FUN_100d6504,356,130,1,100d6504_FUN_100d6504
0x100d6694,FUN_100d6694,132,46,1,100d6694_FUN_100d6694
0x100d6730,FUN_100d6730,132,48,1,100d6730_FUN_100d6730
0x100d67c8,FUN_100d67c8,250,100,1,100d67c8_FUN_100d67c8
0x100d68e8,FUN_100d68e8,80,31,1,100d68e8_FUN_100d68e8
0x100d6950,FUN_100d6950,456,155,1,100d6950_FUN_100d6950
0x100d6b60,FUN_100d6b60,42,19,1,100d6b60_FUN_100d6b60
0x100d6b90,FUN_100d6b90,152,58,1,100d6b90_FUN_100d6b90
0x100d6c3c,FUN_100d6c3c,48,22,1,100d6c3c_FUN_100d6c3c
0x100d6c70,FUN_100d6c70,28,11,1,100d6c70_FUN_100d6c70
0x100d6c90,FUN_100d6c90,332,124,1,100d6c90_FUN_100d6c90
0x100d6dec,FUN_100d6dec,110,40,1,100d6dec_FUN_100d6dec
0x100d7514,FUN_100d7514,38,17,1,100d7514_FUN_100d7514
0x100d7540,FUN_100d7540,80,32,1,100d7540_FUN_100d7540
0x100d8620,FUN_100d8620,122,47,1,100d8620_FUN_100d8620
0x100d86b4,FUN_100d86b4,14,5,1,100d86b4_FUN_100d86b4
0x100d88cc,FUN_100d88cc,764,287,1,100d88cc_FUN_100d88cc
0x100d8bf4,FUN_100d8bf4,110,48,1,100d8bf4_FUN_100d8bf4
0x100d8c84,FUN_100d8c84,16,6,1,100d8c84_FUN_100d8c84
0x100d8c98,FUN_100d8c98,16,6,1,100d8c98_FUN_100d8c98
0x100d9174,FUN_100d9174,40,17,1,100d9174_FUN_100d9174
0x100d9204,FUN_100d9204,24,10,1,100d9204_FUN_100d9204
0x100d9224,FUN_100d9224,112,43,1,100d9224_FUN_100d9224
0x100d92a8,FUN_100d92a8,62,23,1,100d92a8_FUN_100d92a8
0x100d92fc,FUN_100d92fc,66,25,1,100d92fc_FUN_100d92fc
0x100d9350,FUN_100d9350,8,3,1,100d9350_FUN_100d9350
0x100d935c,FUN_100d935c,8,3,1,100d935c_FUN_100d935c
0x100d9368,FUN_100d9368,24,10,1,100d9368_FUN_100d9368
0x100d9388,FUN_100d9388,8,3,1,100d9388_FUN_100d9388
0x100d9394,FUN_100d9394,8,3,1,100d9394_FUN_100d9394
0x100d93a0,FUN_100d93a0,8,3,1,100d93a0_FUN_100d93a0
0x100d93ac,FUN_100d93ac,38,15,1,100d93ac_FUN_100d93ac
0x100d93d8,FUN_100d93d8,462,168,1,100d93d8_FUN_100d93d8
0x100d95ec,FUN_100d95ec,236,92,1,100d95ec_FUN_100d95ec
0x100d96fc,FUN_100d96fc,22,9,1,100d96fc_FUN_100d96fc
0x100d9718,FUN_100d9718,54,22,1,100d9718_FUN_100d9718
0x100d976c,FUN_100d976c,50,20,1,100d976c_FUN_100d976c
0x100d97b8,FUN_100d97b8,88,33,1,100d97b8_FUN_100d97b8
0x100d9834,FUN_100d9834,1554,598,1,100d9834_FUN_100d9834
0x100d9f1c,FUN_100d9f1c,6,3,1,100d9f1c_FUN_100d9f1c
0x100d9f28,FUN_100d9f28,52,20,1,100d9f28_FUN_100d9f28
0x100d9f70,FUN_100d9f70,78,28,1,100d9f70_FUN_100d9f70
0x100d9fd8,FUN_100d9fd8,102,40,1,100d9fd8_FUN_100d9fd8
0x100da068,FUN_100da068,54,23,1,100da068_FUN_100da068
0x100da0a4,FUN_100da0a4,108,47,1,100da0a4_FUN_100da0a4
0x100da124,FUN_100da124,38,16,1,100da124_FUN_100da124
0x100da180,FUN_100da180,44,18,1,100da180_FUN_100da180
0x100da1c4,FUN_100da1c4,38,14,1,100da1c4_FUN_100da1c4
0x100da1f4,FUN_100da1f4,72,27,1,100da1f4_FUN_100da1f4
0x100da24c,FUN_100da24c,60,23,1,100da24c_FUN_100da24c
0x100da2a0,FUN_100da2a0,102,42,1,100da2a0_FUN_100da2a0
0x100da314,FUN_100da314,1466,573,1,100da314_FUN_100da314
0x100da9c4,FUN_100da9c4,74,28,1,100da9c4_FUN_100da9c4
0x100dabf8,FUN_100dabf8,304,137,1,100dabf8_FUN_100dabf8
0x100dad78,FUN_100dad78,52,20,1,100dad78_FUN_100dad78
0x100dae18,FUN_100dae18,50,19,1,100dae18_FUN_100dae18
0x100dae5c,FUN_100dae5c,74,30,1,100dae5c_FUN_100dae5c
0x100daebc,FUN_100daebc,52,20,1,100daebc_FUN_100daebc
0x100dafd8,FUN_100dafd8,116,42,1,100dafd8_FUN_100dafd8
0x100db060,FUN_100db060,88,37,1,100db060_FUN_100db060
0x100db11c,FUN_100db11c,72,30,1,100db11c_FUN_100db11c
0x100db174,FUN_100db174,64,26,1,100db174_FUN_100db174
0x100db1c4,FUN_100db1c4,28,12,1,100db1c4_FUN_100db1c4
0x100db250,FUN_100db250,120,47,1,100db250_FUN_100db250
0x100db2dc,FUN_100db2dc,740,286,1,100db2dc_FUN_100db2dc
0x100db60c,FUN_100db60c,56,24,1,100db60c_FUN_100db60c
0x100db660,FUN_100db660,48,21,1,100db660_FUN_100db660
0x100db6ac,FUN_100db6ac,18,9,1,100db6ac_FUN_100db6ac
0x100dc23c,FUN_100dc23c,220,88,1,100dc23c_FUN_100dc23c
0x100dc888,FUN_100dc888,200,73,1,100dc888_FUN_100dc888
0x100dcc30,FUN_100dcc30,10,5,1,100dcc30_FUN_100dcc30
0x100dcc40,FUN_100dcc40,412,165,1,100dcc40_FUN_100dcc40
0x100dce84,FUN_100dce84,98,40,1,100dce84_FUN_100dce84
0x100dd2b8,FUN_100dd2b8,32,15,1,100dd2b8_FUN_100dd2b8
0x100dd2dc,FUN_100dd2dc,44,21,1,100dd2dc_FUN_100dd2dc
0x100dd594,FUN_100dd594,76,27,1,100dd594_FUN_100dd594
0x100dd5f4,FUN_100dd5f4,34,15,1,100dd5f4_FUN_100dd5f4
0x100dd61c,FUN_100dd61c,46,21,1,100dd61c_FUN_100dd61c
0x100dd8a8,FUN_100dd8a8,54,23,1,100dd8a8_FUN_100dd8a8
0x100dd8ec,FUN_100dd8ec,216,82,1,100dd8ec_FUN_100dd8ec
0x100ddaf8,FUN_100ddaf8,224,91,1,100ddaf8_FUN_100ddaf8
0x100ddc04,FUN_100ddc04,124,49,1,100ddc04_FUN_100ddc04
0x100ddc44,FUN_100ddc44,114,44,1,100ddc44_FUN_100ddc44
0x100ddc80,FUN_100ddc80,38,17,1,100ddc80_FUN_100ddc80
0x100ddcbc,FUN_100ddcbc,104,36,1,100ddcbc_FUN_100ddcbc
0x100ddd34,FUN_100ddd34,134,50,1,100ddd34_FUN_100ddd34
0x100dddd8,FUN_100dddd8,210,73,1,100dddd8_FUN_100dddd8
0x100de004,FUN_100de004,110,45,1,100de004_FUN_100de004
0x100de8b4,FUN_100de8b4,252,95,1,100de8b4_FUN_100de8b4
0x100de970,FUN_100de970,40,17,1,100de970_FUN_100de970
0x100de9ac,FUN_100de9ac,40,17,1,100de9ac_FUN_100de9ac
0x100deb94,FUN_100deb94,22,10,1,100deb94_FUN_100deb94
0x100debd8,FUN_100debd8,44,21,1,100debd8_FUN_100debd8
0x100df30c,FUN_100df30c,28,13,1,100df30c_FUN_100df30c
0x100df410,FUN_100df410,112,40,1,100df410_FUN_100df410
0x100dfd90,FUN_100dfd90,52,24,1,100dfd90_FUN_100dfd90
0x100dff80,FUN_100dff80,38,18,1,100dff80_FUN_100dff80
0x100dffac,FUN_100dffac,26,11,1,100dffac_FUN_100dffac
0x100dffcc,FUN_100dffcc,46,19,1,100dffcc_FUN_100dffcc
0x100e0004,FUN_100e0004,50,21,1,100e0004_FUN_100e0004
0x100e003c,FUN_100e003c,54,21,1,100e003c_FUN_100e003c
0x100e0080,FUN_100e0080,98,36,1,100e0080_FUN_100e0080
0x100e00f0,FUN_100e00f0,170,57,1,100e00f0_FUN_100e00f0
0x100e01c4,FUN_100e01c4,74,29,1,100e01c4_FUN_100e01c4
0x100e0220,FUN_100e0220,6,2,1,100e0220_FUN_100e0220
0x100e022c,FUN_100e022c,10,4,1,100e022c_FUN_100e022c
0x100e023c,FUN_100e023c,92,34,1,100e023c_FUN_100e023c
0x100e0358,FUN_100e0358,176,71,1,100e0358_FUN_100e0358
0x100e0418,FUN_100e0418,144,55,1,100e0418_FUN_100e0418
0x100e057c,FUN_100e057c,260,99,1,100e057c_FUN_100e057c
0x100e0684,FUN_100e0684,204,76,1,100e0684_FUN_100e0684
0x100e0754,FUN_100e0754,92,36,1,100e0754_FUN_100e0754
0x100e07b4,FUN_100e07b4,130,49,1,100e07b4_FUN_100e07b4
0x100e083c,FUN_100e083c,52,21,1,100e083c_FUN_100e083c
0x100e0874,FUN_100e0874,240,100,1,100e0874_FUN_100e0874
0x100e0978,FUN_100e0978,62,27,1,100e0978_FUN_100e0978
0x100e09c0,FUN_100e09c0,48,21,1,100e09c0_FUN_100e09c0
0x100e09f8,FUN_100e09f8,84,35,1,100e09f8_FUN_100e09f8
0x100e0b10,FUN_100e0b10,70,28,1,100e0b10_FUN_100e0b10
0x100e0b60,FUN_100e0b60,76,31,1,100e0b60_FUN_100e0b60
0x100e0bb4,FUN_100e0bb4,88,38,1,100e0bb4_FUN_100e0bb4
0x100e0cd8,FUN_100e0cd8,56,23,1,100e0cd8_FUN_100e0cd8
0x100e0d1c,FUN_100e0d1c,86,33,1,100e0d1c_FUN_100e0d1c
0x100e0d7c,FUN_100e0d7c,68,27,1,100e0d7c_FUN_100e0d7c
0x100e0dc4,FUN_100e0dc4,64,26,1,100e0dc4_FUN_100e0dc4
0x100e0e08,FUN_100e0e08,56,23,1,100e0e08_FUN_100e0e08
0x100e0e44,FUN_100e0e44,30,12,1,100e0e44_FUN_100e0e44
0x100e0e70,FUN_100e0e70,70,32,1,100e0e70_FUN_100e0e70
0x100e0ec8,FUN_100e0ec8,186,70,1,100e0ec8_FUN_100e0ec8
0x100e0f88,FUN_100e0f88,112,44,1,100e0f88_FUN_100e0f88
0x100e1008,FUN_100e1008,452,165,1,100e1008_FUN_100e1008
0x100e11ec,FUN_100e11ec,66,24,1,100e11ec_FUN_100e11ec
0x100e1298,FUN_100e1298,48,20,1,100e1298_FUN_100e1298
0x100e12cc,FUN_100e12cc,54,21,1,100e12cc_FUN_100e12cc
0x100e130c,FUN_100e130c,66,26,1,100e130c_FUN_100e130c
0x100e135c,FUN_100e135c,80,31,1,100e135c_FUN_100e135c
0x100e13b8,FUN_100e13b8,20,9,1,100e13b8_FUN_100e13b8
0x100e13d0,FUN_100e13d0,98,37,1,100e13d0_FUN_100e13d0
0x100e14a0,FUN_100e14a0,6,2,1,100e14a0_FUN_100e14a0
0x100e14ac,FUN_100e14ac,92,38,1,100e14ac_FUN_100e14ac
0x100e1528,FUN_100e1528,104,37,1,100e1528_FUN_100e1528
0x100e1594,FUN_100e1594,60,24,1,100e1594_FUN_100e1594
0x100e15d8,FUN_100e15d8,102,38,1,100e15d8_FUN_100e15d8
0x100e1eb0,FUN_100e1eb0,192,71,1,100e1eb0_FUN_100e1eb0
0x100e1f7c,FUN_100e1f7c,100,40,1,100e1f7c_FUN_100e1f7c
0x100e1fe8,FUN_100e1fe8,134,56,1,100e1fe8_FUN_100e1fe8
0x100e2194,FUN_100e2194,278,102,1,100e2194_FUN_100e2194
0x100e22c0,FUN_100e22c0,70,27,1,100e22c0_FUN_100e22c0
0x100e255c,FUN_100e255c,50,21,1,100e255c_FUN_100e255c
0x100e25c4,FUN_100e25c4,216,93,1,100e25c4_FUN_100e25c4
0x100e2758,FUN_100e2758,34,13,1,100e2758_FUN_100e2758
0x100e2d74,FUN_100e2d74,188,83,1,100e2d74_FUN_100e2d74
0x100e2e44,FUN_100e2e44,62,21,1,100e2e44_FUN_100e2e44
0x100e2e94,FUN_100e2e94,268,104,1,100e2e94_FUN_100e2e94
0x100e2fd4,FUN_100e2fd4,36,15,1,100e2fd4_FUN_100e2fd4
0x100e3250,FUN_100e3250,208,79,1,100e3250_FUN_100e3250
0x100e333c,FUN_100e333c,616,249,1,100e333c_FUN_100e333c
0x100e3b04,FUN_100e3b04,310,112,1,100e3b04_FUN_100e3b04
0x100e3d6c,FUN_100e3d6c,8,4,1,100e3d6c_FUN_100e3d6c
0x100e3d78,FUN_100e3d78,84,35,1,100e3d78_FUN_100e3d78
0x100e3dec,FUN_100e3dec,42,17,1,100e3dec_FUN_100e3dec
0x100e3f38,FUN_100e3f38,74,29,1,100e3f38_FUN_100e3f38
0x100e3fb8,FUN_100e3fb8,92,38,1,100e3fb8_FUN_100e3fb8
0x100e4034,FUN_100e4034,78,35,1,100e4034_FUN_100e4034
0x100e40e4,FUN_100e40e4,142,48,1,100e40e4_FUN_100e40e4
0x100e4184,FUN_100e4184,134,50,1,100e4184_FUN_100e4184
0x100e425c,FUN_100e425c,64,26,1,100e425c_FUN_100e425c
0x100e491c,FUN_100e491c,32,11,1,100e491c_FUN_100e491c
0x100e49a0,FUN_100e49a0,40,17,1,100e49a0_FUN_100e49a0
0x100e49dc,FUN_100e49dc,40,17,1,100e49dc_FUN_100e49dc
0x100e4bd8,FUN_100e4bd8,52,23,1,100e4bd8_FUN_100e4bd8
0x100e4c18,FUN_100e4c18,94,38,1,100e4c18_FUN_100e4c18
0x100e4cf4,FUN_100e4cf4,102,38,1,100e4cf4_FUN_100e4cf4
0x100e4d40,FUN_100e4d40,62,21,1,100e4d40_FUN_100e4d40
0x100e4d8c,FUN_100e4d8c,132,51,1,100e4d8c_FUN_100e4d8c
0x100e4e28,FUN_100e4e28,42,17,1,100e4e28_FUN_100e4e28
0x100e4e64,FUN_100e4e64,134,49,1,100e4e64_FUN_100e4e64
0x100e4eac,FUN_100e4eac,30,13,1,100e4eac_FUN_100e4eac
0x100e4ed0,FUN_100e4ed0,46,21,1,100e4ed0_FUN_100e4ed0
0x100e4f04,FUN_100e4f04,46,21,1,100e4f04_FUN_100e4f04
0x100e4f38,FUN_100e4f38,106,40,1,100e4f38_FUN_100e4f38
0x100e4fb4,FUN_100e4fb4,6,2,1,100e4fb4_FUN_100e4fb4
0x100e4fc0,FUN_100e4fc0,10,4,1,100e4fc0_FUN_100e4fc0
0x100e4fd0,FUN_100e4fd0,144,58,1,100e4fd0_FUN_100e4fd0
0x100e5078,FUN_100e5078,106,38,1,100e5078_FUN_100e5078
0x100e50f4,FUN_100e50f4,100,36,1,100e50f4_FUN_100e50f4
0x100e5168,FUN_100e5168,308,125,1,100e5168_FUN_100e5168
0x100e52b8,FUN_100e52b8,296,118,1,100e52b8_FUN_100e52b8
0x100e5550,FUN_100e5550,118,48,1,100e5550_FUN_100e5550
0x100e55e0,FUN_100e55e0,172,70,1,100e55e0_FUN_100e55e0
0x100e56a4,FUN_100e56a4,84,32,1,100e56a4_FUN_100e56a4
0x100e570c,FUN_100e570c,122,47,1,100e570c_FUN_100e570c
0x100e579c,FUN_100e579c,106,41,1,100e579c_FUN_100e579c
0x100e5820,FUN_100e5820,168,63,1,100e5820_FUN_100e5820
0x100e58ec,FUN_100e58ec,208,79,1,100e58ec_FUN_100e58ec
0x100e59e4,FUN_100e59e4,518,215,1,100e59e4_FUN_100e59e4
0x100e5bf8,FUN_100e5bf8,422,175,1,100e5bf8_FUN_100e5bf8
0x100e5da8,FUN_100e5da8,50,21,1,100e5da8_FUN_100e5da8
0x100e5de0,FUN_100e5de0,108,41,1,100e5de0_FUN_100e5de0
0x100e5e5c,FUN_100e5e5c,648,255,1,100e5e5c_FUN_100e5e5c
0x100e6114,FUN_100e6114,6,2,1,100e6114_FUN_100e6114
0x100e6120,FUN_100e6120,10,4,1,100e6120_FUN_100e6120
0x100e61f4,FUN_100e61f4,266,108,1,100e61f4_FUN_100e61f4
0x100e6458,FUN_100e6458,366,152,1,100e6458_FUN_100e6458
0x100e6694,FUN_100e6694,120,43,1,100e6694_FUN_100e6694
0x100e6714,FUN_100e6714,114,46,1,100e6714_FUN_100e6714
0x100e679c,FUN_100e679c,922,338,1,100e679c_FUN_100e679c
0x100e6b90,FUN_100e6b90,46,20,1,100e6b90_FUN_100e6b90
0x100e6bc4,FUN_100e6bc4,76,33,1,100e6bc4_FUN_100e6bc4
0x100e6c20,FUN_100e6c20,6,2,1,100e6c20_FUN_100e6c20
0x100e6c2c,FUN_100e6c2c,10,4,1,100e6c2c_FUN_100e6c2c
0x100e6e1c,FUN_100e6e1c,108,43,1,100e6e1c_FUN_100e6e1c
0x100e6e9c,FUN_100e6e9c,94,37,1,100e6e9c_FUN_100e6e9c
0x100e6f0c,FUN_100e6f0c,166,63,1,100e6f0c_FUN_100e6f0c
0x100e6fcc,FUN_100e6fcc,144,59,1,100e6fcc_FUN_100e6fcc
0x100e7080,FUN_100e7080,74,29,1,100e7080_FUN_100e7080
0x100e70d0,FUN_100e70d0,290,109,1,100e70d0_FUN_100e70d0
0x100e7220,FUN_100e7220,40,18,1,100e7220_FUN_100e7220
0x100e725c,FUN_100e725c,70,24,1,100e725c_FUN_100e725c
0x100e7378,FUN_100e7378,8,4,1,100e7378_FUN_100e7378
0x100e7474,FUN_100e7474,36,14,1,100e7474_FUN_100e7474
0x100e74a8,FUN_100e74a8,16,8,1,100e74a8_FUN_100e74a8
0x100e74c0,FUN_100e74c0,20,8,1,100e74c0_FUN_100e74c0
0x100e74d8,FUN_100e74d8,6,3,1,100e74d8_FUN_100e74d8
0x100e74e4,FUN_100e74e4,48,18,1,100e74e4_FUN_100e74e4
0x100e7524,FUN_100e7524,6,3,1,100e7524_FUN_100e7524
0x100e7598,FUN_100e7598,112,42,1,100e7598_FUN_100e7598
0x100e7618,FUN_100e7618,88,37,1,100e7618_FUN_100e7618
0x100e7684,FUN_100e7684,8,4,1,100e7684_FUN_100e7684
0x100e7690,FUN_100e7690,380,160,1,100e7690_FUN_100e7690
0x100e782c,FUN_100e782c,82,35,1,100e782c_FUN_100e782c
0x100e7898,FUN_100e7898,10,5,1,100e7898_FUN_100e7898
0x100e78a8,FUN_100e78a8,8,4,1,100e78a8_FUN_100e78a8
0x100e78cc,FUN_100e78cc,62,23,1,100e78cc_FUN_100e78cc
0x100e7920,FUN_100e7920,448,174,1,100e7920_FUN_100e7920
0x100e7b08,FUN_100e7b08,402,154,1,100e7b08_FUN_100e7b08
0x100e7ccc,FUN_100e7ccc,38,16,1,100e7ccc_FUN_100e7ccc
0x100e7cf8,FUN_100e7cf8,26,9,1,100e7cf8_FUN_100e7cf8
0x100e7d18,FUN_100e7d18,22,8,1,100e7d18_FUN_100e7d18
0x100e7dc8,FUN_100e7dc8,42,17,1,100e7dc8_FUN_100e7dc8
0x100e7e2c,FUN_100e7e2c,18,8,1,100e7e2c_FUN_100e7e2c
0x100e7e44,FUN_100e7e44,106,42,1,100e7e44_FUN_100e7e44
0x100e7ed4,FUN_100e7ed4,50,20,1,100e7ed4_FUN_100e7ed4
0x100e7f20,FUN_100e7f20,68,27,1,100e7f20_FUN_100e7f20
0x100e7f70,FUN_100e7f70,6,2,1,100e7f70_FUN_100e7f70
0x100e800c,FUN_100e800c,84,33,1,100e800c_FUN_100e800c
0x100e8184,FUN_100e8184,70,26,1,100e8184_FUN_100e8184
0x100e81e4,FUN_100e81e4,60,23,1,100e81e4_FUN_100e81e4
0x100e8240,FUN_100e8240,24,12,1,100e8240_FUN_100e8240
0x100e825c,FUN_100e825c,172,76,1,100e825c_FUN_100e825c
0x100e833c,FUN_100e833c,118,51,1,100e833c_FUN_100e833c
0x100e8428,FUN_100e8428,54,22,1,100e8428_FUN_100e8428
0x100e8474,FUN_100e8474,8,3,1,100e8474_FUN_100e8474
0x100e8480,FUN_100e8480,176,70,1,100e8480_FUN_100e8480
0x100e855c,FUN_100e855c,194,73,1,100e855c_FUN_100e855c
0x100e8644,FUN_100e8644,106,43,1,100e8644_FUN_100e8644
0x100e86c0,FUN_100e86c0,174,74,1,100e86c0_FUN_100e86c0
0x100e8784,FUN_100e8784,90,37,1,100e8784_FUN_100e8784
0x100e87f8,FUN_100e87f8,124,56,1,100e87f8_FUN_100e87f8
0x100e8888,FUN_100e8888,228,89,1,100e8888_FUN_100e8888
0x100e8990,FUN_100e8990,198,86,1,100e8990_FUN_100e8990
0x100e8ae8,FUN_100e8ae8,30,14,1,100e8ae8_FUN_100e8ae8
0x100e8b10,FUN_100e8b10,32,14,1,100e8b10_FUN_100e8b10
0x100e8b38,FUN_100e8b38,44,18,1,100e8b38_FUN_100e8b38
0x100e8b74,FUN_100e8b74,22,8,1,100e8b74_FUN_100e8b74
0x100e8c70,FUN_100e8c70,6,2,1,100e8c70_FUN_100e8c70
0x100e8c7c,FUN_100e8c7c,48,19,1,100e8c7c_FUN_100e8c7c
0x100e8da4,FUN_100e8da4,204,80,1,100e8da4_FUN_100e8da4
0x100e8ec0,FUN_100e8ec0,348,147,1,100e8ec0_FUN_100e8ec0
0x100e8f54,FUN_100e8f54,354,141,1,100e8f54_FUN_100e8f54
0x100e90e8,FUN_100e90e8,134,58,1,100e90e8_FUN_100e90e8
0x100e9404,FUN_100e9404,210,86,1,100e9404_FUN_100e9404
0x100e96f4,FUN_100e96f4,184,68,1,100e96f4_FUN_100e96f4
0x100ea6b8,FUN_100ea6b8,48,18,1,100ea6b8_FUN_100ea6b8
0x100ea870,FUN_100ea870,84,35,1,100ea870_FUN_100ea870
0x100ea8c8,FUN_100ea8c8,108,45,1,100ea8c8_FUN_100ea8c8
0x100ea950,FUN_100ea950,100,40,1,100ea950_FUN_100ea950
0x100ea9d0,FUN_100ea9d0,10,3,1,100ea9d0_FUN_100ea9d0
0x100eab78,FUN_100eab78,500,202,1,100eab78_FUN_100eab78
0x100eadbc,FUN_100eadbc,62,27,1,100eadbc_FUN_100eadbc
0x100eae68,FUN_100eae68,40,19,1,100eae68_FUN_100eae68
0x100eaeac,FUN_100eaeac,114,48,1,100eaeac_FUN_100eaeac
0x100eaf40,FUN_100eaf40,110,44,1,100eaf40_FUN_100eaf40
0x100eafd0,FUN_100eafd0,6,2,1,100eafd0_FUN_100eafd0
0x100eb04c,FUN_100eb04c,26,10,1,100eb04c_FUN_100eb04c
0x100eb0ec,FUN_100eb0ec,36,18,1,100eb0ec_FUN_100eb0ec
0x100eb184,FUN_100eb184,56,28,1,100eb184_FUN_100eb184
0x100eb1c0,FUN_100eb1c0,218,94,1,100eb1c0_FUN_100eb1c0
0x100eb2a8,FUN_100eb2a8,42,16,1,100eb2a8_FUN_100eb2a8
0x100eb2e4,FUN_100eb2e4,30,12,1,100eb2e4_FUN_100eb2e4
0x100eb308,FUN_100eb308,496,193,1,100eb308_FUN_100eb308
0x100eb648,FUN_100eb648,100,45,1,100eb648_FUN_100eb648
0x100eb820,FUN_100eb820,74,29,1,100eb820_FUN_100eb820
0x100eb888,FUN_100eb888,140,59,1,100eb888_FUN_100eb888
0x100eb908,FUN_100eb908,32,11,1,100eb908_FUN_100eb908
0x100eba84,FUN_100eba84,108,48,1,100eba84_FUN_100eba84
0x100ebda8,FUN_100ebda8,208,88,1,100ebda8_FUN_100ebda8
0x100ebeb8,FUN_100ebeb8,182,78,1,100ebeb8_FUN_100ebeb8
0x100ebffc,FUN_100ebffc,128,52,1,100ebffc_FUN_100ebffc
0x100ec094,FUN_100ec094,348,144,1,100ec094_FUN_100ec094
0x100ec224,FUN_100ec224,282,121,1,100ec224_FUN_100ec224
0x100ec360,FUN_100ec360,1890,730,1,100ec360_FUN_100ec360
0x100ecbe0,FUN_100ecbe0,1186,472,1,100ecbe0_FUN_100ecbe0
0x100ed11c,FUN_100ed11c,396,173,1,100ed11c_FUN_100ed11c
0x100ed4bc,FUN_100ed4bc,152,64,1,100ed4bc_FUN_100ed4bc
0x100ed578,FUN_100ed578,56,24,1,100ed578_FUN_100ed578
0x100ed5c4,FUN_100ed5c4,68,30,1,100ed5c4_FUN_100ed5c4
0x100ed61c,FUN_100ed61c,132,49,1,100ed61c_FUN_100ed61c
0x100ed6b8,FUN_100ed6b8,160,61,1,100ed6b8_FUN_100ed6b8
0x100ed77c,FUN_100ed77c,54,22,1,100ed77c_FUN_100ed77c
0x100ed7c8,FUN_100ed7c8,164,64,1,100ed7c8_FUN_100ed7c8
0x100ed884,FUN_100ed884,92,40,1,100ed884_FUN_100ed884
0x100ed8f8,FUN_100ed8f8,26,12,1,100ed8f8_FUN_100ed8f8
0x100ed95c,FUN_100ed95c,4,2,1,100ed95c_FUN_100ed95c
0x100ed964,FUN_100ed964,4,2,1,100ed964_FUN_100ed964
0x100ed96c,FUN_100ed96c,10,5,1,100ed96c_FUN_100ed96c
0x100edaf4,FUN_100edaf4,22,11,1,100edaf4_FUN_100edaf4
0x100edb14,FUN_100edb14,48,20,1,100edb14_FUN_100edb14
0x100edb4c,FUN_100edb4c,16,7,1,100edb4c_FUN_100edb4c
0x100edc14,FUN_100edc14,6,2,1,100edc14_FUN_100edc14
0x100edc20,FUN_100edc20,16,7,1,100edc20_FUN_100edc20
0x100edc3c,FUN_100edc3c,32,12,1,100edc3c_FUN_100edc3c
0x100edcc4,FUN_100edcc4,30,10,1,100edcc4_FUN_100edcc4
0x100edcf4,FUN_100edcf4,6,2,1,100edcf4_FUN_100edcf4
0x100edd8c,FUN_100edd8c,526,202,1,100edd8c_FUN_100edd8c
0x100edfc4,FUN_100edfc4,44,15,1,100edfc4_FUN_100edfc4
0x100ee018,FUN_100ee018,52,20,1,100ee018_FUN_100ee018
0x100ee058,FUN_100ee058,106,40,1,100ee058_FUN_100ee058
0x100ee350,FUN_100ee350,128,48,1,100ee350_FUN_100ee350
0x100ee3d4,FUN_100ee3d4,372,147,1,100ee3d4_FUN_100ee3d4
0x100ee568,FUN_100ee568,258,95,1,100ee568_FUN_100ee568
0x100ee684,FUN_100ee684,20,8,1,100ee684_FUN_100ee684
0x100ee690,FUN_100ee690,6,2,1,100ee690_FUN_100ee690
0x100ee748,FUN_100ee748,408,164,1,100ee748_FUN_100ee748
0x100ee8fc,FUN_100ee8fc,136,51,1,100ee8fc_FUN_100ee8fc
0x100ee9a0,FUN_100ee9a0,44,14,1,100ee9a0_FUN_100ee9a0
0x100ee9e0,FUN_100ee9e0,50,19,1,100ee9e0_FUN_100ee9e0
0x100eea1c,FUN_100eea1c,78,26,1,100eea1c_FUN_100eea1c
0x100eea84,FUN_100eea84,96,34,1,100eea84_FUN_100eea84
0x100eebe8,FUN_100eebe8,36,16,1,100eebe8_FUN_100eebe8
0x100eec10,FUN_100eec10,42,20,1,100eec10_FUN_100eec10
0x100eec40,FUN_100eec40,34,15,1,100eec40_FUN_100eec40
0x100eec68,FUN_100eec68,32,15,1,100eec68_FUN_100eec68
0x100eec8c,FUN_100eec8c,122,56,1,100eec8c_FUN_100eec8c
0x100eed80,FUN_100eed80,138,59,1,100eed80_FUN_100eed80
0x100eee10,FUN_100eee10,160,71,1,100eee10_FUN_100eee10
0x100eee48,FUN_100eee48,116,43,1,100eee48_FUN_100eee48
0x100eeec0,FUN_100eeec0,46,19,1,100eeec0_FUN_100eeec0
0x100eeef4,FUN_100eeef4,50,19,1,100eeef4_FUN_100eeef4
0x100eef38,FUN_100eef38,368,156,1,100eef38_FUN_100eef38
0x100eef90,FUN_100eef90,58,25,1,100eef90_FUN_100eef90
0x100eefd0,FUN_100eefd0,254,103,1,100eefd0_FUN_100eefd0
0x100ef0d4,FUN_100ef0d4,50,21,1,100ef0d4_FUN_100ef0d4
0x100ef10c,FUN_100ef10c,362,147,1,100ef10c_FUN_100ef10c
0x100ef27c,FUN_100ef27c,6,2,1,100ef27c_FUN_100ef27c
0x100ef2cc,FUN_100ef2cc,502,197,1,100ef2cc_FUN_100ef2cc
0x100ef4f4,FUN_100ef4f4,400,159,1,100ef4f4_FUN_100ef4f4
0x100ef6b0,FUN_100ef6b0,192,78,1,100ef6b0_FUN_100ef6b0
0x100ef7a4,FUN_100ef7a4,46,17,1,100ef7a4_FUN_100ef7a4
0x100ef7dc,FUN_100ef7dc,46,17,1,100ef7dc_FUN_100ef7dc
0x100ef8a4,FUN_100ef8a4,38,18,1,100ef8a4_FUN_100ef8a4
0x100ef8d0,FUN_100ef8d0,18,7,1,100ef8d0_FUN_100ef8d0
0x100ef8e8,FUN_100ef8e8,44,21,1,100ef8e8_FUN_100ef8e8
0x100ef918,FUN_100ef918,40,19,1,100ef918_FUN_100ef918
0x100efd4c,FUN_100efd4c,66,26,1,100efd4c_FUN_100efd4c
0x100efd98,FUN_100efd98,10,4,1,100efd98_FUN_100efd98
0x100efda8,FUN_100efda8,6,3,1,100efda8_FUN_100efda8
0x100efdb4,FUN_100efdb4,144,55,1,100efdb4_FUN_100efdb4
0x100f0298,FUN_100f0298,68,26,1,100f0298_FUN_100f0298
0x100f048c,FUN_100f048c,172,63,1,100f048c_FUN_100f048c
0x100f04fc,FUN_100f04fc,122,46,1,100f04fc_FUN_100f04fc
0x100f0524,FUN_100f0524,10,4,1,100f0524_FUN_100f0524
0x100f0734,FUN_100f0734,18,8,1,100f0734_FUN_100f0734
0x100f0898,FUN_100f0898,6,3,1,100f0898_FUN_100f0898
0x100f08bc,FUN_100f08bc,20,8,1,100f08bc_FUN_100f08bc
0x100f08d4,FUN_100f08d4,12,4,1,100f08d4_FUN_100f08d4
0x100f08f4,thunk_FUN_100f44ac,4,1,1,100f08f4_thunk_FUN_100f44ac
0x100f08f8,thunk_FUN_100f4960,4,1,1,100f08f8_thunk_FUN_100f4960
0x100f0900,FUN_100f0900,42,15,1,100f0900_FUN_100f0900
0x100f0da4,FUN_100f0da4,172,68,1,100f0da4_FUN_100f0da4
0x100f0e60,FUN_100f0e60,460,147,1,100f0e60_FUN_100f0e60
0x100f1034,FUN_100f1034,262,93,1,100f1034_FUN_100f1034
0x100f114c,FUN_100f114c,32,16,1,100f114c_FUN_100f114c
0x100f1174,FUN_100f1174,28,14,1,100f1174_FUN_100f1174
0x100f151c,FUN_100f151c,40,17,1,100f151c_FUN_100f151c
0x100f1548,FUN_100f1548,36,17,1,100f1548_FUN_100f1548
0x100f1570,FUN_100f1570,42,17,1,100f1570_FUN_100f1570
0x100f15a0,FUN_100f15a0,26,13,1,100f15a0_FUN_100f15a0
0x100f15c0,FUN_100f15c0,36,17,1,100f15c0_FUN_100f15c0
0x100f160c,FUN_100f160c,12,6,1,100f160c_FUN_100f160c
0x100f161c,FUN_100f161c,352,142,1,100f161c_FUN_100f161c
0x100f19ac,FUN_100f19ac,166,62,1,100f19ac_FUN_100f19ac
0x100f1bbc,FUN_100f1bbc,158,71,1,100f1bbc_FUN_100f1bbc
0x100f1c7c,FUN_100f1c7c,34,15,1,100f1c7c_FUN_100f1c7c
0x100f1ca4,FUN_100f1ca4,338,140,1,100f1ca4_FUN_100f1ca4
0x100f1e08,FUN_100f1e08,134,64,1,100f1e08_FUN_100f1e08
0x100f1e9c,FUN_100f1e9c,384,141,1,100f1e9c_FUN_100f1e9c
0x100f202c,FUN_100f202c,138,52,1,100f202c_FUN_100f202c
0x100f20c0,FUN_100f20c0,110,45,1,100f20c0_FUN_100f20c0
0x100f2148,FUN_100f2148,14,6,1,100f2148_FUN_100f2148
0x100f215c,FUN_100f215c,6,3,1,100f215c_FUN_100f215c
0x100f2354,FUN_100f2354,132,49,1,100f2354_FUN_100f2354
0x100f2490,FUN_100f2490,1660,583,1,100f2490_FUN_100f2490
0x100f405c,FUN_100f405c,14,7,1,100f405c_FUN_100f405c
0x100f4070,FUN_100f4070,14,7,1,100f4070_FUN_100f4070
0x100f4084,FUN_100f4084,8,3,1,100f4084_FUN_100f4084
0x100f44ac,FUN_100f44ac,74,30,1,100f44ac_FUN_100f44ac
0x100f47ec,thunk_FUN_10139338,4,1,1,100f47ec_thunk_FUN_10139338
0x100f4948,FUN_100f4948,18,9,1,100f4948_FUN_100f4948
0x100f4960,FUN_100f4960,28,12,1,100f4960_FUN_100f4960
0x100f4a34,FUN_100f4a34,200,71,1,100f4a34_FUN_100f4a34
0x100f4c10,FUN_100f4c10,130,53,1,100f4c10_FUN_100f4c10
0x100f4ebc,FUN_100f4ebc,126,47,1,100f4ebc_FUN_100f4ebc
0x100f4f4c,FUN_100f4f4c,78,28,1,100f4f4c_FUN_100f4f4c
0x100f5c34,FUN_100f5c34,28,11,1,100f5c34_FUN_100f5c34
0x100f5c50,FUN_100f5c50,140,58,1,100f5c50_FUN_100f5c50
0x100f5cec,FUN_100f5cec,48,19,1,100f5cec_FUN_100f5cec
0x100f5d2c,FUN_100f5d2c,142,60,1,100f5d2c_FUN_100f5d2c
0x100f5dcc,FUN_100f5dcc,184,75,1,100f5dcc_FUN_100f5dcc
0x100f5ea4,FUN_100f5ea4,64,25,1,100f5ea4_FUN_100f5ea4
0x100f5f00,thunk_FUN_100e833c,4,1,1,100f5f00_thunk_FUN_100e833c
0x100f5f04,FUN_100f5f04,118,46,1,100f5f04_FUN_100f5f04
0x100f5f7c,FUN_100f5f7c,480,189,1,100f5f7c_FUN_100f5f7c
0x100f615c,FUN_100f615c,20,8,1,100f615c_FUN_100f615c
0x100f6170,FUN_100f6170,210,83,1,100f6170_FUN_100f6170
0x100f625c,FUN_100f625c,120,50,1,100f625c_FUN_100f625c
0x100f62e4,FUN_100f62e4,104,38,1,100f62e4_FUN_100f62e4
0x100f66a0,FUN_100f66a0,740,264,1,100f66a0_FUN_100f66a0
0x100f69e8,FUN_100f69e8,274,111,1,100f69e8_FUN_100f69e8
0x100f6b1c,FUN_100f6b1c,472,181,1,100f6b1c_FUN_100f6b1c
0x100f7314,FUN_100f7314,490,188,1,100f7314_FUN_100f7314
0x100f731c,FUN_100f731c,248,102,1,100f731c_FUN_100f731c
0x100f743c,FUN_100f743c,278,102,1,100f743c_FUN_100f743c
0x100f7554,FUN_100f7554,356,143,1,100f7554_FUN_100f7554
0x100f76f0,FUN_100f76f0,2410,893,1,100f76f0_FUN_100f76f0
0x100f81a0,FUN_100f81a0,204,75,1,100f81a0_FUN_100f81a0
0x100f8278,FUN_100f8278,194,82,1,100f8278_FUN_100f8278
0x100f8340,FUN_100f8340,108,45,1,100f8340_FUN_100f8340
0x100f83ac,FUN_100f83ac,356,145,1,100f83ac_FUN_100f83ac
0x100f8518,FUN_100f8518,212,80,1,100f8518_FUN_100f8518
0x100f85ec,FUN_100f85ec,240,95,1,100f85ec_FUN_100f85ec
0x100f86e0,FUN_100f86e0,216,86,1,100f86e0_FUN_100f86e0
0x100f87b8,FUN_100f87b8,166,65,1,100f87b8_FUN_100f87b8
0x100f8860,FUN_100f8860,348,122,1,100f8860_FUN_100f8860
0x100f89c0,FUN_100f89c0,34,15,1,100f89c0_FUN_100f89c0
0x100f89e4,FUN_100f89e4,112,53,1,100f89e4_FUN_100f89e4
0x100f8a54,FUN_100f8a54,122,53,1,100f8a54_FUN_100f8a54
0x100f8ad0,FUN_100f8ad0,286,124,1,100f8ad0_FUN_100f8ad0
0x100f8bf0,FUN_100f8bf0,142,62,1,100f8bf0_FUN_100f8bf0
0x100f8c80,FUN_100f8c80,168,72,1,100f8c80_FUN_100f8c80
0x100f8d28,FUN_100f8d28,430,152,1,100f8d28_FUN_100f8d28
0x100f8ed8,FUN_100f8ed8,234,96,1,100f8ed8_FUN_100f8ed8
0x100f8fc4,FUN_100f8fc4,44,20,1,100f8fc4_FUN_100f8fc4
0x100f8ff0,FUN_100f8ff0,18,8,1,100f8ff0_FUN_100f8ff0
0x100f9004,FUN_100f9004,10,4,1,100f9004_FUN_100f9004
0x100f9014,FUN_100f9014,174,71,1,100f9014_FUN_100f9014
0x100f90c4,FUN_100f90c4,34,15,1,100f90c4_FUN_100f90c4
0x100f90e8,FUN_100f90e8,594,202,1,100f90e8_FUN_100f90e8
0x100f9340,FUN_100f9340,250,103,1,100f9340_FUN_100f9340
0x100f943c,FUN_100f943c,100,47,1,100f943c_FUN_100f943c
0x100f94a0,FUN_100f94a0,290,112,1,100f94a0_FUN_100f94a0
0x100f95c4,FUN_100f95c4,628,263,1,100f95c4_FUN_100f95c4
0x100f9880,FUN_100f9880,154,76,1,100f9880_FUN_100f9880
0x100f991c,FUN_100f991c,106,39,1,100f991c_FUN_100f991c
0x100f9988,FUN_100f9988,644,217,1,100f9988_FUN_100f9988
0x100f9b78,FUN_100f9b78,190,87,1,100f9b78_FUN_100f9b78
0x100f9cd4,FUN_100f9cd4,30,15,1,100f9cd4_FUN_100f9cd4
0x100f9cf4,FUN_100f9cf4,136,60,1,100f9cf4_FUN_100f9cf4
0x100f9d80,FUN_100f9d80,24,12,1,100f9d80_FUN_100f9d80
0x100f9d98,FUN_100f9d98,60,27,1,100f9d98_FUN_100f9d98
0x100f9dd4,FUN_100f9dd4,66,30,1,100f9dd4_FUN_100f9dd4
0x100f9e18,FUN_100f9e18,74,35,1,100f9e18_FUN_100f9e18
0x100f9e64,FUN_100f9e64,402,166,1,100f9e64_FUN_100f9e64
0x100f9ffc,FUN_100f9ffc,480,196,1,100f9ffc_FUN_100f9ffc
0x100fa1e4,FUN_100fa1e4,68,30,1,100fa1e4_FUN_100fa1e4
0x100fa228,FUN_100fa228,682,244,1,100fa228_FUN_100fa228
0x100fa4d4,FUN_100fa4d4,106,45,1,100fa4d4_FUN_100fa4d4
0x100fa540,FUN_100fa540,48,20,1,100fa540_FUN_100fa540
0x100fa570,FUN_100fa570,178,60,1,100fa570_FUN_100fa570
0x100fa624,FUN_100fa624,1756,660,1,100fa624_FUN_100fa624
0x100fad24,FUN_100fad24,24,11,1,100fad24_FUN_100fad24
0x100fad3c,FUN_100fad3c,16,6,1,100fad3c_FUN_100fad3c
0x100fad4c,FUN_100fad4c,10,5,1,100fad4c_FUN_100fad4c
0x100fad58,FUN_100fad58,34,17,1,100fad58_FUN_100fad58
0x100fad7c,FUN_100fad7c,46,23,1,100fad7c_FUN_100fad7c
0x100fadac,FUN_100fadac,4,2,1,100fadac_FUN_100fadac
0x100fadb0,FUN_100fadb0,78,32,1,100fadb0_FUN_100fadb0
0x100fae00,FUN_100fae00,72,30,1,100fae00_FUN_100fae00
0x100fae48,FUN_100fae48,174,76,1,100fae48_FUN_100fae48
0x100faef8,FUN_100faef8,26,13,1,100faef8_FUN_100faef8
0x100faf14,FUN_100faf14,168,82,1,100faf14_FUN_100faf14
0x100fafbc,FUN_100fafbc,30,14,1,100fafbc_FUN_100fafbc
0x100fafdc,FUN_100fafdc,20,8,1,100fafdc_FUN_100fafdc
0x100faff0,FUN_100faff0,28,11,1,100faff0_FUN_100faff0
0x100fb00c,FUN_100fb00c,24,10,1,100fb00c_FUN_100fb00c
0x100fb024,FUN_100fb024,74,33,1,100fb024_FUN_100fb024
0x100fb070,FUN_100fb070,74,35,1,100fb070_FUN_100fb070
0x100fb0bc,FUN_100fb0bc,70,34,1,100fb0bc_FUN_100fb0bc
0x100fb104,FUN_100fb104,300,120,1,100fb104_FUN_100fb104
0x100fb248,FUN_100fb248,56,27,1,100fb248_FUN_100fb248
0x100fb280,FUN_100fb280,178,76,1,100fb280_FUN_100fb280
0x100fb334,FUN_100fb334,218,87,1,100fb334_FUN_100fb334
0x100fb410,FUN_100fb410,442,175,1,100fb410_FUN_100fb410
0x100fb5cc,FUN_100fb5cc,8,4,1,100fb5cc_FUN_100fb5cc
0x100fb5d4,FUN_100fb5d4,20,10,1,100fb5d4_FUN_100fb5d4
0x100fb5e8,FUN_100fb5e8,24,11,1,100fb5e8_FUN_100fb5e8
0x100fb600,FUN_100fb600,74,34,1,100fb600_FUN_100fb600
0x100fb64c,FUN_100fb64c,62,26,1,100fb64c_FUN_100fb64c
0x100fb694,FUN_100fb694,2,1,1,100fb694_FUN_100fb694
0x100fb698,FUN_100fb698,2,1,1,100fb698_FUN_100fb698
0x100fb6d8,FUN_100fb6d8,182,73,1,100fb6d8_FUN_100fb6d8
0x100fb790,FUN_100fb790,150,71,1,100fb790_FUN_100fb790
0x100fb828,FUN_100fb828,272,106,1,100fb828_FUN_100fb828
0x100fb938,FUN_100fb938,278,112,1,100fb938_FUN_100fb938
0x100fba58,FUN_100fba58,118,49,1,100fba58_FUN_100fba58
0x100fbad0,FUN_100fbad0,100,42,1,100fbad0_FUN_100fbad0
0x100fbb34,FUN_100fbb34,100,44,1,100fbb34_FUN_100fbb34
0x100fbb98,FUN_100fbb98,108,52,1,100fbb98_FUN_100fbb98
0x100fbd08,FUN_100fbd08,290,115,1,100fbd08_FUN_100fbd08
0x100fbed0,FUN_100fbed0,274,109,1,100fbed0_FUN_100fbed0
0x100fc030,FUN_100fc030,372,140,1,100fc030_FUN_100fc030
0x100fc1c8,FUN_100fc1c8,336,135,1,100fc1c8_FUN_100fc1c8
0x100fc348,FUN_100fc348,52,21,1,100fc348_FUN_100fc348
0x100fc37c,FUN_100fc37c,1194,446,1,100fc37c_FUN_100fc37c
0x100fc828,FUN_100fc828,1240,466,1,100fc828_FUN_100fc828
0x100fcd00,FUN_100fcd00,716,271,1,100fcd00_FUN_100fcd00
0x100fcfcc,FUN_100fcfcc,2272,830,1,100fcfcc_FUN_100fcfcc
0x100fdac4,FUN_100fdac4,128,58,1,100fdac4_FUN_100fdac4
0x100fdb7c,FUN_100fdb7c,104,42,1,100fdb7c_FUN_100fdb7c
0x100fdd08,FUN_100fdd08,220,83,1,100fdd08_FUN_100fdd08
0x100fdde4,FUN_100fdde4,246,101,1,100fdde4_FUN_100fdde4
0x100fdedc,FUN_100fdedc,1292,492,1,100fdedc_FUN_100fdedc
0x100fe504,FUN_100fe504,142,59,1,100fe504_FUN_100fe504
0x100fe648,FUN_100fe648,144,59,1,100fe648_FUN_100fe648
0x100fe6d8,FUN_100fe6d8,214,81,1,100fe6d8_FUN_100fe6d8
0x100fe7b0,FUN_100fe7b0,20,8,1,100fe7b0_FUN_100fe7b0
0x100fe7e4,FUN_100fe7e4,92,41,1,100fe7e4_FUN_100fe7e4
0x100fe840,FUN_100fe840,202,74,1,100fe840_FUN_100fe840
0x100fe90c,FUN_100fe90c,20,8,1,100fe90c_FUN_100fe90c
0x100fe96c,FUN_100fe96c,264,99,1,100fe96c_FUN_100fe96c
0x100feac0,FUN_100feac0,156,52,1,100feac0_FUN_100feac0
0x100feb5c,FUN_100feb5c,22,9,1,100feb5c_FUN_100feb5c
0x100feb74,FUN_100feb74,24,11,1,100feb74_FUN_100feb74
0x100feb8c,FUN_100feb8c,102,46,1,100feb8c_FUN_100feb8c
0x100febf4,FUN_100febf4,96,42,1,100febf4_FUN_100febf4
0x100fec54,FUN_100fec54,114,47,1,100fec54_FUN_100fec54
0x100fecc8,FUN_100fecc8,370,152,1,100fecc8_FUN_100fecc8
0x100fee48,FUN_100fee48,228,88,1,100fee48_FUN_100fee48
0x100fefa4,FUN_100fefa4,590,208,1,100fefa4_FUN_100fefa4
0x100ff208,FUN_100ff208,38,15,1,100ff208_FUN_100ff208
0x100ff238,FUN_100ff238,138,51,1,100ff238_FUN_100ff238
0x100ff2d0,FUN_100ff2d0,64,27,1,100ff2d0_FUN_100ff2d0
0x100ff31c,FUN_100ff31c,202,78,1,100ff31c_FUN_100ff31c
0x100ff3ec,FUN_100ff3ec,282,107,1,100ff3ec_FUN_100ff3ec
0x100ff648,FUN_100ff648,1862,703,1,100ff648_FUN_100ff648
0x100ffdd8,FUN_100ffdd8,110,50,1,100ffdd8_FUN_100ffdd8
0x100ffe48,FUN_100ffe48,380,147,1,100ffe48_FUN_100ffe48
0x101004ec,FUN_101004ec,106,45,1,101004ec_FUN_101004ec
0x10100558,FUN_10100558,194,76,1,10100558_FUN_10100558
0x10100968,FUN_10100968,428,170,1,10100968_FUN_10100968
0x10100c00,FUN_10100c00,620,247,1,10100c00_FUN_10100c00
0x10100f24,FUN_10100f24,50,19,1,10100f24_FUN_10100f24
0x10100f5c,FUN_10100f5c,128,50,1,10100f5c_FUN_10100f5c
0x10100fdc,FUN_10100fdc,98,42,1,10100fdc_FUN_10100fdc
0x10101040,FUN_10101040,38,15,1,10101040_FUN_10101040
0x10101070,FUN_10101070,22,9,1,10101070_FUN_10101070
0x10101088,FUN_10101088,444,162,1,10101088_FUN_10101088
0x10101344,FUN_10101344,130,50,1,10101344_FUN_10101344
0x101013c8,FUN_101013c8,134,53,1,101013c8_FUN_101013c8
0x10101450,FUN_10101450,168,67,1,10101450_FUN_10101450
0x101014f8,FUN_101014f8,666,242,1,101014f8_FUN_101014f8
0x10101794,FUN_10101794,322,124,1,10101794_FUN_10101794
0x101018d8,FUN_101018d8,270,103,1,101018d8_FUN_101018d8
0x101019e8,FUN_101019e8,258,101,1,101019e8_FUN_101019e8
0x10101aec,FUN_10101aec,7148,2745,1,10101aec_FUN_10101aec
0x10103738,FUN_10103738,1842,687,1,10103738_FUN_10103738
0x10103f90,FUN_10103f90,108,45,1,10103f90_FUN_10103f90
0x10104024,FUN_10104024,1072,409,1,10104024_FUN_10104024
0x10104468,FUN_10104468,180,67,1,10104468_FUN_10104468
0x10104568,FUN_10104568,52,21,1,10104568_FUN_10104568
0x1010459c,FUN_1010459c,762,310,1,1010459c_FUN_1010459c
0x10104910,FUN_10104910,492,194,1,10104910_FUN_10104910
0x10104afc,FUN_10104afc,806,295,1,10104afc_FUN_10104afc
0x10104e24,FUN_10104e24,494,165,1,10104e24_FUN_10104e24
0x10105038,FUN_10105038,272,100,1,10105038_FUN_10105038
0x10105148,FUN_10105148,28,12,1,10105148_FUN_10105148
0x10105164,FUN_10105164,20,8,1,10105164_FUN_10105164
0x101052b0,FUN_101052b0,26,9,1,101052b0_FUN_101052b0
0x101053ec,FUN_101053ec,76,26,1,101053ec_FUN_101053ec
0x10105438,FUN_10105438,152,62,1,10105438_FUN_10105438
0x10105540,FUN_10105540,238,78,1,10105540_FUN_10105540
0x10105658,FUN_10105658,106,43,1,10105658_FUN_10105658
0x101056c8,FUN_101056c8,490,172,1,101056c8_FUN_101056c8
0x101058b4,FUN_101058b4,182,72,1,101058b4_FUN_101058b4
0x10105990,FUN_10105990,156,63,1,10105990_FUN_10105990
0x10105a2c,FUN_10105a2c,94,34,1,10105a2c_FUN_10105a2c
0x10105a8c,FUN_10105a8c,118,45,1,10105a8c_FUN_10105a8c
0x10105b04,FUN_10105b04,242,81,1,10105b04_FUN_10105b04
0x10105bf8,FUN_10105bf8,660,232,1,10105bf8_FUN_10105bf8
0x10105e8c,FUN_10105e8c,146,42,1,10105e8c_FUN_10105e8c
0x10105fe0,FUN_10105fe0,1992,764,1,10105fe0_FUN_10105fe0
0x10106800,FUN_10106800,508,181,1,10106800_FUN_10106800
0x101069fc,FUN_101069fc,26,12,1,101069fc_FUN_101069fc
0x10106a44,FUN_10106a44,102,40,1,10106a44_FUN_10106a44
0x10106aac,FUN_10106aac,494,168,1,10106aac_FUN_10106aac
0x10106c9c,FUN_10106c9c,278,105,1,10106c9c_FUN_10106c9c
0x10106db4,FUN_10106db4,522,160,1,10106db4_FUN_10106db4
0x10106fc0,FUN_10106fc0,878,311,1,10106fc0_FUN_10106fc0
0x10107330,FUN_10107330,60,27,1,10107330_FUN_10107330
0x10107374,FUN_10107374,56,25,1,10107374_FUN_10107374
0x101073ac,FUN_101073ac,420,141,1,101073ac_FUN_101073ac
0x10107550,FUN_10107550,66,24,1,10107550_FUN_10107550
0x10107594,FUN_10107594,186,68,1,10107594_FUN_10107594
0x10107650,FUN_10107650,184,73,1,10107650_FUN_10107650
0x10107708,FUN_10107708,152,64,1,10107708_FUN_10107708
0x101077a0,FUN_101077a0,260,79,1,101077a0_FUN_101077a0
0x101078a4,FUN_101078a4,506,162,1,101078a4_FUN_101078a4
0x10107aa0,FUN_10107aa0,284,87,1,10107aa0_FUN_10107aa0
0x10107bbc,FUN_10107bbc,138,43,1,10107bbc_FUN_10107bbc
0x10107c48,FUN_10107c48,142,41,1,10107c48_FUN_10107c48
0x10107cd8,FUN_10107cd8,148,46,1,10107cd8_FUN_10107cd8
0x10107d6c,FUN_10107d6c,2848,951,1,10107d6c_FUN_10107d6c
0x1010ab90,FUN_1010ab90,162,59,1,1010ab90_FUN_1010ab90
0x1010ac34,FUN_1010ac34,2510,827,1,1010ac34_FUN_1010ac34
0x1010b62c,FUN_1010b62c,46,18,1,1010b62c_FUN_1010b62c
0x1010b660,FUN_1010b660,208,76,1,1010b660_FUN_1010b660
0x1010b738,FUN_1010b738,166,58,1,1010b738_FUN_1010b738
0x1010b7e8,FUN_1010b7e8,208,85,1,1010b7e8_FUN_1010b7e8
0x1010b9ec,FUN_1010b9ec,246,97,1,1010b9ec_FUN_1010b9ec
0x1010bbe8,FUN_1010bbe8,242,99,1,1010bbe8_FUN_1010bbe8
0x1010bce0,FUN_1010bce0,334,138,1,1010bce0_FUN_1010bce0
0x1010c09c,FUN_1010c09c,212,72,1,1010c09c_FUN_1010c09c
0x1010c174,FUN_1010c174,140,48,1,1010c174_FUN_1010c174
0x1010c204,FUN_1010c204,202,68,1,1010c204_FUN_1010c204
0x1010c228,FUN_1010c228,332,98,1,1010c228_FUN_1010c228
0x1010c378,FUN_1010c378,290,83,1,1010c378_FUN_1010c378
0x1010c4a0,FUN_1010c4a0,16,8,1,1010c4a0_FUN_1010c4a0
0x1010c4b4,FUN_1010c4b4,606,250,1,1010c4b4_FUN_1010c4b4
0x1010c720,FUN_1010c720,168,69,1,1010c720_FUN_1010c720
0x1010c7cc,FUN_1010c7cc,136,50,1,1010c7cc_FUN_1010c7cc
0x1010c85c,FUN_1010c85c,124,50,1,1010c85c_FUN_1010c85c
0x1010c8e8,FUN_1010c8e8,462,160,1,1010c8e8_FUN_1010c8e8
0x1010cac8,FUN_1010cac8,104,36,1,1010cac8_FUN_1010cac8
0x1010cb38,FUN_1010cb38,96,35,1,1010cb38_FUN_1010cb38
0x1010cba0,FUN_1010cba0,792,296,1,1010cba0_FUN_1010cba0
0x1010d108,FUN_1010d108,744,256,1,1010d108_FUN_1010d108
0x1010d404,FUN_1010d404,2294,785,1,1010d404_FUN_1010d404
0x1010dd20,FUN_1010dd20,2402,831,1,1010dd20_FUN_1010dd20
0x1010e6ac,FUN_1010e6ac,634,205,1,1010e6ac_FUN_1010e6ac
0x1010e930,FUN_1010e930,34,11,1,1010e930_FUN_1010e930
0x1010e958,FUN_1010e958,42,18,1,1010e958_FUN_1010e958
0x1010e9a0,FUN_1010e9a0,30,11,1,1010e9a0_FUN_1010e9a0
0x1010e9c4,FUN_1010e9c4,54,22,1,1010e9c4_FUN_1010e9c4
0x1010ea00,FUN_1010ea00,34,12,1,1010ea00_FUN_1010ea00
0x1010ea30,FUN_1010ea30,38,12,1,1010ea30_FUN_1010ea30
0x1010ea5c,FUN_1010ea5c,384,133,1,1010ea5c_FUN_1010ea5c
0x1010ebfc,FUN_1010ebfc,300,112,1,1010ebfc_FUN_1010ebfc
0x1010ed48,FUN_1010ed48,298,92,1,1010ed48_FUN_1010ed48
0x1010ee7c,FUN_1010ee7c,108,35,1,1010ee7c_FUN_1010ee7c
0x1010ef00,FUN_1010ef00,208,75,1,1010ef00_FUN_1010ef00
0x1010efdc,FUN_1010efdc,1592,581,1,1010efdc_FUN_1010efdc
0x1010f628,FUN_1010f628,3150,1100,1,1010f628_FUN_1010f628
0x101102a8,FUN_101102a8,66,17,1,101102a8_FUN_101102a8
0x101102fc,FUN_101102fc,54,14,1,101102fc_FUN_101102fc
0x10110344,FUN_10110344,54,14,1,10110344_FUN_10110344
0x1011038c,FUN_1011038c,54,14,1,1011038c_FUN_1011038c
0x101103d4,FUN_101103d4,164,48,1,101103d4_FUN_101103d4
0x10110484,FUN_10110484,1472,477,1,10110484_FUN_10110484
0x10110a58,FUN_10110a58,82,36,1,10110a58_FUN_10110a58
0x10110ab0,FUN_10110ab0,446,140,1,10110ab0_FUN_10110ab0
0x10110c8c,FUN_10110c8c,698,220,1,10110c8c_FUN_10110c8c
0x10110f58,FUN_10110f58,180,54,1,10110f58_FUN_10110f58
0x10111010,FUN_10111010,200,59,1,10111010_FUN_10111010
0x101110dc,FUN_101110dc,574,183,1,101110dc_FUN_101110dc
0x10111324,FUN_10111324,4268,1451,1,10111324_FUN_10111324
0x10112418,FUN_10112418,452,162,1,10112418_FUN_10112418
0x10112e14,FUN_10112e14,80,35,1,10112e14_FUN_10112e14
0x10112e70,FUN_10112e70,12,6,1,10112e70_FUN_10112e70
0x10112e84,FUN_10112e84,88,40,1,10112e84_FUN_10112e84
0x10112f50,FUN_10112f50,8,4,1,10112f50_FUN_10112f50
0x101130d8,FUN_101130d8,86,33,1,101130d8_FUN_101130d8
0x10113184,FUN_10113184,40,17,1,10113184_FUN_10113184
0x101131bc,FUN_101131bc,192,73,1,101131bc_FUN_101131bc
0x101132fc,FUN_101132fc,214,74,1,101132fc_FUN_101132fc
0x10113464,FUN_10113464,92,36,1,10113464_FUN_10113464
0x101134c4,FUN_101134c4,80,31,1,101134c4_FUN_101134c4
0x10113528,FUN_10113528,56,22,1,10113528_FUN_10113528
0x10113564,FUN_10113564,28,11,1,10113564_FUN_10113564
0x10113584,FUN_10113584,62,30,1,10113584_FUN_10113584
0x101135f8,FUN_101135f8,124,48,1,101135f8_FUN_101135f8
0x1011368c,FUN_1011368c,56,21,1,1011368c_FUN_1011368c
0x101136cc,FUN_101136cc,296,104,1,101136cc_FUN_101136cc
0x1011380c,FUN_1011380c,140,55,1,1011380c_FUN_1011380c
0x101138ac,FUN_101138ac,218,80,1,101138ac_FUN_101138ac
0x101139a4,FUN_101139a4,22,10,1,101139a4_FUN_101139a4
0x10113a74,FUN_10113a74,230,83,1,10113a74_FUN_10113a74
0x10113b60,FUN_10113b60,92,33,1,10113b60_FUN_10113b60
0x10113bf4,FUN_10113bf4,88,31,1,10113bf4_FUN_10113bf4
0x10113c54,FUN_10113c54,164,60,1,10113c54_FUN_10113c54
0x10113cfc,FUN_10113cfc,280,105,1,10113cfc_FUN_10113cfc
0x10113e2c,FUN_10113e2c,274,108,1,10113e2c_FUN_10113e2c
0x10113f68,FUN_10113f68,100,38,1,10113f68_FUN_10113f68
0x10113fd0,FUN_10113fd0,72,24,1,10113fd0_FUN_10113fd0
0x1011401c,FUN_1011401c,122,44,1,1011401c_FUN_1011401c
0x101140ac,FUN_101140ac,66,21,1,101140ac_FUN_101140ac
0x101140f4,FUN_101140f4,104,37,1,101140f4_FUN_101140f4
0x10114330,FUN_10114330,54,23,1,10114330_FUN_10114330
0x1011436c,FUN_1011436c,186,76,1,1011436c_FUN_1011436c
0x10114438,FUN_10114438,72,31,1,10114438_FUN_10114438
0x10114490,FUN_10114490,90,32,1,10114490_FUN_10114490
0x101144f8,FUN_101144f8,8,3,1,101144f8_FUN_101144f8
0x10114504,FUN_10114504,214,77,1,10114504_FUN_10114504
0x101145f4,FUN_101145f4,220,79,1,101145f4_FUN_101145f4
0x101146e4,FUN_101146e4,86,33,1,101146e4_FUN_101146e4
0x101147e4,FUN_101147e4,118,43,1,101147e4_FUN_101147e4
0x1011486c,FUN_1011486c,8,3,1,1011486c_FUN_1011486c
0x10114878,FUN_10114878,72,24,1,10114878_FUN_10114878
0x101148cc,FUN_101148cc,192,67,1,101148cc_FUN_101148cc
0x101149a0,FUN_101149a0,34,14,1,101149a0_FUN_101149a0
0x10114a14,FUN_10114a14,32,12,1,10114a14_FUN_10114a14
0x10114a38,FUN_10114a38,112,43,1,10114a38_FUN_10114a38
0x10114ac0,FUN_10114ac0,54,21,1,10114ac0_FUN_10114ac0
0x10114b08,FUN_10114b08,58,23,1,10114b08_FUN_10114b08
0x10114b50,FUN_10114b50,90,40,1,10114b50_FUN_10114b50
0x10114cf4,FUN_10114cf4,136,56,1,10114cf4_FUN_10114cf4
0x10114d90,FUN_10114d90,56,18,1,10114d90_FUN_10114d90
0x10114dcc,FUN_10114dcc,56,18,1,10114dcc_FUN_10114dcc
0x10114e08,FUN_10114e08,46,18,1,10114e08_FUN_10114e08
0x10114e40,FUN_10114e40,114,49,1,10114e40_FUN_10114e40
0x10114ec4,FUN_10114ec4,70,22,1,10114ec4_FUN_10114ec4
0x10114f10,FUN_10114f10,70,28,1,10114f10_FUN_10114f10
0x10114f68,FUN_10114f68,32,12,1,10114f68_FUN_10114f68
0x10114f90,FUN_10114f90,176,70,1,10114f90_FUN_10114f90
0x10115078,FUN_10115078,96,34,1,10115078_FUN_10115078
0x101150e0,FUN_101150e0,130,45,1,101150e0_FUN_101150e0
0x1011517c,FUN_1011517c,76,28,1,1011517c_FUN_1011517c
0x10115194,FUN_10115194,152,52,1,10115194_FUN_10115194
0x10115218,FUN_10115218,194,73,1,10115218_FUN_10115218
0x101152fc,FUN_101152fc,222,79,1,101152fc_FUN_101152fc
0x101153fc,FUN_101153fc,82,30,1,101153fc_FUN_101153fc
0x10115464,FUN_10115464,6,3,1,10115464_FUN_10115464
0x10115470,FUN_10115470,26,12,1,10115470_FUN_10115470
0x10115574,FUN_10115574,164,59,1,10115574_FUN_10115574
0x10115630,FUN_10115630,30,12,1,10115630_FUN_10115630
0x10115654,FUN_10115654,38,15,1,10115654_FUN_10115654
0x101156a0,FUN_101156a0,14,6,1,101156a0_FUN_101156a0
0x101156b4,FUN_101156b4,48,19,1,101156b4_FUN_101156b4
0x101156e8,FUN_101156e8,80,33,1,101156e8_FUN_101156e8
0x10115740,FUN_10115740,296,102,1,10115740_FUN_10115740
0x10115958,FUN_10115958,48,15,1,10115958_FUN_10115958
0x1011598c,FUN_1011598c,40,16,1,1011598c_FUN_1011598c
0x101159bc,FUN_101159bc,118,38,1,101159bc_FUN_101159bc
0x10115a38,FUN_10115a38,204,67,1,10115a38_FUN_10115a38
0x10115b08,FUN_10115b08,306,117,1,10115b08_FUN_10115b08
0x10115c84,FUN_10115c84,482,199,1,10115c84_FUN_10115c84
0x10115ecc,FUN_10115ecc,232,86,1,10115ecc_FUN_10115ecc
0x10115fc4,FUN_10115fc4,136,56,1,10115fc4_FUN_10115fc4
0x1011606c,FUN_1011606c,294,101,1,1011606c_FUN_1011606c
0x101162c8,FUN_101162c8,152,63,1,101162c8_FUN_101162c8
0x10116468,FUN_10116468,46,19,1,10116468_FUN_10116468
0x101164a0,FUN_101164a0,76,29,1,101164a0_FUN_101164a0
0x10116500,FUN_10116500,130,52,1,10116500_FUN_10116500
0x10116598,FUN_10116598,50,20,1,10116598_FUN_10116598
0x101165e0,FUN_101165e0,76,33,1,101165e0_FUN_101165e0
0x10116640,FUN_10116640,36,14,1,10116640_FUN_10116640
0x10116668,FUN_10116668,116,47,1,10116668_FUN_10116668
0x101166e0,FUN_101166e0,10,4,1,101166e0_FUN_101166e0
0x101166f8,FUN_101166f8,18,5,1,101166f8_FUN_101166f8
0x1011670c,FUN_1011670c,134,43,1,1011670c_FUN_1011670c
0x1011679c,FUN_1011679c,14,4,1,1011679c_FUN_1011679c
0x101167ac,FUN_101167ac,138,45,1,101167ac_FUN_101167ac
0x10116944,FUN_10116944,112,39,1,10116944_FUN_10116944
0x101169b8,FUN_101169b8,100,31,1,101169b8_FUN_101169b8
0x10116a20,FUN_10116a20,72,23,1,10116a20_FUN_10116a20
0x10116d2c,FUN_10116d2c,376,145,1,10116d2c_FUN_10116d2c
0x10116eac,FUN_10116eac,506,133,1,10116eac_FUN_10116eac
0x101170ec,FUN_101170ec,562,174,1,101170ec_FUN_101170ec
0x10117358,FUN_10117358,6,2,1,10117358_FUN_10117358
0x10117360,FUN_10117360,226,63,1,10117360_FUN_10117360
0x10117464,FUN_10117464,1642,557,1,10117464_FUN_10117464
0x10117af4,FUN_10117af4,114,31,1,10117af4_FUN_10117af4
0x10117b84,FUN_10117b84,6,2,1,10117b84_FUN_10117b84
0x10117b98,FUN_10117b98,212,72,1,10117b98_FUN_10117b98
0x10117c88,FUN_10117c88,42,18,1,10117c88_FUN_10117c88
0x10117cc4,FUN_10117cc4,32,13,1,10117cc4_FUN_10117cc4
0x10117e44,FUN_10117e44,10,4,1,10117e44_FUN_10117e44
0x10117e54,FUN_10117e54,10,4,1,10117e54_FUN_10117e54
0x10117e64,FUN_10117e64,154,73,1,10117e64_FUN_10117e64
0x10117f04,FUN_10117f04,170,75,1,10117f04_FUN_10117f04
0x10117fb8,FUN_10117fb8,574,238,1,10117fb8_FUN_10117fb8
0x10118218,FUN_10118218,1106,447,1,10118218_FUN_10118218
0x10118684,FUN_10118684,490,212,1,10118684_FUN_10118684
0x101188d0,FUN_101188d0,44,19,1,101188d0_FUN_101188d0
0x101189fc,FUN_101189fc,28,13,1,101189fc_FUN_101189fc
0x10118a1c,FUN_10118a1c,98,41,1,10118a1c_FUN_10118a1c
0x10118a84,FUN_10118a84,56,24,1,10118a84_FUN_10118a84
0x10118ac4,FUN_10118ac4,62,27,1,10118ac4_FUN_10118ac4
0x10118c74,FUN_10118c74,270,108,1,10118c74_FUN_10118c74
0x10118d7c,FUN_10118d7c,254,99,1,10118d7c_FUN_10118d7c
0x10118d90,FUN_10118d90,24,10,1,10118d90_FUN_10118d90
0x10118dd8,FUN_10118dd8,52,22,1,10118dd8_FUN_10118dd8
0x10118eb4,FUN_10118eb4,202,87,1,10118eb4_FUN_10118eb4
0x10118fb0,FUN_10118fb0,260,119,1,10118fb0_FUN_10118fb0
0x101190b8,FUN_101190b8,108,49,1,101190b8_FUN_101190b8
0x10119130,FUN_10119130,54,24,1,10119130_FUN_10119130
0x10119184,FUN_10119184,6,2,1,10119184_FUN_10119184
0x10119190,FUN_10119190,6,2,1,10119190_FUN_10119190
0x1011919c,FUN_1011919c,6,2,1,1011919c_FUN_1011919c
0x101191b4,FUN_101191b4,108,43,1,101191b4_FUN_101191b4
0x10119224,FUN_10119224,130,50,1,10119224_FUN_10119224
0x101192b0,FUN_101192b0,4,2,1,101192b0_FUN_101192b0
0x101192b8,FUN_101192b8,32,15,1,101192b8_FUN_101192b8
0x101192dc,FUN_101192dc,124,51,1,101192dc_FUN_101192dc
0x1011935c,FUN_1011935c,6,2,1,1011935c_FUN_1011935c
0x10119368,FUN_10119368,6,2,1,10119368_FUN_10119368
0x10119374,FUN_10119374,118,49,1,10119374_FUN_10119374
0x101193f4,FUN_101193f4,60,25,1,101193f4_FUN_101193f4
0x10119438,FUN_10119438,140,52,1,10119438_FUN_10119438
0x101194cc,FUN_101194cc,34,14,1,101194cc_FUN_101194cc
0x101194f8,FUN_101194f8,324,115,1,101194f8_FUN_101194f8
0x10119644,FUN_10119644,166,64,1,10119644_FUN_10119644
0x101196f8,FUN_101196f8,206,75,1,101196f8_FUN_101196f8
0x101197d0,FUN_101197d0,280,101,1,101197d0_FUN_101197d0
0x101198f0,FUN_101198f0,176,66,1,101198f0_FUN_101198f0
0x101199a8,FUN_101199a8,490,200,1,101199a8_FUN_101199a8
0x10119ba8,FUN_10119ba8,32,15,1,10119ba8_FUN_10119ba8
0x10119bcc,FUN_10119bcc,120,52,1,10119bcc_FUN_10119bcc
0x10119c00,FUN_10119c00,30,14,1,10119c00_FUN_10119c00
0x10119c24,FUN_10119c24,28,13,1,10119c24_FUN_10119c24
0x10119c46,FUN_10119c46,66,28,1,10119c46_FUN_10119c46
0x10119c88,FUN_10119c88,48,20,1,10119c88_FUN_10119c88
0x10119cb8,FUN_10119cb8,26,12,1,10119cb8_FUN_10119cb8
0x10119cd2,FUN_10119cd2,86,33,1,10119cd2_FUN_10119cd2
0x10119d28,FUN_10119d28,116,42,1,10119d28_FUN_10119d28
0x10119d9c,FUN_10119d9c,38,19,1,10119d9c_FUN_10119d9c
0x10119dc2,FUN_10119dc2,26,10,1,10119dc2_FUN_10119dc2
0x10119ddc,FUN_10119ddc,26,10,1,10119ddc_FUN_10119ddc
0x10119df6,FUN_10119df6,46,19,1,10119df6_FUN_10119df6
0x10119e24,FUN_10119e24,22,7,1,10119e24_FUN_10119e24
0x10119e3a,FUN_10119e3a,12,5,1,10119e3a_FUN_10119e3a
0x10119e46,FUN_10119e46,48,18,1,10119e46_FUN_10119e46
0x10119e76,FUN_10119e76,20,9,1,10119e76_FUN_10119e76
0x10119e8a,FUN_10119e8a,8,3,1,10119e8a_FUN_10119e8a
0x10119e92,FUN_10119e92,24,9,1,10119e92_FUN_10119e92
0x10119eaa,FUN_10119eaa,62,25,1,10119eaa_FUN_10119eaa
0x10119ee8,FUN_10119ee8,46,18,1,10119ee8_FUN_10119ee8
0x10119f16,FUN_10119f16,136,53,1,10119f16_FUN_10119f16
0x10119f9e,FUN_10119f9e,90,36,1,10119f9e_FUN_10119f9e
0x10119ff8,FUN_10119ff8,22,7,1,10119ff8_FUN_10119ff8
0x1011a00e,FUN_1011a00e,12,5,1,1011a00e_FUN_1011a00e
0x1011a01a,FUN_1011a01a,12,5,1,1011a01a_FUN_1011a01a
0x1011a026,FUN_1011a026,26,11,1,1011a026_FUN_1011a026
0x1011a040,FUN_1011a040,26,10,1,1011a040_FUN_1011a040
0x1011a060,FUN_1011a060,428,161,1,1011a060_FUN_1011a060
0x1011a066,FUN_1011a066,16,6,1,1011a066_FUN_1011a066
0x1011a076,FUN_1011a076,6,2,1,1011a076_FUN_1011a076
0x1011a07c,FUN_1011a07c,34,13,1,1011a07c_FUN_1011a07c
0x1011a09e,FUN_1011a09e,30,11,1,1011a09e_FUN_1011a09e
0x1011a0bc,FUN_1011a0bc,12,5,1,1011a0bc_FUN_1011a0bc
0x1011a0c8,FUN_1011a0c8,92,37,1,1011a0c8_FUN_1011a0c8
0x1011a124,FUN_1011a124,60,24,1,1011a124_FUN_1011a124
0x1011a160,FUN_1011a160,86,36,1,1011a160_FUN_1011a160
0x1011a1b6,FUN_1011a1b6,58,26,1,1011a1b6_FUN_1011a1b6
0x1011a1f0,FUN_1011a1f0,14,5,1,1011a1f0_FUN_1011a1f0
0x1011a1fe,FUN_1011a1fe,608,246,1,1011a1fe_FUN_1011a1fe
0x1011a45e,FUN_1011a45e,6,2,1,1011a45e_FUN_1011a45e
0x1011a464,FUN_1011a464,74,29,1,1011a464_FUN_1011a464
0x1011a4ae,FUN_1011a4ae,48,23,1,1011a4ae_FUN_1011a4ae
0x1011a4de,FUN_1011a4de,26,12,1,1011a4de_FUN_1011a4de
0x1011a4f8,FUN_1011a4f8,40,19,1,1011a4f8_FUN_1011a4f8
0x1011a520,FUN_1011a520,130,60,1,1011a520_FUN_1011a520
0x1011a5a2,FUN_1011a5a2,24,11,1,1011a5a2_FUN_1011a5a2
0x1011a5de,FUN_1011a5de,250,103,1,1011a5de_FUN_1011a5de
0x1011a5e6,FUN_1011a5e6,152,67,1,1011a5e6_FUN_1011a5e6
0x1011a5ec,FUN_1011a5ec,114,49,1,1011a5ec_FUN_1011a5ec
0x1011a5f2,thunk_FUN_1011a4f8,4,1,1,1011a5f2_thunk_FUN_1011a4f8
0x1011a5f6,FUN_1011a5f6,6,2,1,1011a5f6_FUN_1011a5f6
0x1011a5fc,FUN_1011a5fc,44,19,1,1011a5fc_FUN_1011a5fc
0x1011a628,FUN_1011a628,14,6,1,1011a628_FUN_1011a628
0x1011a636,FUN_1011a636,14,6,1,1011a636_FUN_1011a636
0x1011a644,FUN_1011a644,14,6,1,1011a644_FUN_1011a644
0x1011a654,FUN_1011a654,8,3,1,1011a654_FUN_1011a654
0x1011a65c,thunk_FUN_1011598c,4,1,1,1011a65c_thunk_FUN_1011598c
0x1011a668,FUN_1011a668,38,14,1,1011a668_FUN_1011a668
0x1011a68e,FUN_1011a68e,18,6,1,1011a68e_FUN_1011a68e
0x1011a6a0,FUN_1011a6a0,60,25,1,1011a6a0_FUN_1011a6a0
0x1011a6dc,FUN_1011a6dc,64,21,1,1011a6dc_FUN_1011a6dc
0x1011a71c,FUN_1011a71c,32,13,1,1011a71c_FUN_1011a71c
0x1011a866,thunk_FUN_1011598c,4,1,1,1011a866_thunk_FUN_1011598c
0x1011a86a,FUN_1011a86a,16,6,1,1011a86a_FUN_1011a86a
0x1011a87a,FUN_1011a87a,12,4,1,1011a87a_FUN_1011a87a
0x1011a886,FUN_1011a886,40,14,1,1011a886_FUN_1011a886
0x1011a8ae,FUN_1011a8ae,40,14,1,1011a8ae_FUN_1011a8ae
0x1011a8d6,FUN_1011a8d6,28,10,1,1011a8d6_FUN_1011a8d6
0x1011a8f2,FUN_1011a8f2,16,6,1,1011a8f2_FUN_1011a8f2
0x1011a902,FUN_1011a902,36,13,1,1011a902_FUN_1011a902
0x1011a926,FUN_1011a926,20,7,1,1011a926_FUN_1011a926
0x1011a93a,FUN_1011a93a,68,23,1,1011a93a_FUN_1011a93a
0x1011a97e,FUN_1011a97e,16,6,1,1011a97e_FUN_1011a97e
0x1011a98e,FUN_1011a98e,16,7,1,1011a98e_FUN_1011a98e
0x1011a99e,FUN_1011a99e,8,3,1,1011a99e_FUN_1011a99e
0x1011a9a6,thunk_FUN_1007a850,4,1,1,1011a9a6_thunk_FUN_1007a850
0x1011a9aa,FUN_1011a9aa,42,13,1,1011a9aa_FUN_1011a9aa
0x1011aa06,FUN_1011aa06,64,22,1,1011aa06_FUN_1011aa06
0x1011aa14,FUN_1011aa14,16,5,1,1011aa14_FUN_1011aa14
0x1011aa24,FUN_1011aa24,16,5,1,1011aa24_FUN_1011aa24
0x1011aa34,FUN_1011aa34,72,28,1,1011aa34_FUN_1011aa34
0x1011aa7c,FUN_1011aa7c,540,209,1,1011aa7c_FUN_1011aa7c
0x1011aa9a,FUN_1011aa9a,22,8,1,1011aa9a_FUN_1011aa9a
0x1011aab0,FUN_1011aab0,8,3,1,1011aab0_FUN_1011aab0
0x1011aab8,FUN_1011aab8,6,2,1,1011aab8_FUN_1011aab8
0x1011aabe,FUN_1011aabe,6,2,1,1011aabe_FUN_1011aabe
0x1011aafc,FUN_1011aafc,22,7,1,1011aafc_FUN_1011aafc
0x1011ab12,FUN_1011ab12,22,7,1,1011ab12_FUN_1011ab12
0x1011ab56,thunk_FUN_10113e2c,4,1,1,1011ab56_thunk_FUN_10113e2c
0x1011ab5a,FUN_1011ab5a,12,5,1,1011ab5a_FUN_1011ab5a
0x1011ab66,FUN_1011ab66,26,10,1,1011ab66_FUN_1011ab66
0x1011ab80,FUN_1011ab80,32,11,1,1011ab80_FUN_1011ab80
0x1011aba0,FUN_1011aba0,32,11,1,1011aba0_FUN_1011aba0
0x1011abc0,FUN_1011abc0,32,11,1,1011abc0_FUN_1011abc0
0x1011abe0,FUN_1011abe0,32,11,1,1011abe0_FUN_1011abe0
0x1011ac40,thunk_FUN_10113cfc,4,1,1,1011ac40_thunk_FUN_10113cfc
0x1011ac58,FUN_1011ac58,26,10,1,1011ac58_FUN_1011ac58
0x1011ac72,FUN_1011ac72,42,13,1,1011ac72_FUN_1011ac72
0x1011aca2,FUN_1011aca2,24,12,1,1011aca2_FUN_1011aca2
0x1011acba,FUN_1011acba,56,26,1,1011acba_FUN_1011acba
0x1011acf2,FUN_1011acf2,12,5,1,1011acf2_FUN_1011acf2
0x1011acfe,FUN_1011acfe,30,11,1,1011acfe_FUN_1011acfe
0x1011ad1c,FUN_1011ad1c,22,9,1,1011ad1c_FUN_1011ad1c
0x1011ad32,FUN_1011ad32,44,18,1,1011ad32_FUN_1011ad32
0x1011ad5e,FUN_1011ad5e,78,32,1,1011ad5e_FUN_1011ad5e
0x1011adac,FUN_1011adac,86,36,1,1011adac_FUN_1011adac
0x1011ae02,FUN_1011ae02,92,37,1,1011ae02_FUN_1011ae02
0x1011ae5e,FUN_1011ae5e,26,10,1,1011ae5e_FUN_1011ae5e
0x1011ae78,FUN_1011ae78,44,18,1,1011ae78_FUN_1011ae78
0x1011aea4,FUN_1011aea4,44,18,1,1011aea4_FUN_1011aea4
0x1011af24,FUN_1011af24,86,37,1,1011af24_FUN_1011af24
0x1011af68,FUN_1011af68,60,23,1,1011af68_FUN_1011af68
0x1011afa0,FUN_1011afa0,72,29,1,1011afa0_FUN_1011afa0
0x1011b0a8,FUN_1011b0a8,10,5,1,1011b0a8_FUN_1011b0a8
0x1011b0b2,FUN_1011b0b2,18,8,1,1011b0b2_FUN_1011b0b2
0x1011b0c4,FUN_1011b0c4,48,22,1,1011b0c4_FUN_1011b0c4
0x1011b0f4,FUN_1011b0f4,12,5,1,1011b0f4_FUN_1011b0f4
0x1011b100,FUN_1011b100,28,13,1,1011b100_FUN_1011b100
0x1011b11c,FUN_1011b11c,20,9,1,1011b11c_FUN_1011b11c
0x1011b130,FUN_1011b130,28,13,1,1011b130_FUN_1011b130
0x1011b14c,FUN_1011b14c,26,10,1,1011b14c_FUN_1011b14c
0x1011b224,FUN_1011b224,36,15,1,1011b224_FUN_1011b224
0x1011b24e,FUN_1011b24e,86,40,1,1011b24e_FUN_1011b24e
0x1011b2a4,FUN_1011b2a4,24,11,1,1011b2a4_FUN_1011b2a4
0x1011b2bc,FUN_1011b2bc,12,5,1,1011b2bc_FUN_1011b2bc
0x1011b2c8,FUN_1011b2c8,40,19,1,1011b2c8_FUN_1011b2c8
0x1011b2f0,FUN_1011b2f0,74,26,1,1011b2f0_FUN_1011b2f0
0x1011b33a,FUN_1011b33a,30,11,1,1011b33a_FUN_1011b33a
0x1011b358,FUN_1011b358,6,3,1,1011b358_FUN_1011b358
0x1011b4a2,FUN_1011b4a2,28,11,1,1011b4a2_FUN_1011b4a2
0x1011b4be,FUN_1011b4be,28,11,1,1011b4be_FUN_1011b4be
0x1011b508,FUN_1011b508,46,18,1,1011b508_FUN_1011b508
0x1011b536,FUN_1011b536,42,15,1,1011b536_FUN_1011b536
0x1011b560,FUN_1011b560,12,6,1,1011b560_FUN_1011b560
0x1011b56c,FUN_1011b56c,136,54,1,1011b56c_FUN_1011b56c
0x1011b5f4,FUN_1011b5f4,4,2,1,1011b5f4_FUN_1011b5f4
0x1011b5f8,FUN_1011b5f8,132,55,1,1011b5f8_FUN_1011b5f8
0x1011b696,FUN_1011b696,14,5,1,1011b696_FUN_1011b696
0x1011b6a4,FUN_1011b6a4,14,5,1,1011b6a4_FUN_1011b6a4
0x1011b6b2,FUN_1011b6b2,168,66,1,1011b6b2_FUN_1011b6b2
0x1011b6b8,FUN_1011b6b8,6,2,1,1011b6b8_FUN_1011b6b8
0x1011b6be,FUN_1011b6be,6,2,1,1011b6be_FUN_1011b6be
0x1011b6c4,FUN_1011b6c4,24,12,1,1011b6c4_FUN_1011b6c4
0x1011b6dc,FUN_1011b6dc,24,10,1,1011b6dc_FUN_1011b6dc
0x1011b72e,FUN_1011b72e,36,11,1,1011b72e_FUN_1011b72e
0x1011b7b0,FUN_1011b7b0,68,32,1,1011b7b0_FUN_1011b7b0
0x1011b81c,FUN_1011b81c,52,21,1,1011b81c_FUN_1011b81c
0x1011b850,FUN_1011b850,28,14,1,1011b850_FUN_1011b850
0x1011b86c,FUN_1011b86c,50,25,1,1011b86c_FUN_1011b86c
0x1011b89e,FUN_1011b89e,40,14,1,1011b89e_FUN_1011b89e
0x1011b8c6,FUN_1011b8c6,126,54,1,1011b8c6_FUN_1011b8c6
0x1011b96c,FUN_1011b96c,66,25,1,1011b96c_FUN_1011b96c
0x1011b9ae,FUN_1011b9ae,82,30,1,1011b9ae_FUN_1011b9ae
0x1011ba00,FUN_1011ba00,152,47,1,1011ba00_FUN_1011ba00
0x1011bade,FUN_1011bade,60,23,1,1011bade_FUN_1011bade
0x1011bb2e,FUN_1011bb2e,20,8,1,1011bb2e_FUN_1011bb2e
0x1011bb52,FUN_1011bb52,26,10,1,1011bb52_FUN_1011bb52
0x1011bb6c,FUN_1011bb6c,76,28,1,1011bb6c_FUN_1011bb6c
0x1011bc46,FUN_1011bc46,16,5,1,1011bc46_FUN_1011bc46
0x1011bc56,FUN_1011bc56,10,5,1,1011bc56_FUN_1011bc56
0x1011bc60,FUN_1011bc60,142,53,1,1011bc60_FUN_1011bc60
0x1011bd4a,FUN_1011bd4a,204,69,1,1011bd4a_FUN_1011bd4a
0x1011be5a,FUN_1011be5a,50,20,1,1011be5a_FUN_1011be5a
0x1011bea2,FUN_1011bea2,26,10,1,1011bea2_FUN_1011bea2
0x1011bebc,FUN_1011bebc,36,14,1,1011bebc_FUN_1011bebc
0x1011bee0,FUN_1011bee0,92,33,1,1011bee0_FUN_1011bee0
0x1011bf7e,FUN_1011bf7e,66,21,1,1011bf7e_FUN_1011bf7e
0x1011bfc0,FUN_1011bfc0,62,23,1,1011bfc0_FUN_1011bfc0
0x1011bffe,FUN_1011bffe,92,34,1,1011bffe_FUN_1011bffe
0x1011c05a,FUN_1011c05a,8,3,1,1011c05a_FUN_1011c05a
0x1011c062,FUN_1011c062,14,6,1,1011c062_FUN_1011c062
0x1011c098,FUN_1011c098,6,2,1,1011c098_FUN_1011c098
0x1011c09e,FUN_1011c09e,26,9,1,1011c09e_FUN_1011c09e
0x1011c0c4,FUN_1011c0c4,2,1,1,1011c0c4_FUN_1011c0c4
0x1011c0c6,FUN_1011c0c6,46,17,1,1011c0c6_FUN_1011c0c6
0x1011c0f4,FUN_1011c0f4,32,11,1,1011c0f4_FUN_1011c0f4
0x1011c114,FUN_1011c114,56,20,1,1011c114_FUN_1011c114
0x1011c14c,FUN_1011c14c,50,18,1,1011c14c_FUN_1011c14c
0x1011c188,FUN_1011c188,8,4,1,1011c188_FUN_1011c188
0x1011c190,FUN_1011c190,22,11,1,1011c190_FUN_1011c190
0x1011c1aa,FUN_1011c1aa,16,8,1,1011c1aa_FUN_1011c1aa
0x1011c1ba,FUN_1011c1ba,22,11,1,1011c1ba_FUN_1011c1ba
0x1011c1d0,FUN_1011c1d0,48,19,1,1011c1d0_FUN_1011c1d0
0x1011c200,thunk_FUN_10113e2c,4,1,1,1011c200_thunk_FUN_10113e2c
0x1011c204,thunk_FUN_10113cfc,4,1,1,1011c204_thunk_FUN_10113cfc
0x1011c208,FUN_1011c208,80,27,1,1011c208_FUN_1011c208
0x1011c28c,FUN_1011c28c,114,37,1,1011c28c_FUN_1011c28c
0x1011c2fe,FUN_1011c2fe,338,108,1,1011c2fe_FUN_1011c2fe
0x1011c450,thunk_FUN_1011598c,4,1,1,1011c450_thunk_FUN_1011598c
0x1011c454,FUN_1011c454,12,4,1,1011c454_FUN_1011c454
0x1011c460,FUN_1011c460,26,10,1,1011c460_FUN_1011c460
0x1011c47a,FUN_1011c47a,6,3,1,1011c47a_FUN_1011c47a
0x1011c480,FUN_1011c480,2,1,1,1011c480_FUN_1011c480
0x1011c482,FUN_1011c482,12,4,1,1011c482_FUN_1011c482
0x1011c48e,FUN_1011c48e,12,4,1,1011c48e_FUN_1011c48e
0x1011c4a2,FUN_1011c4a2,22,9,1,1011c4a2_FUN_1011c4a2
0x1011c4bc,FUN_1011c4bc,46,19,1,1011c4bc_FUN_1011c4bc
0x1011c4ea,FUN_1011c4ea,2,1,1,1011c4ea_FUN_1011c4ea
0x1011c526,FUN_1011c526,32,11,1,1011c526_FUN_1011c526
0x1011c588,FUN_1011c588,18,8,1,1011c588_FUN_1011c588
0x1011c59a,FUN_1011c59a,26,12,1,1011c59a_FUN_1011c59a
0x1011c5b4,thunk_FUN_1011ea48,4,1,1,1011c5b4_thunk_FUN_1011ea48
0x1011c5b8,FUN_1011c5b8,18,7,1,1011c5b8_FUN_1011c5b8
0x1011c5ca,FUN_1011c5ca,14,6,1,1011c5ca_FUN_1011c5ca
0x1011c5d8,FUN_1011c5d8,154,57,1,1011c5d8_FUN_1011c5d8
0x1011c672,FUN_1011c672,180,67,1,1011c672_FUN_1011c672
0x1011c726,FUN_1011c726,48,21,1,1011c726_FUN_1011c726
0x1011c756,FUN_1011c756,26,10,1,1011c756_FUN_1011c756
0x1011c770,FUN_1011c770,56,21,1,1011c770_FUN_1011c770
0x1011c7a8,FUN_1011c7a8,230,81,1,1011c7a8_FUN_1011c7a8
0x1011c88e,FUN_1011c88e,22,10,1,1011c88e_FUN_1011c88e
0x1011c8a4,FUN_1011c8a4,30,13,1,1011c8a4_FUN_1011c8a4
0x1011c8c2,FUN_1011c8c2,20,7,1,1011c8c2_FUN_1011c8c2
0x1011c8d6,FUN_1011c8d6,66,28,1,1011c8d6_FUN_1011c8d6
0x1011c918,FUN_1011c918,24,10,1,1011c918_FUN_1011c918
0x1011c930,FUN_1011c930,46,21,1,1011c930_FUN_1011c930
0x1011c95e,FUN_1011c95e,38,19,1,1011c95e_FUN_1011c95e
0x1011c984,FUN_1011c984,50,22,1,1011c984_FUN_1011c984
0x1011c9b6,FUN_1011c9b6,56,23,1,1011c9b6_FUN_1011c9b6
0x1011c9ee,FUN_1011c9ee,40,16,1,1011c9ee_FUN_1011c9ee
0x1011ca16,FUN_1011ca16,310,113,1,1011ca16_FUN_1011ca16
0x1011cb4c,FUN_1011cb4c,32,13,1,1011cb4c_FUN_1011cb4c
0x1011cb6c,FUN_1011cb6c,8,3,1,1011cb6c_FUN_1011cb6c
0x1011cb74,FUN_1011cb74,338,136,1,1011cb74_FUN_1011cb74
0x1011ccc6,FUN_1011ccc6,94,36,1,1011ccc6_FUN_1011ccc6
0x1011cd24,FUN_1011cd24,284,118,1,1011cd24_FUN_1011cd24
0x1011ce40,FUN_1011ce40,262,110,1,1011ce40_FUN_1011ce40
0x1011cf46,FUN_1011cf46,10,4,1,1011cf46_FUN_1011cf46
0x1011cf50,FUN_1011cf50,62,27,1,1011cf50_FUN_1011cf50
0x1011cf8e,FUN_1011cf8e,206,85,1,1011cf8e_FUN_1011cf8e
0x1011d05c,FUN_1011d05c,418,162,1,1011d05c_FUN_1011d05c
0x1011d1fe,FUN_1011d1fe,94,35,1,1011d1fe_FUN_1011d1fe
0x1011d25c,FUN_1011d25c,80,32,1,1011d25c_FUN_1011d25c
0x1011d2ac,FUN_1011d2ac,40,16,1,1011d2ac_FUN_1011d2ac
0x1011d2d4,FUN_1011d2d4,62,25,1,1011d2d4_FUN_1011d2d4
0x1011d312,FUN_1011d312,106,42,1,1011d312_FUN_1011d312
0x1011d3c2,FUN_1011d3c2,138,65,1,1011d3c2_FUN_1011d3c2
0x1011d44c,FUN_1011d44c,114,39,1,1011d44c_FUN_1011d44c
0x1011d4be,FUN_1011d4be,128,56,1,1011d4be_FUN_1011d4be
0x1011d53e,FUN_1011d53e,42,17,1,1011d53e_FUN_1011d53e
0x1011d568,FUN_1011d568,16,7,1,1011d568_FUN_1011d568
0x1011d578,FUN_1011d578,44,17,1,1011d578_FUN_1011d578
0x1011d5a4,FUN_1011d5a4,86,34,1,1011d5a4_FUN_1011d5a4
0x1011d5fa,FUN_1011d5fa,216,83,1,1011d5fa_FUN_1011d5fa
0x1011d6d2,FUN_1011d6d2,108,41,1,1011d6d2_FUN_1011d6d2
0x1011d73e,FUN_1011d73e,76,30,1,1011d73e_FUN_1011d73e
0x1011d78a,FUN_1011d78a,186,71,1,1011d78a_FUN_1011d78a
0x1011d844,FUN_1011d844,58,22,1,1011d844_FUN_1011d844
0x1011d87e,FUN_1011d87e,104,43,1,1011d87e_FUN_1011d87e
0x1011d8e6,FUN_1011d8e6,26,10,1,1011d8e6_FUN_1011d8e6
0x1011d900,FUN_1011d900,12,5,1,1011d900_FUN_1011d900
0x1011d90c,FUN_1011d90c,80,33,1,1011d90c_FUN_1011d90c
0x1011d95c,FUN_1011d95c,290,107,1,1011d95c_FUN_1011d95c
0x1011da7e,FUN_1011da7e,64,27,1,1011da7e_FUN_1011da7e
0x1011dabe,FUN_1011dabe,50,22,1,1011dabe_FUN_1011dabe
0x1011daf0,FUN_1011daf0,142,57,1,1011daf0_FUN_1011daf0
0x1011db7e,FUN_1011db7e,70,27,1,1011db7e_FUN_1011db7e
0x1011dbc4,FUN_1011dbc4,4,2,1,1011dbc4_FUN_1011dbc4
0x1011dbc8,FUN_1011dbc8,22,7,1,1011dbc8_FUN_1011dbc8
0x1011dbde,FUN_1011dbde,22,7,1,1011dbde_FUN_1011dbde
0x1011dbf4,FUN_1011dbf4,22,7,1,1011dbf4_FUN_1011dbf4
0x1011dc0a,FUN_1011dc0a,22,7,1,1011dc0a_FUN_1011dc0a
0x1011dc20,FUN_1011dc20,22,7,1,1011dc20_FUN_1011dc20
0x1011dc4c,thunk_FUN_1013c70e,4,1,1,1011dc4c_thunk_FUN_1013c70e
0x1011dc50,FUN_1011dc50,26,10,1,1011dc50_FUN_1011dc50
0x1011dc6a,FUN_1011dc6a,4,2,1,1011dc6a_FUN_1011dc6a
0x1011dc6e,FUN_1011dc6e,14,6,1,1011dc6e_FUN_1011dc6e
0x1011dc92,FUN_1011dc92,28,10,1,1011dc92_FUN_1011dc92
0x1011dcae,FUN_1011dcae,46,19,1,1011dcae_FUN_1011dcae
0x1011dcb6,FUN_1011dcb6,4,2,1,1011dcb6_FUN_1011dcb6
0x1011dcba,FUN_1011dcba,12,6,1,1011dcba_FUN_1011dcba
0x1011dcc6,FUN_1011dcc6,8,3,1,1011dcc6_FUN_1011dcc6
0x1011dcce,thunk_FUN_1012d2d0,4,1,1,1011dcce_thunk_FUN_1012d2d0
0x1011dcd2,thunk_FUN_1012d378,4,1,1,1011dcd2_thunk_FUN_1012d378
0x1011dcd6,thunk_FUN_1012d3ee,4,1,1,1011dcd6_thunk_FUN_1012d3ee
0x1011dcda,thunk_FUN_1012d48e,4,1,1,1011dcda_thunk_FUN_1012d48e
0x1011dcde,FUN_1011dcde,6,3,1,1011dcde_FUN_1011dcde
0x1011dce4,FUN_1011dce4,60,27,1,1011dce4_FUN_1011dce4
0x1011dd20,FUN_1011dd20,42,17,1,1011dd20_FUN_1011dd20
0x1011dd4a,FUN_1011dd4a,42,17,1,1011dd4a_FUN_1011dd4a
0x1011dd74,FUN_1011dd74,6,3,1,1011dd74_FUN_1011dd74
0x1011dd7a,FUN_1011dd7a,6,3,1,1011dd7a_FUN_1011dd7a
0x1011dd80,FUN_1011dd80,60,20,1,1011dd80_FUN_1011dd80
0x1011ddbc,FUN_1011ddbc,24,10,1,1011ddbc_FUN_1011ddbc
0x1011ddd4,FUN_1011ddd4,22,11,1,1011ddd4_FUN_1011ddd4
0x1011ddea,FUN_1011ddea,18,7,1,1011ddea_FUN_1011ddea
0x1011ddfc,FUN_1011ddfc,102,39,1,1011ddfc_FUN_1011ddfc
0x1011de62,FUN_1011de62,16,7,1,1011de62_FUN_1011de62
0x1011de72,FUN_1011de72,56,19,1,1011de72_FUN_1011de72
0x1011deaa,FUN_1011deaa,66,27,1,1011deaa_FUN_1011deaa
0x1011deec,FUN_1011deec,6,3,1,1011deec_FUN_1011deec
0x1011def2,thunk_FUN_10113e2c,4,1,1,1011def2_thunk_FUN_10113e2c
0x1011def6,FUN_1011def6,8,4,1,1011def6_FUN_1011def6
0x1011defe,FUN_1011defe,6,2,1,1011defe_FUN_1011defe
0x1011df04,FUN_1011df04,8,4,1,1011df04_FUN_1011df04
0x1011df0c,FUN_1011df0c,40,18,1,1011df0c_FUN_1011df0c
0x1011df34,FUN_1011df34,42,14,1,1011df34_FUN_1011df34
0x1011df5e,FUN_1011df5e,20,8,1,1011df5e_FUN_1011df5e
0x1011df72,FUN_1011df72,22,8,1,1011df72_FUN_1011df72
0x1011df88,FUN_1011df88,42,15,1,1011df88_FUN_1011df88
0x1011dfb2,FUN_1011dfb2,44,16,1,1011dfb2_FUN_1011dfb2
0x1011dfde,FUN_1011dfde,66,28,1,1011dfde_FUN_1011dfde
0x1011e020,FUN_1011e020,326,138,1,1011e020_FUN_1011e020
0x1011e166,FUN_1011e166,28,10,1,1011e166_FUN_1011e166
0x1011e1a8,FUN_1011e1a8,78,21,1,1011e1a8_FUN_1011e1a8
0x1011e1f6,FUN_1011e1f6,40,15,1,1011e1f6_FUN_1011e1f6
0x1011e21e,FUN_1011e21e,26,9,1,1011e21e_FUN_1011e21e
0x1011e238,FUN_1011e238,26,9,1,1011e238_FUN_1011e238
0x1011e252,FUN_1011e252,84,28,1,1011e252_FUN_1011e252
0x1011e2a6,FUN_1011e2a6,26,9,1,1011e2a6_FUN_1011e2a6
0x1011e2c0,FUN_1011e2c0,92,36,1,1011e2c0_FUN_1011e2c0
0x1011e31c,FUN_1011e31c,168,67,1,1011e31c_FUN_1011e31c
0x1011e4ee,FUN_1011e4ee,14,7,1,1011e4ee_FUN_1011e4ee
0x1011e4fc,FUN_1011e4fc,14,7,1,1011e4fc_FUN_1011e4fc
0x1011e50a,FUN_1011e50a,18,6,1,1011e50a_FUN_1011e50a
0x1011e51c,FUN_1011e51c,68,26,1,1011e51c_FUN_1011e51c
0x1011e560,FUN_1011e560,158,64,1,1011e560_FUN_1011e560
0x1011e5fe,FUN_1011e5fe,58,21,1,1011e5fe_FUN_1011e5fe
0x1011e638,FUN_1011e638,246,92,1,1011e638_FUN_1011e638
0x1011e72e,FUN_1011e72e,58,21,1,1011e72e_FUN_1011e72e
0x1011e768,FUN_1011e768,38,19,1,1011e768_FUN_1011e768
0x1011e78e,thunk_FUN_1012b19a,4,1,1,1011e78e_thunk_FUN_1012b19a
0x1011e792,thunk_FUN_10067470,4,1,1,1011e792_thunk_FUN_10067470
0x1011e796,FUN_1011e796,48,18,1,1011e796_FUN_1011e796
0x1011e7c6,FUN_1011e7c6,90,34,1,1011e7c6_FUN_1011e7c6
0x1011e820,FUN_1011e820,40,14,1,1011e820_FUN_1011e820
0x1011e848,FUN_1011e848,82,30,1,1011e848_FUN_1011e848
0x1011e89a,FUN_1011e89a,74,27,1,1011e89a_FUN_1011e89a
0x1011e8e4,FUN_1011e8e4,18,7,1,1011e8e4_FUN_1011e8e4
0x1011e8f6,FUN_1011e8f6,26,7,1,1011e8f6_FUN_1011e8f6
0x1011e910,FUN_1011e910,16,5,1,1011e910_FUN_1011e910
0x1011e920,FUN_1011e920,16,6,1,1011e920_FUN_1011e920
0x1011e930,FUN_1011e930,232,95,1,1011e930_FUN_1011e930
0x1011e93a,FUN_1011e93a,8,3,1,1011e93a_FUN_1011e93a
0x1011e942,FUN_1011e942,10,3,1,1011e942_FUN_1011e942
0x1011e94c,FUN_1011e94c,18,5,1,1011e94c_FUN_1011e94c
0x1011e9a2,FUN_1011e9a2,4,2,1,1011e9a2_FUN_1011e9a2
0x1011e9b4,FUN_1011e9b4,44,20,1,1011e9b4_FUN_1011e9b4
0x1011e9bc,FUN_1011e9bc,8,3,1,1011e9bc_FUN_1011e9bc
0x1011e9c4,FUN_1011e9c4,6,2,1,1011e9c4_FUN_1011e9c4
0x1011e9ca,FUN_1011e9ca,4,2,1,1011e9ca_FUN_1011e9ca
0x1011e9ce,FUN_1011e9ce,10,5,1,1011e9ce_FUN_1011e9ce
0x1011e9d8,FUN_1011e9d8,4,2,1,1011e9d8_FUN_1011e9d8
0x1011e9dc,FUN_1011e9dc,4,2,1,1011e9dc_FUN_1011e9dc
0x1011e9e0,FUN_1011e9e0,10,4,1,1011e9e0_FUN_1011e9e0
0x1011e9ea,thunk_FUN_10112f50,4,1,1,1011e9ea_thunk_FUN_10112f50
0x1011e9f0,FUN_1011e9f0,8,3,1,1011e9f0_FUN_1011e9f0
0x1011e9f8,FUN_1011e9f8,8,3,1,1011e9f8_FUN_1011e9f8
0x1011ea00,FUN_1011ea00,8,3,1,1011ea00_FUN_1011ea00
0x1011ea08,FUN_1011ea08,8,3,1,1011ea08_FUN_1011ea08
0x1011ea10,FUN_1011ea10,8,3,1,1011ea10_FUN_1011ea10
0x1011ea18,FUN_1011ea18,8,3,1,1011ea18_FUN_1011ea18
0x1011ea20,FUN_1011ea20,8,3,1,1011ea20_FUN_1011ea20
0x1011ea28,FUN_1011ea28,8,3,1,1011ea28_FUN_1011ea28
0x1011ea30,FUN_1011ea30,8,3,1,1011ea30_FUN_1011ea30
0x1011ea38,FUN_1011ea38,8,3,1,1011ea38_FUN_1011ea38
0x1011ea40,FUN_1011ea40,8,3,1,1011ea40_FUN_1011ea40
0x1011ea48,FUN_1011ea48,8,3,1,1011ea48_FUN_1011ea48
0x1011ea50,FUN_1011ea50,8,3,1,1011ea50_FUN_1011ea50
0x1011ea58,FUN_1011ea58,24,10,1,1011ea58_FUN_1011ea58
0x1011ea70,FUN_1011ea70,38,18,1,1011ea70_FUN_1011ea70
0x1011ea96,FUN_1011ea96,148,61,1,1011ea96_FUN_1011ea96
0x1011eb2a,FUN_1011eb2a,54,24,1,1011eb2a_FUN_1011eb2a
0x1011eb60,FUN_1011eb60,122,50,1,1011eb60_FUN_1011eb60
0x1011ebda,FUN_1011ebda,58,26,1,1011ebda_FUN_1011ebda
0x1011ec14,FUN_1011ec14,42,19,1,1011ec14_FUN_1011ec14
0x1011ec3e,FUN_1011ec3e,18,9,1,1011ec3e_FUN_1011ec3e
0x1011ec50,FUN_1011ec50,22,10,1,1011ec50_FUN_1011ec50
0x1011ec66,FUN_1011ec66,26,10,1,1011ec66_FUN_1011ec66
0x1011ec80,FUN_1011ec80,76,32,1,1011ec80_FUN_1011ec80
0x1011ed20,FUN_1011ed20,156,73,1,1011ed20_FUN_1011ed20
0x1011edbc,FUN_1011edbc,48,20,1,1011edbc_FUN_1011edbc
0x1011ee04,FUN_1011ee04,20,10,1,1011ee04_FUN_1011ee04
0x1011ee5e,FUN_1011ee5e,14,6,1,1011ee5e_FUN_1011ee5e
0x1011ee8c,FUN_1011ee8c,36,18,1,1011ee8c_FUN_1011ee8c
0x1011eeb0,FUN_1011eeb0,36,18,1,1011eeb0_FUN_1011eeb0
0x1011efd2,FUN_1011efd2,18,9,1,1011efd2_FUN_1011efd2
0x1011efe4,FUN_1011efe4,30,14,1,1011efe4_FUN_1011efe4
0x1011f002,FUN_1011f002,24,10,1,1011f002_FUN_1011f002
0x1011f06a,FUN_1011f06a,36,11,1,1011f06a_FUN_1011f06a
0x1011f08e,FUN_1011f08e,12,5,1,1011f08e_FUN_1011f08e
0x1011f09a,FUN_1011f09a,32,14,1,1011f09a_FUN_1011f09a
0x1011f0c6,FUN_1011f0c6,34,13,1,1011f0c6_FUN_1011f0c6
0x1011f112,FUN_1011f112,146,54,1,1011f112_FUN_1011f112
0x1011f206,FUN_1011f206,60,22,1,1011f206_FUN_1011f206
0x1011f28e,FUN_1011f28e,206,72,1,1011f28e_FUN_1011f28e
0x1011f35c,FUN_1011f35c,88,40,1,1011f35c_FUN_1011f35c
0x1011f3b4,FUN_1011f3b4,46,17,1,1011f3b4_FUN_1011f3b4
0x1011f442,FUN_1011f442,44,20,1,1011f442_FUN_1011f442
0x1011f46e,FUN_1011f46e,86,34,1,1011f46e_FUN_1011f46e
0x1011f504,FUN_1011f504,52,19,1,1011f504_FUN_1011f504
0x1011f538,FUN_1011f538,50,20,1,1011f538_FUN_1011f538
0x1011f5fc,FUN_1011f5fc,6,3,1,1011f5fc_FUN_1011f5fc
0x1011f602,FUN_1011f602,6,3,1,1011f602_FUN_1011f602
0x1011f608,FUN_1011f608,26,10,1,1011f608_FUN_1011f608
0x1011f622,FUN_1011f622,6,2,1,1011f622_FUN_1011f622
0x1011f628,thunk_FUN_10113fd0,4,1,1,1011f628_thunk_FUN_10113fd0
0x1011f62c,FUN_1011f62c,22,7,1,1011f62c_FUN_1011f62c
0x1011f642,FUN_1011f642,22,7,1,1011f642_FUN_1011f642
0x1011f658,FUN_1011f658,58,24,1,1011f658_FUN_1011f658
0x1011f6a0,FUN_1011f6a0,92,34,1,1011f6a0_FUN_1011f6a0
0x1011f738,FUN_1011f738,60,25,1,1011f738_FUN_1011f738
0x1011f77a,thunk_FUN_101153fc,4,1,1,1011f77a_thunk_FUN_101153fc
0x1011f77e,FUN_1011f77e,64,25,1,1011f77e_FUN_1011f77e
0x1011f7be,FUN_1011f7be,12,5,1,1011f7be_FUN_1011f7be
0x1011f7ca,FUN_1011f7ca,70,27,1,1011f7ca_FUN_1011f7ca
0x1011f810,FUN_1011f810,124,46,1,1011f810_FUN_1011f810
0x1011f890,FUN_1011f890,24,11,1,1011f890_FUN_1011f890
0x1011f8a8,FUN_1011f8a8,26,10,1,1011f8a8_FUN_1011f8a8
0x1011f8c2,FUN_1011f8c2,14,6,1,1011f8c2_FUN_1011f8c2
0x1011f8d0,FUN_1011f8d0,14,6,1,1011f8d0_FUN_1011f8d0
0x1011f8de,FUN_1011f8de,12,3,1,1011f8de_FUN_1011f8de
0x1011f8ea,FUN_1011f8ea,26,10,1,1011f8ea_FUN_1011f8ea
0x1011f904,FUN_1011f904,6,3,1,1011f904_FUN_1011f904
0x1011f90a,FUN_1011f90a,14,6,1,1011f90a_FUN_1011f90a
0x1011f918,FUN_1011f918,12,3,1,1011f918_FUN_1011f918
0x1011fa04,FUN_1011fa04,30,10,1,1011fa04_FUN_1011fa04
0x1011fa22,FUN_1011fa22,32,11,1,1011fa22_FUN_1011fa22
0x1011fa42,FUN_1011fa42,62,25,1,1011fa42_FUN_1011fa42
0x1011fa80,FUN_1011fa80,6,2,1,1011fa80_FUN_1011fa80
0x1011fa86,FUN_1011fa86,62,24,1,1011fa86_FUN_1011fa86
0x1011fac4,FUN_1011fac4,96,29,1,1011fac4_FUN_1011fac4
0x1011fb24,FUN_1011fb24,60,20,1,1011fb24_FUN_1011fb24
0x1011fb60,FUN_1011fb60,14,7,1,1011fb60_FUN_1011fb60
0x1011fb6e,FUN_1011fb6e,64,22,1,1011fb6e_FUN_1011fb6e
0x1011fbee,FUN_1011fbee,130,54,1,1011fbee_FUN_1011fbee
0x1011fc86,FUN_1011fc86,14,4,1,1011fc86_FUN_1011fc86
0x1011fc94,FUN_1011fc94,38,15,1,1011fc94_FUN_1011fc94
0x1011fcca,FUN_1011fcca,24,10,1,1011fcca_FUN_1011fcca
0x1011fce2,FUN_1011fce2,72,26,1,1011fce2_FUN_1011fce2
0x1011fd2c,FUN_1011fd2c,166,54,1,1011fd2c_FUN_1011fd2c
0x1011fde0,FUN_1011fde0,8,3,1,1011fde0_FUN_1011fde0
0x1011fde8,FUN_1011fde8,8,3,1,1011fde8_FUN_1011fde8
0x1011fe0a,FUN_1011fe0a,6,3,1,1011fe0a_FUN_1011fe0a
0x1011fe10,FUN_1011fe10,6,3,1,1011fe10_FUN_1011fe10
0x1011fe16,FUN_1011fe16,8,3,1,1011fe16_FUN_1011fe16
0x1011fe22,FUN_1011fe22,36,14,1,1011fe22_FUN_1011fe22
0x1011fe46,FUN_1011fe46,42,17,1,1011fe46_FUN_1011fe46
0x1011fe70,FUN_1011fe70,22,8,1,1011fe70_FUN_1011fe70
0x1011fe86,FUN_1011fe86,16,5,1,1011fe86_FUN_1011fe86
0x1011fe96,FUN_1011fe96,12,3,1,1011fe96_FUN_1011fe96
0x1011fea2,FUN_1011fea2,14,5,1,1011fea2_FUN_1011fea2
0x1011feb0,FUN_1011feb0,12,5,1,1011feb0_FUN_1011feb0
0x1011febc,FUN_1011febc,14,5,1,1011febc_FUN_1011febc
0x1011feca,FUN_1011feca,22,10,1,1011feca_FUN_1011feca
0x1011fee0,FUN_1011fee0,8,3,1,1011fee0_FUN_1011fee0
0x1011fee8,FUN_1011fee8,8,3,1,1011fee8_FUN_1011fee8
0x1011fefa,thunk_FUN_101204b6,4,1,1,1011fefa_thunk_FUN_101204b6
0x1011fefe,FUN_1011fefe,18,8,1,1011fefe_FUN_1011fefe
0x1011ff14,FUN_1011ff14,24,10,1,1011ff14_FUN_1011ff14
0x1011ff2c,thunk_FUN_10120448,4,1,1,1011ff2c_thunk_FUN_10120448
0x1011ff30,thunk_FUN_101208dc,4,1,1,1011ff30_thunk_FUN_101208dc
0x1011ff34,FUN_1011ff34,20,9,1,1011ff34_FUN_1011ff34
0x1011ff48,FUN_1011ff48,16,8,1,1011ff48_FUN_1011ff48
0x1011ff66,FUN_1011ff66,14,6,1,1011ff66_FUN_1011ff66
0x1011ff74,FUN_1011ff74,108,42,1,1011ff74_FUN_1011ff74
0x1011fffa,FUN_1011fffa,32,13,1,1011fffa_FUN_1011fffa
0x1012001a,FUN_1012001a,18,7,1,1012001a_FUN_1012001a
0x1012002c,FUN_1012002c,14,6,1,1012002c_FUN_1012002c
0x1012003a,FUN_1012003a,16,7,1,1012003a_FUN_1012003a
0x1012004a,FUN_1012004a,14,7,1,1012004a_FUN_1012004a
0x10120058,FUN_10120058,8,4,1,10120058_FUN_10120058
0x10120060,FUN_10120060,14,7,1,10120060_FUN_10120060
0x1012006e,FUN_1012006e,32,15,1,1012006e_FUN_1012006e
0x1012008e,FUN_1012008e,8,4,1,1012008e_FUN_1012008e
0x10120096,FUN_10120096,8,4,1,10120096_FUN_10120096
0x1012009e,FUN_1012009e,8,4,1,1012009e_FUN_1012009e
0x101200a6,FUN_101200a6,10,5,1,101200a6_FUN_101200a6
0x101200b0,FUN_101200b0,14,7,1,101200b0_FUN_101200b0
0x101200be,FUN_101200be,8,4,1,101200be_FUN_101200be
0x101200c6,FUN_101200c6,14,6,1,101200c6_FUN_101200c6
0x101200d4,FUN_101200d4,32,15,1,101200d4_FUN_101200d4
0x101200f4,FUN_101200f4,8,4,1,101200f4_FUN_101200f4
0x101200fc,FUN_101200fc,84,32,1,101200fc_FUN_101200fc
0x10120114,FUN_10120114,52,20,1,10120114_FUN_10120114
0x1012012e,FUN_1012012e,26,9,1,1012012e_FUN_1012012e
0x10120148,FUN_10120148,126,50,1,10120148_FUN_10120148
0x101201c6,FUN_101201c6,164,61,1,101201c6_FUN_101201c6
0x1012026a,FUN_1012026a,170,61,1,1012026a_FUN_1012026a
0x10120314,FUN_10120314,116,46,1,10120314_FUN_10120314
0x10120388,FUN_10120388,16,6,1,10120388_FUN_10120388
0x10120398,FUN_10120398,10,4,1,10120398_FUN_10120398
0x101203a2,FUN_101203a2,60,22,1,101203a2_FUN_101203a2
0x101203de,FUN_101203de,60,22,1,101203de_FUN_101203de
0x1012041a,FUN_1012041a,46,17,1,1012041a_FUN_1012041a
0x10120448,FUN_10120448,62,23,1,10120448_FUN_10120448
0x10120486,FUN_10120486,48,18,1,10120486_FUN_10120486
0x101204b6,FUN_101204b6,66,26,1,101204b6_FUN_101204b6
0x101204f8,FUN_101204f8,46,18,1,101204f8_FUN_101204f8
0x10120526,FUN_10120526,40,16,1,10120526_FUN_10120526
0x1012054e,FUN_1012054e,58,21,1,1012054e_FUN_1012054e
0x10120588,FUN_10120588,58,21,1,10120588_FUN_10120588
0x101205c2,FUN_101205c2,156,60,1,101205c2_FUN_101205c2
0x1012065e,FUN_1012065e,162,61,1,1012065e_FUN_1012065e
0x10120700,FUN_10120700,156,60,1,10120700_FUN_10120700
0x1012079c,FUN_1012079c,156,60,1,1012079c_FUN_1012079c
0x10120838,FUN_10120838,156,59,1,10120838_FUN_10120838
0x101208d4,thunk_FUN_101204b6,4,1,1,101208d4_thunk_FUN_101204b6
0x101208d8,thunk_FUN_10120448,4,1,1,101208d8_thunk_FUN_10120448
0x101208dc,FUN_101208dc,10,4,1,101208dc_FUN_101208dc
0x101208e6,FUN_101208e6,10,4,1,101208e6_FUN_101208e6
0x101208f0,FUN_101208f0,32,15,1,101208f0_FUN_101208f0
0x10120910,FUN_10120910,158,57,1,10120910_FUN_10120910
0x101209ae,thunk_FUN_1007e6ec,4,1,1,101209ae_thunk_FUN_1007e6ec
0x10120a4a,FUN_10120a4a,194,79,1,10120a4a_FUN_10120a4a
0x10120a74,FUN_10120a74,60,24,1,10120a74_FUN_10120a74
0x10120ab0,FUN_10120ab0,30,11,1,10120ab0_FUN_10120ab0
0x10120ace,FUN_10120ace,42,19,1,10120ace_FUN_10120ace
0x10120af8,FUN_10120af8,44,20,1,10120af8_FUN_10120af8
0x10120b24,FUN_10120b24,70,28,1,10120b24_FUN_10120b24
0x10120b6a,FUN_10120b6a,120,51,1,10120b6a_FUN_10120b6a
0x10120be2,FUN_10120be2,82,29,1,10120be2_FUN_10120be2
0x10120c34,FUN_10120c34,28,12,1,10120c34_FUN_10120c34
0x10120c50,FUN_10120c50,180,68,1,10120c50_FUN_10120c50
0x10120c8e,FUN_10120c8e,1748,626,1,10120c8e_FUN_10120c8e
0x10120ccc,FUN_10120ccc,70,25,1,10120ccc_FUN_10120ccc
0x10120d12,FUN_10120d12,206,80,1,10120d12_FUN_10120d12
0x10120de0,FUN_10120de0,434,169,1,10120de0_FUN_10120de0
0x10120f92,FUN_10120f92,414,147,1,10120f92_FUN_10120f92
0x1012102a,thunk_FUN_10120f92,4,1,1,1012102a_thunk_FUN_10120f92
0x1012102e,FUN_1012102e,112,46,1,1012102e_FUN_1012102e
0x1012109e,FUN_1012109e,156,51,1,1012109e_FUN_1012109e
0x1012113a,FUN_1012113a,52,22,1,1012113a_FUN_1012113a
0x1012116e,FUN_1012116e,220,76,1,1012116e_FUN_1012116e
0x1012124a,FUN_1012124a,326,122,1,1012124a_FUN_1012124a
0x10121390,FUN_10121390,286,108,1,10121390_FUN_10121390
0x101214ae,FUN_101214ae,76,30,1,101214ae_FUN_101214ae
0x101214fa,FUN_101214fa,90,35,1,101214fa_FUN_101214fa
0x10121554,FUN_10121554,34,13,1,10121554_FUN_10121554
0x10121576,FUN_10121576,54,18,1,10121576_FUN_10121576
0x101215ac,FUN_101215ac,80,28,1,101215ac_FUN_101215ac
0x101215fc,FUN_101215fc,190,74,1,101215fc_FUN_101215fc
0x101217c0,FUN_101217c0,26,12,1,101217c0_FUN_101217c0
0x101217da,FUN_101217da,416,151,1,101217da_FUN_101217da
0x1012197a,FUN_1012197a,208,85,1,1012197a_FUN_1012197a
0x10121996,FUN_10121996,22,9,1,10121996_FUN_10121996
0x101219ac,FUN_101219ac,84,32,1,101219ac_FUN_101219ac
0x10121a00,FUN_10121a00,24,9,1,10121a00_FUN_10121a00
0x10121a18,FUN_10121a18,20,8,1,10121a18_FUN_10121a18
0x10121a2c,FUN_10121a2c,54,17,1,10121a2c_FUN_10121a2c
0x10121a62,FUN_10121a62,84,33,1,10121a62_FUN_10121a62
0x10121ab6,FUN_10121ab6,94,35,1,10121ab6_FUN_10121ab6
0x10121b14,FUN_10121b14,72,29,1,10121b14_FUN_10121b14
0x10121b5c,FUN_10121b5c,74,31,1,10121b5c_FUN_10121b5c
0x10121ba6,FUN_10121ba6,62,25,1,10121ba6_FUN_10121ba6
0x10121be4,FUN_10121be4,68,26,1,10121be4_FUN_10121be4
0x10121c28,FUN_10121c28,278,103,1,10121c28_FUN_10121c28
0x10121d3e,FUN_10121d3e,48,22,1,10121d3e_FUN_10121d3e
0x10121d6e,FUN_10121d6e,158,60,1,10121d6e_FUN_10121d6e
0x10121e0c,FUN_10121e0c,28,10,1,10121e0c_FUN_10121e0c
0x10121e28,FUN_10121e28,44,19,1,10121e28_FUN_10121e28
0x10121e54,FUN_10121e54,68,25,1,10121e54_FUN_10121e54
0x10121e98,FUN_10121e98,48,19,1,10121e98_FUN_10121e98
0x10121ec8,FUN_10121ec8,184,70,1,10121ec8_FUN_10121ec8
0x10121f80,FUN_10121f80,56,23,1,10121f80_FUN_10121f80
0x10121fb8,FUN_10121fb8,32,14,1,10121fb8_FUN_10121fb8
0x10121fd8,FUN_10121fd8,48,19,1,10121fd8_FUN_10121fd8
0x10122008,FUN_10122008,32,14,1,10122008_FUN_10122008
0x10122028,thunk_FUN_100808b4,4,1,1,10122028_thunk_FUN_100808b4
0x10122044,FUN_10122044,22,7,1,10122044_FUN_10122044
0x1012205a,FUN_1012205a,46,15,1,1012205a_FUN_1012205a
0x10122088,FUN_10122088,28,10,1,10122088_FUN_10122088
0x101220a4,FUN_101220a4,14,6,1,101220a4_FUN_101220a4
0x101220f6,FUN_101220f6,88,35,1,101220f6_FUN_101220f6
0x10122164,FUN_10122164,266,99,1,10122164_FUN_10122164
0x1012217c,FUN_1012217c,44,19,1,1012217c_FUN_1012217c
0x101221a8,FUN_101221a8,72,31,1,101221a8_FUN_101221a8
0x101221f0,FUN_101221f0,38,17,1,101221f0_FUN_101221f0
0x1012225c,FUN_1012225c,30,14,1,1012225c_FUN_1012225c
0x1012227a,FUN_1012227a,16,6,1,1012227a_FUN_1012227a
0x1012228a,FUN_1012228a,44,16,1,1012228a_FUN_1012228a
0x101222b6,FUN_101222b6,16,8,1,101222b6_FUN_101222b6
0x101222c6,FUN_101222c6,30,15,1,101222c6_FUN_101222c6
0x101222e4,FUN_101222e4,12,5,1,101222e4_FUN_101222e4
0x101222f0,FUN_101222f0,22,10,1,101222f0_FUN_101222f0
0x10122306,FUN_10122306,28,10,1,10122306_FUN_10122306
0x10122322,FUN_10122322,44,19,1,10122322_FUN_10122322
0x1012234e,FUN_1012234e,46,17,1,1012234e_FUN_1012234e
0x1012237c,FUN_1012237c,516,201,1,1012237c_FUN_1012237c
0x10122580,FUN_10122580,18,7,1,10122580_FUN_10122580
0x10122592,FUN_10122592,28,11,1,10122592_FUN_10122592
0x101225ae,FUN_101225ae,24,11,1,101225ae_FUN_101225ae
0x101225c6,FUN_101225c6,68,31,1,101225c6_FUN_101225c6
0x1012260a,FUN_1012260a,76,33,1,1012260a_FUN_1012260a
0x10122656,FUN_10122656,12,5,1,10122656_FUN_10122656
0x10122662,FUN_10122662,50,21,1,10122662_FUN_10122662
0x10122694,FUN_10122694,122,44,1,10122694_FUN_10122694
0x1012270e,FUN_1012270e,302,112,1,1012270e_FUN_1012270e
0x10122840,FUN_10122840,144,65,1,10122840_FUN_10122840
0x101228d0,FUN_101228d0,260,96,1,101228d0_FUN_101228d0
0x101229d4,FUN_101229d4,226,101,1,101229d4_FUN_101229d4
0x10122ab6,FUN_10122ab6,46,22,1,10122ab6_FUN_10122ab6
0x10122ae4,FUN_10122ae4,150,55,1,10122ae4_FUN_10122ae4
0x10122b7a,FUN_10122b7a,34,14,1,10122b7a_FUN_10122b7a
0x10122b90,FUN_10122b90,418,176,1,10122b90_FUN_10122b90
0x10122d32,FUN_10122d32,252,103,1,10122d32_FUN_10122d32
0x10122e2e,FUN_10122e2e,170,72,1,10122e2e_FUN_10122e2e
0x10122ed8,FUN_10122ed8,48,20,1,10122ed8_FUN_10122ed8
0x10122f08,FUN_10122f08,90,40,1,10122f08_FUN_10122f08
0x10122f62,FUN_10122f62,102,42,1,10122f62_FUN_10122f62
0x10122fc8,FUN_10122fc8,92,38,1,10122fc8_FUN_10122fc8
0x10123024,FUN_10123024,464,180,1,10123024_FUN_10123024
0x101231f4,FUN_101231f4,42,18,1,101231f4_FUN_101231f4
0x1012321e,FUN_1012321e,412,154,1,1012321e_FUN_1012321e
0x101233ba,FUN_101233ba,480,187,1,101233ba_FUN_101233ba
0x1012359a,FUN_1012359a,322,128,1,1012359a_FUN_1012359a
0x101236dc,FUN_101236dc,50,21,1,101236dc_FUN_101236dc
0x1012370e,FUN_1012370e,518,192,1,1012370e_FUN_1012370e
0x10123914,FUN_10123914,150,63,1,10123914_FUN_10123914
0x101239aa,FUN_101239aa,248,104,1,101239aa_FUN_101239aa
0x10123aa2,FUN_10123aa2,46,20,1,10123aa2_FUN_10123aa2
0x10123ad0,FUN_10123ad0,126,49,1,10123ad0_FUN_10123ad0
0x10123b4e,FUN_10123b4e,110,45,1,10123b4e_FUN_10123b4e
0x10123bbc,FUN_10123bbc,290,122,1,10123bbc_FUN_10123bbc
0x10123cde,FUN_10123cde,182,73,1,10123cde_FUN_10123cde
0x10123d94,FUN_10123d94,310,120,1,10123d94_FUN_10123d94
0x10123eca,FUN_10123eca,518,203,1,10123eca_FUN_10123eca
0x101240d0,FUN_101240d0,486,194,1,101240d0_FUN_101240d0
0x101242b6,FUN_101242b6,8,4,1,101242b6_FUN_101242b6
0x101242be,FUN_101242be,4,2,1,101242be_FUN_101242be
0x101242c2,FUN_101242c2,32,12,1,101242c2_FUN_101242c2
0x101242ee,thunk_FUN_1013cfe2,4,1,1,101242ee_thunk_FUN_1013cfe2
0x101242f2,thunk_FUN_1013cfd4,4,1,1,101242f2_thunk_FUN_1013cfd4
0x101242f6,FUN_101242f6,32,13,1,101242f6_FUN_101242f6
0x10124316,FUN_10124316,38,16,1,10124316_FUN_10124316
0x10124348,FUN_10124348,42,20,1,10124348_FUN_10124348
0x10124372,FUN_10124372,4,2,1,10124372_FUN_10124372
0x10124376,FUN_10124376,4,2,1,10124376_FUN_10124376
0x1012437a,FUN_1012437a,8,3,1,1012437a_FUN_1012437a
0x10124382,FUN_10124382,4,2,1,10124382_FUN_10124382
0x10124386,FUN_10124386,4,2,1,10124386_FUN_10124386
0x1012438a,FUN_1012438a,48,21,1,1012438a_FUN_1012438a
0x101243ba,FUN_101243ba,78,33,1,101243ba_FUN_101243ba
0x10124408,FUN_10124408,224,96,1,10124408_FUN_10124408
0x10124532,FUN_10124532,40,15,1,10124532_FUN_10124532
0x1012455a,FUN_1012455a,10,5,1,1012455a_FUN_1012455a
0x10124564,FUN_10124564,40,17,1,10124564_FUN_10124564
0x1012458c,FUN_1012458c,66,26,1,1012458c_FUN_1012458c
0x101245ce,FUN_101245ce,138,57,1,101245ce_FUN_101245ce
0x10124658,FUN_10124658,10,4,1,10124658_FUN_10124658
0x10124662,thunk_FUN_1012b084,4,1,1,10124662_thunk_FUN_1012b084
0x10124666,FUN_10124666,36,14,1,10124666_FUN_10124666
0x1012468a,FUN_1012468a,8,4,1,1012468a_FUN_1012468a
0x10124692,FUN_10124692,18,8,1,10124692_FUN_10124692
0x101246ca,FUN_101246ca,28,11,1,101246ca_FUN_101246ca
0x101246e6,FUN_101246e6,22,10,1,101246e6_FUN_101246e6
0x1012471a,FUN_1012471a,12,5,1,1012471a_FUN_1012471a
0x10124726,FUN_10124726,122,49,1,10124726_FUN_10124726
0x101247a0,FUN_101247a0,34,14,1,101247a0_FUN_101247a0
0x101247c2,FUN_101247c2,340,130,1,101247c2_FUN_101247c2
0x10124944,FUN_10124944,50,23,1,10124944_FUN_10124944
0x10124976,FUN_10124976,8,3,1,10124976_FUN_10124976
0x10124c20,FUN_10124c20,116,44,1,10124c20_FUN_10124c20
0x10124c94,FUN_10124c94,18,7,1,10124c94_FUN_10124c94
0x10124ca6,FUN_10124ca6,580,220,1,10124ca6_FUN_10124ca6
0x10124cb8,FUN_10124cb8,14,6,1,10124cb8_FUN_10124cb8
0x10124cc6,FUN_10124cc6,12,6,1,10124cc6_FUN_10124cc6
0x10124cd2,FUN_10124cd2,4,2,1,10124cd2_FUN_10124cd2
0x10124cd6,FUN_10124cd6,12,6,1,10124cd6_FUN_10124cd6
0x10124ce2,FUN_10124ce2,8,4,1,10124ce2_FUN_10124ce2
0x10124cea,FUN_10124cea,132,51,1,10124cea_FUN_10124cea
0x10124d6e,FUN_10124d6e,12,6,1,10124d6e_FUN_10124d6e
0x10124d7a,FUN_10124d7a,54,24,1,10124d7a_FUN_10124d7a
0x10124db0,FUN_10124db0,34,15,1,10124db0_FUN_10124db0
0x10124dd2,FUN_10124dd2,26,13,1,10124dd2_FUN_10124dd2
0x10124dec,FUN_10124dec,20,9,1,10124dec_FUN_10124dec
0x10124e00,FUN_10124e00,20,9,1,10124e00_FUN_10124e00
0x10124e14,FUN_10124e14,116,41,1,10124e14_FUN_10124e14
0x10125436,FUN_10125436,8,4,1,10125436_FUN_10125436
0x1012543e,FUN_1012543e,78,34,1,1012543e_FUN_1012543e
0x1012548c,FUN_1012548c,12,5,1,1012548c_FUN_1012548c
0x10125498,FUN_10125498,14,6,1,10125498_FUN_10125498
0x101254a6,FUN_101254a6,12,5,1,101254a6_FUN_101254a6
0x101254b2,FUN_101254b2,12,5,1,101254b2_FUN_101254b2
0x101254be,FUN_101254be,12,5,1,101254be_FUN_101254be
0x101254ca,FUN_101254ca,12,5,1,101254ca_FUN_101254ca
0x101254d6,FUN_101254d6,12,5,1,101254d6_FUN_101254d6
0x101254e2,FUN_101254e2,236,83,1,101254e2_FUN_101254e2
0x101255ce,FUN_101255ce,46,21,1,101255ce_FUN_101255ce
0x101255fc,FUN_101255fc,46,21,1,101255fc_FUN_101255fc
0x1012562a,FUN_1012562a,22,8,1,1012562a_FUN_1012562a
0x10125640,FUN_10125640,46,21,1,10125640_FUN_10125640
0x1012566e,FUN_1012566e,46,21,1,1012566e_FUN_1012566e
0x1012569c,FUN_1012569c,22,8,1,1012569c_FUN_1012569c
0x101256b2,FUN_101256b2,48,14,1,101256b2_FUN_101256b2
0x101256e8,FUN_101256e8,28,11,1,101256e8_FUN_101256e8
0x10125704,FUN_10125704,18,9,1,10125704_FUN_10125704
0x10125716,FUN_10125716,46,19,1,10125716_FUN_10125716
0x10125744,FUN_10125744,46,19,1,10125744_FUN_10125744
0x10125786,FUN_10125786,10,5,1,10125786_FUN_10125786
0x10125790,FUN_10125790,10,5,1,10125790_FUN_10125790
0x1012579a,FUN_1012579a,46,18,1,1012579a_FUN_1012579a
0x101257c8,FUN_101257c8,46,18,1,101257c8_FUN_101257c8
0x101257f6,FUN_101257f6,86,37,1,101257f6_FUN_101257f6
0x1012584c,FUN_1012584c,100,41,1,1012584c_FUN_1012584c
0x101258b0,FUN_101258b0,92,36,1,101258b0_FUN_101258b0
0x1012590c,FUN_1012590c,196,88,1,1012590c_FUN_1012590c
0x101259d0,FUN_101259d0,232,94,1,101259d0_FUN_101259d0
0x10125ab8,FUN_10125ab8,60,25,1,10125ab8_FUN_10125ab8
0x10125af4,FUN_10125af4,46,20,1,10125af4_FUN_10125af4
0x10125b22,default,262,106,1,10125b22_default
0x10125c28,FUN_10125c28,488,176,1,10125c28_FUN_10125c28
0x10125e18,FUN_10125e18,46,20,1,10125e18_FUN_10125e18
0x10125e46,FUN_10125e46,16,7,1,10125e46_FUN_10125e46
0x10125e56,FUN_10125e56,42,21,1,10125e56_FUN_10125e56
0x10125e80,FUN_10125e80,100,41,1,10125e80_FUN_10125e80
0x10125ee4,FUN_10125ee4,92,32,1,10125ee4_FUN_10125ee4
0x10125f40,FUN_10125f40,12,5,1,10125f40_FUN_10125f40
0x10125f56,FUN_10125f56,44,15,1,10125f56_FUN_10125f56
0x10125fbe,FUN_10125fbe,18,7,1,10125fbe_FUN_10125fbe
0x10125fd0,FUN_10125fd0,18,7,1,10125fd0_FUN_10125fd0
0x10125fe2,FUN_10125fe2,14,5,1,10125fe2_FUN_10125fe2
0x10125ff0,FUN_10125ff0,14,5,1,10125ff0_FUN_10125ff0
0x10125ffe,FUN_10125ffe,10,5,1,10125ffe_FUN_10125ffe
0x10126008,FUN_10126008,10,5,1,10126008_FUN_10126008
0x10126012,thunk_FUN_10126008,4,1,1,10126012_thunk_FUN_10126008
0x10126016,FUN_10126016,74,32,1,10126016_FUN_10126016
0x10126060,FUN_10126060,22,8,1,10126060_FUN_10126060
0x10126144,FUN_10126144,30,12,1,10126144_FUN_10126144
0x10126162,FUN_10126162,34,13,1,10126162_FUN_10126162
0x10126184,FUN_10126184,56,23,1,10126184_FUN_10126184
0x101261bc,FUN_101261bc,1606,620,1,101261bc_FUN_101261bc
0x10126802,FUN_10126802,66,26,1,10126802_FUN_10126802
0x10126844,FUN_10126844,150,62,1,10126844_FUN_10126844
0x101268da,FUN_101268da,58,23,1,101268da_FUN_101268da
0x10126914,FUN_10126914,8,4,1,10126914_FUN_10126914
0x1012691c,FUN_1012691c,338,133,1,1012691c_FUN_1012691c
0x10126a6e,FUN_10126a6e,66,27,1,10126a6e_FUN_10126a6e
0x10126ad8,FUN_10126ad8,54,23,1,10126ad8_FUN_10126ad8
0x10126b46,FUN_10126b46,514,216,1,10126b46_FUN_10126b46
0x10126d48,FUN_10126d48,4,2,1,10126d48_FUN_10126d48
0x10126d4c,FUN_10126d4c,6,2,1,10126d4c_FUN_10126d4c
0x10126d52,FUN_10126d52,54,19,1,10126d52_FUN_10126d52
0x10126de2,FUN_10126de2,10,4,1,10126de2_FUN_10126de2
0x10126dec,FUN_10126dec,10,4,1,10126dec_FUN_10126dec
0x10126df6,FUN_10126df6,10,4,1,10126df6_FUN_10126df6
0x10126e00,FUN_10126e00,10,4,1,10126e00_FUN_10126e00
0x10126e0a,FUN_10126e0a,10,4,1,10126e0a_FUN_10126e0a
0x10126e14,FUN_10126e14,10,4,1,10126e14_FUN_10126e14
0x10126e1e,FUN_10126e1e,10,4,1,10126e1e_FUN_10126e1e
0x10126e28,FUN_10126e28,10,4,1,10126e28_FUN_10126e28
0x10126e32,FUN_10126e32,10,4,1,10126e32_FUN_10126e32
0x10126e3c,FUN_10126e3c,10,4,1,10126e3c_FUN_10126e3c
0x10126e46,FUN_10126e46,10,4,1,10126e46_FUN_10126e46
0x10126e5a,FUN_10126e5a,10,4,1,10126e5a_FUN_10126e5a
0x10126e64,FUN_10126e64,10,4,1,10126e64_FUN_10126e64
0x10126e6e,FUN_10126e6e,10,4,1,10126e6e_FUN_10126e6e
0x10126e78,FUN_10126e78,10,4,1,10126e78_FUN_10126e78
0x10126e82,FUN_10126e82,32,11,1,10126e82_FUN_10126e82
0x10126ea2,FUN_10126ea2,10,4,1,10126ea2_FUN_10126ea2
0x10126eac,FUN_10126eac,10,4,1,10126eac_FUN_10126eac
0x10126eb6,FUN_10126eb6,32,11,1,10126eb6_FUN_10126eb6
0x10126ed6,FUN_10126ed6,10,4,1,10126ed6_FUN_10126ed6
0x10126ee0,FUN_10126ee0,10,4,1,10126ee0_FUN_10126ee0
0x10126f32,FUN_10126f32,32,11,1,10126f32_FUN_10126f32
0x10126f52,FUN_10126f52,10,4,1,10126f52_FUN_10126f52
0x10126f70,FUN_10126f70,10,4,1,10126f70_FUN_10126f70
0x10126f7a,FUN_10126f7a,10,4,1,10126f7a_FUN_10126f7a
0x10126f84,FUN_10126f84,10,4,1,10126f84_FUN_10126f84
0x10126f8e,FUN_10126f8e,10,4,1,10126f8e_FUN_10126f8e
0x10126fa2,FUN_10126fa2,12,6,1,10126fa2_FUN_10126fa2
0x10126fae,FUN_10126fae,6,3,1,10126fae_FUN_10126fae
0x10126fb4,FUN_10126fb4,30,14,1,10126fb4_FUN_10126fb4
0x10126fd2,FUN_10126fd2,8,4,1,10126fd2_FUN_10126fd2
0x10126fda,FUN_10126fda,56,25,1,10126fda_FUN_10126fda
0x10127012,FUN_10127012,82,35,1,10127012_FUN_10127012
0x10127064,FUN_10127064,50,20,1,10127064_FUN_10127064
0x10127096,FUN_10127096,124,50,1,10127096_FUN_10127096
0x10127112,FUN_10127112,42,21,1,10127112_FUN_10127112
0x1012713c,FUN_1012713c,114,47,1,1012713c_FUN_1012713c
0x101271ae,FUN_101271ae,8,3,1,101271ae_FUN_101271ae
0x101271b6,FUN_101271b6,2,1,1,101271b6_FUN_101271b6
0x101271b8,FUN_101271b8,226,84,1,101271b8_FUN_101271b8
0x1012729a,FUN_1012729a,44,17,1,1012729a_FUN_1012729a
0x101272c6,FUN_101272c6,30,13,1,101272c6_FUN_101272c6
0x101272e4,FUN_101272e4,34,12,1,101272e4_FUN_101272e4
0x101272fa,FUN_101272fa,2,1,1,101272fa_FUN_101272fa
0x101272fc,FUN_101272fc,8,4,1,101272fc_FUN_101272fc
0x1012734a,FUN_1012734a,1026,336,1,1012734a_FUN_1012734a
0x1012774c,FUN_1012774c,60,24,1,1012774c_FUN_1012774c
0x10127788,FUN_10127788,32,14,1,10127788_FUN_10127788
0x101277a8,FUN_101277a8,16,8,1,101277a8_FUN_101277a8
0x101277b8,FUN_101277b8,32,14,1,101277b8_FUN_101277b8
0x101277d8,FUN_101277d8,22,10,1,101277d8_FUN_101277d8
0x101277ee,FUN_101277ee,36,16,1,101277ee_FUN_101277ee
0x10127812,FUN_10127812,12,5,1,10127812_FUN_10127812
0x1012781e,FUN_1012781e,8,4,1,1012781e_FUN_1012781e
0x10127826,FUN_10127826,8,4,1,10127826_FUN_10127826
0x1012782e,FUN_1012782e,26,12,1,1012782e_FUN_1012782e
0x10127848,FUN_10127848,24,12,1,10127848_FUN_10127848
0x10127860,FUN_10127860,26,11,1,10127860_FUN_10127860
0x1012787a,FUN_1012787a,8,3,1,1012787a_FUN_1012787a
0x10127882,FUN_10127882,874,332,1,10127882_FUN_10127882
0x10127bec,FUN_10127bec,570,234,1,10127bec_FUN_10127bec
0x10127e26,FUN_10127e26,516,198,1,10127e26_FUN_10127e26
0x1012802a,FUN_1012802a,76,30,1,1012802a_FUN_1012802a
0x10128076,FUN_10128076,36,18,1,10128076_FUN_10128076
0x1012809a,FUN_1012809a,218,94,1,1012809a_FUN_1012809a
0x10128174,FUN_10128174,2,1,1,10128174_FUN_10128174
0x10128176,FUN_10128176,8,3,1,10128176_FUN_10128176
0x1012817e,FUN_1012817e,32,15,1,1012817e_FUN_1012817e
0x1012819e,FUN_1012819e,4,2,1,1012819e_FUN_1012819e
0x101281a2,FUN_101281a2,4,2,1,101281a2_FUN_101281a2
0x101281a6,FUN_101281a6,4,2,1,101281a6_FUN_101281a6
0x101281b0,FUN_101281b0,80,29,1,101281b0_FUN_101281b0
0x10128200,FUN_10128200,8,3,1,10128200_FUN_10128200
0x1012820e,FUN_1012820e,128,46,1,1012820e_FUN_1012820e
0x1012828e,FUN_1012828e,102,30,1,1012828e_FUN_1012828e
0x10128432,thunk_FUN_1011ea40,4,1,1,10128432_thunk_FUN_1011ea40
0x10128436,FUN_10128436,38,18,1,10128436_FUN_10128436
0x1012845c,FUN_1012845c,50,20,1,1012845c_FUN_1012845c
0x1012848e,FUN_1012848e,60,21,1,1012848e_FUN_1012848e
0x101284ca,FUN_101284ca,20,8,1,101284ca_FUN_101284ca
0x101284fe,FUN_101284fe,8,3,1,101284fe_FUN_101284fe
0x10128506,FUN_10128506,8,3,1,10128506_FUN_10128506
0x1012850e,thunk_FUN_1011ea40,4,1,1,1012850e_thunk_FUN_1011ea40
0x10128512,FUN_10128512,1150,446,1,10128512_FUN_10128512
0x10128990,FUN_10128990,8,3,1,10128990_FUN_10128990
0x10128998,FUN_10128998,90,32,1,10128998_FUN_10128998
0x101289f2,FUN_101289f2,8,3,1,101289f2_FUN_101289f2
0x101289fa,FUN_101289fa,8,3,1,101289fa_FUN_101289fa
0x10128a02,FUN_10128a02,8,3,1,10128a02_FUN_10128a02
0x10128a0a,FUN_10128a0a,8,3,1,10128a0a_FUN_10128a0a
0x10128a12,thunk_FUN_1011ea48,4,1,1,10128a12_thunk_FUN_1011ea48
0x10128a16,FUN_10128a16,8,3,1,10128a16_FUN_10128a16
0x10128a1e,thunk_FUN_1011ea40,4,1,1,10128a1e_thunk_FUN_1011ea40
0x10128a22,FUN_10128a22,394,147,1,10128a22_FUN_10128a22
0x10128bac,FUN_10128bac,26,10,1,10128bac_FUN_10128bac
0x10128bc6,FUN_10128bc6,1220,502,1,10128bc6_FUN_10128bc6
0x1012908a,FUN_1012908a,3220,1246,1,1012908a_FUN_1012908a
0x10129d1e,FUN_10129d1e,102,30,1,10129d1e_FUN_10129d1e
0x10129d84,FUN_10129d84,128,49,1,10129d84_FUN_10129d84
0x10129e04,FUN_10129e04,1460,568,1,10129e04_FUN_10129e04
0x1012a3b8,FUN_1012a3b8,10,5,1,1012a3b8_FUN_1012a3b8
0x1012a3c2,FUN_1012a3c2,10,5,1,1012a3c2_FUN_1012a3c2
0x1012a3cc,FUN_1012a3cc,106,46,1,1012a3cc_FUN_1012a3cc
0x1012a43c,FUN_1012a43c,40,19,1,1012a43c_FUN_1012a43c
0x1012a464,FUN_1012a464,222,88,1,1012a464_FUN_1012a464
0x1012a54a,FUN_1012a54a,8,3,1,1012a54a_FUN_1012a54a
0x1012a552,FUN_1012a552,40,13,1,1012a552_FUN_1012a552
0x1012a564,FUN_1012a564,8,3,1,1012a564_FUN_1012a564
0x1012a570,FUN_1012a570,4,2,1,1012a570_FUN_1012a570
0x1012a5b8,FUN_1012a5b8,8,3,1,1012a5b8_FUN_1012a5b8
0x1012a5c0,FUN_1012a5c0,36,11,1,1012a5c0_FUN_1012a5c0
0x1012a6ea,FUN_1012a6ea,2,1,1,1012a6ea_FUN_1012a6ea
0x1012a6ec,FUN_1012a6ec,8,3,1,1012a6ec_FUN_1012a6ec
0x1012a6f4,FUN_1012a6f4,50,22,1,1012a6f4_FUN_1012a6f4
0x1012a726,FUN_1012a726,10,5,1,1012a726_FUN_1012a726
0x1012a730,FUN_1012a730,12,6,1,1012a730_FUN_1012a730
0x1012a73c,FUN_1012a73c,18,9,1,1012a73c_FUN_1012a73c
0x1012a74e,FUN_1012a74e,6,3,1,1012a74e_FUN_1012a74e
0x1012a754,FUN_1012a754,8,3,1,1012a754_FUN_1012a754
0x1012a75c,FUN_1012a75c,8,3,1,1012a75c_FUN_1012a75c
0x1012a764,FUN_1012a764,12,5,1,1012a764_FUN_1012a764
0x1012a796,FUN_1012a796,28,12,1,1012a796_FUN_1012a796
0x1012a7b2,FUN_1012a7b2,358,144,1,1012a7b2_FUN_1012a7b2
0x1012a7b8,FUN_1012a7b8,54,21,1,1012a7b8_FUN_1012a7b8
0x1012a7fc,FUN_1012a7fc,50,21,1,1012a7fc_FUN_1012a7fc
0x1012a82e,FUN_1012a82e,12,5,1,1012a82e_FUN_1012a82e
0x1012a83a,FUN_1012a83a,10,5,1,1012a83a_FUN_1012a83a
0x1012a844,FUN_1012a844,10,5,1,1012a844_FUN_1012a844
0x1012a84e,FUN_1012a84e,20,9,1,1012a84e_FUN_1012a84e
0x1012a862,FUN_1012a862,26,13,1,1012a862_FUN_1012a862
0x1012a87c,FUN_1012a87c,26,13,1,1012a87c_FUN_1012a87c
0x1012a896,FUN_1012a896,68,34,1,1012a896_FUN_1012a896
0x1012a8da,FUN_1012a8da,52,26,1,1012a8da_FUN_1012a8da
0x1012a90e,FUN_1012a90e,234,91,1,1012a90e_FUN_1012a90e
0x1012a9f8,FUN_1012a9f8,42,21,1,1012a9f8_FUN_1012a9f8
0x1012aa22,FUN_1012aa22,120,51,1,1012aa22_FUN_1012aa22
0x1012aa9a,FUN_1012aa9a,254,92,1,1012aa9a_FUN_1012aa9a
0x1012ab98,FUN_1012ab98,126,53,1,1012ab98_FUN_1012ab98
0x1012adbe,FUN_1012adbe,28,12,1,1012adbe_FUN_1012adbe
0x1012adda,thunk_FUN_1011ea40,4,1,1,1012adda_thunk_FUN_1011ea40
0x1012adde,FUN_1012adde,128,48,1,1012adde_FUN_1012adde
0x1012ae5e,FUN_1012ae5e,158,60,1,1012ae5e_FUN_1012ae5e
0x1012aefc,FUN_1012aefc,38,18,1,1012aefc_FUN_1012aefc
0x1012af22,FUN_1012af22,66,23,1,1012af22_FUN_1012af22
0x1012af64,FUN_1012af64,8,3,1,1012af64_FUN_1012af64
0x1012af6c,thunk_FUN_1011ea40,4,1,1,1012af6c_thunk_FUN_1011ea40
0x1012af70,FUN_1012af70,128,64,1,1012af70_FUN_1012af70
0x1012aff0,FUN_1012aff0,6,2,1,1012aff0_FUN_1012aff0
0x1012aff6,FUN_1012aff6,8,4,1,1012aff6_FUN_1012aff6
0x1012affe,FUN_1012affe,10,5,1,1012affe_FUN_1012affe
0x1012b008,FUN_1012b008,16,6,1,1012b008_FUN_1012b008
0x1012b018,FUN_1012b018,82,35,1,1012b018_FUN_1012b018
0x1012b06a,FUN_1012b06a,6,3,1,1012b06a_FUN_1012b06a
0x1012b070,FUN_1012b070,6,3,1,1012b070_FUN_1012b070
0x1012b076,FUN_1012b076,8,4,1,1012b076_FUN_1012b076
0x1012b07e,FUN_1012b07e,6,3,1,1012b07e_FUN_1012b07e
0x1012b084,FUN_1012b084,26,13,1,1012b084_FUN_1012b084
0x1012b09e,FUN_1012b09e,24,11,1,1012b09e_FUN_1012b09e
0x1012b0b6,FUN_1012b0b6,72,24,1,1012b0b6_FUN_1012b0b6
0x1012b19a,FUN_1012b19a,52,25,1,1012b19a_FUN_1012b19a
0x1012b1ce,FUN_1012b1ce,2,1,1,1012b1ce_FUN_1012b1ce
0x1012b1d0,FUN_1012b1d0,6,3,1,1012b1d0_FUN_1012b1d0
0x1012b1de,FUN_1012b1de,6,2,1,1012b1de_FUN_1012b1de
0x1012b1e4,FUN_1012b1e4,150,65,1,1012b1e4_FUN_1012b1e4
0x1012b27a,FUN_1012b27a,10,4,1,1012b27a_FUN_1012b27a
0x1012b284,FUN_1012b284,16,6,1,1012b284_FUN_1012b284
0x1012b322,FUN_1012b322,10,4,1,1012b322_FUN_1012b322
0x1012b32c,FUN_1012b32c,10,4,1,1012b32c_FUN_1012b32c
0x1012b336,FUN_1012b336,4,2,1,1012b336_FUN_1012b336
0x1012b33a,FUN_1012b33a,18,8,1,1012b33a_FUN_1012b33a
0x1012b350,FUN_1012b350,12,5,1,1012b350_FUN_1012b350
0x1012b4fe,FUN_1012b4fe,60,29,1,1012b4fe_FUN_1012b4fe
0x1012b53a,FUN_1012b53a,124,50,1,1012b53a_FUN_1012b53a
0x1012b5f6,FUN_1012b5f6,102,42,1,1012b5f6_FUN_1012b5f6
0x1012b65c,FUN_1012b65c,10,4,1,1012b65c_FUN_1012b65c
0x1012b666,FUN_1012b666,10,4,1,1012b666_FUN_1012b666
0x1012b670,FUN_1012b670,10,4,1,1012b670_FUN_1012b670
0x1012b67a,FUN_1012b67a,10,4,1,1012b67a_FUN_1012b67a
0x1012b684,FUN_1012b684,10,4,1,1012b684_FUN_1012b684
0x1012b68e,FUN_1012b68e,128,47,1,1012b68e_FUN_1012b68e
0x1012b70e,FUN_1012b70e,170,57,1,1012b70e_FUN_1012b70e
0x1012b7b8,FUN_1012b7b8,162,61,1,1012b7b8_FUN_1012b7b8
0x1012b85a,FUN_1012b85a,146,53,1,1012b85a_FUN_1012b85a
0x1012b8ec,FUN_1012b8ec,56,23,1,1012b8ec_FUN_1012b8ec
0x1012b924,FUN_1012b924,122,49,1,1012b924_FUN_1012b924
0x1012b99e,FUN_1012b99e,122,49,1,1012b99e_FUN_1012b99e
0x1012ba18,FUN_1012ba18,24,9,1,1012ba18_FUN_1012ba18
0x1012bb2a,FUN_1012bb2a,50,19,1,1012bb2a_FUN_1012bb2a
0x1012bb5c,FUN_1012bb5c,46,18,1,1012bb5c_FUN_1012bb5c
0x1012bb9e,FUN_1012bb9e,28,9,1,1012bb9e_FUN_1012bb9e
0x1012bbea,FUN_1012bbea,54,24,1,1012bbea_FUN_1012bbea
0x1012bc20,FUN_1012bc20,86,30,1,1012bc20_FUN_1012bc20
0x1012bcb4,FUN_1012bcb4,84,35,1,1012bcb4_FUN_1012bcb4
0x1012bd08,FUN_1012bd08,12,6,1,1012bd08_FUN_1012bd08
0x1012bd3a,FUN_1012bd3a,28,10,1,1012bd3a_FUN_1012bd3a
0x1012bd90,FUN_1012bd90,220,89,1,1012bd90_FUN_1012bd90
0x1012be78,thunk_FUN_1011ea40,4,1,1,1012be78_thunk_FUN_1011ea40
0x1012be7c,FUN_1012be7c,14,6,1,1012be7c_FUN_1012be7c
0x1012be8a,FUN_1012be8a,12,5,1,1012be8a_FUN_1012be8a
0x1012be96,FUN_1012be96,12,5,1,1012be96_FUN_1012be96
0x1012bea2,FUN_1012bea2,12,5,1,1012bea2_FUN_1012bea2
0x1012beae,FUN_1012beae,12,5,1,1012beae_FUN_1012beae
0x1012beba,FUN_1012beba,6,2,1,1012beba_FUN_1012beba
0x1012bec6,FUN_1012bec6,4,2,1,1012bec6_FUN_1012bec6
0x1012bed4,FUN_1012bed4,4,2,1,1012bed4_FUN_1012bed4
0x1012bed8,FUN_1012bed8,4,2,1,1012bed8_FUN_1012bed8
0x1012bee0,FUN_1012bee0,10,4,1,1012bee0_FUN_1012bee0
0x1012beea,FUN_1012beea,6,2,1,1012beea_FUN_1012beea
0x1012bf2a,FUN_1012bf2a,12,5,1,1012bf2a_FUN_1012bf2a
0x1012bf96,FUN_1012bf96,118,42,1,1012bf96_FUN_1012bf96
0x1012c00c,FUN_1012c00c,16,5,1,1012c00c_FUN_1012c00c
0x1012c082,FUN_1012c082,342,134,1,1012c082_FUN_1012c082
0x1012c0da,FUN_1012c0da,52,20,1,1012c0da_FUN_1012c0da
0x1012c10e,FUN_1012c10e,32,12,1,1012c10e_FUN_1012c10e
0x1012c292,thunk_FUN_1011ea40,4,1,1,1012c292_thunk_FUN_1011ea40
0x1012c296,FUN_1012c296,12,5,1,1012c296_FUN_1012c296
0x1012c2a2,FUN_1012c2a2,70,29,1,1012c2a2_FUN_1012c2a2
0x1012c2e8,FUN_1012c2e8,58,22,1,1012c2e8_FUN_1012c2e8
0x1012c322,FUN_1012c322,14,4,1,1012c322_FUN_1012c322
0x1012c330,FUN_1012c330,18,7,1,1012c330_FUN_1012c330
0x1012c342,FUN_1012c342,4,2,1,1012c342_FUN_1012c342
0x1012c34c,FUN_1012c34c,62,22,1,1012c34c_FUN_1012c34c
0x1012c3b6,FUN_1012c3b6,82,35,1,1012c3b6_FUN_1012c3b6
0x1012c408,FUN_1012c408,72,31,1,1012c408_FUN_1012c408
0x1012c48c,FUN_1012c48c,396,158,1,1012c48c_FUN_1012c48c
0x1012c618,FUN_1012c618,60,21,1,1012c618_FUN_1012c618
0x1012c654,FUN_1012c654,16,6,1,1012c654_FUN_1012c654
0x1012c664,FUN_1012c664,60,21,1,1012c664_FUN_1012c664
0x1012c6a0,FUN_1012c6a0,58,22,1,1012c6a0_FUN_1012c6a0
0x1012c706,FUN_1012c706,30,11,1,1012c706_FUN_1012c706
0x1012c724,FUN_1012c724,70,30,1,1012c724_FUN_1012c724
0x1012c73a,thunk_FUN_1010cac8,4,1,1,1012c73a_thunk_FUN_1010cac8
0x1012c73e,FUN_1012c73e,244,98,1,1012c73e_FUN_1012c73e
0x1012c832,FUN_1012c832,164,75,1,1012c832_FUN_1012c832
0x1012c8d6,FUN_1012c8d6,104,45,1,1012c8d6_FUN_1012c8d6
0x1012c93e,FUN_1012c93e,232,99,1,1012c93e_FUN_1012c93e
0x1012cb64,FUN_1012cb64,182,75,1,1012cb64_FUN_1012cb64
0x1012cc1a,FUN_1012cc1a,206,56,1,1012cc1a_FUN_1012cc1a
0x1012cce8,FUN_1012cce8,60,21,1,1012cce8_FUN_1012cce8
0x1012cd24,FUN_1012cd24,14,5,1,1012cd24_FUN_1012cd24
0x1012cd32,FUN_1012cd32,66,26,1,1012cd32_FUN_1012cd32
0x1012cd74,FUN_1012cd74,60,21,1,1012cd74_FUN_1012cd74
0x1012cdb0,FUN_1012cdb0,212,80,1,1012cdb0_FUN_1012cdb0
0x1012ce84,FUN_1012ce84,72,30,1,1012ce84_FUN_1012ce84
0x1012cecc,FUN_1012cecc,78,36,1,1012cecc_FUN_1012cecc
0x1012cf1a,FUN_1012cf1a,94,33,1,1012cf1a_FUN_1012cf1a
0x1012cf78,FUN_1012cf78,18,8,1,1012cf78_FUN_1012cf78
0x1012cff8,FUN_1012cff8,106,46,1,1012cff8_FUN_1012cff8
0x1012d0a8,FUN_1012d0a8,12,5,1,1012d0a8_FUN_1012d0a8
0x1012d0c2,FUN_1012d0c2,12,5,1,1012d0c2_FUN_1012d0c2
0x1012d0ce,FUN_1012d0ce,22,8,1,1012d0ce_FUN_1012d0ce
0x1012d0f0,FUN_1012d0f0,12,5,1,1012d0f0_FUN_1012d0f0
0x1012d0fc,FUN_1012d0fc,60,23,1,1012d0fc_FUN_1012d0fc
0x1012d138,thunk_FUN_1009efa0,4,1,1,1012d138_thunk_FUN_1009efa0
0x1012d13c,thunk_FUN_1009efe8,4,1,1,1012d13c_thunk_FUN_1009efe8
0x1012d140,thunk_FUN_1007375c,4,1,1,1012d140_thunk_FUN_1007375c
0x1012d144,FUN_1012d144,40,16,1,1012d144_FUN_1012d144
0x1012d1ae,FUN_1012d1ae,10,4,1,1012d1ae_FUN_1012d1ae
0x1012d1b8,FUN_1012d1b8,10,4,1,1012d1b8_FUN_1012d1b8
0x1012d1c2,FUN_1012d1c2,10,4,1,1012d1c2_FUN_1012d1c2
0x1012d1cc,FUN_1012d1cc,36,15,1,1012d1cc_FUN_1012d1cc
0x1012d1f0,thunk_FUN_1009f30c,4,1,1,1012d1f0_thunk_FUN_1009f30c
0x1012d1f4,FUN_1012d1f4,8,3,1,1012d1f4_FUN_1012d1f4
0x1012d214,FUN_1012d214,10,4,1,1012d214_FUN_1012d214
0x1012d21e,FUN_1012d21e,2,1,1,1012d21e_FUN_1012d21e
0x1012d220,FUN_1012d220,92,35,1,1012d220_FUN_1012d220
0x1012d27c,FUN_1012d27c,8,3,1,1012d27c_FUN_1012d27c
0x1012d284,FUN_1012d284,76,30,1,1012d284_FUN_1012d284
0x1012d2d0,FUN_1012d2d0,32,15,1,1012d2d0_FUN_1012d2d0
0x1012d2f0,FUN_1012d2f0,98,41,1,1012d2f0_FUN_1012d2f0
0x1012d352,FUN_1012d352,38,19,1,1012d352_FUN_1012d352
0x1012d378,FUN_1012d378,118,51,1,1012d378_FUN_1012d378
0x1012d3ee,FUN_1012d3ee,120,53,1,1012d3ee_FUN_1012d3ee
0x1012d466,FUN_1012d466,40,19,1,1012d466_FUN_1012d466
0x1012d48e,FUN_1012d48e,28,13,1,1012d48e_FUN_1012d48e
0x1012d4aa,FUN_1012d4aa,42,20,1,1012d4aa_FUN_1012d4aa
0x1012d4d4,FUN_1012d4d4,34,16,1,1012d4d4_FUN_1012d4d4
0x1012d4f6,FUN_1012d4f6,60,27,1,1012d4f6_FUN_1012d4f6
0x1012d532,FUN_1012d532,32,13,1,1012d532_FUN_1012d532
0x1012d552,FUN_1012d552,32,14,1,1012d552_FUN_1012d552
0x1012d572,FUN_1012d572,10,5,1,1012d572_FUN_1012d572
0x1012d5ae,FUN_1012d5ae,16,7,1,1012d5ae_FUN_1012d5ae
0x1012d5be,FUN_1012d5be,34,14,1,1012d5be_FUN_1012d5be
0x1012d5e0,FUN_1012d5e0,36,15,1,1012d5e0_FUN_1012d5e0
0x1012d604,thunk_FUN_10113e2c,4,1,1,1012d604_thunk_FUN_10113e2c
0x1012d608,FUN_1012d608,40,16,1,1012d608_FUN_1012d608
0x1012d630,FUN_1012d630,36,15,1,1012d630_FUN_1012d630
0x1012d654,FUN_1012d654,108,41,1,1012d654_FUN_1012d654
0x1012d6c0,FUN_1012d6c0,58,24,1,1012d6c0_FUN_1012d6c0
0x1012d6fa,FUN_1012d6fa,16,8,1,1012d6fa_FUN_1012d6fa
0x1012d710,thunk_FUN_10113e2c,4,1,1,1012d710_thunk_FUN_10113e2c
0x1012d77a,FUN_1012d77a,24,10,1,1012d77a_FUN_1012d77a
0x1012d7a8,FUN_1012d7a8,42,18,1,1012d7a8_FUN_1012d7a8
0x1012d7f2,FUN_1012d7f2,20,10,1,1012d7f2_FUN_1012d7f2
0x1012d812,FUN_1012d812,26,9,1,1012d812_FUN_1012d812
0x1012d838,FUN_1012d838,206,74,1,1012d838_FUN_1012d838
0x1012d872,FUN_1012d872,40,14,1,1012d872_FUN_1012d872
0x1012d884,FUN_1012d884,44,17,1,1012d884_FUN_1012d884
0x1012d8b0,FUN_1012d8b0,70,20,1,1012d8b0_FUN_1012d8b0
0x1012d8f6,FUN_1012d8f6,48,15,1,1012d8f6_FUN_1012d8f6
0x1012d926,FUN_1012d926,12,5,1,1012d926_FUN_1012d926
0x1012d932,FUN_1012d932,8,3,1,1012d932_FUN_1012d932
0x1012d93a,FUN_1012d93a,22,8,1,1012d93a_FUN_1012d93a
0x1012d950,FUN_1012d950,54,27,1,1012d950_FUN_1012d950
0x1012d990,thunk_FUN_10113e2c,4,1,1,1012d990_thunk_FUN_10113e2c
0x1012d994,FUN_1012d994,6,3,1,1012d994_FUN_1012d994
0x1012d99a,FUN_1012d99a,6,2,1,1012d99a_FUN_1012d99a
0x1012d9a0,FUN_1012d9a0,6,2,1,1012d9a0_FUN_1012d9a0
0x1012d9a6,FUN_1012d9a6,6,2,1,1012d9a6_FUN_1012d9a6
0x1012d9ac,FUN_1012d9ac,18,7,1,1012d9ac_FUN_1012d9ac
0x1012da4a,FUN_1012da4a,12,5,1,1012da4a_FUN_1012da4a
0x1012da5e,FUN_1012da5e,6,3,1,1012da5e_FUN_1012da5e
0x1012da64,FUN_1012da64,22,9,1,1012da64_FUN_1012da64
0x1012da7a,FUN_1012da7a,38,13,1,1012da7a_FUN_1012da7a
0x1012daa0,thunk_FUN_10112e84,4,1,1,1012daa0_thunk_FUN_10112e84
0x1012daa4,FUN_1012daa4,8,3,1,1012daa4_FUN_1012daa4
0x1012daac,FUN_1012daac,32,13,1,1012daac_FUN_1012daac
0x1012dacc,FUN_1012dacc,118,44,1,1012dacc_FUN_1012dacc
0x1012db86,FUN_1012db86,18,9,1,1012db86_FUN_1012db86
0x1012dbbc,FUN_1012dbbc,14,4,1,1012dbbc_FUN_1012dbbc
0x1012dbca,thunk_FUN_1012dd88,4,1,1,1012dbca_thunk_FUN_1012dd88
0x1012dbce,FUN_1012dbce,210,84,1,1012dbce_FUN_1012dbce
0x1012dca8,FUN_1012dca8,4,2,1,1012dca8_FUN_1012dca8
0x1012dcac,FUN_1012dcac,8,3,1,1012dcac_FUN_1012dcac
0x1012dcb4,FUN_1012dcb4,88,29,1,1012dcb4_FUN_1012dcb4
0x1012dd0c,FUN_1012dd0c,44,16,1,1012dd0c_FUN_1012dd0c
0x1012dd38,FUN_1012dd38,80,32,1,1012dd38_FUN_1012dd38
0x1012dd88,FUN_1012dd88,52,21,1,1012dd88_FUN_1012dd88
0x1012ddbc,FUN_1012ddbc,26,13,1,1012ddbc_FUN_1012ddbc
0x1012ddd6,FUN_1012ddd6,26,13,1,1012ddd6_FUN_1012ddd6
0x1012ddf0,FUN_1012ddf0,134,58,1,1012ddf0_FUN_1012ddf0
0x1012de76,FUN_1012de76,2,1,1,1012de76_FUN_1012de76
0x1012de78,FUN_1012de78,2,1,1,1012de78_FUN_1012de78
0x1012de7a,FUN_1012de7a,4,2,1,1012de7a_FUN_1012de7a
0x1012de7e,FUN_1012de7e,4,2,1,1012de7e_FUN_1012de7e
0x1012dec8,FUN_1012dec8,24,9,1,1012dec8_FUN_1012dec8
0x1012dee0,FUN_1012dee0,18,8,1,1012dee0_FUN_1012dee0
0x1012def2,FUN_1012def2,4,2,1,1012def2_FUN_1012def2
0x1012def6,FUN_1012def6,18,8,1,1012def6_FUN_1012def6
0x1012df08,FUN_1012df08,4,2,1,1012df08_FUN_1012df08
0x1012df0c,FUN_1012df0c,4,2,1,1012df0c_FUN_1012df0c
0x1012df10,FUN_1012df10,8,4,1,1012df10_FUN_1012df10
0x1012df20,FUN_1012df20,8,4,1,1012df20_FUN_1012df20
0x1012df30,FUN_1012df30,18,9,1,1012df30_FUN_1012df30
0x1012df42,FUN_1012df42,4,2,1,1012df42_FUN_1012df42
0x1012df46,FUN_1012df46,42,19,1,1012df46_FUN_1012df46
0x1012df9a,FUN_1012df9a,32,13,1,1012df9a_FUN_1012df9a
0x1012dfba,FUN_1012dfba,54,22,1,1012dfba_FUN_1012dfba
0x1012dff0,FUN_1012dff0,20,8,1,1012dff0_FUN_1012dff0
0x1012e004,FUN_1012e004,20,8,1,1012e004_FUN_1012e004
0x1012e018,FUN_1012e018,10,4,1,1012e018_FUN_1012e018
0x1012e022,FUN_1012e022,6,3,1,1012e022_FUN_1012e022
0x1012e028,FUN_1012e028,18,7,1,1012e028_FUN_1012e028
0x1012e03a,thunk_FUN_100a7d8c,4,1,1,1012e03a_thunk_FUN_100a7d8c
0x1012e06e,FUN_1012e06e,52,24,1,1012e06e_FUN_1012e06e
0x1012e0a2,FUN_1012e0a2,52,24,1,1012e0a2_FUN_1012e0a2
0x1012e0e0,FUN_1012e0e0,8,3,1,1012e0e0_FUN_1012e0e0
0x1012e1d0,FUN_1012e1d0,214,89,1,1012e1d0_FUN_1012e1d0
0x1012e3ce,FUN_1012e3ce,324,130,1,1012e3ce_FUN_1012e3ce
0x1012ef1c,FUN_1012ef1c,32,11,1,1012ef1c_FUN_1012ef1c
0x1012ef56,FUN_1012ef56,246,98,1,1012ef56_FUN_1012ef56
0x1012f054,FUN_1012f054,160,54,1,1012f054_FUN_1012f054
0x1012f0f4,FUN_1012f0f4,288,99,1,1012f0f4_FUN_1012f0f4
0x1012f214,FUN_1012f214,160,54,1,1012f214_FUN_1012f214
0x1012f2b4,FUN_1012f2b4,284,99,1,1012f2b4_FUN_1012f2b4
0x1012f3d0,FUN_1012f3d0,28,9,1,1012f3d0_FUN_1012f3d0
0x1012f3ec,FUN_1012f3ec,32,11,1,1012f3ec_FUN_1012f3ec
0x1012f40c,FUN_1012f40c,92,40,1,1012f40c_FUN_1012f40c
0x1012f4f2,FUN_1012f4f2,28,11,1,1012f4f2_FUN_1012f4f2
0x1012f50e,FUN_1012f50e,58,26,1,1012f50e_FUN_1012f50e
0x1012f548,FUN_1012f548,18,7,1,1012f548_FUN_1012f548
0x1012f55a,FUN_1012f55a,18,7,1,1012f55a_FUN_1012f55a
0x1012f56c,FUN_1012f56c,26,12,1,1012f56c_FUN_1012f56c
0x1012f586,FUN_1012f586,28,11,1,1012f586_FUN_1012f586
0x1012f5a2,FUN_1012f5a2,12,5,1,1012f5a2_FUN_1012f5a2
0x1012f5ae,FUN_1012f5ae,82,34,1,1012f5ae_FUN_1012f5ae
0x1012f600,FUN_1012f600,96,41,1,1012f600_FUN_1012f600
0x1012f66a,FUN_1012f66a,26,12,1,1012f66a_FUN_1012f66a
0x1012f99a,FUN_1012f99a,38,13,1,1012f99a_FUN_1012f99a
0x1012f9c8,FUN_1012f9c8,62,24,1,1012f9c8_FUN_1012f9c8
0x1012fa06,FUN_1012fa06,10,3,1,1012fa06_FUN_1012fa06
0x1012fa10,thunk_FUN_10113e2c,4,1,1,1012fa10_thunk_FUN_10113e2c
0x1012fa14,FUN_1012fa14,8,3,1,1012fa14_FUN_1012fa14
0x1012fa1c,FUN_1012fa1c,66,28,1,1012fa1c_FUN_1012fa1c
0x1012fa5e,FUN_1012fa5e,236,84,1,1012fa5e_FUN_1012fa5e
0x1012fb4a,FUN_1012fb4a,22,11,1,1012fb4a_FUN_1012fb4a
0x1012fbb2,FUN_1012fbb2,122,52,1,1012fbb2_FUN_1012fbb2
0x1012fc2c,FUN_1012fc2c,104,41,1,1012fc2c_FUN_1012fc2c
0x1012fc94,FUN_1012fc94,340,132,1,1012fc94_FUN_1012fc94
0x1012fcbc,FUN_1012fcbc,1178,414,1,1012fcbc_FUN_1012fcbc
0x1012fcda,FUN_1012fcda,34,13,1,1012fcda_FUN_1012fcda
0x1012fcfc,FUN_1012fcfc,56,21,1,1012fcfc_FUN_1012fcfc
0x1012fd08,FUN_1012fd08,152,59,1,1012fd08_FUN_1012fd08
0x1012fd20,FUN_1012fd20,86,33,1,1012fd20_FUN_1012fd20
0x1012fd2c,FUN_1012fd2c,78,29,1,1012fd2c_FUN_1012fd2c
0x1012fde4,FUN_1012fde4,68,23,1,1012fde4_FUN_1012fde4
0x1012fe28,FUN_1012fe28,16,6,1,1012fe28_FUN_1012fe28
0x1012fe38,FUN_1012fe38,32,14,1,1012fe38_FUN_1012fe38
0x1012fe64,FUN_1012fe64,544,214,1,1012fe64_FUN_1012fe64
0x1013009e,FUN_1013009e,14,5,1,1013009e_FUN_1013009e
0x101300ac,FUN_101300ac,52,21,1,101300ac_FUN_101300ac
0x101300e0,FUN_101300e0,74,27,1,101300e0_FUN_101300e0
0x1013012a,FUN_1013012a,18,8,1,1013012a_FUN_1013012a
0x1013013c,FUN_1013013c,52,21,1,1013013c_FUN_1013013c
0x10130170,FUN_10130170,52,21,1,10130170_FUN_10130170
0x101301a4,FUN_101301a4,52,21,1,101301a4_FUN_101301a4
0x101301d8,FUN_101301d8,60,20,1,101301d8_FUN_101301d8
0x10130214,FUN_10130214,82,30,1,10130214_FUN_10130214
0x1013039c,FUN_1013039c,186,76,1,1013039c_FUN_1013039c
0x10130456,thunk_FUN_10113fd0,4,1,1,10130456_thunk_FUN_10113fd0
0x1013045a,FUN_1013045a,24,10,1,1013045a_FUN_1013045a
0x10130472,FUN_10130472,58,24,1,10130472_FUN_10130472
0x101304ac,FUN_101304ac,74,31,1,101304ac_FUN_101304ac
0x10130576,FUN_10130576,16,6,1,10130576_FUN_10130576
0x10130596,FUN_10130596,32,14,1,10130596_FUN_10130596
0x101305b6,thunk_FUN_101306c4,4,1,1,101305b6_thunk_FUN_101306c4
0x101305be,FUN_101305be,472,176,1,101305be_FUN_101305be
0x101305d2,FUN_101305d2,290,115,1,101305d2_FUN_101305d2
0x101305e6,FUN_101305e6,116,43,1,101305e6_FUN_101305e6
0x101305fa,FUN_101305fa,40,14,1,101305fa_FUN_101305fa
0x1013060e,FUN_1013060e,40,14,1,1013060e_FUN_1013060e
0x10130622,FUN_10130622,1438,520,1,10130622_FUN_10130622
0x10130652,FUN_10130652,56,22,1,10130652_FUN_10130652
0x101306c4,FUN_101306c4,92,30,1,101306c4_FUN_101306c4
0x101306dc,FUN_101306dc,74,27,1,101306dc_FUN_101306dc
0x10130726,FUN_10130726,60,20,1,10130726_FUN_10130726
0x1013076e,FUN_1013076e,94,40,1,1013076e_FUN_1013076e
0x10130954,thunk_FUN_10113e2c,4,1,1,10130954_thunk_FUN_10113e2c
0x10130958,FUN_10130958,90,40,1,10130958_FUN_10130958
0x101309b2,FUN_101309b2,174,74,1,101309b2_FUN_101309b2
0x10130a60,FUN_10130a60,30,12,1,10130a60_FUN_10130a60
0x10130b86,FUN_10130b86,812,294,1,10130b86_FUN_10130b86
0x10130eb2,FUN_10130eb2,4,2,1,10130eb2_FUN_10130eb2
0x10130f28,FUN_10130f28,56,22,1,10130f28_FUN_10130f28
0x1013101a,FUN_1013101a,20,10,1,1013101a_FUN_1013101a
0x1013102e,FUN_1013102e,36,16,1,1013102e_FUN_1013102e
0x10131062,FUN_10131062,14,6,1,10131062_FUN_10131062
0x10131070,FUN_10131070,14,7,1,10131070_FUN_10131070
0x1013107e,FUN_1013107e,14,7,1,1013107e_FUN_1013107e
0x1013108c,FUN_1013108c,34,13,1,1013108c_FUN_1013108c
0x101310ae,FUN_101310ae,34,13,1,101310ae_FUN_101310ae
0x101310ee,FUN_101310ee,16,7,1,101310ee_FUN_101310ee
0x101310fe,FUN_101310fe,16,7,1,101310fe_FUN_101310fe
0x1013110e,FUN_1013110e,30,14,1,1013110e_FUN_1013110e
0x1013117a,FUN_1013117a,8,4,1,1013117a_FUN_1013117a
0x10131182,FUN_10131182,4,2,1,10131182_FUN_10131182
0x101311a2,FUN_101311a2,4,2,1,101311a2_FUN_101311a2
0x101311aa,FUN_101311aa,34,15,1,101311aa_FUN_101311aa
0x101311cc,FUN_101311cc,52,22,1,101311cc_FUN_101311cc
0x10131274,FUN_10131274,38,15,1,10131274_FUN_10131274
0x1013129a,FUN_1013129a,172,69,1,1013129a_FUN_1013129a
0x101312a0,FUN_101312a0,22,9,1,101312a0_FUN_101312a0
0x101312b6,FUN_101312b6,64,28,1,101312b6_FUN_101312b6
0x10131306,FUN_10131306,2,1,1,10131306_FUN_10131306
0x1013130e,FUN_1013130e,4,2,1,1013130e_FUN_1013130e
0x10131312,FUN_10131312,4,2,1,10131312_FUN_10131312
0x10131316,FUN_10131316,4,2,1,10131316_FUN_10131316
0x1013131a,FUN_1013131a,4,2,1,1013131a_FUN_1013131a
0x1013131e,FUN_1013131e,4,2,1,1013131e_FUN_1013131e
0x10131322,FUN_10131322,4,2,1,10131322_FUN_10131322
0x10131326,FUN_10131326,6,2,1,10131326_FUN_10131326
0x10131338,FUN_10131338,26,9,1,10131338_FUN_10131338
0x10131352,thunk_FUN_10136844,4,1,1,10131352_thunk_FUN_10136844
0x10131356,thunk_FUN_1013684e,4,1,1,10131356_thunk_FUN_1013684e
0x1013135a,thunk_FUN_100d86b4,4,1,1,1013135a_thunk_FUN_100d86b4
0x10131362,FUN_10131362,46,21,1,10131362_FUN_10131362
0x10131390,thunk_FUN_1013698c,4,1,1,10131390_thunk_FUN_1013698c
0x101313be,FUN_101313be,34,15,1,101313be_FUN_101313be
0x1013140c,thunk_FUN_101369b4,4,1,1,1013140c_thunk_FUN_101369b4
0x10131428,FUN_10131428,42,16,1,10131428_FUN_10131428
0x1013144c,FUN_1013144c,20,8,1,1013144c_FUN_1013144c
0x10131464,thunk_FUN_101369dc,4,1,1,10131464_thunk_FUN_101369dc
0x10131468,FUN_10131468,8,3,1,10131468_FUN_10131468
0x10131470,thunk_FUN_10136a24,4,1,1,10131470_thunk_FUN_10136a24
0x10131474,FUN_10131474,50,18,1,10131474_FUN_10131474
0x101314d6,thunk_FUN_10136aee,4,1,1,101314d6_thunk_FUN_10136aee
0x101314da,FUN_101314da,14,6,1,101314da_FUN_101314da
0x101314e8,thunk_FUN_10136ad2,4,1,1,101314e8_thunk_FUN_10136ad2
0x101314ec,FUN_101314ec,60,23,1,101314ec_FUN_101314ec
0x1013151c,thunk_FUN_10136a38,4,1,1,1013151c_thunk_FUN_10136a38
0x10131520,FUN_10131520,10,5,1,10131520_FUN_10131520
0x1013152a,FUN_1013152a,80,30,1,1013152a_FUN_1013152a
0x1013156a,thunk_FUN_10136bda,4,1,1,1013156a_thunk_FUN_10136bda
0x1013156e,FUN_1013156e,46,17,1,1013156e_FUN_1013156e
0x1013159c,FUN_1013159c,8,4,1,1013159c_FUN_1013159c
0x101315a4,FUN_101315a4,100,44,1,101315a4_FUN_101315a4
0x1013160e,FUN_1013160e,38,14,1,1013160e_FUN_1013160e
0x10131636,thunk_FUN_10113e2c,4,1,1,10131636_thunk_FUN_10113e2c
0x1013163a,thunk_FUN_101325a2,4,1,1,1013163a_thunk_FUN_101325a2
0x1013163e,thunk_FUN_1000ad9c,4,1,1,1013163e_thunk_FUN_1000ad9c
0x10131642,thunk_FUN_1013261c,4,1,1,10131642_thunk_FUN_1013261c
0x10131646,thunk_FUN_10113e2c,4,1,1,10131646_thunk_FUN_10113e2c
0x1013178c,FUN_1013178c,80,29,1,1013178c_FUN_1013178c
0x101317dc,FUN_101317dc,192,74,1,101317dc_FUN_101317dc
0x101318cc,FUN_101318cc,48,19,1,101318cc_FUN_101318cc
0x10131906,FUN_10131906,4,2,1,10131906_FUN_10131906
0x10131934,FUN_10131934,22,9,1,10131934_FUN_10131934
0x1013194a,thunk_FUN_1009efa0,4,1,1,1013194a_thunk_FUN_1009efa0
0x1013194e,FUN_1013194e,4,2,1,1013194e_FUN_1013194e
0x10131952,FUN_10131952,2,1,1,10131952_FUN_10131952
0x10131956,FUN_10131956,40,15,1,10131956_FUN_10131956
0x1013197e,FUN_1013197e,30,11,1,1013197e_FUN_1013197e
0x1013199c,FUN_1013199c,28,11,1,1013199c_FUN_1013199c
0x101319b8,FUN_101319b8,26,9,1,101319b8_FUN_101319b8
0x101319d2,FUN_101319d2,28,11,1,101319d2_FUN_101319d2
0x101319ee,FUN_101319ee,28,11,1,101319ee_FUN_101319ee
0x10131a0a,FUN_10131a0a,28,11,1,10131a0a_FUN_10131a0a
0x10131a7c,FUN_10131a7c,24,9,1,10131a7c_FUN_10131a7c
0x10131a94,FUN_10131a94,28,11,1,10131a94_FUN_10131a94
0x10131ab0,FUN_10131ab0,28,11,1,10131ab0_FUN_10131ab0
0x10131acc,FUN_10131acc,34,14,1,10131acc_FUN_10131acc
0x10131aee,FUN_10131aee,28,11,1,10131aee_FUN_10131aee
0x10131b0a,FUN_10131b0a,28,11,1,10131b0a_FUN_10131b0a
0x10131b26,FUN_10131b26,28,11,1,10131b26_FUN_10131b26
0x10131b42,FUN_10131b42,34,14,1,10131b42_FUN_10131b42
0x10131b64,FUN_10131b64,34,14,1,10131b64_FUN_10131b64
0x10131b86,FUN_10131b86,34,14,1,10131b86_FUN_10131b86
0x10131ba8,FUN_10131ba8,28,11,1,10131ba8_FUN_10131ba8
0x10131bc4,FUN_10131bc4,26,9,1,10131bc4_FUN_10131bc4
0x10131bde,FUN_10131bde,34,14,1,10131bde_FUN_10131bde
0x10131c00,FUN_10131c00,28,11,1,10131c00_FUN_10131c00
0x10131c1c,FUN_10131c1c,28,11,1,10131c1c_FUN_10131c1c
0x10131c38,FUN_10131c38,28,11,1,10131c38_FUN_10131c38
0x10131c54,FUN_10131c54,42,17,1,10131c54_FUN_10131c54
0x10131c7e,FUN_10131c7e,34,14,1,10131c7e_FUN_10131c7e
0x10131ca0,FUN_10131ca0,28,11,1,10131ca0_FUN_10131ca0
0x10131cbc,FUN_10131cbc,38,15,1,10131cbc_FUN_10131cbc
0x10131ce2,FUN_10131ce2,38,14,1,10131ce2_FUN_10131ce2
0x10131d08,FUN_10131d08,38,14,1,10131d08_FUN_10131d08
0x10131d2e,FUN_10131d2e,26,9,1,10131d2e_FUN_10131d2e
0x10131d48,FUN_10131d48,28,11,1,10131d48_FUN_10131d48
0x10131d80,FUN_10131d80,38,14,1,10131d80_FUN_10131d80
0x10131da6,FUN_10131da6,32,12,1,10131da6_FUN_10131da6
0x10131dc6,FUN_10131dc6,28,11,1,10131dc6_FUN_10131dc6
0x10131de2,FUN_10131de2,28,11,1,10131de2_FUN_10131de2
0x10131e36,FUN_10131e36,34,14,1,10131e36_FUN_10131e36
0x10131e58,FUN_10131e58,34,14,1,10131e58_FUN_10131e58
0x10131e7a,FUN_10131e7a,34,14,1,10131e7a_FUN_10131e7a
0x10131e9c,FUN_10131e9c,34,14,1,10131e9c_FUN_10131e9c
0x10131ebe,FUN_10131ebe,28,11,1,10131ebe_FUN_10131ebe
0x10131eda,FUN_10131eda,34,14,1,10131eda_FUN_10131eda
0x10131efc,FUN_10131efc,28,11,1,10131efc_FUN_10131efc
0x10131f18,FUN_10131f18,34,14,1,10131f18_FUN_10131f18
0x10131f3a,FUN_10131f3a,28,11,1,10131f3a_FUN_10131f3a
0x10131f56,FUN_10131f56,38,14,1,10131f56_FUN_10131f56
0x10131f7c,FUN_10131f7c,34,14,1,10131f7c_FUN_10131f7c
0x10131f9e,FUN_10131f9e,28,11,1,10131f9e_FUN_10131f9e
0x10131fba,FUN_10131fba,28,11,1,10131fba_FUN_10131fba
0x10131fd6,FUN_10131fd6,28,11,1,10131fd6_FUN_10131fd6
0x10131ff2,FUN_10131ff2,34,14,1,10131ff2_FUN_10131ff2
0x10132014,FUN_10132014,28,11,1,10132014_FUN_10132014
0x10132030,FUN_10132030,28,11,1,10132030_FUN_10132030
0x1013204c,FUN_1013204c,28,11,1,1013204c_FUN_1013204c
0x1013208e,FUN_1013208e,34,14,1,1013208e_FUN_1013208e
0x101320b0,FUN_101320b0,28,11,1,101320b0_FUN_101320b0
0x101320cc,FUN_101320cc,28,11,1,101320cc_FUN_101320cc
0x101320e8,FUN_101320e8,28,11,1,101320e8_FUN_101320e8
0x10132104,FUN_10132104,26,9,1,10132104_FUN_10132104
0x1013211e,FUN_1013211e,28,11,1,1013211e_FUN_1013211e
0x1013213a,FUN_1013213a,28,11,1,1013213a_FUN_1013213a
0x10132156,FUN_10132156,28,11,1,10132156_FUN_10132156
0x10132172,FUN_10132172,38,14,1,10132172_FUN_10132172
0x10132198,FUN_10132198,34,14,1,10132198_FUN_10132198
0x101321ba,FUN_101321ba,28,11,1,101321ba_FUN_101321ba
0x101321d6,FUN_101321d6,28,11,1,101321d6_FUN_101321d6
0x101321f2,FUN_101321f2,34,14,1,101321f2_FUN_101321f2
0x10132214,FUN_10132214,28,11,1,10132214_FUN_10132214
0x10132230,FUN_10132230,34,14,1,10132230_FUN_10132230
0x10132252,FUN_10132252,34,14,1,10132252_FUN_10132252
0x10132274,FUN_10132274,28,11,1,10132274_FUN_10132274
0x10132290,FUN_10132290,38,14,1,10132290_FUN_10132290
0x101322b6,FUN_101322b6,38,14,1,101322b6_FUN_101322b6
0x101322dc,FUN_101322dc,34,14,1,101322dc_FUN_101322dc
0x101322fe,FUN_101322fe,34,14,1,101322fe_FUN_101322fe
0x10132320,FUN_10132320,44,17,1,10132320_FUN_10132320
0x1013234c,FUN_1013234c,34,14,1,1013234c_FUN_1013234c
0x1013236e,FUN_1013236e,44,17,1,1013236e_FUN_1013236e
0x1013239a,FUN_1013239a,6,2,1,1013239a_FUN_1013239a
0x101323a0,FUN_101323a0,48,19,1,101323a0_FUN_101323a0
0x101323d0,FUN_101323d0,24,9,1,101323d0_FUN_101323d0
0x101323e8,FUN_101323e8,24,9,1,101323e8_FUN_101323e8
0x10132400,FUN_10132400,28,11,1,10132400_FUN_10132400
0x1013241c,FUN_1013241c,34,14,1,1013241c_FUN_1013241c
0x1013243e,FUN_1013243e,28,11,1,1013243e_FUN_1013243e
0x10132498,FUN_10132498,62,23,1,10132498_FUN_10132498
0x101324d6,FUN_101324d6,34,14,1,101324d6_FUN_101324d6
0x101324f8,FUN_101324f8,34,14,1,101324f8_FUN_101324f8
0x1013251a,FUN_1013251a,34,14,1,1013251a_FUN_1013251a
0x1013253c,FUN_1013253c,34,14,1,1013253c_FUN_1013253c
0x1013255e,FUN_1013255e,34,14,1,1013255e_FUN_1013255e
0x10132580,FUN_10132580,34,14,1,10132580_FUN_10132580
0x101325a2,FUN_101325a2,34,14,1,101325a2_FUN_101325a2
0x101325c4,FUN_101325c4,28,11,1,101325c4_FUN_101325c4
0x101325e0,FUN_101325e0,26,9,1,101325e0_FUN_101325e0
0x101325fa,FUN_101325fa,34,14,1,101325fa_FUN_101325fa
0x1013261c,FUN_1013261c,26,9,1,1013261c_FUN_1013261c
0x10132658,FUN_10132658,28,11,1,10132658_FUN_10132658
0x10132674,FUN_10132674,24,9,1,10132674_FUN_10132674
0x1013268c,FUN_1013268c,28,11,1,1013268c_FUN_1013268c
0x101326a8,FUN_101326a8,28,11,1,101326a8_FUN_101326a8
0x101326c4,FUN_101326c4,28,11,1,101326c4_FUN_101326c4
0x101326e0,FUN_101326e0,28,11,1,101326e0_FUN_101326e0
0x1013270a,FUN_1013270a,8,3,1,1013270a_FUN_1013270a
0x10132712,FUN_10132712,12,6,1,10132712_FUN_10132712
0x1013271e,FUN_1013271e,18,8,1,1013271e_FUN_1013271e
0x10132740,FUN_10132740,16,7,1,10132740_FUN_10132740
0x10132788,FUN_10132788,8,4,1,10132788_FUN_10132788
0x10132790,FUN_10132790,16,8,1,10132790_FUN_10132790
0x101327a0,FUN_101327a0,26,10,1,101327a0_FUN_101327a0
0x101327ba,FUN_101327ba,14,6,1,101327ba_FUN_101327ba
0x101327c8,FUN_101327c8,18,8,1,101327c8_FUN_101327c8
0x101327da,FUN_101327da,18,8,1,101327da_FUN_101327da
0x10132808,FUN_10132808,28,12,1,10132808_FUN_10132808
0x10132824,FUN_10132824,44,21,1,10132824_FUN_10132824
0x10132850,FUN_10132850,72,31,1,10132850_FUN_10132850
0x10132898,FUN_10132898,8,3,1,10132898_FUN_10132898
0x10132bee,FUN_10132bee,114,42,1,10132bee_FUN_10132bee
0x10132c82,FUN_10132c82,84,36,1,10132c82_FUN_10132c82
0x10132d4c,FUN_10132d4c,36,18,1,10132d4c_FUN_10132d4c
0x10132e0a,FUN_10132e0a,30,12,1,10132e0a_FUN_10132e0a
0x10132e28,FUN_10132e28,6,2,1,10132e28_FUN_10132e28
0x10132e2e,FUN_10132e2e,14,5,1,10132e2e_FUN_10132e2e
0x10132e3c,FUN_10132e3c,22,7,1,10132e3c_FUN_10132e3c
0x10132e52,thunk_FUN_10113fd0,4,1,1,10132e52_thunk_FUN_10113fd0
0x10132e56,FUN_10132e56,22,7,1,10132e56_FUN_10132e56
0x10132e6c,FUN_10132e6c,24,10,1,10132e6c_FUN_10132e6c
0x10132e84,FUN_10132e84,38,13,1,10132e84_FUN_10132e84
0x10132eaa,FUN_10132eaa,6,2,1,10132eaa_FUN_10132eaa
0x10132eb0,FUN_10132eb0,6,2,1,10132eb0_FUN_10132eb0
0x10132ec0,FUN_10132ec0,10,5,1,10132ec0_FUN_10132ec0
0x10132eca,FUN_10132eca,14,7,1,10132eca_FUN_10132eca
0x10132ed8,FUN_10132ed8,42,15,1,10132ed8_FUN_10132ed8
0x10132f02,FUN_10132f02,28,11,1,10132f02_FUN_10132f02
0x10132f1e,thunk_FUN_100c60f8,4,1,1,10132f1e_thunk_FUN_100c60f8
0x10132f22,FUN_10132f22,90,32,1,10132f22_FUN_10132f22
0x10132f8e,FUN_10132f8e,46,16,1,10132f8e_FUN_10132f8e
0x10133040,FUN_10133040,36,12,1,10133040_FUN_10133040
0x10133064,FUN_10133064,54,20,1,10133064_FUN_10133064
0x1013309a,FUN_1013309a,64,26,1,1013309a_FUN_1013309a
0x101330fa,FUN_101330fa,62,24,1,101330fa_FUN_101330fa
0x101331c0,FUN_101331c0,48,19,1,101331c0_FUN_101331c0
0x101331f8,FUN_101331f8,18,8,1,101331f8_FUN_101331f8
0x10133280,FUN_10133280,46,16,1,10133280_FUN_10133280
0x101332ae,FUN_101332ae,12,4,1,101332ae_FUN_101332ae
0x101332ba,FUN_101332ba,12,4,1,101332ba_FUN_101332ba
0x101332c6,FUN_101332c6,12,4,1,101332c6_FUN_101332c6
0x101332d2,FUN_101332d2,12,4,1,101332d2_FUN_101332d2
0x101333be,FUN_101333be,48,17,1,101333be_FUN_101333be
0x101333ee,FUN_101333ee,10,3,1,101333ee_FUN_101333ee
0x101333f8,FUN_101333f8,82,33,1,101333f8_FUN_101333f8
0x1013344a,FUN_1013344a,64,23,1,1013344a_FUN_1013344a
0x1013348a,FUN_1013348a,26,13,1,1013348a_FUN_1013348a
0x101334a4,FUN_101334a4,6,2,1,101334a4_FUN_101334a4
0x101334aa,FUN_101334aa,22,7,1,101334aa_FUN_101334aa
0x101334c0,FUN_101334c0,8,3,1,101334c0_FUN_101334c0
0x101334c8,FUN_101334c8,14,7,1,101334c8_FUN_101334c8
0x101334d6,FUN_101334d6,6,2,1,101334d6_FUN_101334d6
0x101334dc,FUN_101334dc,74,27,1,101334dc_FUN_101334dc
0x1013352c,FUN_1013352c,40,14,1,1013352c_FUN_1013352c
0x10133554,FUN_10133554,24,9,1,10133554_FUN_10133554
0x1013356c,FUN_1013356c,66,28,1,1013356c_FUN_1013356c
0x101335ae,FUN_101335ae,40,14,1,101335ae_FUN_101335ae
0x101335d6,FUN_101335d6,116,42,1,101335d6_FUN_101335d6
0x1013364a,FUN_1013364a,96,41,1,1013364a_FUN_1013364a
0x101336aa,FUN_101336aa,100,40,1,101336aa_FUN_101336aa
0x1013370e,FUN_1013370e,4,2,1,1013370e_FUN_1013370e
0x10133712,FUN_10133712,18,8,1,10133712_FUN_10133712
0x10133724,FUN_10133724,64,26,1,10133724_FUN_10133724
0x10133764,FUN_10133764,46,18,1,10133764_FUN_10133764
0x10133792,FUN_10133792,28,9,1,10133792_FUN_10133792
0x101337fe,FUN_101337fe,68,28,1,101337fe_FUN_101337fe
0x10133842,FUN_10133842,4,2,1,10133842_FUN_10133842
0x10133846,FUN_10133846,80,32,1,10133846_FUN_10133846
0x10133896,FUN_10133896,210,80,1,10133896_FUN_10133896
0x10133992,FUN_10133992,84,34,1,10133992_FUN_10133992
0x101339e6,FUN_101339e6,80,30,1,101339e6_FUN_101339e6
0x10133a36,FUN_10133a36,62,23,1,10133a36_FUN_10133a36
0x10133a74,FUN_10133a74,148,56,1,10133a74_FUN_10133a74
0x10133b08,FUN_10133b08,156,54,1,10133b08_FUN_10133b08
0x10133ba4,FUN_10133ba4,6,2,1,10133ba4_FUN_10133ba4
0x10133baa,FUN_10133baa,120,42,1,10133baa_FUN_10133baa
0x10133c22,FUN_10133c22,184,73,1,10133c22_FUN_10133c22
0x10133ce2,FUN_10133ce2,80,34,1,10133ce2_FUN_10133ce2
0x10133d32,FUN_10133d32,4,2,1,10133d32_FUN_10133d32
0x10133d36,FUN_10133d36,6,3,1,10133d36_FUN_10133d36
0x10133d3c,FUN_10133d3c,6,2,1,10133d3c_FUN_10133d3c
0x10133d42,FUN_10133d42,26,11,1,10133d42_FUN_10133d42
0x10133d5c,FUN_10133d5c,10,3,1,10133d5c_FUN_10133d5c
0x10133d66,FUN_10133d66,84,33,1,10133d66_FUN_10133d66
0x10133dba,FUN_10133dba,6,2,1,10133dba_FUN_10133dba
0x10133dc0,FUN_10133dc0,32,16,1,10133dc0_FUN_10133dc0
0x10133de0,FUN_10133de0,16,8,1,10133de0_FUN_10133de0
0x10133df0,FUN_10133df0,58,25,1,10133df0_FUN_10133df0
0x10133e76,FUN_10133e76,6,2,1,10133e76_FUN_10133e76
0x10133e7c,FUN_10133e7c,20,7,1,10133e7c_FUN_10133e7c
0x10133e90,FUN_10133e90,36,13,1,10133e90_FUN_10133e90
0x10133ed2,FUN_10133ed2,92,32,1,10133ed2_FUN_10133ed2
0x10133f30,FUN_10133f30,50,19,1,10133f30_FUN_10133f30
0x10133f62,FUN_10133f62,54,23,1,10133f62_FUN_10133f62
0x10133f98,FUN_10133f98,6,2,1,10133f98_FUN_10133f98
0x10133f9e,FUN_10133f9e,52,22,1,10133f9e_FUN_10133f9e
0x10133fd2,FUN_10133fd2,30,13,1,10133fd2_FUN_10133fd2
0x10133ff0,FUN_10133ff0,44,19,1,10133ff0_FUN_10133ff0
0x1013401c,FUN_1013401c,6,2,1,1013401c_FUN_1013401c
0x10134022,FUN_10134022,296,116,1,10134022_FUN_10134022
0x10134054,FUN_10134054,130,53,1,10134054_FUN_10134054
0x101340d6,FUN_101340d6,68,27,1,101340d6_FUN_101340d6
0x1013411a,FUN_1013411a,20,8,1,1013411a_FUN_1013411a
0x1013412e,FUN_1013412e,70,25,1,1013412e_FUN_1013412e
0x10134174,FUN_10134174,96,34,1,10134174_FUN_10134174
0x101341d4,FUN_101341d4,368,143,1,101341d4_FUN_101341d4
0x1013424c,FUN_1013424c,32,14,1,1013424c_FUN_1013424c
0x1013426c,FUN_1013426c,32,14,1,1013426c_FUN_1013426c
0x1013428c,FUN_1013428c,66,28,1,1013428c_FUN_1013428c
0x101342d2,FUN_101342d2,108,39,1,101342d2_FUN_101342d2
0x10134394,FUN_10134394,124,49,1,10134394_FUN_10134394
0x101343c0,FUN_101343c0,32,16,1,101343c0_FUN_101343c0
0x101343e6,FUN_101343e6,52,26,1,101343e6_FUN_101343e6
0x10134454,FUN_10134454,172,69,1,10134454_FUN_10134454
0x10134500,FUN_10134500,6,2,1,10134500_FUN_10134500
0x10134506,FUN_10134506,62,26,1,10134506_FUN_10134506
0x10134544,FUN_10134544,54,21,1,10134544_FUN_10134544
0x1013457a,FUN_1013457a,6,2,1,1013457a_FUN_1013457a
0x10134580,FUN_10134580,22,7,1,10134580_FUN_10134580
0x10134596,FUN_10134596,32,13,1,10134596_FUN_10134596
0x101345b6,FUN_101345b6,24,10,1,101345b6_FUN_101345b6
0x101345ce,FUN_101345ce,20,9,1,101345ce_FUN_101345ce
0x101345e2,FUN_101345e2,24,11,1,101345e2_FUN_101345e2
0x10134698,FUN_10134698,40,16,1,10134698_FUN_10134698
0x101346c0,FUN_101346c0,60,25,1,101346c0_FUN_101346c0
0x101346fc,FUN_101346fc,64,27,1,101346fc_FUN_101346fc
0x1013473c,FUN_1013473c,60,29,1,1013473c_FUN_1013473c
0x10134778,FUN_10134778,14,7,1,10134778_FUN_10134778
0x10134786,FUN_10134786,28,12,1,10134786_FUN_10134786
0x101347a2,FUN_101347a2,24,9,1,101347a2_FUN_101347a2
0x101347ba,FUN_101347ba,52,21,1,101347ba_FUN_101347ba
0x101347ee,FUN_101347ee,10,5,1,101347ee_FUN_101347ee
0x10134816,FUN_10134816,40,17,1,10134816_FUN_10134816
0x1013486c,FUN_1013486c,48,20,1,1013486c_FUN_1013486c
0x101348cc,FUN_101348cc,70,27,1,101348cc_FUN_101348cc
0x10134912,FUN_10134912,34,12,1,10134912_FUN_10134912
0x10134934,FUN_10134934,76,32,1,10134934_FUN_10134934
0x10134980,FUN_10134980,40,16,1,10134980_FUN_10134980
0x101349a8,FUN_101349a8,22,8,1,101349a8_FUN_101349a8
0x10134a0c,FUN_10134a0c,110,46,1,10134a0c_FUN_10134a0c
0x10134a7a,FUN_10134a7a,54,23,1,10134a7a_FUN_10134a7a
0x10134ab0,FUN_10134ab0,116,44,1,10134ab0_FUN_10134ab0
0x10134b52,FUN_10134b52,58,24,1,10134b52_FUN_10134b52
0x10134be0,FUN_10134be0,22,8,1,10134be0_FUN_10134be0
0x10134bfc,thunk_FUN_10135318,4,1,1,10134bfc_thunk_FUN_10135318
0x10134c80,FUN_10134c80,58,26,1,10134c80_FUN_10134c80
0x10134cba,FUN_10134cba,148,54,1,10134cba_FUN_10134cba
0x10134da4,FUN_10134da4,80,31,1,10134da4_FUN_10134da4
0x10134df4,FUN_10134df4,20,10,1,10134df4_FUN_10134df4
0x10134e08,FUN_10134e08,54,27,1,10134e08_FUN_10134e08
0x10134e3e,FUN_10134e3e,16,8,1,10134e3e_FUN_10134e3e
0x10134e5c,FUN_10134e5c,32,16,1,10134e5c_FUN_10134e5c
0x10134e80,FUN_10134e80,60,27,1,10134e80_FUN_10134e80
0x10134eda,FUN_10134eda,18,8,1,10134eda_FUN_10134eda
0x10134f22,FUN_10134f22,290,109,1,10134f22_FUN_10134f22
0x10135064,FUN_10135064,56,22,1,10135064_FUN_10135064
0x1013509c,FUN_1013509c,28,10,1,1013509c_FUN_1013509c
0x101350ce,FUN_101350ce,162,73,1,101350ce_FUN_101350ce
0x10135176,FUN_10135176,74,29,1,10135176_FUN_10135176
0x10135318,FUN_10135318,66,26,1,10135318_FUN_10135318
0x10135440,FUN_10135440,22,8,1,10135440_FUN_10135440
0x10135464,FUN_10135464,24,9,1,10135464_FUN_10135464
0x1013547c,FUN_1013547c,10,5,1,1013547c_FUN_1013547c
0x101354b6,FUN_101354b6,56,24,1,101354b6_FUN_101354b6
0x10135546,FUN_10135546,40,15,1,10135546_FUN_10135546
0x1013556e,FUN_1013556e,82,32,1,1013556e_FUN_1013556e
0x101355fe,FUN_101355fe,28,11,1,101355fe_FUN_101355fe
0x1013561a,FUN_1013561a,156,58,1,1013561a_FUN_1013561a
0x101356b6,FUN_101356b6,60,24,1,101356b6_FUN_101356b6
0x101356f2,FUN_101356f2,58,23,1,101356f2_FUN_101356f2
0x1013572c,FUN_1013572c,74,31,1,1013572c_FUN_1013572c
0x1013577a,FUN_1013577a,12,4,1,1013577a_FUN_1013577a
0x10135786,FUN_10135786,80,36,1,10135786_FUN_10135786
0x10135838,FUN_10135838,64,26,1,10135838_FUN_10135838
0x101358ac,FUN_101358ac,68,29,1,101358ac_FUN_101358ac
0x101359b4,FUN_101359b4,40,14,1,101359b4_FUN_101359b4
0x101359dc,FUN_101359dc,54,18,1,101359dc_FUN_101359dc
0x10135a7a,FUN_10135a7a,154,56,1,10135a7a_FUN_10135a7a
0x10135c42,FUN_10135c42,68,24,1,10135c42_FUN_10135c42
0x10135c86,FUN_10135c86,184,66,1,10135c86_FUN_10135c86
0x10135d9e,FUN_10135d9e,156,59,1,10135d9e_FUN_10135d9e
0x10135f42,FUN_10135f42,6,2,1,10135f42_FUN_10135f42
0x10135f48,FUN_10135f48,622,232,1,10135f48_FUN_10135f48
0x101360a6,FUN_101360a6,104,43,1,101360a6_FUN_101360a6
0x1013632a,FUN_1013632a,34,14,1,1013632a_FUN_1013632a
0x10136350,FUN_10136350,10,4,1,10136350_FUN_10136350
0x1013635a,thunk_FUN_10131b42,4,1,1,1013635a_thunk_FUN_10131b42
0x1013635e,FUN_1013635e,170,66,1,1013635e_FUN_1013635e
0x10136428,FUN_10136428,28,12,1,10136428_FUN_10136428
0x10136444,FUN_10136444,30,11,1,10136444_FUN_10136444
0x10136462,FUN_10136462,30,11,1,10136462_FUN_10136462
0x10136480,FUN_10136480,24,10,1,10136480_FUN_10136480
0x101364aa,thunk_FUN_101325fa,4,1,1,101364aa_thunk_FUN_101325fa
0x101364ae,FUN_101364ae,12,5,1,101364ae_FUN_101364ae
0x101364ba,FUN_101364ba,16,7,1,101364ba_FUN_101364ba
0x101364ca,FUN_101364ca,16,7,1,101364ca_FUN_101364ca
0x101364da,FUN_101364da,16,7,1,101364da_FUN_101364da
0x101364ea,FUN_101364ea,16,7,1,101364ea_FUN_101364ea
0x101364fa,FUN_101364fa,16,7,1,101364fa_FUN_101364fa
0x1013650a,FUN_1013650a,12,5,1,1013650a_FUN_1013650a
0x10136516,thunk_FUN_1013650a,4,1,1,10136516_thunk_FUN_1013650a
0x1013651a,FUN_1013651a,18,7,1,1013651a_FUN_1013651a
0x1013652c,FUN_1013652c,18,6,1,1013652c_FUN_1013652c
0x1013653e,FUN_1013653e,30,10,1,1013653e_FUN_1013653e
0x1013655c,FUN_1013655c,24,8,1,1013655c_FUN_1013655c
0x10136574,FUN_10136574,12,5,1,10136574_FUN_10136574
0x10136580,FUN_10136580,18,7,1,10136580_FUN_10136580
0x10136592,FUN_10136592,12,5,1,10136592_FUN_10136592
0x1013659e,FUN_1013659e,32,12,1,1013659e_FUN_1013659e
0x101365be,FUN_101365be,18,6,1,101365be_FUN_101365be
0x101365e2,FUN_101365e2,28,10,1,101365e2_FUN_101365e2
0x101365fe,FUN_101365fe,18,6,1,101365fe_FUN_101365fe
0x10136610,FUN_10136610,18,7,1,10136610_FUN_10136610
0x10136622,FUN_10136622,12,5,1,10136622_FUN_10136622
0x1013662e,FUN_1013662e,16,6,1,1013662e_FUN_1013662e
0x1013663e,FUN_1013663e,14,5,1,1013663e_FUN_1013663e
0x1013664c,FUN_1013664c,34,12,1,1013664c_FUN_1013664c
0x1013666e,FUN_1013666e,120,43,1,1013666e_FUN_1013666e
0x101366ec,FUN_101366ec,78,34,1,101366ec_FUN_101366ec
0x1013673a,FUN_1013673a,40,16,1,1013673a_FUN_1013673a
0x10136762,thunk_FUN_100d88cc,4,1,1,10136762_thunk_FUN_100d88cc
0x1013676c,FUN_1013676c,8,3,1,1013676c_FUN_1013676c
0x10136774,FUN_10136774,42,17,1,10136774_FUN_10136774
0x1013679e,thunk_FUN_10131d2e,4,1,1,1013679e_thunk_FUN_10131d2e
0x101367a2,FUN_101367a2,22,9,1,101367a2_FUN_101367a2
0x101367b8,thunk_FUN_101367a2,4,1,1,101367b8_thunk_FUN_101367a2
0x101367bc,FUN_101367bc,28,11,1,101367bc_FUN_101367bc
0x101367f4,FUN_101367f4,24,9,1,101367f4_FUN_101367f4
0x1013680c,FUN_1013680c,34,14,1,1013680c_FUN_1013680c
0x1013682e,FUN_1013682e,22,9,1,1013682e_FUN_1013682e
0x10136844,FUN_10136844,10,4,1,10136844_FUN_10136844
0x1013684e,FUN_1013684e,10,4,1,1013684e_FUN_1013684e
0x10136858,FUN_10136858,34,14,1,10136858_FUN_10136858
0x1013687a,FUN_1013687a,24,10,1,1013687a_FUN_1013687a
0x10136892,FUN_10136892,10,4,1,10136892_FUN_10136892
0x1013689c,thunk_FUN_100d86b4,4,1,1,1013689c_thunk_FUN_100d86b4
0x101368a0,FUN_101368a0,10,4,1,101368a0_FUN_101368a0
0x101368aa,FUN_101368aa,10,4,1,101368aa_FUN_101368aa
0x101368be,FUN_101368be,34,14,1,101368be_FUN_101368be
0x101368fa,FUN_101368fa,36,14,1,101368fa_FUN_101368fa
0x10136952,FUN_10136952,34,14,1,10136952_FUN_10136952
0x10136974,FUN_10136974,24,10,1,10136974_FUN_10136974
0x1013698c,FUN_1013698c,10,4,1,1013698c_FUN_1013698c
0x101369b4,FUN_101369b4,10,4,1,101369b4_FUN_101369b4
0x101369dc,FUN_101369dc,100,39,1,101369dc_FUN_101369dc
0x10136a24,FUN_10136a24,10,4,1,10136a24_FUN_10136a24
0x10136a38,FUN_10136a38,10,4,1,10136a38_FUN_10136a38
0x10136a56,FUN_10136a56,10,4,1,10136a56_FUN_10136a56
0x10136ac8,FUN_10136ac8,10,4,1,10136ac8_FUN_10136ac8
0x10136ad2,FUN_10136ad2,28,12,1,10136ad2_FUN_10136ad2
0x10136aee,FUN_10136aee,10,4,1,10136aee_FUN_10136aee
0x10136af8,FUN_10136af8,34,14,1,10136af8_FUN_10136af8
0x10136b1a,FUN_10136b1a,28,11,1,10136b1a_FUN_10136b1a
0x10136b36,FUN_10136b36,40,17,1,10136b36_FUN_10136b36
0x10136b5e,FUN_10136b5e,36,15,1,10136b5e_FUN_10136b5e
0x10136b82,FUN_10136b82,24,10,1,10136b82_FUN_10136b82
0x10136b9a,FUN_10136b9a,40,17,1,10136b9a_FUN_10136b9a
0x10136bda,FUN_10136bda,10,4,1,10136bda_FUN_10136bda
0x10136be4,FUN_10136be4,10,4,1,10136be4_FUN_10136be4
0x10136bee,FUN_10136bee,4,2,1,10136bee_FUN_10136bee
0x10136bf2,FUN_10136bf2,4,2,1,10136bf2_FUN_10136bf2
0x10136bf6,FUN_10136bf6,18,8,1,10136bf6_FUN_10136bf6
0x10136c08,FUN_10136c08,46,19,1,10136c08_FUN_10136c08
0x10136c50,thunk_FUN_10136bf6,4,1,1,10136c50_thunk_FUN_10136bf6
0x10136c54,FUN_10136c54,8,3,1,10136c54_FUN_10136c54
0x10136c5c,FUN_10136c5c,28,12,1,10136c5c_FUN_10136c5c
0x10136d14,FUN_10136d14,12,5,1,10136d14_FUN_10136d14
0x10136d20,FUN_10136d20,90,32,1,10136d20_FUN_10136d20
0x10136dee,FUN_10136dee,42,13,1,10136dee_FUN_10136dee
0x10136e18,FUN_10136e18,28,11,1,10136e18_FUN_10136e18
0x10136e86,FUN_10136e86,8,4,1,10136e86_FUN_10136e86
0x10136e8e,FUN_10136e8e,38,15,1,10136e8e_FUN_10136e8e
0x10136eb4,FUN_10136eb4,120,57,1,10136eb4_FUN_10136eb4
0x10136f58,FUN_10136f58,8,3,1,10136f58_FUN_10136f58
0x10136f60,FUN_10136f60,30,13,1,10136f60_FUN_10136f60
0x10136fc6,FUN_10136fc6,8,3,1,10136fc6_FUN_10136fc6
0x10136fce,FUN_10136fce,34,12,1,10136fce_FUN_10136fce
0x1013700a,FUN_1013700a,48,18,1,1013700a_FUN_1013700a
0x1013703a,FUN_1013703a,14,6,1,1013703a_FUN_1013703a
0x10137048,FUN_10137048,148,55,1,10137048_FUN_10137048
0x1013707c,FUN_1013707c,58,21,1,1013707c_FUN_1013707c
0x101370b0,FUN_101370b0,160,58,1,101370b0_FUN_101370b0
0x101370d8,FUN_101370d8,28,10,1,101370d8_FUN_101370d8
0x101370f4,FUN_101370f4,24,9,1,101370f4_FUN_101370f4
0x1013710c,FUN_1013710c,106,40,1,1013710c_FUN_1013710c
0x10137188,FUN_10137188,6,2,1,10137188_FUN_10137188
0x1013751e,FUN_1013751e,12,4,1,1013751e_FUN_1013751e
0x1013752a,FUN_1013752a,46,17,1,1013752a_FUN_1013752a
0x10137558,FUN_10137558,90,31,1,10137558_FUN_10137558
0x1013755e,FUN_1013755e,6,2,1,1013755e_FUN_1013755e
0x10137564,FUN_10137564,350,120,1,10137564_FUN_10137564
0x1013756c,FUN_1013756c,6,2,1,1013756c_FUN_1013756c
0x101375c8,FUN_101375c8,18,7,1,101375c8_FUN_101375c8
0x10137664,FUN_10137664,18,9,1,10137664_FUN_10137664
0x10137686,FUN_10137686,44,19,1,10137686_FUN_10137686
0x101376b2,FUN_101376b2,6,2,1,101376b2_FUN_101376b2
0x101376b8,FUN_101376b8,26,11,1,101376b8_FUN_101376b8
0x101376f0,FUN_101376f0,58,22,1,101376f0_FUN_101376f0
0x1013770c,FUN_1013770c,92,35,1,1013770c_FUN_1013770c
0x10137768,FUN_10137768,92,34,1,10137768_FUN_10137768
0x101377c4,FUN_101377c4,92,34,1,101377c4_FUN_101377c4
0x10137820,FUN_10137820,92,35,1,10137820_FUN_10137820
0x101378f0,FUN_101378f0,28,9,1,101378f0_FUN_101378f0
0x1013790c,FUN_1013790c,20,7,1,1013790c_FUN_1013790c
0x10137920,FUN_10137920,44,17,1,10137920_FUN_10137920
0x1013794c,FUN_1013794c,24,9,1,1013794c_FUN_1013794c
0x10137964,FUN_10137964,106,40,1,10137964_FUN_10137964
0x101379ce,FUN_101379ce,46,18,1,101379ce_FUN_101379ce
0x101379fc,FUN_101379fc,72,28,1,101379fc_FUN_101379fc
0x10137a44,FUN_10137a44,60,22,1,10137a44_FUN_10137a44
0x10137a80,FUN_10137a80,120,49,1,10137a80_FUN_10137a80
0x10137b70,FUN_10137b70,90,31,1,10137b70_FUN_10137b70
0x10137bd2,FUN_10137bd2,114,42,1,10137bd2_FUN_10137bd2
0x10137c44,FUN_10137c44,14,4,1,10137c44_FUN_10137c44
0x10137c52,FUN_10137c52,194,76,1,10137c52_FUN_10137c52
0x10137d14,FUN_10137d14,40,14,1,10137d14_FUN_10137d14
0x10137d3c,FUN_10137d3c,44,19,1,10137d3c_FUN_10137d3c
0x10137d68,FUN_10137d68,52,23,1,10137d68_FUN_10137d68
0x10137d9c,FUN_10137d9c,44,19,1,10137d9c_FUN_10137d9c
0x10137dc8,FUN_10137dc8,28,12,1,10137dc8_FUN_10137dc8
0x10137e30,FUN_10137e30,30,11,1,10137e30_FUN_10137e30
0x10137e4e,FUN_10137e4e,6,2,1,10137e4e_FUN_10137e4e
0x10137e54,FUN_10137e54,48,19,1,10137e54_FUN_10137e54
0x10137eae,FUN_10137eae,92,35,1,10137eae_FUN_10137eae
0x10137f0a,FUN_10137f0a,76,28,1,10137f0a_FUN_10137f0a
0x10137f56,FUN_10137f56,92,37,1,10137f56_FUN_10137f56
0x10137fb6,FUN_10137fb6,14,7,1,10137fb6_FUN_10137fb6
0x10137fc4,FUN_10137fc4,32,14,1,10137fc4_FUN_10137fc4
0x10137fe4,FUN_10137fe4,8,4,1,10137fe4_FUN_10137fe4
0x10137fec,FUN_10137fec,10,5,1,10137fec_FUN_10137fec
0x10137ff6,FUN_10137ff6,20,7,1,10137ff6_FUN_10137ff6
0x1013800a,FUN_1013800a,40,15,1,1013800a_FUN_1013800a
0x10138032,FUN_10138032,8,3,1,10138032_FUN_10138032
0x1013803a,FUN_1013803a,10,5,1,1013803a_FUN_1013803a
0x10138044,thunk_FUN_10138032,4,1,1,10138044_thunk_FUN_10138032
0x1013807c,thunk_FUN_100e11ec,4,1,1,1013807c_thunk_FUN_100e11ec
0x10138082,FUN_10138082,66,27,1,10138082_FUN_10138082
0x1013811a,FUN_1013811a,22,8,1,1013811a_FUN_1013811a
0x10138130,FUN_10138130,22,8,1,10138130_FUN_10138130
0x10138146,FUN_10138146,16,6,1,10138146_FUN_10138146
0x10138156,FUN_10138156,26,10,1,10138156_FUN_10138156
0x10138170,FUN_10138170,78,32,1,10138170_FUN_10138170
0x101381be,FUN_101381be,38,13,1,101381be_FUN_101381be
0x101381e4,FUN_101381e4,36,13,1,101381e4_FUN_101381e4
0x10138208,FUN_10138208,48,17,1,10138208_FUN_10138208
0x10138238,FUN_10138238,52,18,1,10138238_FUN_10138238
0x1013828e,FUN_1013828e,32,14,1,1013828e_FUN_1013828e
0x1013832e,FUN_1013832e,28,11,1,1013832e_FUN_1013832e
0x10138356,FUN_10138356,44,18,1,10138356_FUN_10138356
0x10138382,FUN_10138382,16,8,1,10138382_FUN_10138382
0x10138392,FUN_10138392,18,9,1,10138392_FUN_10138392
0x101383b0,FUN_101383b0,12,6,1,101383b0_FUN_101383b0
0x101383f6,FUN_101383f6,20,9,1,101383f6_FUN_101383f6
0x1013846c,FUN_1013846c,126,48,1,1013846c_FUN_1013846c
0x10138574,FUN_10138574,10,4,1,10138574_FUN_10138574
0x101385a6,FUN_101385a6,14,7,1,101385a6_FUN_101385a6
0x101385b4,FUN_101385b4,28,12,1,101385b4_FUN_101385b4
0x101385d0,FUN_101385d0,34,14,1,101385d0_FUN_101385d0
0x101385f2,FUN_101385f2,98,45,1,101385f2_FUN_101385f2
0x10138654,FUN_10138654,4,2,1,10138654_FUN_10138654
0x10138658,FUN_10138658,10,5,1,10138658_FUN_10138658
0x10138662,FUN_10138662,22,11,1,10138662_FUN_10138662
0x10138678,FUN_10138678,6,3,1,10138678_FUN_10138678
0x1013868e,FUN_1013868e,12,6,1,1013868e_FUN_1013868e
0x101386a0,FUN_101386a0,6,2,1,101386a0_FUN_101386a0
0x101386a6,FUN_101386a6,6,2,1,101386a6_FUN_101386a6
0x101386ac,FUN_101386ac,68,27,1,101386ac_FUN_101386ac
0x101386f0,FUN_101386f0,44,19,1,101386f0_FUN_101386f0
0x1013871c,FUN_1013871c,58,26,1,1013871c_FUN_1013871c
0x101387c0,FUN_101387c0,52,20,1,101387c0_FUN_101387c0
0x10138896,FUN_10138896,136,47,1,10138896_FUN_10138896
0x10138924,FUN_10138924,94,34,1,10138924_FUN_10138924
0x101389d2,FUN_101389d2,40,16,1,101389d2_FUN_101389d2
0x101389fa,FUN_101389fa,140,53,1,101389fa_FUN_101389fa
0x10138a10,FUN_10138a10,28,9,1,10138a10_FUN_10138a10
0x10138a26,FUN_10138a26,34,11,1,10138a26_FUN_10138a26
0x10138a3c,FUN_10138a3c,66,24,1,10138a3c_FUN_10138a3c
0x10138a52,FUN_10138a52,24,8,1,10138a52_FUN_10138a52
0x10138a6a,FUN_10138a6a,8,3,1,10138a6a_FUN_10138a6a
0x10138a72,FUN_10138a72,44,20,1,10138a72_FUN_10138a72
0x10138a9e,FUN_10138a9e,48,23,1,10138a9e_FUN_10138a9e
0x10138ace,FUN_10138ace,28,12,1,10138ace_FUN_10138ace
0x10138aea,FUN_10138aea,46,20,1,10138aea_FUN_10138aea
0x10138b18,FUN_10138b18,10,3,1,10138b18_FUN_10138b18
0x10138b22,FUN_10138b22,20,8,1,10138b22_FUN_10138b22
0x10138b3a,FUN_10138b3a,26,11,1,10138b3a_FUN_10138b3a
0x10138b54,FUN_10138b54,8,3,1,10138b54_FUN_10138b54
0x10138b5c,FUN_10138b5c,24,10,1,10138b5c_FUN_10138b5c
0x10138b7e,FUN_10138b7e,10,4,1,10138b7e_FUN_10138b7e
0x10138b9c,FUN_10138b9c,10,4,1,10138b9c_FUN_10138b9c
0x10138bb0,FUN_10138bb0,8,3,1,10138bb0_FUN_10138bb0
0x10138bd6,FUN_10138bd6,10,4,1,10138bd6_FUN_10138bd6
0x10138be0,FUN_10138be0,22,9,1,10138be0_FUN_10138be0
0x10138c00,FUN_10138c00,12,5,1,10138c00_FUN_10138c00
0x10138c34,FUN_10138c34,30,11,1,10138c34_FUN_10138c34
0x10138c52,FUN_10138c52,12,5,1,10138c52_FUN_10138c52
0x10138c7c,FUN_10138c7c,4,2,1,10138c7c_FUN_10138c7c
0x10138c80,thunk_FUN_100e8240,4,1,1,10138c80_thunk_FUN_100e8240
0x10138c84,FUN_10138c84,4,2,1,10138c84_FUN_10138c84
0x10138c88,FUN_10138c88,6,2,1,10138c88_FUN_10138c88
0x10138c8e,FUN_10138c8e,4,2,1,10138c8e_FUN_10138c8e
0x10138c92,FUN_10138c92,4,2,1,10138c92_FUN_10138c92
0x10138c9a,FUN_10138c9a,4,2,1,10138c9a_FUN_10138c9a
0x10138c9e,FUN_10138c9e,4,2,1,10138c9e_FUN_10138c9e
0x10138ca2,FUN_10138ca2,6,2,1,10138ca2_FUN_10138ca2
0x10138cac,FUN_10138cac,4,2,1,10138cac_FUN_10138cac
0x10138cb0,FUN_10138cb0,6,2,1,10138cb0_FUN_10138cb0
0x10138cb6,FUN_10138cb6,4,2,1,10138cb6_FUN_10138cb6
0x10138cba,FUN_10138cba,4,2,1,10138cba_FUN_10138cba
0x10138cbe,FUN_10138cbe,6,2,1,10138cbe_FUN_10138cbe
0x10138cc4,FUN_10138cc4,52,23,1,10138cc4_FUN_10138cc4
0x10138cf8,FUN_10138cf8,2,1,1,10138cf8_FUN_10138cf8
0x10138cfa,FUN_10138cfa,46,18,1,10138cfa_FUN_10138cfa
0x10138d28,FUN_10138d28,208,88,1,10138d28_FUN_10138d28
0x10138e24,FUN_10138e24,28,13,1,10138e24_FUN_10138e24
0x10138e6a,FUN_10138e6a,32,14,1,10138e6a_FUN_10138e6a
0x10138e8a,FUN_10138e8a,32,14,1,10138e8a_FUN_10138e8a
0x10138eca,FUN_10138eca,24,10,1,10138eca_FUN_10138eca
0x10138ef8,FUN_10138ef8,28,11,1,10138ef8_FUN_10138ef8
0x10138f14,thunk_FUN_100e855c,4,1,1,10138f14_thunk_FUN_100e855c
0x10138f6a,FUN_10138f6a,20,7,1,10138f6a_FUN_10138f6a
0x10138fb6,FUN_10138fb6,6,2,1,10138fb6_FUN_10138fb6
0x10138fbc,FUN_10138fbc,14,6,1,10138fbc_FUN_10138fbc
0x10138fca,FUN_10138fca,6,2,1,10138fca_FUN_10138fca
0x10138fd0,FUN_10138fd0,6,2,1,10138fd0_FUN_10138fd0
0x10138fd6,FUN_10138fd6,6,2,1,10138fd6_FUN_10138fd6
0x10138fdc,FUN_10138fdc,4,2,1,10138fdc_FUN_10138fdc
0x10138fe0,FUN_10138fe0,62,24,1,10138fe0_FUN_10138fe0
0x10138fe6,FUN_10138fe6,4,2,1,10138fe6_FUN_10138fe6
0x10138fea,FUN_10138fea,4,2,1,10138fea_FUN_10138fea
0x10138fee,FUN_10138fee,4,2,1,10138fee_FUN_10138fee
0x10138ff2,FUN_10138ff2,6,2,1,10138ff2_FUN_10138ff2
0x10138ff8,FUN_10138ff8,4,2,1,10138ff8_FUN_10138ff8
0x10139020,FUN_10139020,48,20,1,10139020_FUN_10139020
0x10139050,FUN_10139050,8,3,1,10139050_FUN_10139050
0x10139058,FUN_10139058,8,3,1,10139058_FUN_10139058
0x10139064,FUN_10139064,14,5,1,10139064_FUN_10139064
0x1013909a,FUN_1013909a,26,10,1,1013909a_FUN_1013909a
0x101390b4,FUN_101390b4,130,51,1,101390b4_FUN_101390b4
0x10139136,FUN_10139136,36,11,1,10139136_FUN_10139136
0x1013915a,FUN_1013915a,2,1,1,1013915a_FUN_1013915a
0x1013915c,FUN_1013915c,130,46,1,1013915c_FUN_1013915c
0x1013921a,FUN_1013921a,192,73,1,1013921a_FUN_1013921a
0x101392da,FUN_101392da,16,7,1,101392da_FUN_101392da
0x101392ea,thunk_FUN_100ee058,4,1,1,101392ea_thunk_FUN_100ee058
0x101392ee,thunk_FUN_101390b4,4,1,1,101392ee_thunk_FUN_101390b4
0x10139338,FUN_10139338,64,22,1,10139338_FUN_10139338
0x10139378,FUN_10139378,18,8,1,10139378_FUN_10139378
0x1013938a,FUN_1013938a,4,2,1,1013938a_FUN_1013938a
0x1013938e,FUN_1013938e,4,2,1,1013938e_FUN_1013938e
0x10139392,FUN_10139392,46,21,1,10139392_FUN_10139392
0x10139410,FUN_10139410,40,15,1,10139410_FUN_10139410
0x10139438,FUN_10139438,472,181,1,10139438_FUN_10139438
0x10139636,FUN_10139636,36,15,1,10139636_FUN_10139636
0x1013965a,FUN_1013965a,36,15,1,1013965a_FUN_1013965a
0x1013967e,FUN_1013967e,62,25,1,1013967e_FUN_1013967e
0x101396bc,thunk_FUN_10138be0,4,1,1,101396bc_thunk_FUN_10138be0
0x1013973c,FUN_1013973c,38,15,1,1013973c_FUN_1013973c
0x10139762,FUN_10139762,8,3,1,10139762_FUN_10139762
0x1013976a,FUN_1013976a,778,223,1,1013976a_FUN_1013976a
0x10139a74,FUN_10139a74,772,221,1,10139a74_FUN_10139a74
0x10139d78,FUN_10139d78,774,219,1,10139d78_FUN_10139d78
0x1013a07e,FUN_1013a07e,768,219,1,1013a07e_FUN_1013a07e
0x1013a37e,FUN_1013a37e,772,221,1,1013a37e_FUN_1013a37e
0x1013a682,FUN_1013a682,778,225,1,1013a682_FUN_1013a682
0x1013aa3a,FUN_1013aa3a,150,52,1,1013aa3a_FUN_1013aa3a
0x1013b026,FUN_1013b026,30,12,1,1013b026_FUN_1013b026
0x1013b044,FUN_1013b044,58,23,1,1013b044_FUN_1013b044
0x1013b07e,FUN_1013b07e,4,2,1,1013b07e_FUN_1013b07e
0x1013b082,FUN_1013b082,108,40,1,1013b082_FUN_1013b082
0x1013b106,FUN_1013b106,16,8,1,1013b106_FUN_1013b106
0x1013b116,FUN_1013b116,12,5,1,1013b116_FUN_1013b116
0x1013b122,FUN_1013b122,198,67,1,1013b122_FUN_1013b122
0x1013b1e8,FUN_1013b1e8,132,45,1,1013b1e8_FUN_1013b1e8
0x1013b26c,FUN_1013b26c,134,46,1,1013b26c_FUN_1013b26c
0x1013b39e,FUN_1013b39e,108,50,1,1013b39e_FUN_1013b39e
0x1013b40a,FUN_1013b40a,30,14,1,1013b40a_FUN_1013b40a
0x1013b428,FUN_1013b428,24,11,1,1013b428_FUN_1013b428
0x1013b440,FUN_1013b440,32,10,1,1013b440_FUN_1013b440
0x1013b460,FUN_1013b460,84,34,1,1013b460_FUN_1013b460
0x1013b4b4,FUN_1013b4b4,316,127,1,1013b4b4_FUN_1013b4b4
0x1013b5f0,FUN_1013b5f0,20,8,1,1013b5f0_FUN_1013b5f0
0x1013b604,FUN_1013b604,4,2,1,1013b604_FUN_1013b604
0x1013b608,FUN_1013b608,142,43,1,1013b608_FUN_1013b608
0x1013b696,FUN_1013b696,106,39,1,1013b696_FUN_1013b696
0x1013b700,FUN_1013b700,34,16,1,1013b700_FUN_1013b700
0x1013b722,FUN_1013b722,52,21,1,1013b722_FUN_1013b722
0x1013b756,FUN_1013b756,52,21,1,1013b756_FUN_1013b756
0x1013b78a,FUN_1013b78a,20,9,1,1013b78a_FUN_1013b78a
0x1013b79e,FUN_1013b79e,214,94,1,1013b79e_FUN_1013b79e
0x1013b874,FUN_1013b874,48,18,1,1013b874_FUN_1013b874
0x1013b8d0,FUN_1013b8d0,62,16,1,1013b8d0_FUN_1013b8d0
0x1013b9ee,FUN_1013b9ee,38,18,1,1013b9ee_FUN_1013b9ee
0x1013ba14,FUN_1013ba14,56,25,1,1013ba14_FUN_1013ba14
0x1013ba4c,FUN_1013ba4c,88,35,1,1013ba4c_FUN_1013ba4c
0x1013baa4,FUN_1013baa4,294,104,1,1013baa4_FUN_1013baa4
0x1013bbca,FUN_1013bbca,88,35,1,1013bbca_FUN_1013bbca
0x1013bc22,FUN_1013bc22,336,120,1,1013bc22_FUN_1013bc22
0x1013bd72,FUN_1013bd72,158,50,1,1013bd72_FUN_1013bd72
0x1013be10,FUN_1013be10,110,43,1,1013be10_FUN_1013be10
0x1013be7e,FUN_1013be7e,90,23,1,1013be7e_FUN_1013be7e
0x1013bed8,FUN_1013bed8,134,34,1,1013bed8_FUN_1013bed8
0x1013bf5e,FUN_1013bf5e,66,17,1,1013bf5e_FUN_1013bf5e
0x1013bfa0,FUN_1013bfa0,346,131,1,1013bfa0_FUN_1013bfa0
0x1013c0fa,FUN_1013c0fa,434,162,1,1013c0fa_FUN_1013c0fa
0x1013c2ac,FUN_1013c2ac,178,64,1,1013c2ac_FUN_1013c2ac
0x1013c644,FUN_1013c644,2,1,1,1013c644_FUN_1013c644
0x1013c646,FUN_1013c646,20,8,1,1013c646_FUN_1013c646
0x1013c65a,FUN_1013c65a,18,5,1,1013c65a_FUN_1013c65a
0x1013c66c,FUN_1013c66c,20,7,1,1013c66c_FUN_1013c66c
0x1013c680,FUN_1013c680,58,17,1,1013c680_FUN_1013c680
0x1013c6ba,FUN_1013c6ba,84,30,1,1013c6ba_FUN_1013c6ba
0x1013c70e,FUN_1013c70e,12,5,1,1013c70e_FUN_1013c70e
0x1013c71a,FUN_1013c71a,4,2,1,1013c71a_FUN_1013c71a
0x1013c736,FUN_1013c736,32,15,1,1013c736_FUN_1013c736
0x1013c756,FUN_1013c756,18,6,1,1013c756_FUN_1013c756
0x1013c768,FUN_1013c768,24,10,1,1013c768_FUN_1013c768
0x1013c780,FUN_1013c780,16,5,1,1013c780_FUN_1013c780
0x1013c78e,FUN_1013c78e,96,44,1,1013c78e_FUN_1013c78e
0x1013c7ee,FUN_1013c7ee,36,15,1,1013c7ee_FUN_1013c7ee
0x1013c812,FUN_1013c812,68,28,1,1013c812_FUN_1013c812
0x1013c856,FUN_1013c856,14,5,1,1013c856_FUN_1013c856
0x1013c864,FUN_1013c864,4,2,1,1013c864_FUN_1013c864
0x1013c868,FUN_1013c868,212,77,1,1013c868_FUN_1013c868
0x1013c93c,FUN_1013c93c,24,11,1,1013c93c_FUN_1013c93c
0x1013c954,FUN_1013c954,26,8,1,1013c954_FUN_1013c954
0x1013c96e,FUN_1013c96e,22,9,1,1013c96e_FUN_1013c96e
0x1013c984,FUN_1013c984,20,8,1,1013c984_FUN_1013c984
0x1013c998,FUN_1013c998,130,44,1,1013c998_FUN_1013c998
0x1013ca1a,FUN_1013ca1a,32,11,1,1013ca1a_FUN_1013ca1a
0x1013ca3a,FUN_1013ca3a,86,29,1,1013ca3a_FUN_1013ca3a
0x1013ca90,FUN_1013ca90,16,6,1,1013ca90_FUN_1013ca90
0x1013caa0,FUN_1013caa0,28,11,1,1013caa0_FUN_1013caa0
0x1013cabc,FUN_1013cabc,102,40,1,1013cabc_FUN_1013cabc
0x1013cb60,FUN_1013cb60,36,10,1,1013cb60_FUN_1013cb60
0x1013cb84,FUN_1013cb84,34,13,1,1013cb84_FUN_1013cb84
0x1013cba6,thunk_FUN_101146e4,4,1,1,1013cba6_thunk_FUN_101146e4
0x1013cbaa,FUN_1013cbaa,12,4,1,1013cbaa_FUN_1013cbaa
0x1013cbb6,FUN_1013cbb6,12,4,1,1013cbb6_FUN_1013cbb6
0x1013cbc2,FUN_1013cbc2,20,7,1,1013cbc2_FUN_1013cbc2
0x1013cbd6,FUN_1013cbd6,18,7,1,1013cbd6_FUN_1013cbd6
0x1013cbe8,FUN_1013cbe8,32,9,1,1013cbe8_FUN_1013cbe8
0x1013cc34,FUN_1013cc34,44,12,1,1013cc34_FUN_1013cc34
0x1013cc60,FUN_1013cc60,12,6,1,1013cc60_FUN_1013cc60
0x1013cc6c,FUN_1013cc6c,32,9,1,1013cc6c_FUN_1013cc6c
0x1013cc8c,FUN_1013cc8c,74,23,1,1013cc8c_FUN_1013cc8c
0x1013ccd6,FUN_1013ccd6,42,13,1,1013ccd6_FUN_1013ccd6
0x1013cd00,FUN_1013cd00,50,15,1,1013cd00_FUN_1013cd00
0x1013cd32,FUN_1013cd32,32,14,1,1013cd32_FUN_1013cd32
0x1013cd52,FUN_1013cd52,6,2,1,1013cd52_FUN_1013cd52
0x1013cd58,FUN_1013cd58,42,14,1,1013cd58_FUN_1013cd58
0x1013cd82,FUN_1013cd82,62,19,1,1013cd82_FUN_1013cd82
0x1013cdc0,FUN_1013cdc0,12,4,1,1013cdc0_FUN_1013cdc0
0x1013cdcc,FUN_1013cdcc,44,14,1,1013cdcc_FUN_1013cdcc
0x1013cdf8,FUN_1013cdf8,32,9,1,1013cdf8_FUN_1013cdf8
0x1013ce18,FUN_1013ce18,54,19,1,1013ce18_FUN_1013ce18
0x1013ce4e,FUN_1013ce4e,8,3,1,1013ce4e_FUN_1013ce4e
0x1013ce56,thunk_FUN_10115958,4,1,1,1013ce56_thunk_FUN_10115958
0x1013ce5a,FUN_1013ce5a,82,30,1,1013ce5a_FUN_1013ce5a
0x1013ceac,FUN_1013ceac,24,8,1,1013ceac_FUN_1013ceac
0x1013cec4,FUN_1013cec4,58,19,1,1013cec4_FUN_1013cec4
0x1013cefe,FUN_1013cefe,100,45,1,1013cefe_FUN_1013cefe
0x1013cf62,FUN_1013cf62,28,11,1,1013cf62_FUN_1013cf62
0x1013cf7e,FUN_1013cf7e,60,25,1,1013cf7e_FUN_1013cf7e
0x1013cfba,FUN_1013cfba,10,4,1,1013cfba_FUN_1013cfba
0x1013cfc4,FUN_1013cfc4,6,3,1,1013cfc4_FUN_1013cfc4
0x1013cfd4,FUN_1013cfd4,14,5,1,1013cfd4_FUN_1013cfd4
0x1013cfe2,FUN_1013cfe2,198,80,1,1013cfe2_FUN_1013cfe2
0x1013cfea,FUN_1013cfea,68,30,1,1013cfea_FUN_1013cfea
0x1013d02e,FUN_1013d02e,8,4,1,1013d02e_FUN_1013d02e
0x1013d036,FUN_1013d036,8,3,1,1013d036_FUN_1013d036
0x1013d03e,FUN_1013d03e,38,16,1,1013d03e_FUN_1013d03e
0x1013d064,FUN_1013d064,18,6,1,1013d064_FUN_1013d064
0x1013d076,FUN_1013d076,30,13,1,1013d076_FUN_1013d076
0x1013d094,FUN_1013d094,196,90,1,1013d094_FUN_1013d094
0x1013d0c2,FUN_1013d0c2,36,16,1,1013d0c2_FUN_1013d0c2
0x1013d0e6,FUN_1013d0e6,196,78,1,1013d0e6_FUN_1013d0e6
0x1013d1aa,FUN_1013d1aa,124,50,1,1013d1aa_FUN_1013d1aa
0x1013d226,FUN_1013d226,224,95,1,1013d226_FUN_1013d226
0x1013d306,FUN_1013d306,86,35,1,1013d306_FUN_1013d306
0x1013d35c,FUN_1013d35c,88,36,1,1013d35c_FUN_1013d35c
0x1013d394,FUN_1013d394,36,14,1,1013d394_FUN_1013d394
0x1013d3c0,FUN_1013d3c0,48,20,1,1013d3c0_FUN_1013d3c0
0x1013d3f0,FUN_1013d3f0,56,24,1,1013d3f0_FUN_1013d3f0
0x1013d428,FUN_1013d428,38,16,1,1013d428_FUN_1013d428
0x1013d44e,FUN_1013d44e,46,21,1,1013d44e_FUN_1013d44e
0x1013d4cc,FUN_1013d4cc,88,37,1,1013d4cc_FUN_1013d4cc
0x1013d524,FUN_1013d524,14,5,1,1013d524_FUN_1013d524
0x1013d532,FUN_1013d532,286,100,1,1013d532_FUN_1013d532
0x1013d650,FUN_1013d650,44,17,1,1013d650_FUN_1013d650
0x1013d67c,FUN_1013d67c,62,25,1,1013d67c_FUN_1013d67c
0x1013d6ba,FUN_1013d6ba,72,31,1,1013d6ba_FUN_1013d6ba
0x1013d702,FUN_1013d702,64,27,1,1013d702_FUN_1013d702
0x1013d742,FUN_1013d742,96,45,1,1013d742_FUN_1013d742
0x1013d7a2,FUN_1013d7a2,56,22,1,1013d7a2_FUN_1013d7a2
0x1013d7da,FUN_1013d7da,76,31,1,1013d7da_FUN_1013d7da
0x1013d826,FUN_1013d826,182,74,1,1013d826_FUN_1013d826
0x1013d92c,thunk_FUN_1011e9dc,4,1,1,1013d92c_thunk_FUN_1011e9dc
0x1013d954,FUN_1013d954,16,7,1,1013d954_FUN_1013d954
0x1013d980,FUN_1013d980,10,5,1,1013d980_FUN_1013d980
0x1013d990,FUN_1013d990,10,5,1,1013d990_FUN_1013d990
0x1013d9a0,FUN_1013d9a0,10,5,1,1013d9a0_FUN_1013d9a0
0x1013d9b0,FUN_1013d9b0,10,5,1,1013d9b0_FUN_1013d9b0
0x1013d9c0,FUN_1013d9c0,10,5,1,1013d9c0_FUN_1013d9c0
0x1013d9d0,FUN_1013d9d0,10,5,1,1013d9d0_FUN_1013d9d0
0x1013d9e0,FUN_1013d9e0,10,5,1,1013d9e0_FUN_1013d9e0
0x1013d9f0,FUN_1013d9f0,10,5,1,1013d9f0_FUN_1013d9f0
0x1013da00,FUN_1013da00,10,5,1,1013da00_FUN_1013da00
0x1013da10,FUN_1013da10,10,5,1,1013da10_FUN_1013da10
0x1013da20,FUN_1013da20,10,5,1,1013da20_FUN_1013da20
0x1013da30,FUN_1013da30,10,5,1,1013da30_FUN_1013da30
0x101918d6,FUN_101918d6,58,26,1,101918d6_FUN_101918d6
0x10191a26,FUN_10191a26,188,79,1,10191a26_FUN_10191a26
0x10192444,FUN_10192444,10,5,1,10192444_FUN_10192444
0x10192454,FUN_10192454,10,5,1,10192454_FUN_10192454
0x10192474,FUN_10192474,10,5,1,10192474_FUN_10192474
0x10192494,FUN_10192494,10,5,1,10192494_FUN_10192494
0x10192504,FUN_10192504,10,5,1,10192504_FUN_10192504
0x10192574,FUN_10192574,10,5,1,10192574_FUN_10192574
