entry,name,size_bytes,instrs,decomp_ok,file
0x2c000070,FUN_2c000070,134,39,1,2c000070_FUN_2c000070
0x2c000558,FUN_2c000558,152,46,1,2c000558_FUN_2c000558
0x2c0005f4,FUN_2c0005f4,396,113,1,2c0005f4_FUN_2c0005f4
0x2c0009f4,FUN_2c0009f4,6,3,1,2c0009f4_FUN_2c0009f4
0x2c000d20,FUN_2c000d20,4226,1376,1,2c000d20_FUN_2c000d20
0x2c001eb4,FUN_2c001eb4,140,42,1,2c001eb4_FUN_2c001eb4
0x2c002454,FUN_2c002454,86,32,1,2c002454_FUN_2c002454
0x2c002654,FUN_2c002654,100,37,1,2c002654_FUN_2c002654
0x2c0027c8,FUN_2c0027c8,94,42,1,2c0027c8_FUN_2c0027c8
0x2c002840,FUN_2c002840,42,20,1,2c002840_FUN_2c002840
0x2c002a5c,FUN_2c002a5c,114,44,1,2c002a5c_FUN_2c002a5c
0x2c002b54,FUN_2c002b54,114,44,1,2c002b54_FUN_2c002b54
0x2c002ee8,FUN_2c002ee8,8,4,1,2c002ee8_FUN_2c002ee8
0x2c002ef4,FUN_2c002ef4,54,19,1,2c002ef4_FUN_2c002ef4
0x2c002f6c,FUN_2c002f6c,16,6,1,2c002f6c_FUN_2c002f6c
0x2c002f7c,FUN_2c002f7c,16,7,1,2c002f7c_FUN_2c002f7c
0x2c0031a0,FUN_2c0031a0,78,27,1,2c0031a0_FUN_2c0031a0
0x2c003304,FUN_2c003304,466,176,1,2c003304_FUN_2c003304
0x2c003518,FUN_2c003518,10,5,1,2c003518_FUN_2c003518
0x2c003528,FUN_2c003528,10,5,1,2c003528_FUN_2c003528
0x2c003558,FUN_2c003558,10,5,1,2c003558_FUN_2c003558
0x2c003568,FUN_2c003568,10,5,1,2c003568_FUN_2c003568
0x2c0035a8,FUN_2c0035a8,10,5,1,2c0035a8_FUN_2c0035a8
0x2c0035b8,FUN_2c0035b8,10,5,1,2c0035b8_FUN_2c0035b8
0x2c0035e8,FUN_2c0035e8,10,5,1,2c0035e8_FUN_2c0035e8
0x2c0035f8,FUN_2c0035f8,10,5,1,2c0035f8_FUN_2c0035f8
0x2c003618,FUN_2c003618,10,5,1,2c003618_FUN_2c003618
0x2c003628,FUN_2c003628,10,5,1,2c003628_FUN_2c003628
0x2c003648,FUN_2c003648,10,5,1,2c003648_FUN_2c003648
0x2c003658,FUN_2c003658,10,5,1,2c003658_FUN_2c003658
0x2c003698,FUN_2c003698,10,5,1,2c003698_FUN_2c003698
0x2c0036a8,FUN_2c0036a8,10,5,1,2c0036a8_FUN_2c0036a8
0x2c0036b8,FUN_2c0036b8,10,5,1,2c0036b8_FUN_2c0036b8
0x2c0036e8,FUN_2c0036e8,10,5,1,2c0036e8_FUN_2c0036e8
0x2c0036f8,FUN_2c0036f8,10,5,1,2c0036f8_FUN_2c0036f8
0x2c003708,FUN_2c003708,10,5,1,2c003708_FUN_2c003708
0x2c003718,FUN_2c003718,10,5,1,2c003718_FUN_2c003718
0x2c003728,FUN_2c003728,10,5,1,2c003728_FUN_2c003728
0x2c003748,FUN_2c003748,10,5,1,2c003748_FUN_2c003748
0x2c003758,FUN_2c003758,10,5,1,2c003758_FUN_2c003758
0x2c003778,FUN_2c003778,10,5,1,2c003778_FUN_2c003778
0x2c003788,FUN_2c003788,10,5,1,2c003788_FUN_2c003788
0x2c0037a8,FUN_2c0037a8,10,5,1,2c0037a8_FUN_2c0037a8
0x2c0037b8,FUN_2c0037b8,10,5,1,2c0037b8_FUN_2c0037b8
0x2c0037c8,FUN_2c0037c8,10,5,1,2c0037c8_FUN_2c0037c8
0x2c0037e8,FUN_2c0037e8,10,5,1,2c0037e8_FUN_2c0037e8
0x2c003808,FUN_2c003808,10,5,1,2c003808_FUN_2c003808
0x2c003818,FUN_2c003818,10,5,1,2c003818_FUN_2c003818
0x2c003828,FUN_2c003828,10,5,1,2c003828_FUN_2c003828
0x2c003838,FUN_2c003838,10,5,1,2c003838_FUN_2c003838
0x2c003848,FUN_2c003848,10,5,1,2c003848_FUN_2c003848
0x2c003888,FUN_2c003888,10,5,1,2c003888_FUN_2c003888
0x2c003898,FUN_2c003898,10,5,1,2c003898_FUN_2c003898
0x2c0038a8,FUN_2c0038a8,10,5,1,2c0038a8_FUN_2c0038a8
0x2c0038b8,FUN_2c0038b8,10,5,1,2c0038b8_FUN_2c0038b8
0x2c00395c,FUN_2c00395c,70,23,1,2c00395c_FUN_2c00395c
0x2c003a7c,FUN_2c003a7c,144,44,1,2c003a7c_FUN_2c003a7c
0x2c003b20,FUN_2c003b20,28,10,1,2c003b20_FUN_2c003b20
0x2c003b40,FUN_2c003b40,24,9,1,2c003b40_FUN_2c003b40
0x2c003b5c,FUN_2c003b5c,24,9,1,2c003b5c_FUN_2c003b5c
0x2c003b78,FUN_2c003b78,78,32,1,2c003b78_FUN_2c003b78
0x2c003bd4,FUN_2c003bd4,58,25,1,2c003bd4_FUN_2c003bd4
0x2c003c1c,FUN_2c003c1c,48,19,1,2c003c1c_FUN_2c003c1c
0x2c003c50,FUN_2c003c50,12,5,1,2c003c50_FUN_2c003c50
0x2c003c60,FUN_2c003c60,24,10,1,2c003c60_FUN_2c003c60
0x2c003c84,FUN_2c003c84,28,11,1,2c003c84_FUN_2c003c84
0x2c003ca4,FUN_2c003ca4,42,17,1,2c003ca4_FUN_2c003ca4
0x2c003cdc,FUN_2c003cdc,56,21,1,2c003cdc_FUN_2c003cdc
0x2c003d24,FUN_2c003d24,22,9,1,2c003d24_FUN_2c003d24
0x2c003d40,FUN_2c003d40,18,7,1,2c003d40_FUN_2c003d40
0x2c003d58,FUN_2c003d58,14,6,1,2c003d58_FUN_2c003d58
0x2c003d6c,FUN_2c003d6c,14,6,1,2c003d6c_FUN_2c003d6c
0x2c003d94,FUN_2c003d94,24,11,1,2c003d94_FUN_2c003d94
0x2c003db0,FUN_2c003db0,24,11,1,2c003db0_FUN_2c003db0
0x2c003dcc,FUN_2c003dcc,24,11,1,2c003dcc_FUN_2c003dcc
0x2c003de8,FUN_2c003de8,30,12,1,2c003de8_FUN_2c003de8
0x2c003e40,FUN_2c003e40,32,13,1,2c003e40_FUN_2c003e40
0x2c003e64,FUN_2c003e64,32,13,1,2c003e64_FUN_2c003e64
0x2c003e88,FUN_2c003e88,26,10,1,2c003e88_FUN_2c003e88
0x2c003ea8,FUN_2c003ea8,12,5,1,2c003ea8_FUN_2c003ea8
0x2c003ef4,FUN_2c003ef4,32,12,1,2c003ef4_FUN_2c003ef4
0x2c003f38,FUN_2c003f38,2,1,1,2c003f38_FUN_2c003f38
0x2c00402c,FUN_2c00402c,26,9,1,2c00402c_FUN_2c00402c
0x2c00404c,FUN_2c00404c,26,8,1,2c00404c_FUN_2c00404c
0x2c00408c,FUN_2c00408c,32,13,1,2c00408c_FUN_2c00408c
0x2c0040c4,FUN_2c0040c4,30,12,1,2c0040c4_FUN_2c0040c4
0x2c0040e8,FUN_2c0040e8,24,10,1,2c0040e8_FUN_2c0040e8
0x2c004864,FUN_2c004864,202,76,1,2c004864_FUN_2c004864
0x2c0049de,FUN_2c0049de,26,9,1,2c0049de_FUN_2c0049de
0x2c004a0a,FUN_2c004a0a,30,10,1,2c004a0a_FUN_2c004a0a
0x2c004b78,FUN_2c004b78,38,15,1,2c004b78_FUN_2c004b78
0x2c004ba0,FUN_2c004ba0,38,15,1,2c004ba0_FUN_2c004ba0
0x2c004de0,FUN_2c004de0,30,13,1,2c004de0_FUN_2c004de0
0x2c004e0c,FUN_2c004e0c,120,45,1,2c004e0c_FUN_2c004e0c
0x2c004eb8,FUN_2c004eb8,38,14,1,2c004eb8_FUN_2c004eb8
0x2c004f2c,FUN_2c004f2c,186,72,1,2c004f2c_FUN_2c004f2c
0x2c00502c,FUN_2c00502c,70,28,1,2c00502c_FUN_2c00502c
0x2c005080,FUN_2c005080,6,2,1,2c005080_FUN_2c005080
0x2c005088,FUN_2c005088,78,29,1,2c005088_FUN_2c005088
0x2c0050e8,FUN_2c0050e8,8,3,1,2c0050e8_FUN_2c0050e8
0x2c005130,FUN_2c005130,88,34,1,2c005130_FUN_2c005130
0x2c005188,FUN_2c005188,40,15,1,2c005188_FUN_2c005188
0x2c005aec,FUN_2c005aec,154,60,1,2c005aec_FUN_2c005aec
0x2c00647c,FUN_2c00647c,1698,548,1,2c00647c_FUN_2c00647c
0x2c006548,FUN_2c006548,44,14,1,2c006548_FUN_2c006548
0x2c00657c,FUN_2c00657c,34,11,1,2c00657c_FUN_2c00657c
0x2c0065b0,FUN_2c0065b0,4,1,1,2c0065b0_FUN_2c0065b0
0x2c0065b4,FUN_2c0065b4,76,27,1,2c0065b4_FUN_2c0065b4
0x2c00668c,FUN_2c00668c,16,4,1,2c00668c_FUN_2c00668c
0x2c00669c,FUN_2c00669c,18,8,1,2c00669c_FUN_2c00669c
0x2c00679c,FUN_2c00679c,6,2,1,2c00679c_FUN_2c00679c
0x2c0068bc,FUN_2c0068bc,12,4,1,2c0068bc_FUN_2c0068bc
0x2c0068c8,FUN_2c0068c8,10,4,1,2c0068c8_FUN_2c0068c8
0x2c0068f0,thunk_FUN_2c0068f4,2,1,1,2c0068f0_thunk_FUN_2c0068f4
0x2c0068f4,FUN_2c0068f4,2,1,1,2c0068f4_FUN_2c0068f4
0x2c006918,FUN_2c006918,24,8,1,2c006918_FUN_2c006918
0x2c00708c,FUN_2c00708c,6,3,1,2c00708c_FUN_2c00708c
0x2c007098,FUN_2c007098,204,74,1,2c007098_FUN_2c007098
0x2c00748c,FUN_2c00748c,16,5,1,2c00748c_FUN_2c00748c
0x2c007714,FUN_2c007714,10,4,1,2c007714_FUN_2c007714
0x2c0078a4,FUN_2c0078a4,196,80,1,2c0078a4_FUN_2c0078a4
0x2c00796c,FUN_2c00796c,250,90,1,2c00796c_FUN_2c00796c
0x2c007a78,FUN_2c007a78,80,27,1,2c007a78_FUN_2c007a78
0x2c007b6c,FUN_2c007b6c,100,39,1,2c007b6c_FUN_2c007b6c
0x2c007e88,FUN_2c007e88,426,168,1,2c007e88_FUN_2c007e88
0x2c007f9c,FUN_2c007f9c,178,72,1,2c007f9c_FUN_2c007f9c
0x2c008074,FUN_2c008074,90,28,1,2c008074_FUN_2c008074
0x2c008198,FUN_2c008198,244,75,1,2c008198_FUN_2c008198
0x2c008490,FUN_2c008490,218,85,1,2c008490_FUN_2c008490
0x2c0084a8,FUN_2c0084a8,10,4,1,2c0084a8_FUN_2c0084a8
0x2c008e4c,FUN_2c008e4c,266,102,1,2c008e4c_FUN_2c008e4c
0x2c008f74,FUN_2c008f74,236,90,1,2c008f74_FUN_2c008f74
0x2c00907c,FUN_2c00907c,72,30,1,2c00907c_FUN_2c00907c
0x2c009128,FUN_2c009128,250,104,1,2c009128_FUN_2c009128
0x2c00922c,FUN_2c00922c,92,37,1,2c00922c_FUN_2c00922c
0x2c00928c,FUN_2c00928c,138,58,1,2c00928c_FUN_2c00928c
0x2c0095cc,FUN_2c0095cc,30,12,1,2c0095cc_FUN_2c0095cc
0x2c0095f4,FUN_2c0095f4,368,129,1,2c0095f4_FUN_2c0095f4
0x2c009600,FUN_2c009600,24,11,1,2c009600_FUN_2c009600
0x2c00961c,FUN_2c00961c,30,13,1,2c00961c_FUN_2c00961c
0x2c0098a8,FUN_2c0098a8,284,96,1,2c0098a8_FUN_2c0098a8
0x2c00a1f8,FUN_2c00a1f8,14,5,1,2c00a1f8_FUN_2c00a1f8
0x2c00aa48,FUN_2c00aa48,260,93,1,2c00aa48_FUN_2c00aa48
0x2c00ac24,FUN_2c00ac24,198,76,1,2c00ac24_FUN_2c00ac24
0x2c00acfc,FUN_2c00acfc,270,108,1,2c00acfc_FUN_2c00acfc
0x2c00ae1c,FUN_2c00ae1c,142,56,1,2c00ae1c_FUN_2c00ae1c
0x2c00b044,FUN_2c00b044,268,111,1,2c00b044_FUN_2c00b044
0x2c00b1ac,FUN_2c00b1ac,50,19,1,2c00b1ac_FUN_2c00b1ac
0x2c00b250,FUN_2c00b250,152,53,1,2c00b250_FUN_2c00b250
0x2c00b2e8,FUN_2c00b2e8,36,14,1,2c00b2e8_FUN_2c00b2e8
0x2c00b3b0,FUN_2c00b3b0,100,38,1,2c00b3b0_FUN_2c00b3b0
0x2c00b47c,FUN_2c00b47c,82,35,1,2c00b47c_FUN_2c00b47c
0x2c00b4d4,FUN_2c00b4d4,390,153,1,2c00b4d4_FUN_2c00b4d4
0x2c00b820,FUN_2c00b820,474,178,1,2c00b820_FUN_2c00b820
0x2c00ba38,FUN_2c00ba38,220,79,1,2c00ba38_FUN_2c00ba38
0x2c00c094,FUN_2c00c094,190,71,1,2c00c094_FUN_2c00c094
0x2c00c25c,FUN_2c00c25c,626,249,1,2c00c25c_FUN_2c00c25c
0x2c00d1a0,FUN_2c00d1a0,158,59,1,2c00d1a0_FUN_2c00d1a0
0x2c00d570,FUN_2c00d570,140,50,1,2c00d570_FUN_2c00d570
0x2c00d60c,FUN_2c00d60c,122,49,1,2c00d60c_FUN_2c00d60c
0x2c00d698,FUN_2c00d698,72,26,1,2c00d698_FUN_2c00d698
0x2c00d6e4,FUN_2c00d6e4,152,57,1,2c00d6e4_FUN_2c00d6e4
0x2c00dfac,FUN_2c00dfac,346,117,1,2c00dfac_FUN_2c00dfac
0x2c00eb40,FUN_2c00eb40,1386,424,1,2c00eb40_FUN_2c00eb40
0x2c00f09c,FUN_2c00f09c,38,13,1,2c00f09c_FUN_2c00f09c
0x2c00f110,FUN_2c00f110,744,257,1,2c00f110_FUN_2c00f110
0x2c00f404,FUN_2c00f404,648,229,1,2c00f404_FUN_2c00f404
0x2c00f6a8,FUN_2c00f6a8,398,159,1,2c00f6a8_FUN_2c00f6a8
0x2c00fec0,FUN_2c00fec0,106,42,1,2c00fec0_FUN_2c00fec0
0x2c00ff38,FUN_2c00ff38,106,41,1,2c00ff38_FUN_2c00ff38
0x2c0100d0,FUN_2c0100d0,338,125,1,2c0100d0_FUN_2c0100d0
0x2c010234,FUN_2c010234,68,25,1,2c010234_FUN_2c010234
0x2c010284,FUN_2c010284,68,25,1,2c010284_FUN_2c010284
0x2c0102d4,FUN_2c0102d4,68,25,1,2c0102d4_FUN_2c0102d4
0x2c010324,FUN_2c010324,68,25,1,2c010324_FUN_2c010324
0x2c010374,FUN_2c010374,552,190,1,2c010374_FUN_2c010374
0x2c0105c4,FUN_2c0105c4,324,119,1,2c0105c4_FUN_2c0105c4
0x2c01071c,FUN_2c01071c,232,81,1,2c01071c_FUN_2c01071c
0x2c010810,FUN_2c010810,134,49,1,2c010810_FUN_2c010810
0x2c0108a8,FUN_2c0108a8,60,21,1,2c0108a8_FUN_2c0108a8
0x2c0108ea,FUN_2c0108ea,112,45,1,2c0108ea_FUN_2c0108ea
0x2c010960,FUN_2c010960,56,20,1,2c010960_FUN_2c010960
0x2c0109b8,FUN_2c0109b8,598,207,1,2c0109b8_FUN_2c0109b8
0x2c010c1c,FUN_2c010c1c,246,88,1,2c010c1c_FUN_2c010c1c
0x2c010d20,FUN_2c010d20,280,103,1,2c010d20_FUN_2c010d20
0x2c010e44,FUN_2c010e44,458,165,1,2c010e44_FUN_2c010e44
0x2c01101c,FUN_2c01101c,118,46,1,2c01101c_FUN_2c01101c
0x2c0110a4,FUN_2c0110a4,168,67,1,2c0110a4_FUN_2c0110a4
0x2c011174,FUN_2c011174,118,45,1,2c011174_FUN_2c011174
0x2c0111fc,FUN_2c0111fc,166,60,1,2c0111fc_FUN_2c0111fc
0x2c0112ac,FUN_2c0112ac,164,60,1,2c0112ac_FUN_2c0112ac
0x2c011370,FUN_2c011370,90,35,1,2c011370_FUN_2c011370
0x2c0113dc,FUN_2c0113dc,84,32,1,2c0113dc_FUN_2c0113dc
0x2c01143c,FUN_2c01143c,84,32,1,2c01143c_FUN_2c01143c
0x2c01149c,FUN_2c01149c,80,31,1,2c01149c_FUN_2c01149c
0x2c0114f8,FUN_2c0114f8,80,30,1,2c0114f8_FUN_2c0114f8
0x2c011554,FUN_2c011554,82,31,1,2c011554_FUN_2c011554
0x2c0115b2,FUN_2c0115b2,420,149,1,2c0115b2_FUN_2c0115b2
0x2c011764,FUN_2c011764,220,86,1,2c011764_FUN_2c011764
0x2c01184c,FUN_2c01184c,222,86,1,2c01184c_FUN_2c01184c
0x2c011938,FUN_2c011938,126,49,1,2c011938_FUN_2c011938
0x2c0119c4,FUN_2c0119c4,258,107,1,2c0119c4_FUN_2c0119c4
0x2c011ad4,FUN_2c011ad4,112,43,1,2c011ad4_FUN_2c011ad4
0x2c011b4c,FUN_2c011b4c,1218,403,1,2c011b4c_FUN_2c011b4c
0x2c012032,FUN_2c012032,172,67,1,2c012032_FUN_2c012032
0x2c0120f0,FUN_2c0120f0,106,41,1,2c0120f0_FUN_2c0120f0
0x2c012164,FUN_2c012164,128,44,1,2c012164_FUN_2c012164
0x2c0121ec,FUN_2c0121ec,962,334,1,2c0121ec_FUN_2c0121ec
0x2c0125f4,FUN_2c0125f4,108,42,1,2c0125f4_FUN_2c0125f4
0x2c012678,FUN_2c012678,1066,362,1,2c012678_FUN_2c012678
0x2c012b1c,FUN_2c012b1c,78,32,1,2c012b1c_FUN_2c012b1c
0x2c012b7c,FUN_2c012b7c,142,50,1,2c012b7c_FUN_2c012b7c
0x2c012c18,FUN_2c012c18,138,45,1,2c012c18_FUN_2c012c18
0x2c012cae,FUN_2c012cae,380,145,1,2c012cae_FUN_2c012cae
0x2c012dc8,FUN_2c012dc8,28,13,1,2c012dc8_FUN_2c012dc8
0x2c012dec,FUN_2c012dec,90,35,1,2c012dec_FUN_2c012dec
0x2c012e50,FUN_2c012e50,208,82,1,2c012e50_FUN_2c012e50
0x2c012f30,FUN_2c012f30,10,4,1,2c012f30_FUN_2c012f30
0x2c012f40,FUN_2c012f40,38,14,1,2c012f40_FUN_2c012f40
0x2c012f68,FUN_2c012f68,10,4,1,2c012f68_FUN_2c012f68
0x2c012f74,FUN_2c012f74,210,75,1,2c012f74_FUN_2c012f74
0x2c01304c,FUN_2c01304c,346,144,1,2c01304c_FUN_2c01304c
0x2c0131b4,FUN_2c0131b4,602,226,1,2c0131b4_FUN_2c0131b4
0x2c013230,FUN_2c013230,66,24,1,2c013230_FUN_2c013230
0x2c013336,FUN_2c013336,306,125,1,2c013336_FUN_2c013336
0x2c013624,FUN_2c013624,56,23,1,2c013624_FUN_2c013624
0x2c013664,FUN_2c013664,38,15,1,2c013664_FUN_2c013664
0x2c013694,FUN_2c013694,10,4,1,2c013694_FUN_2c013694
0x2c0136d2,FUN_2c0136d2,190,66,1,2c0136d2_FUN_2c0136d2
0x2c0137d4,FUN_2c0137d4,72,22,1,2c0137d4_FUN_2c0137d4
0x2c01384c,FUN_2c01384c,6,3,1,2c01384c_FUN_2c01384c
0x2c013858,FUN_2c013858,6,3,1,2c013858_FUN_2c013858
0x2c013870,FUN_2c013870,14,7,1,2c013870_FUN_2c013870
0x2c013884,FUN_2c013884,44,18,1,2c013884_FUN_2c013884
0x2c0138bc,FUN_2c0138bc,30,8,1,2c0138bc_FUN_2c0138bc
0x2c0138e0,FUN_2c0138e0,70,29,1,2c0138e0_FUN_2c0138e0
0x2c01393c,FUN_2c01393c,156,56,1,2c01393c_FUN_2c01393c
0x2c0139f4,FUN_2c0139f4,28,10,1,2c0139f4_FUN_2c0139f4
0x2c013a14,FUN_2c013a14,8,3,1,2c013a14_FUN_2c013a14
0x2c013ab0,FUN_2c013ab0,4,2,1,2c013ab0_FUN_2c013ab0
0x2c013acc,FUN_2c013acc,10,5,1,2c013acc_FUN_2c013acc
0x2c013aec,FUN_2c013aec,10,5,1,2c013aec_FUN_2c013aec
0x2c013b0c,FUN_2c013b0c,10,5,1,2c013b0c_FUN_2c013b0c
0x2c013b1c,FUN_2c013b1c,10,5,1,2c013b1c_FUN_2c013b1c
0x2c013b2c,FUN_2c013b2c,10,5,1,2c013b2c_FUN_2c013b2c
0x2c013b3c,FUN_2c013b3c,10,5,1,2c013b3c_FUN_2c013b3c
0x2c013b4c,FUN_2c013b4c,10,5,1,2c013b4c_FUN_2c013b4c
0x2c013b6c,FUN_2c013b6c,10,5,1,2c013b6c_FUN_2c013b6c
0x2c013b7c,FUN_2c013b7c,10,5,1,2c013b7c_FUN_2c013b7c
0x2c013bbc,FUN_2c013bbc,10,5,1,2c013bbc_FUN_2c013bbc
0x2c013bcc,FUN_2c013bcc,10,5,1,2c013bcc_FUN_2c013bcc
0x2c013bdc,FUN_2c013bdc,10,5,1,2c013bdc_FUN_2c013bdc
0x2c013bfc,FUN_2c013bfc,10,5,1,2c013bfc_FUN_2c013bfc
0x2c013c0c,FUN_2c013c0c,10,5,1,2c013c0c_FUN_2c013c0c
0x2c013c1c,FUN_2c013c1c,10,5,1,2c013c1c_FUN_2c013c1c
0x2c013c3c,FUN_2c013c3c,10,5,1,2c013c3c_FUN_2c013c3c
0x2c013c4c,FUN_2c013c4c,10,5,1,2c013c4c_FUN_2c013c4c
0x2c013c68,FUN_2c013c68,4,2,1,2c013c68_FUN_2c013c68
0x2c013c6c,FUN_2c013c6c,10,5,1,2c013c6c_FUN_2c013c6c
0x2c013c88,FUN_2c013c88,14,7,1,2c013c88_FUN_2c013c88
0x2c013c9c,FUN_2c013c9c,10,5,1,2c013c9c_FUN_2c013c9c
0x2c013cfc,FUN_2c013cfc,10,5,1,2c013cfc_FUN_2c013cfc
0x2c013d1c,FUN_2c013d1c,10,5,1,2c013d1c_FUN_2c013d1c
0x2c013d78,FUN_2c013d78,4,2,1,2c013d78_FUN_2c013d78
0x2c013d7c,FUN_2c013d7c,10,5,1,2c013d7c_FUN_2c013d7c
0x2c013d9c,FUN_2c013d9c,10,5,1,2c013d9c_FUN_2c013d9c
0x2c013dac,FUN_2c013dac,10,5,1,2c013dac_FUN_2c013dac
0x2c013dcc,FUN_2c013dcc,10,5,1,2c013dcc_FUN_2c013dcc
0x2c013e0c,FUN_2c013e0c,10,5,1,2c013e0c_FUN_2c013e0c
0x2c013e1c,FUN_2c013e1c,10,5,1,2c013e1c_FUN_2c013e1c
0x2c0153f8,FUN_2c0153f8,432,216,1,2c0153f8_FUN_2c0153f8
0x2c0155a8,FUN_2c0155a8,1208,604,1,2c0155a8_FUN_2c0155a8
0x2c015bac,FUN_2c015bac,22,11,1,2c015bac_FUN_2c015bac
0x2c015bce,FUN_2c015bce,656,223,1,2c015bce_FUN_2c015bce
0x2c015e70,FUN_2c015e70,4,2,1,2c015e70_FUN_2c015e70
0x2c015e74,FUN_2c015e74,188,74,1,2c015e74_FUN_2c015e74
0x2c015f54,FUN_2c015f54,88,36,1,2c015f54_FUN_2c015f54
0x2c015fb0,FUN_2c015fb0,62,27,1,2c015fb0_FUN_2c015fb0
0x2c016004,FUN_2c016004,122,47,1,2c016004_FUN_2c016004
0x2c016094,FUN_2c016094,124,48,1,2c016094_FUN_2c016094
0x2c016124,FUN_2c016124,68,26,1,2c016124_FUN_2c016124
0x2c016170,FUN_2c016170,258,105,1,2c016170_FUN_2c016170
0x2c016258,FUN_2c016258,304,129,1,2c016258_FUN_2c016258
0x2c016438,FUN_2c016438,168,70,1,2c016438_FUN_2c016438
0x2c0164f0,thunk_FUN_2c016438,4,1,1,2c0164f0_thunk_FUN_2c016438
0x2c0164f4,FUN_2c0164f4,630,223,1,2c0164f4_FUN_2c0164f4
0x2c016780,FUN_2c016780,4,2,1,2c016780_FUN_2c016780
0x2c0167a0,FUN_2c0167a0,272,102,1,2c0167a0_FUN_2c0167a0
0x2c016974,FUN_2c016974,34,12,1,2c016974_FUN_2c016974
0x2c01699c,FUN_2c01699c,334,132,1,2c01699c_FUN_2c01699c
0x2c016b04,FUN_2c016b04,244,94,1,2c016b04_FUN_2c016b04
0x2c016c10,FUN_2c016c10,820,295,1,2c016c10_FUN_2c016c10
0x2c016f78,FUN_2c016f78,1036,371,1,2c016f78_FUN_2c016f78
0x2c0173cc,FUN_2c0173cc,46,20,1,2c0173cc_FUN_2c0173cc
0x2c017408,FUN_2c017408,102,45,1,2c017408_FUN_2c017408
0x2c01747c,FUN_2c01747c,52,24,1,2c01747c_FUN_2c01747c
0x2c0174bc,FUN_2c0174bc,48,22,1,2c0174bc_FUN_2c0174bc
0x2c0174f8,FUN_2c0174f8,8,3,1,2c0174f8_FUN_2c0174f8
0x2c017504,FUN_2c017504,8,3,1,2c017504_FUN_2c017504
0x2c01751c,FUN_2c01751c,42,17,1,2c01751c_FUN_2c01751c
0x2c017548,FUN_2c017548,192,78,1,2c017548_FUN_2c017548
0x2c01761c,FUN_2c01761c,544,208,1,2c01761c_FUN_2c01761c
0x2c017850,FUN_2c017850,504,199,1,2c017850_FUN_2c017850
0x2c017a5c,FUN_2c017a5c,274,106,1,2c017a5c_FUN_2c017a5c
0x2c017b90,FUN_2c017b90,92,32,1,2c017b90_FUN_2c017b90
0x2c017c00,FUN_2c017c00,900,337,1,2c017c00_FUN_2c017c00
0x2c017fa8,FUN_2c017fa8,72,32,1,2c017fa8_FUN_2c017fa8
0x2c017ff8,FUN_2c017ff8,44,18,1,2c017ff8_FUN_2c017ff8
0x2c018048,FUN_2c018048,38,11,1,2c018048_FUN_2c018048
0x2c018404,FUN_2c018404,56,20,1,2c018404_FUN_2c018404
0x2c018440,FUN_2c018440,84,31,1,2c018440_FUN_2c018440
0x2c01849e,FUN_2c01849e,140,49,1,2c01849e_FUN_2c01849e
0x2c0185bc,FUN_2c0185bc,10,5,1,2c0185bc_FUN_2c0185bc
0x2c01970c,FUN_2c01970c,84,38,1,2c01970c_FUN_2c01970c
0x2c01976a,FUN_2c01976a,100,45,1,2c01976a_FUN_2c01976a
0x2c019824,FUN_2c019824,146,58,1,2c019824_FUN_2c019824
0x2c0198c4,FUN_2c0198c4,652,236,1,2c0198c4_FUN_2c0198c4
0x2c019b58,FUN_2c019b58,916,342,1,2c019b58_FUN_2c019b58
0x2c019ef4,FUN_2c019ef4,286,120,1,2c019ef4_FUN_2c019ef4
0x2c01a01c,FUN_2c01a01c,366,112,1,2c01a01c_FUN_2c01a01c
0x2c01a1a4,FUN_2c01a1a4,4434,1311,1,2c01a1a4_FUN_2c01a1a4
0x2c01b404,FUN_2c01b404,3214,1030,1,2c01b404_FUN_2c01b404
0x2c01c0a4,FUN_2c01c0a4,1158,393,1,2c01c0a4_FUN_2c01c0a4
0x2c01cea0,FUN_2c01cea0,30,13,1,2c01cea0_FUN_2c01cea0
0x2c01cec0,FUN_2c01cec0,1304,435,1,2c01cec0_FUN_2c01cec0
0x2c01d3e0,FUN_2c01d3e0,3648,1220,1,2c01d3e0_FUN_2c01d3e0
0x2c01e250,FUN_2c01e250,7438,2587,1,2c01e250_FUN_2c01e250
0x2c01ff54,FUN_2c01ff54,2978,986,1,2c01ff54_FUN_2c01ff54
0x2c020b3c,FUN_2c020b3c,10,5,1,2c020b3c_FUN_2c020b3c
0x2c020b62,FUN_2c020b62,46,15,1,2c020b62_FUN_2c020b62
0x2c020be4,FUN_2c020be4,1342,484,1,2c020be4_FUN_2c020be4
0x2c021144,FUN_2c021144,1180,393,1,2c021144_FUN_2c021144
0x2c0215f8,FUN_2c0215f8,16,6,1,2c0215f8_FUN_2c0215f8
0x2c021614,FUN_2c021614,330,100,1,2c021614_FUN_2c021614
0x2c0217b8,FUN_2c0217b8,6218,2041,1,2c0217b8_FUN_2c0217b8
0x2c023048,FUN_2c023048,1964,654,1,2c023048_FUN_2c023048
0x2c02381c,FUN_2c02381c,1794,637,1,2c02381c_FUN_2c02381c
0x2c023f30,FUN_2c023f30,1402,502,1,2c023f30_FUN_2c023f30
0x2c0244d4,FUN_2c0244d4,1310,435,1,2c0244d4_FUN_2c0244d4
0x2c024a18,FUN_2c024a18,2010,623,1,2c024a18_FUN_2c024a18
0x2c025214,FUN_2c025214,2446,767,1,2c025214_FUN_2c025214
0x2c025bd2,FUN_2c025bd2,594,194,1,2c025bd2_FUN_2c025bd2
0x2c025e38,FUN_2c025e38,5896,1955,1,2c025e38_FUN_2c025e38
0x2c027554,FUN_2c027554,2008,658,1,2c027554_FUN_2c027554
0x2c027d30,FUN_2c027d30,106,39,1,2c027d30_FUN_2c027d30
0x2c027d9c,FUN_2c027d9c,10,5,1,2c027d9c_FUN_2c027d9c
0x2c0282ee,FUN_2c0282ee,68,26,1,2c0282ee_FUN_2c0282ee
0x2c02a3d4,FUN_2c02a3d4,4,2,1,2c02a3d4_FUN_2c02a3d4
0x2c033ad6,FUN_2c033ad6,4,2,1,2c033ad6_FUN_2c033ad6
0x2c033cc0,FUN_2c033cc0,6,3,1,2c033cc0_FUN_2c033cc0
0x2c034618,FUN_2c034618,16,7,1,2c034618_FUN_2c034618
0x2c03465c,FUN_2c03465c,16,8,1,2c03465c_FUN_2c03465c
0x2c0346d4,FUN_2c0346d4,6,3,1,2c0346d4_FUN_2c0346d4
0x2c034790,FUN_2c034790,26,13,1,2c034790_FUN_2c034790
0x2c0348b6,FUN_2c0348b6,50,23,1,2c0348b6_FUN_2c0348b6
0x2c0470b0,FUN_2c0470b0,52,25,1,2c0470b0_FUN_2c0470b0
0x2c047d40,FUN_2c047d40,52,25,1,2c047d40_FUN_2c047d40
0x2c048b28,FUN_2c048b28,246,116,1,2c048b28_FUN_2c048b28
0x2c049080,FUN_2c049080,84,41,1,2c049080_FUN_2c049080
0x2c049608,FUN_2c049608,52,24,1,2c049608_FUN_2c049608
0x2c049f8c,FUN_2c049f8c,52,25,1,2c049f8c_FUN_2c049f8c
0x2c04ac1c,FUN_2c04ac1c,52,25,1,2c04ac1c_FUN_2c04ac1c
0x2c04ba04,FUN_2c04ba04,246,116,1,2c04ba04_FUN_2c04ba04
0x2c04bf5c,FUN_2c04bf5c,84,41,1,2c04bf5c_FUN_2c04bf5c
0x2c04c4e4,FUN_2c04c4e4,52,24,1,2c04c4e4_FUN_2c04c4e4
0x2c04f1b2,FUN_2c04f1b2,18,8,1,2c04f1b2_FUN_2c04f1b2
0x2c051eea,FUN_2c051eea,22,10,1,2c051eea_FUN_2c051eea
0x2c0523e4,FUN_2c0523e4,30,13,1,2c0523e4_FUN_2c0523e4
0x2c052510,FUN_2c052510,12,6,1,2c052510_FUN_2c052510
0x2c052538,FUN_2c052538,218,105,1,2c052538_FUN_2c052538
0x2c052f72,FUN_2c052f72,132,62,1,2c052f72_FUN_2c052f72
0x2c054466,FUN_2c054466,238,108,1,2c054466_FUN_2c054466
0x2c054520,FUN_2c054520,8,3,1,2c054520_FUN_2c054520
0x2c0548ba,FUN_2c0548ba,54,25,1,2c0548ba_FUN_2c0548ba
0x2c0556ce,FUN_2c0556ce,190,90,1,2c0556ce_FUN_2c0556ce
0x2c055cf4,FUN_2c055cf4,6,3,1,2c055cf4_FUN_2c055cf4
0x2c055dac,FUN_2c055dac,374,176,1,2c055dac_FUN_2c055dac
0x2c057eb4,FUN_2c057eb4,304,134,1,2c057eb4_FUN_2c057eb4
0x2c058d96,FUN_2c058d96,4,2,1,2c058d96_FUN_2c058d96
0x2c05aea2,FUN_2c05aea2,2,1,1,2c05aea2_FUN_2c05aea2
0x2c05b902,FUN_2c05b902,10,4,1,2c05b902_FUN_2c05b902
0x2c05bce8,FUN_2c05bce8,14,6,1,2c05bce8_FUN_2c05bce8
0x2c05bd82,FUN_2c05bd82,10,5,1,2c05bd82_FUN_2c05bd82
0x2c05bfc6,FUN_2c05bfc6,32,14,1,2c05bfc6_FUN_2c05bfc6
0x2c05d21c,FUN_2c05d21c,44,18,1,2c05d21c_FUN_2c05d21c
0x2c05d816,FUN_2c05d816,72,32,1,2c05d816_FUN_2c05d816
0x2c05e304,FUN_2c05e304,102,43,1,2c05e304_FUN_2c05e304
0x2c060cfe,FUN_2c060cfe,16,8,1,2c060cfe_FUN_2c060cfe
0x2c06121c,FUN_2c06121c,24,12,1,2c06121c_FUN_2c06121c
0x2c061352,FUN_2c061352,2,1,1,2c061352_FUN_2c061352
0x2c06148c,FUN_2c06148c,4,2,1,2c06148c_FUN_2c06148c
0x2c061bc0,FUN_2c061bc0,34,16,1,2c061bc0_FUN_2c061bc0
0x2c062c90,FUN_2c062c90,36,18,1,2c062c90_FUN_2c062c90
0x2c066726,FUN_2c066726,8,4,1,2c066726_FUN_2c066726
0x2c066c24,FUN_2c066c24,38,17,1,2c066c24_FUN_2c066c24
0x2c066d62,FUN_2c066d62,60,28,1,2c066d62_FUN_2c066d62
0x2c0673a8,FUN_2c0673a8,50,23,1,2c0673a8_FUN_2c0673a8
0x2c0673ec,FUN_2c0673ec,4,2,1,2c0673ec_FUN_2c0673ec
0x2c067724,FUN_2c067724,4,2,1,2c067724_FUN_2c067724
0x2c067894,FUN_2c067894,370,178,1,2c067894_FUN_2c067894
0x2c067966,FUN_2c067966,60,28,1,2c067966_FUN_2c067966
0x2c068d3a,FUN_2c068d3a,90,44,1,2c068d3a_FUN_2c068d3a
0x2c0691e6,FUN_2c0691e6,4,2,1,2c0691e6_FUN_2c0691e6
0x2c0694de,FUN_2c0694de,70,34,1,2c0694de_FUN_2c0694de
0x2c069d18,FUN_2c069d18,854,392,1,2c069d18_FUN_2c069d18
0x2c06ac9c,FUN_2c06ac9c,4,2,1,2c06ac9c_FUN_2c06ac9c
0x2c06ba48,FUN_2c06ba48,20,9,1,2c06ba48_FUN_2c06ba48
0x2c06be9a,FUN_2c06be9a,4,2,1,2c06be9a_FUN_2c06be9a
0x2c06d6d4,FUN_2c06d6d4,16,8,1,2c06d6d4_FUN_2c06d6d4
0x2c06da3e,FUN_2c06da3e,122,57,1,2c06da3e_FUN_2c06da3e
0x2c06dd6a,FUN_2c06dd6a,4,2,1,2c06dd6a_FUN_2c06dd6a
0x2c06e5f6,FUN_2c06e5f6,8,4,1,2c06e5f6_FUN_2c06e5f6
0x2c06e7ce,FUN_2c06e7ce,12,6,1,2c06e7ce_FUN_2c06e7ce
0x2c06ee0a,FUN_2c06ee0a,164,76,1,2c06ee0a_FUN_2c06ee0a
0x2c06eea4,FUN_2c06eea4,4,2,1,2c06eea4_FUN_2c06eea4
0x2c06f44c,FUN_2c06f44c,38,17,1,2c06f44c_FUN_2c06f44c
0x2c06f814,FUN_2c06f814,2,1,1,2c06f814_FUN_2c06f814
0x2c070b88,FUN_2c070b88,52,25,1,2c070b88_FUN_2c070b88
0x2c071a02,FUN_2c071a02,162,80,1,2c071a02_FUN_2c071a02
0x2c071a96,FUN_2c071a96,16,7,1,2c071a96_FUN_2c071a96
0x2c071de2,FUN_2c071de2,546,266,1,2c071de2_FUN_2c071de2
0x2c0722b8,FUN_2c0722b8,34,17,1,2c0722b8_FUN_2c0722b8
0x2c074bd2,FUN_2c074bd2,4,2,1,2c074bd2_FUN_2c074bd2
0x2c074c8a,FUN_2c074c8a,358,164,1,2c074c8a_FUN_2c074c8a
0x2c07564c,FUN_2c07564c,2,1,1,2c07564c_FUN_2c07564c
0x2c075eb8,FUN_2c075eb8,2,1,1,2c075eb8_FUN_2c075eb8
0x2c07645a,FUN_2c07645a,2,1,1,2c07645a_FUN_2c07645a
0x2c076c58,FUN_2c076c58,10,5,1,2c076c58_FUN_2c076c58
0x2c076c9c,FUN_2c076c9c,12,6,1,2c076c9c_FUN_2c076c9c
0x2c079706,FUN_2c079706,2,1,1,2c079706_FUN_2c079706
0x2c079b48,FUN_2c079b48,744,357,1,2c079b48_FUN_2c079b48
0x2c07a3aa,FUN_2c07a3aa,22,11,1,2c07a3aa_FUN_2c07a3aa
0x2c07a440,FUN_2c07a440,192,90,1,2c07a440_FUN_2c07a440
0x2c07a902,FUN_2c07a902,184,92,1,2c07a902_FUN_2c07a902
0x2c07bf2c,FUN_2c07bf2c,6,3,1,2c07bf2c_FUN_2c07bf2c
0x2c07c13c,FUN_2c07c13c,134,58,1,2c07c13c_FUN_2c07c13c
0x2c07e7f2,FUN_2c07e7f2,10,5,1,2c07e7f2_FUN_2c07e7f2
0x2c07e9d4,FUN_2c07e9d4,570,276,1,2c07e9d4_FUN_2c07e9d4
0x2c0804c4,FUN_2c0804c4,688,323,1,2c0804c4_FUN_2c0804c4
0x2c082ab0,FUN_2c082ab0,78,37,1,2c082ab0_FUN_2c082ab0
0x2c082c08,FUN_2c082c08,8,4,1,2c082c08_FUN_2c082c08
0x2c082db0,FUN_2c082db0,116,55,1,2c082db0_FUN_2c082db0
0x2c082e50,FUN_2c082e50,44,19,1,2c082e50_FUN_2c082e50
0x2c082eb0,FUN_2c082eb0,146,69,1,2c082eb0_FUN_2c082eb0
0x2c083872,FUN_2c083872,216,102,1,2c083872_FUN_2c083872
0x2c08427c,FUN_2c08427c,250,123,1,2c08427c_FUN_2c08427c
0x2c084bb6,FUN_2c084bb6,20,10,1,2c084bb6_FUN_2c084bb6
0x2c087580,FUN_2c087580,194,92,1,2c087580_FUN_2c087580
0x2c08764a,FUN_2c08764a,10,4,1,2c08764a_FUN_2c08764a
0x2c088084,FUN_2c088084,18,8,1,2c088084_FUN_2c088084
0x2c08a0de,FUN_2c08a0de,24,11,1,2c08a0de_FUN_2c08a0de
0x2c08a156,FUN_2c08a156,162,75,1,2c08a156_FUN_2c08a156
0x2c08af4e,FUN_2c08af4e,154,69,1,2c08af4e_FUN_2c08af4e
0x2c08b438,FUN_2c08b438,6,3,1,2c08b438_FUN_2c08b438
0x2c08bd0e,FUN_2c08bd0e,120,56,1,2c08bd0e_FUN_2c08bd0e
0x2c08c25c,FUN_2c08c25c,6,3,1,2c08c25c_FUN_2c08c25c
0x2c08c618,FUN_2c08c618,18,9,1,2c08c618_FUN_2c08c618
0x2c08c73a,FUN_2c08c73a,28,14,1,2c08c73a_FUN_2c08c73a
0x2c08c7d8,FUN_2c08c7d8,84,40,1,2c08c7d8_FUN_2c08c7d8
0x2c08dce8,FUN_2c08dce8,500,228,1,2c08dce8_FUN_2c08dce8
0x2c0903d4,FUN_2c0903d4,238,116,1,2c0903d4_FUN_2c0903d4
0x2c09061e,FUN_2c09061e,514,243,0,2c09061e_FUN_2c09061e
0x2c09225c,FUN_2c09225c,12,5,1,2c09225c_FUN_2c09225c
0x2c0923dc,FUN_2c0923dc,6,3,1,2c0923dc_FUN_2c0923dc
0x2c092418,FUN_2c092418,70,35,1,2c092418_FUN_2c092418
0x2c0937ca,FUN_2c0937ca,84,41,1,2c0937ca_FUN_2c0937ca
0x2c0943d4,FUN_2c0943d4,238,112,1,2c0943d4_FUN_2c0943d4
0x2c094df2,FUN_2c094df2,362,175,1,2c094df2_FUN_2c094df2
0x2c09515e,FUN_2c09515e,238,113,1,2c09515e_FUN_2c09515e
0x2c095218,FUN_2c095218,6,2,1,2c095218_FUN_2c095218
0x2c095846,FUN_2c095846,788,354,1,2c095846_FUN_2c095846
0x2c096834,FUN_2c096834,82,37,1,2c096834_FUN_2c096834
0x2c09739e,FUN_2c09739e,194,92,1,2c09739e_FUN_2c09739e
0x2c097602,FUN_2c097602,4,2,1,2c097602_FUN_2c097602
0x2c098bd6,FUN_2c098bd6,106,51,1,2c098bd6_FUN_2c098bd6
0x2c098da0,FUN_2c098da0,28,13,1,2c098da0_FUN_2c098da0
0x2c099770,FUN_2c099770,14,7,1,2c099770_FUN_2c099770
0x2c0999fe,FUN_2c0999fe,6,2,1,2c0999fe_FUN_2c0999fe
0x2c09d32c,FUN_2c09d32c,72,31,1,2c09d32c_FUN_2c09d32c
0x2c09d8b8,FUN_2c09d8b8,196,94,1,2c09d8b8_FUN_2c09d8b8
0x2c09e000,FUN_2c09e000,62,29,1,2c09e000_FUN_2c09e000
0x2c09e7dc,FUN_2c09e7dc,8,3,1,2c09e7dc_FUN_2c09e7dc
0x2c09effc,FUN_2c09effc,208,100,1,2c09effc_FUN_2c09effc
0x2c09f556,FUN_2c09f556,42,18,1,2c09f556_FUN_2c09f556
0x2c0a00ea,FUN_2c0a00ea,18,8,1,2c0a00ea_FUN_2c0a00ea
0x2c0a2394,FUN_2c0a2394,8,4,1,2c0a2394_FUN_2c0a2394
0x2c0a3458,FUN_2c0a3458,10,5,1,2c0a3458_FUN_2c0a3458
0x2c0a40b4,FUN_2c0a40b4,36,15,1,2c0a40b4_FUN_2c0a40b4
0x2c0a4a24,FUN_2c0a4a24,36,15,1,2c0a4a24_FUN_2c0a4a24
0x2c0a5e04,FUN_2c0a5e04,52,25,1,2c0a5e04_FUN_2c0a5e04
0x2c0a6d2e,FUN_2c0a6d2e,500,235,1,2c0a6d2e_FUN_2c0a6d2e
0x2c0a76a0,FUN_2c0a76a0,140,64,1,2c0a76a0_FUN_2c0a76a0
0x2c0a77d0,FUN_2c0a77d0,24,11,1,2c0a77d0_FUN_2c0a77d0
0x2c0a7824,FUN_2c0a7824,4,2,1,2c0a7824_FUN_2c0a7824
0x2c0a78e4,FUN_2c0a78e4,64,30,1,2c0a78e4_FUN_2c0a78e4
0x2c0a7a82,FUN_2c0a7a82,42,20,1,2c0a7a82_FUN_2c0a7a82
0x2c0a878c,FUN_2c0a878c,292,140,1,2c0a878c_FUN_2c0a878c
0x2c0a8d4a,FUN_2c0a8d4a,8,4,1,2c0a8d4a_FUN_2c0a8d4a
0x2c0a9ad6,FUN_2c0a9ad6,4,2,1,2c0a9ad6_FUN_2c0a9ad6
0x2c0a9bfa,FUN_2c0a9bfa,4,2,1,2c0a9bfa_FUN_2c0a9bfa
0x2c0aa20e,FUN_2c0aa20e,12,5,1,2c0aa20e_FUN_2c0aa20e
0x2c0aa606,FUN_2c0aa606,30,15,1,2c0aa606_FUN_2c0aa606
0x2c0aa9e4,FUN_2c0aa9e4,2,1,1,2c0aa9e4_FUN_2c0aa9e4
0x2c0accc6,FUN_2c0accc6,2,1,1,2c0accc6_FUN_2c0accc6
0x2c0ad98e,FUN_2c0ad98e,176,86,1,2c0ad98e_FUN_2c0ad98e
0x2c0b1860,FUN_2c0b1860,4,2,1,2c0b1860_FUN_2c0b1860
0x2c0b1958,FUN_2c0b1958,8,4,1,2c0b1958_FUN_2c0b1958
0x2c0b21e4,FUN_2c0b21e4,8,4,1,2c0b21e4_FUN_2c0b21e4
0x2c0b23d4,FUN_2c0b23d4,16,8,1,2c0b23d4_FUN_2c0b23d4
0x2c0b2880,FUN_2c0b2880,208,102,1,2c0b2880_FUN_2c0b2880
0x2c0b2a6c,FUN_2c0b2a6c,22,11,1,2c0b2a6c_FUN_2c0b2a6c
0x2c0b2b4c,FUN_2c0b2b4c,44,22,1,2c0b2b4c_FUN_2c0b2b4c
0x2c0b2d38,FUN_2c0b2d38,4,2,1,2c0b2d38_FUN_2c0b2d38
0x2c0b31c8,FUN_2c0b31c8,98,49,1,2c0b31c8_FUN_2c0b31c8
0x2c0b3bf0,FUN_2c0b3bf0,254,122,1,2c0b3bf0_FUN_2c0b3bf0
0x2c0b496c,FUN_2c0b496c,4,2,1,2c0b496c_FUN_2c0b496c
0x2c0b4984,FUN_2c0b4984,16,8,1,2c0b4984_FUN_2c0b4984
0x2c0b4fb8,FUN_2c0b4fb8,66,31,1,2c0b4fb8_FUN_2c0b4fb8
0x2c0b5168,FUN_2c0b5168,16,8,1,2c0b5168_FUN_2c0b5168
0x2c0b63c0,FUN_2c0b63c0,72,34,1,2c0b63c0_FUN_2c0b63c0
0x2c0b6430,FUN_2c0b6430,56,27,1,2c0b6430_FUN_2c0b6430
0x2c0b6624,FUN_2c0b6624,8,4,1,2c0b6624_FUN_2c0b6624
0x2c0b6a24,FUN_2c0b6a24,68,33,1,2c0b6a24_FUN_2c0b6a24
0x2c0b6d30,FUN_2c0b6d30,110,54,1,2c0b6d30_FUN_2c0b6d30
0x2c0b7150,FUN_2c0b7150,270,131,1,2c0b7150_FUN_2c0b7150
0x2c0b7534,FUN_2c0b7534,44,22,1,2c0b7534_FUN_2c0b7534
0x2c0b7920,FUN_2c0b7920,16,8,1,2c0b7920_FUN_2c0b7920
0x2c0b7d54,FUN_2c0b7d54,96,45,1,2c0b7d54_FUN_2c0b7d54
0x2c0b8358,FUN_2c0b8358,12,5,1,2c0b8358_FUN_2c0b8358
0x2c0b891c,FUN_2c0b891c,566,275,1,2c0b891c_FUN_2c0b891c
0x2c0b8b48,FUN_2c0b8b48,12,6,1,2c0b8b48_FUN_2c0b8b48
0x2c0b8d2c,FUN_2c0b8d2c,418,201,1,2c0b8d2c_FUN_2c0b8d2c
0x2c0b8d9c,FUN_2c0b8d9c,40,20,1,2c0b8d9c_FUN_2c0b8d9c
0x2c0b9238,FUN_2c0b9238,12,5,1,2c0b9238_FUN_2c0b9238
0x2c0b9314,FUN_2c0b9314,16,8,1,2c0b9314_FUN_2c0b9314
0x2c0b95d0,FUN_2c0b95d0,364,181,0,2c0b95d0_FUN_2c0b95d0
0x2c0b9994,FUN_2c0b9994,226,111,1,2c0b9994_FUN_2c0b9994
0x2c0b9e60,FUN_2c0b9e60,94,45,1,2c0b9e60_FUN_2c0b9e60
0x2c0ba2bc,FUN_2c0ba2bc,8,4,1,2c0ba2bc_FUN_2c0ba2bc
0x2c0ba7f4,FUN_2c0ba7f4,12,6,1,2c0ba7f4_FUN_2c0ba7f4
0x2c0bab04,FUN_2c0bab04,24,12,1,2c0bab04_FUN_2c0bab04
0x2c0bae24,FUN_2c0bae24,22,11,1,2c0bae24_FUN_2c0bae24
0x2c0bafe8,FUN_2c0bafe8,4,2,1,2c0bafe8_FUN_2c0bafe8
0x2c0bb124,FUN_2c0bb124,4,2,1,2c0bb124_FUN_2c0bb124
0x2c0bb6d0,FUN_2c0bb6d0,4,2,1,2c0bb6d0_FUN_2c0bb6d0
0x2c0bba00,FUN_2c0bba00,14,7,1,2c0bba00_FUN_2c0bba00
0x2c0bbdb0,FUN_2c0bbdb0,4,2,1,2c0bbdb0_FUN_2c0bbdb0
0x2c0bc438,FUN_2c0bc438,20,10,1,2c0bc438_FUN_2c0bc438
0x2c0bc4fc,FUN_2c0bc4fc,4,2,1,2c0bc4fc_FUN_2c0bc4fc
0x2c0bc620,FUN_2c0bc620,16,7,1,2c0bc620_FUN_2c0bc620
0x2c0bc6fc,FUN_2c0bc6fc,180,89,1,2c0bc6fc_FUN_2c0bc6fc
0x2c0bd160,FUN_2c0bd160,4,2,1,2c0bd160_FUN_2c0bd160
0x2c0bd7ac,FUN_2c0bd7ac,32,16,1,2c0bd7ac_FUN_2c0bd7ac
0x2c0bda84,FUN_2c0bda84,34,15,1,2c0bda84_FUN_2c0bda84
0x2c0bdb3c,FUN_2c0bdb3c,12,6,1,2c0bdb3c_FUN_2c0bdb3c
0x2c0bde14,FUN_2c0bde14,740,362,1,2c0bde14_FUN_2c0bde14
0x2c0be4b4,FUN_2c0be4b4,12,6,1,2c0be4b4_FUN_2c0be4b4
0x2c0be73c,FUN_2c0be73c,8,4,1,2c0be73c_FUN_2c0be73c
0x2c0bec90,FUN_2c0bec90,12,6,1,2c0bec90_FUN_2c0bec90
0x2c0c11b6,FUN_2c0c11b6,884,442,1,2c0c11b6_FUN_2c0c11b6
0x2c0c169a,FUN_2c0c169a,530,265,1,2c0c169a_FUN_2c0c169a
0x2c0c190a,FUN_2c0c190a,266,133,1,2c0c190a_FUN_2c0c190a
0x2c0c37d4,FUN_2c0c37d4,4,2,1,2c0c37d4_FUN_2c0c37d4
0x2c0c3d08,FUN_2c0c3d08,318,155,1,2c0c3d08_FUN_2c0c3d08
0x2c0c40bc,FUN_2c0c40bc,102,50,1,2c0c40bc_FUN_2c0c40bc
0x2c0c4158,FUN_2c0c4158,24,10,1,2c0c4158_FUN_2c0c4158
0x2c0c48de,FUN_2c0c48de,110,55,1,2c0c48de_FUN_2c0c48de
0x2c0c5806,FUN_2c0c5806,2,1,1,2c0c5806_FUN_2c0c5806
0x2c0c58b8,FUN_2c0c58b8,2,1,1,2c0c58b8_FUN_2c0c58b8
0x2c0c5bc8,FUN_2c0c5bc8,10,5,1,2c0c5bc8_FUN_2c0c5bc8
0x2c0cd1a4,FUN_2c0cd1a4,2,1,1,2c0cd1a4_FUN_2c0cd1a4
0x2c0cdf34,FUN_2c0cdf34,2,1,1,2c0cdf34_FUN_2c0cdf34
0x2c0ce3a4,FUN_2c0ce3a4,4,2,1,2c0ce3a4_FUN_2c0ce3a4
0x2c0ce830,FUN_2c0ce830,4,2,1,2c0ce830_FUN_2c0ce830
0x2c0da414,FUN_2c0da414,92,44,1,2c0da414_FUN_2c0da414
0x2c0da4a4,FUN_2c0da4a4,54,27,1,2c0da4a4_FUN_2c0da4a4
0x2c0da668,FUN_2c0da668,30,14,1,2c0da668_FUN_2c0da668
0x2c0da6f8,FUN_2c0da6f8,1066,523,1,2c0da6f8_FUN_2c0da6f8
0x2c0dcbf8,FUN_2c0dcbf8,86,33,1,2c0dcbf8_FUN_2c0dcbf8
0x2c0def4a,FUN_2c0def4a,12,6,1,2c0def4a_FUN_2c0def4a
0x2c0e0d94,FUN_2c0e0d94,2,1,1,2c0e0d94_FUN_2c0e0d94
0x2c0e2396,FUN_2c0e2396,10,4,1,2c0e2396_FUN_2c0e2396
0x2c0e6f24,FUN_2c0e6f24,60,27,1,2c0e6f24_FUN_2c0e6f24
0x2c0e79d0,FUN_2c0e79d0,10,4,1,2c0e79d0_FUN_2c0e79d0
0x2c0e7f0e,FUN_2c0e7f0e,14,6,1,2c0e7f0e_FUN_2c0e7f0e
0x2c0e8e2c,FUN_2c0e8e2c,2,1,1,2c0e8e2c_FUN_2c0e8e2c
0x2c0ea850,FUN_2c0ea850,20,8,1,2c0ea850_FUN_2c0ea850
0x2c0eac94,FUN_2c0eac94,6,3,1,2c0eac94_FUN_2c0eac94
0x2c0eb86e,FUN_2c0eb86e,4,2,1,2c0eb86e_FUN_2c0eb86e
0x2c0eb974,FUN_2c0eb974,40,19,1,2c0eb974_FUN_2c0eb974
0x2c0ebe10,FUN_2c0ebe10,12,4,1,2c0ebe10_FUN_2c0ebe10
0x2c0ec2c2,FUN_2c0ec2c2,6,3,1,2c0ec2c2_FUN_2c0ec2c2
0x2c0f0c98,FUN_2c0f0c98,44,21,1,2c0f0c98_FUN_2c0f0c98
0x2c0f12b4,FUN_2c0f12b4,10,4,1,2c0f12b4_FUN_2c0f12b4
0x2c0f1534,FUN_2c0f1534,28,13,1,2c0f1534_FUN_2c0f1534
0x2c0f1654,FUN_2c0f1654,164,81,1,2c0f1654_FUN_2c0f1654
0x2c0f16c8,FUN_2c0f16c8,68,34,1,2c0f16c8_FUN_2c0f16c8
0x2c0f29c4,FUN_2c0f29c4,1044,520,1,2c0f29c4_FUN_2c0f29c4
0x2c0f2da6,FUN_2c0f2da6,136,67,1,2c0f2da6_FUN_2c0f2da6
0x2c0f3404,FUN_2c0f3404,38,16,1,2c0f3404_FUN_2c0f3404
0x2c0f39fe,FUN_2c0f39fe,12,5,1,2c0f39fe_FUN_2c0f39fe
0x2c0f3d9e,FUN_2c0f3d9e,402,192,1,2c0f3d9e_FUN_2c0f3d9e
0x2c0f4bd0,FUN_2c0f4bd0,36,16,1,2c0f4bd0_FUN_2c0f4bd0
0x2c0f5212,FUN_2c0f5212,108,50,1,2c0f5212_FUN_2c0f5212
0x2c0f53b8,FUN_2c0f53b8,54,24,1,2c0f53b8_FUN_2c0f53b8
0x2c0f5528,FUN_2c0f5528,30,14,1,2c0f5528_FUN_2c0f5528
0x2c0f5790,FUN_2c0f5790,58,28,1,2c0f5790_FUN_2c0f5790
0x2c0f5bae,FUN_2c0f5bae,12,5,1,2c0f5bae_FUN_2c0f5bae
0x2c0f5f02,FUN_2c0f5f02,44,19,1,2c0f5f02_FUN_2c0f5f02
0x2c0f64cc,FUN_2c0f64cc,18,8,1,2c0f64cc_FUN_2c0f64cc
0x2c0f6c5a,FUN_2c0f6c5a,154,73,1,2c0f6c5a_FUN_2c0f6c5a
0x2c0f6fcc,FUN_2c0f6fcc,12,6,1,2c0f6fcc_FUN_2c0f6fcc
0x2c0f74f4,FUN_2c0f74f4,540,246,1,2c0f74f4_FUN_2c0f74f4
0x2c0f8190,FUN_2c0f8190,88,41,1,2c0f8190_FUN_2c0f8190
0x2c0f82f8,FUN_2c0f82f8,170,80,1,2c0f82f8_FUN_2c0f82f8
0x2c0f8b0c,FUN_2c0f8b0c,32,16,1,2c0f8b0c_FUN_2c0f8b0c
0x2c0f8ff8,FUN_2c0f8ff8,98,49,1,2c0f8ff8_FUN_2c0f8ff8
0x2c0f9156,FUN_2c0f9156,26,11,1,2c0f9156_FUN_2c0f9156
0x2c0f97f0,FUN_2c0f97f0,24,12,1,2c0f97f0_FUN_2c0f97f0
0x2c0fb64a,FUN_2c0fb64a,8,4,1,2c0fb64a_FUN_2c0fb64a
0x2c0fb7ba,FUN_2c0fb7ba,6,3,1,2c0fb7ba_FUN_2c0fb7ba
0x2c0fd148,FUN_2c0fd148,4,2,1,2c0fd148_FUN_2c0fd148
0x2c0fd17e,FUN_2c0fd17e,54,24,1,2c0fd17e_FUN_2c0fd17e
0x2c0fd198,FUN_2c0fd198,102,50,1,2c0fd198_FUN_2c0fd198
0x2c0fd1ce,FUN_2c0fd1ce,74,36,1,2c0fd1ce_FUN_2c0fd1ce
0x2c0fd78a,FUN_2c0fd78a,8,3,1,2c0fd78a_FUN_2c0fd78a
0x2c0fe492,FUN_2c0fe492,150,73,1,2c0fe492_FUN_2c0fe492
0x2c100334,FUN_2c100334,566,267,1,2c100334_FUN_2c100334
0x2c10183a,FUN_2c10183a,4,2,1,2c10183a_FUN_2c10183a
0x2c101a92,FUN_2c101a92,22,10,1,2c101a92_FUN_2c101a92
0x2c101aba,FUN_2c101aba,620,299,1,2c101aba_FUN_2c101aba
0x2c101f66,FUN_2c101f66,32,16,1,2c101f66_FUN_2c101f66
0x2c103cb0,FUN_2c103cb0,46,23,1,2c103cb0_FUN_2c103cb0
0x2c104d4e,FUN_2c104d4e,162,77,1,2c104d4e_FUN_2c104d4e
0x2c105080,FUN_2c105080,2,1,1,2c105080_FUN_2c105080
0x2c10529a,FUN_2c10529a,828,405,1,2c10529a_FUN_2c10529a
0x2c105cd0,FUN_2c105cd0,20,10,1,2c105cd0_FUN_2c105cd0
0x2c106e84,FUN_2c106e84,156,77,1,2c106e84_FUN_2c106e84
0x2c109962,FUN_2c109962,40,18,1,2c109962_FUN_2c109962
0x2c10a234,FUN_2c10a234,258,124,1,2c10a234_FUN_2c10a234
0x2c10a332,FUN_2c10a332,134,65,1,2c10a332_FUN_2c10a332
0x2c10a342,FUN_2c10a342,2,1,1,2c10a342_FUN_2c10a342
0x2c10a418,FUN_2c10a418,6,3,1,2c10a418_FUN_2c10a418
0x2c10a638,FUN_2c10a638,142,69,1,2c10a638_FUN_2c10a638
0x2c10ab92,FUN_2c10ab92,22,11,1,2c10ab92_FUN_2c10ab92
0x2c10b040,FUN_2c10b040,48,24,1,2c10b040_FUN_2c10b040
0x2c10b1b8,FUN_2c10b1b8,96,46,1,2c10b1b8_FUN_2c10b1b8
0x2c10b7ce,FUN_2c10b7ce,250,119,1,2c10b7ce_FUN_2c10b7ce
0x2c10baf6,FUN_2c10baf6,8,3,1,2c10baf6_FUN_2c10baf6
0x2c10bbd6,FUN_2c10bbd6,120,56,1,2c10bbd6_FUN_2c10bbd6
0x2c10cafc,FUN_2c10cafc,120,55,1,2c10cafc_FUN_2c10cafc
0x2c10d5fc,FUN_2c10d5fc,28,14,1,2c10d5fc_FUN_2c10d5fc
0x2c10dd34,FUN_2c10dd34,12,5,1,2c10dd34_FUN_2c10dd34
0x2c10dd98,FUN_2c10dd98,24,10,1,2c10dd98_FUN_2c10dd98
0x2c10de16,FUN_2c10de16,24,11,1,2c10de16_FUN_2c10de16
0x2c10de5e,FUN_2c10de5e,56,26,1,2c10de5e_FUN_2c10de5e
0x2c10ed86,FUN_2c10ed86,30,15,1,2c10ed86_FUN_2c10ed86
0x2c10fa52,FUN_2c10fa52,24,11,1,2c10fa52_FUN_2c10fa52
0x2c110900,FUN_2c110900,78,38,1,2c110900_FUN_2c110900
0x2c110eea,FUN_2c110eea,2,1,1,2c110eea_FUN_2c110eea
0x2c111cc0,FUN_2c111cc0,6,3,1,2c111cc0_FUN_2c111cc0
0x2c1121a4,FUN_2c1121a4,150,71,1,2c1121a4_FUN_2c1121a4
0x2c1123a8,FUN_2c1123a8,168,77,1,2c1123a8_FUN_2c1123a8
0x2c112a26,FUN_2c112a26,254,117,1,2c112a26_FUN_2c112a26
0x2c113124,FUN_2c113124,56,24,1,2c113124_FUN_2c113124
0x2c1133f4,FUN_2c1133f4,320,147,1,2c1133f4_FUN_2c1133f4
0x2c113c5e,FUN_2c113c5e,10,5,1,2c113c5e_FUN_2c113c5e
0x2c11418a,FUN_2c11418a,1088,524,1,2c11418a_FUN_2c11418a
0x2c114582,FUN_2c114582,170,80,1,2c114582_FUN_2c114582
0x2c114ac6,FUN_2c114ac6,28,14,1,2c114ac6_FUN_2c114ac6
0x2c114cd4,FUN_2c114cd4,4,2,1,2c114cd4_FUN_2c114cd4
0x2c114e70,FUN_2c114e70,112,54,1,2c114e70_FUN_2c114e70
0x2c114f60,FUN_2c114f60,66,30,1,2c114f60_FUN_2c114f60
0x2c11514e,FUN_2c11514e,288,130,1,2c11514e_FUN_2c11514e
0x2c115596,FUN_2c115596,6,3,1,2c115596_FUN_2c115596
0x2c11571e,FUN_2c11571e,92,44,1,2c11571e_FUN_2c11571e
0x2c1157d8,FUN_2c1157d8,10,5,1,2c1157d8_FUN_2c1157d8
0x2c115c9e,FUN_2c115c9e,4,2,1,2c115c9e_FUN_2c115c9e
0x2c1162fc,FUN_2c1162fc,108,50,1,2c1162fc_FUN_2c1162fc
0x2c1165a0,FUN_2c1165a0,64,29,1,2c1165a0_FUN_2c1165a0
0x2c116b50,FUN_2c116b50,20,8,1,2c116b50_FUN_2c116b50
0x2c11756c,FUN_2c11756c,188,86,1,2c11756c_FUN_2c11756c
0x2c1183be,FUN_2c1183be,30,15,1,2c1183be_FUN_2c1183be
0x2c118826,FUN_2c118826,4,2,1,2c118826_FUN_2c118826
0x2c11889a,FUN_2c11889a,194,89,1,2c11889a_FUN_2c11889a
0x2c118a9a,FUN_2c118a9a,32,16,1,2c118a9a_FUN_2c118a9a
0x2c118bb2,FUN_2c118bb2,162,78,1,2c118bb2_FUN_2c118bb2
0x2c118f2c,FUN_2c118f2c,174,85,1,2c118f2c_FUN_2c118f2c
0x2c119e1e,FUN_2c119e1e,60,29,1,2c119e1e_FUN_2c119e1e
0x2c11a1f8,FUN_2c11a1f8,42,20,1,2c11a1f8_FUN_2c11a1f8
0x2c11a812,FUN_2c11a812,80,40,1,2c11a812_FUN_2c11a812
0x2c11a8ba,FUN_2c11a8ba,4,2,1,2c11a8ba_FUN_2c11a8ba
0x2c11b834,FUN_2c11b834,600,284,0,2c11b834_FUN_2c11b834
0x2c11ce10,FUN_2c11ce10,20,10,1,2c11ce10_FUN_2c11ce10
0x2c11d316,FUN_2c11d316,90,38,1,2c11d316_FUN_2c11d316
0x2c11d406,FUN_2c11d406,16,7,1,2c11d406_FUN_2c11d406
0x2c11d4a2,FUN_2c11d4a2,2,1,1,2c11d4a2_FUN_2c11d4a2
0x2c11df0c,FUN_2c11df0c,44,22,1,2c11df0c_FUN_2c11df0c
0x2c11f1f2,FUN_2c11f1f2,84,40,1,2c11f1f2_FUN_2c11f1f2
0x2c11f8a2,FUN_2c11f8a2,48,23,1,2c11f8a2_FUN_2c11f8a2
0x2c11f962,FUN_2c11f962,68,32,1,2c11f962_FUN_2c11f962
0x2c12167e,FUN_2c12167e,116,57,1,2c12167e_FUN_2c12167e
0x2c1231c8,FUN_2c1231c8,18,8,1,2c1231c8_FUN_2c1231c8
0x2c123ad4,FUN_2c123ad4,42,19,1,2c123ad4_FUN_2c123ad4
0x2c1245c0,FUN_2c1245c0,132,60,1,2c1245c0_FUN_2c1245c0
0x2c124cfc,FUN_2c124cfc,160,78,1,2c124cfc_FUN_2c124cfc
0x2c128630,FUN_2c128630,16,8,1,2c128630_FUN_2c128630
0x2c12947e,FUN_2c12947e,2,1,1,2c12947e_FUN_2c12947e
0x2c12b142,FUN_2c12b142,560,266,1,2c12b142_FUN_2c12b142
0x2c134098,FUN_2c134098,22,11,1,2c134098_FUN_2c134098
0x2c1340bc,FUN_2c1340bc,14,7,1,2c1340bc_FUN_2c1340bc
0x2c1341dc,FUN_2c1341dc,458,197,1,2c1341dc_FUN_2c1341dc
0x2c134240,FUN_2c134240,10,4,1,2c134240_FUN_2c134240
0x2c13424c,FUN_2c13424c,22,10,1,2c13424c_FUN_2c13424c
0x2c1343f2,FUN_2c1343f2,124,48,1,2c1343f2_FUN_2c1343f2
0x2c134788,FUN_2c134788,80,30,1,2c134788_FUN_2c134788
0x2c134978,FUN_2c134978,384,147,1,2c134978_FUN_2c134978
0x2c134b52,FUN_2c134b52,656,267,1,2c134b52_FUN_2c134b52
0x2c134e0c,FUN_2c134e0c,138,54,1,2c134e0c_FUN_2c134e0c
0x2c134ec4,FUN_2c134ec4,40,16,1,2c134ec4_FUN_2c134ec4
0x2c135098,FUN_2c135098,120,44,1,2c135098_FUN_2c135098
0x2c135162,FUN_2c135162,104,39,1,2c135162_FUN_2c135162
0x2c1351d0,FUN_2c1351d0,92,37,1,2c1351d0_FUN_2c1351d0
0x2c13523c,FUN_2c13523c,78,32,1,2c13523c_FUN_2c13523c
0x2c1352b4,FUN_2c1352b4,26,10,1,2c1352b4_FUN_2c1352b4
0x2c1352d4,FUN_2c1352d4,164,68,1,2c1352d4_FUN_2c1352d4
0x2c1353b4,FUN_2c1353b4,92,37,1,2c1353b4_FUN_2c1353b4
0x2c135420,FUN_2c135420,50,19,1,2c135420_FUN_2c135420
0x2c135458,FUN_2c135458,184,70,1,2c135458_FUN_2c135458
0x2c135592,FUN_2c135592,26,11,1,2c135592_FUN_2c135592
0x2c1355b4,FUN_2c1355b4,48,22,1,2c1355b4_FUN_2c1355b4
0x2c135620,FUN_2c135620,82,35,1,2c135620_FUN_2c135620
0x2c135678,FUN_2c135678,418,170,1,2c135678_FUN_2c135678
0x2c13583c,FUN_2c13583c,240,99,1,2c13583c_FUN_2c13583c
0x2c135940,FUN_2c135940,64,27,1,2c135940_FUN_2c135940
0x2c135988,FUN_2c135988,440,166,1,2c135988_FUN_2c135988
0x2c135b78,FUN_2c135b78,228,79,1,2c135b78_FUN_2c135b78
0x2c135c84,FUN_2c135c84,280,103,1,2c135c84_FUN_2c135c84
0x2c135da4,FUN_2c135da4,50,22,1,2c135da4_FUN_2c135da4
0x2c135e14,FUN_2c135e14,292,110,1,2c135e14_FUN_2c135e14
0x2c135f50,FUN_2c135f50,278,110,1,2c135f50_FUN_2c135f50
0x2c13608c,FUN_2c13608c,244,97,1,2c13608c_FUN_2c13608c
0x2c1361a4,FUN_2c1361a4,188,73,1,2c1361a4_FUN_2c1361a4
0x2c13635c,FUN_2c13635c,334,133,1,2c13635c_FUN_2c13635c
0x2c136bac,FUN_2c136bac,1100,432,1,2c136bac_FUN_2c136bac
0x2c13705c,FUN_2c13705c,64,25,1,2c13705c_FUN_2c13705c
0x2c13709c,FUN_2c13709c,96,34,1,2c13709c_FUN_2c13709c
0x2c137108,FUN_2c137108,1556,603,1,2c137108_FUN_2c137108
0x2c137748,FUN_2c137748,2380,876,1,2c137748_FUN_2c137748
0x2c1380b8,FUN_2c1380b8,54,21,1,2c1380b8_FUN_2c1380b8
0x2c138218,FUN_2c138218,30,14,1,2c138218_FUN_2c138218
0x2c138248,FUN_2c138248,30,14,1,2c138248_FUN_2c138248
0x2c13826c,FUN_2c13826c,28,13,1,2c13826c_FUN_2c13826c
0x2c1382a8,FUN_2c1382a8,72,32,1,2c1382a8_FUN_2c1382a8
0x2c138302,FUN_2c138302,160,57,1,2c138302_FUN_2c138302
0x2c1384b0,FUN_2c1384b0,116,52,1,2c1384b0_FUN_2c1384b0
0x2c138664,FUN_2c138664,34,14,1,2c138664_FUN_2c138664
0x2c138738,FUN_2c138738,14,6,1,2c138738_FUN_2c138738
0x2c1388c0,FUN_2c1388c0,418,169,1,2c1388c0_FUN_2c1388c0
0x2c1389e8,FUN_2c1389e8,32,13,1,2c1389e8_FUN_2c1389e8
0x2c138d28,FUN_2c138d28,80,31,1,2c138d28_FUN_2c138d28
0x2c138f6c,FUN_2c138f6c,108,47,1,2c138f6c_FUN_2c138f6c
0x2c138fee,FUN_2c138fee,14,5,1,2c138fee_FUN_2c138fee
0x2c139008,FUN_2c139008,180,68,1,2c139008_FUN_2c139008
0x2c1390dc,FUN_2c1390dc,242,96,1,2c1390dc_FUN_2c1390dc
0x2c1391f8,FUN_2c1391f8,78,34,1,2c1391f8_FUN_2c1391f8
0x2c139268,FUN_2c139268,204,79,1,2c139268_FUN_2c139268
0x2c139360,FUN_2c139360,160,61,1,2c139360_FUN_2c139360
0x2c139410,FUN_2c139410,1072,429,1,2c139410_FUN_2c139410
0x2c139864,FUN_2c139864,176,67,1,2c139864_FUN_2c139864
0x2c139934,FUN_2c139934,342,139,1,2c139934_FUN_2c139934
0x2c139e10,FUN_2c139e10,84,38,1,2c139e10_FUN_2c139e10
0x2c13a4a0,FUN_2c13a4a0,236,91,1,2c13a4a0_FUN_2c13a4a0
0x2c13a556,FUN_2c13a556,20,8,1,2c13a556_FUN_2c13a556
0x2c13a5c8,FUN_2c13a5c8,140,58,1,2c13a5c8_FUN_2c13a5c8
0x2c13a674,FUN_2c13a674,86,33,1,2c13a674_FUN_2c13a674
0x2c13a8c4,FUN_2c13a8c4,54,22,1,2c13a8c4_FUN_2c13a8c4
0x2c13a904,FUN_2c13a904,60,24,1,2c13a904_FUN_2c13a904
0x2c13a94a,FUN_2c13a94a,60,25,1,2c13a94a_FUN_2c13a94a
0x2c13a992,FUN_2c13a992,60,25,1,2c13a992_FUN_2c13a992
0x2c13a9d8,FUN_2c13a9d8,76,28,1,2c13a9d8_FUN_2c13a9d8
0x2c13aa30,FUN_2c13aa30,60,25,1,2c13aa30_FUN_2c13aa30
0x2c13aa78,FUN_2c13aa78,98,37,1,2c13aa78_FUN_2c13aa78
0x2c13aaf4,FUN_2c13aaf4,134,56,1,2c13aaf4_FUN_2c13aaf4
0x2c13ab98,FUN_2c13ab98,180,71,1,2c13ab98_FUN_2c13ab98
0x2c13ac68,FUN_2c13ac68,136,56,1,2c13ac68_FUN_2c13ac68
0x2c13ae14,FUN_2c13ae14,50,21,1,2c13ae14_FUN_2c13ae14
0x2c13ae96,FUN_2c13ae96,54,21,1,2c13ae96_FUN_2c13ae96
0x2c13aed4,FUN_2c13aed4,74,33,1,2c13aed4_FUN_2c13aed4
0x2c13af30,FUN_2c13af30,32,15,1,2c13af30_FUN_2c13af30
0x2c13b1a4,FUN_2c13b1a4,50,16,1,2c13b1a4_FUN_2c13b1a4
0x2c13b1dc,FUN_2c13b1dc,120,43,1,2c13b1dc_FUN_2c13b1dc
0x2c13b264,FUN_2c13b264,88,33,1,2c13b264_FUN_2c13b264
0x2c13b2cc,FUN_2c13b2cc,82,31,1,2c13b2cc_FUN_2c13b2cc
0x2c13b330,FUN_2c13b330,146,56,1,2c13b330_FUN_2c13b330
0x2c13b3d2,FUN_2c13b3d2,468,153,1,2c13b3d2_FUN_2c13b3d2
0x2c13b5ac,FUN_2c13b5ac,106,42,1,2c13b5ac_FUN_2c13b5ac
0x2c13b62c,FUN_2c13b62c,186,73,1,2c13b62c_FUN_2c13b62c
0x2c13b700,FUN_2c13b700,64,25,1,2c13b700_FUN_2c13b700
0x2c13b750,FUN_2c13b750,68,26,1,2c13b750_FUN_2c13b750
0x2c13b7a4,FUN_2c13b7a4,58,26,1,2c13b7a4_FUN_2c13b7a4
0x2c13b7f6,FUN_2c13b7f6,100,43,1,2c13b7f6_FUN_2c13b7f6
0x2c13b874,FUN_2c13b874,650,229,1,2c13b874_FUN_2c13b874
0x2c13bb3c,FUN_2c13bb3c,50,16,1,2c13bb3c_FUN_2c13bb3c
0x2c13bbda,FUN_2c13bbda,94,39,1,2c13bbda_FUN_2c13bbda
0x2c13bc50,FUN_2c13bc50,52,22,1,2c13bc50_FUN_2c13bc50
0x2c13bc94,FUN_2c13bc94,138,52,1,2c13bc94_FUN_2c13bc94
0x2c13bd38,FUN_2c13bd38,474,171,1,2c13bd38_FUN_2c13bd38
0x2c13bf44,FUN_2c13bf44,70,28,1,2c13bf44_FUN_2c13bf44
0x2c13bf9c,FUN_2c13bf9c,306,108,1,2c13bf9c_FUN_2c13bf9c
0x2c13c0f4,FUN_2c13c0f4,298,102,1,2c13c0f4_FUN_2c13c0f4
0x2c13c236,FUN_2c13c236,102,39,1,2c13c236_FUN_2c13c236
0x2c13c2ac,FUN_2c13c2ac,60,25,1,2c13c2ac_FUN_2c13c2ac
0x2c13c2fc,FUN_2c13c2fc,174,69,1,2c13c2fc_FUN_2c13c2fc
0x2c13c3c4,FUN_2c13c3c4,170,71,1,2c13c3c4_FUN_2c13c3c4
0x2c13c41c,FUN_2c13c41c,94,39,1,2c13c41c_FUN_2c13c41c
0x2c13c492,FUN_2c13c492,678,257,1,2c13c492_FUN_2c13c492
0x2c13c770,FUN_2c13c770,114,44,1,2c13c770_FUN_2c13c770
0x2c13c7fe,FUN_2c13c7fe,314,116,1,2c13c7fe_FUN_2c13c7fe
0x2c13c950,FUN_2c13c950,190,76,1,2c13c950_FUN_2c13c950
0x2c13ca40,FUN_2c13ca40,674,222,1,2c13ca40_FUN_2c13ca40
0x2c13cd10,FUN_2c13cd10,14,6,1,2c13cd10_FUN_2c13cd10
0x2c13cd24,FUN_2c13cd24,14,6,1,2c13cd24_FUN_2c13cd24
0x2c13cd38,FUN_2c13cd38,208,79,1,2c13cd38_FUN_2c13cd38
0x2c13ce26,FUN_2c13ce26,414,163,1,2c13ce26_FUN_2c13ce26
0x2c13d012,FUN_2c13d012,38,13,1,2c13d012_FUN_2c13d012
0x2c13d040,FUN_2c13d040,602,232,1,2c13d040_FUN_2c13d040
0x2c13d2d8,FUN_2c13d2d8,496,192,1,2c13d2d8_FUN_2c13d2d8
0x2c13d508,FUN_2c13d508,172,65,1,2c13d508_FUN_2c13d508
0x2c13d614,FUN_2c13d614,52,20,1,2c13d614_FUN_2c13d614
0x2c13d6d0,FUN_2c13d6d0,154,57,1,2c13d6d0_FUN_2c13d6d0
0x2c13d780,FUN_2c13d780,154,57,1,2c13d780_FUN_2c13d780
0x2c13d830,FUN_2c13d830,136,48,1,2c13d830_FUN_2c13d830
0x2c13d8bc,FUN_2c13d8bc,1096,416,1,2c13d8bc_FUN_2c13d8bc
0x2c13dd1c,FUN_2c13dd1c,76,33,1,2c13dd1c_FUN_2c13dd1c
0x2c13dd7c,FUN_2c13dd7c,174,75,1,2c13dd7c_FUN_2c13dd7c
0x2c13de54,FUN_2c13de54,52,22,1,2c13de54_FUN_2c13de54
0x2c13de9a,FUN_2c13de9a,30,14,1,2c13de9a_FUN_2c13de9a
0x2c13dec8,FUN_2c13dec8,246,96,1,2c13dec8_FUN_2c13dec8
0x2c13e750,FUN_2c13e750,158,57,1,2c13e750_FUN_2c13e750
0x2c13e7f0,FUN_2c13e7f0,68,23,1,2c13e7f0_FUN_2c13e7f0
0x2c13e9dc,FUN_2c13e9dc,144,44,1,2c13e9dc_FUN_2c13e9dc
0x2c13ea98,FUN_2c13ea98,80,28,1,2c13ea98_FUN_2c13ea98
0x2c13eb0e,FUN_2c13eb0e,20,7,1,2c13eb0e_FUN_2c13eb0e
0x2c13eb22,FUN_2c13eb22,14,4,1,2c13eb22_FUN_2c13eb22
0x2c13eb30,FUN_2c13eb30,58,19,1,2c13eb30_FUN_2c13eb30
0x2c13eb98,FUN_2c13eb98,216,82,1,2c13eb98_FUN_2c13eb98
0x2c13ec70,FUN_2c13ec70,12,5,1,2c13ec70_FUN_2c13ec70
0x2c13ec7c,FUN_2c13ec7c,222,87,1,2c13ec7c_FUN_2c13ec7c
0x2c13ed9c,FUN_2c13ed9c,2,1,1,2c13ed9c_FUN_2c13ed9c
0x2c13eda0,FUN_2c13eda0,2,1,1,2c13eda0_FUN_2c13eda0
0x2c13eda4,FUN_2c13eda4,2,1,1,2c13eda4_FUN_2c13eda4
0x2c13eda8,FUN_2c13eda8,2,1,1,2c13eda8_FUN_2c13eda8
0x2c13edac,FUN_2c13edac,2,1,1,2c13edac_FUN_2c13edac
0x2c13edb0,FUN_2c13edb0,2,1,1,2c13edb0_FUN_2c13edb0
0x2c13edd8,FUN_2c13edd8,40,17,1,2c13edd8_FUN_2c13edd8
0x2c13ee20,FUN_2c13ee20,2,1,1,2c13ee20_FUN_2c13ee20
0x2c13ee24,FUN_2c13ee24,2,1,1,2c13ee24_FUN_2c13ee24
0x2c13ee28,FUN_2c13ee28,2,1,1,2c13ee28_FUN_2c13ee28
0x2c13ee2c,FUN_2c13ee2c,2,1,1,2c13ee2c_FUN_2c13ee2c
0x2c13ee38,FUN_2c13ee38,2,1,1,2c13ee38_FUN_2c13ee38
0x2c13ee3c,FUN_2c13ee3c,2,1,1,2c13ee3c_FUN_2c13ee3c
0x2c13ee40,FUN_2c13ee40,2,1,1,2c13ee40_FUN_2c13ee40
0x2c13ee68,FUN_2c13ee68,2,1,1,2c13ee68_FUN_2c13ee68
0x2c13ee6c,FUN_2c13ee6c,2,1,1,2c13ee6c_FUN_2c13ee6c
0x2c13ee98,FUN_2c13ee98,2,1,1,2c13ee98_FUN_2c13ee98
0x2c13ee9c,FUN_2c13ee9c,2,1,1,2c13ee9c_FUN_2c13ee9c
0x2c13eea0,FUN_2c13eea0,2,1,1,2c13eea0_FUN_2c13eea0
0x2c13eea4,FUN_2c13eea4,2,1,1,2c13eea4_FUN_2c13eea4
0x2c13eeb8,FUN_2c13eeb8,2,1,1,2c13eeb8_FUN_2c13eeb8
0x2c13eec0,FUN_2c13eec0,2,1,1,2c13eec0_FUN_2c13eec0
0x2c13eecc,FUN_2c13eecc,2,1,1,2c13eecc_FUN_2c13eecc
0x2c13eed0,FUN_2c13eed0,2,1,1,2c13eed0_FUN_2c13eed0
0x2c13eed4,FUN_2c13eed4,2,1,1,2c13eed4_FUN_2c13eed4
0x2c13eed8,FUN_2c13eed8,2,1,1,2c13eed8_FUN_2c13eed8
0x2c13eedc,FUN_2c13eedc,2,1,1,2c13eedc_FUN_2c13eedc
0x2c13eee8,FUN_2c13eee8,2,1,1,2c13eee8_FUN_2c13eee8
0x2c13eeec,FUN_2c13eeec,2,1,1,2c13eeec_FUN_2c13eeec
0x2c13eef4,FUN_2c13eef4,2,1,1,2c13eef4_FUN_2c13eef4
0x2c13eef8,FUN_2c13eef8,2,1,1,2c13eef8_FUN_2c13eef8
0x2c13eefc,FUN_2c13eefc,2,1,1,2c13eefc_FUN_2c13eefc
0x2c13ef00,FUN_2c13ef00,2,1,1,2c13ef00_FUN_2c13ef00
0x2c13ef04,FUN_2c13ef04,2,1,1,2c13ef04_FUN_2c13ef04
0x2c13ef08,FUN_2c13ef08,2,1,1,2c13ef08_FUN_2c13ef08
0x2c13ef18,FUN_2c13ef18,2,1,1,2c13ef18_FUN_2c13ef18
0x2c13ef24,FUN_2c13ef24,2,1,1,2c13ef24_FUN_2c13ef24
0x2c13ef2c,FUN_2c13ef2c,2,1,1,2c13ef2c_FUN_2c13ef2c
0x2c13ef30,FUN_2c13ef30,2,1,1,2c13ef30_FUN_2c13ef30
0x2c13ef3c,FUN_2c13ef3c,2,1,1,2c13ef3c_FUN_2c13ef3c
0x2c13ef40,FUN_2c13ef40,2,1,1,2c13ef40_FUN_2c13ef40
0x2c13ef44,FUN_2c13ef44,2,1,1,2c13ef44_FUN_2c13ef44
0x2c13ef4c,FUN_2c13ef4c,2,1,1,2c13ef4c_FUN_2c13ef4c
0x2c13ef50,FUN_2c13ef50,2,1,1,2c13ef50_FUN_2c13ef50
0x2c13ef54,FUN_2c13ef54,2,1,1,2c13ef54_FUN_2c13ef54
0x2c13ef58,FUN_2c13ef58,2,1,1,2c13ef58_FUN_2c13ef58
0x2c13ef68,FUN_2c13ef68,144,58,1,2c13ef68_FUN_2c13ef68
0x2c13effc,FUN_2c13effc,218,85,1,2c13effc_FUN_2c13effc
0x2c13f0dc,FUN_2c13f0dc,226,92,1,2c13f0dc_FUN_2c13f0dc
0x2c13f1c6,FUN_2c13f1c6,94,39,1,2c13f1c6_FUN_2c13f1c6
0x2c13f264,FUN_2c13f264,50,18,1,2c13f264_FUN_2c13f264
0x2c13f29c,FUN_2c13f29c,56,20,1,2c13f29c_FUN_2c13f29c
0x2c13f2d8,FUN_2c13f2d8,52,18,1,2c13f2d8_FUN_2c13f2d8
0x2c13f320,FUN_2c13f320,20,8,1,2c13f320_FUN_2c13f320
0x2c13f3b4,FUN_2c13f3b4,42,18,1,2c13f3b4_FUN_2c13f3b4
0x2c13f3f0,FUN_2c13f3f0,42,18,1,2c13f3f0_FUN_2c13f3f0
0x2c13f46c,FUN_2c13f46c,40,16,1,2c13f46c_FUN_2c13f46c
0x2c13f50c,FUN_2c13f50c,68,29,1,2c13f50c_FUN_2c13f50c
0x2c13f550,FUN_2c13f550,132,54,1,2c13f550_FUN_2c13f550
0x2c13f5d4,FUN_2c13f5d4,74,31,1,2c13f5d4_FUN_2c13f5d4
0x2c13f626,FUN_2c13f626,36,15,1,2c13f626_FUN_2c13f626
0x2c13f6d4,FUN_2c13f6d4,94,43,1,2c13f6d4_FUN_2c13f6d4
0x2c13f738,FUN_2c13f738,178,68,1,2c13f738_FUN_2c13f738
0x2c13f7f0,FUN_2c13f7f0,40,18,1,2c13f7f0_FUN_2c13f7f0
0x2c13f818,FUN_2c13f818,94,39,1,2c13f818_FUN_2c13f818
0x2c13f87e,FUN_2c13f87e,108,45,1,2c13f87e_FUN_2c13f87e
0x2c13f8f0,FUN_2c13f8f0,70,26,1,2c13f8f0_FUN_2c13f8f0
0x2c13fa30,FUN_2c13fa30,82,34,1,2c13fa30_FUN_2c13fa30
0x2c13fa84,FUN_2c13fa84,76,30,1,2c13fa84_FUN_2c13fa84
0x2c13fad0,FUN_2c13fad0,262,103,1,2c13fad0_FUN_2c13fad0
0x2c13fbd8,FUN_2c13fbd8,364,141,1,2c13fbd8_FUN_2c13fbd8
0x2c13fd4c,FUN_2c13fd4c,248,94,1,2c13fd4c_FUN_2c13fd4c
0x2c13fe48,FUN_2c13fe48,130,51,1,2c13fe48_FUN_2c13fe48
0x2c13fed0,FUN_2c13fed0,34,15,1,2c13fed0_FUN_2c13fed0
0x2c13fef4,FUN_2c13fef4,306,117,1,2c13fef4_FUN_2c13fef4
0x2c14006c,FUN_2c14006c,152,56,1,2c14006c_FUN_2c14006c
0x2c140214,FUN_2c140214,352,128,1,2c140214_FUN_2c140214
0x2c14037c,FUN_2c14037c,166,61,1,2c14037c_FUN_2c14037c
0x2c140438,FUN_2c140438,114,47,1,2c140438_FUN_2c140438
0x2c1404b8,FUN_2c1404b8,278,111,1,2c1404b8_FUN_2c1404b8
0x2c1405e0,FUN_2c1405e0,50,16,1,2c1405e0_FUN_2c1405e0
0x2c140618,FUN_2c140618,46,15,1,2c140618_FUN_2c140618
0x2c1406b8,FUN_2c1406b8,100,39,1,2c1406b8_FUN_2c1406b8
0x2c140724,FUN_2c140724,22,9,1,2c140724_FUN_2c140724
0x2c140740,FUN_2c140740,24,8,1,2c140740_FUN_2c140740
0x2c14075c,FUN_2c14075c,62,30,1,2c14075c_FUN_2c14075c
0x2c1407a0,FUN_2c1407a0,80,30,1,2c1407a0_FUN_2c1407a0
0x2c14086c,FUN_2c14086c,48,20,1,2c14086c_FUN_2c14086c
0x2c14089c,FUN_2c14089c,18,9,1,2c14089c_FUN_2c14089c
0x2c140ab4,FUN_2c140ab4,20,8,1,2c140ab4_FUN_2c140ab4
0x2c140ac8,FUN_2c140ac8,30,14,1,2c140ac8_FUN_2c140ac8
0x2c140be8,FUN_2c140be8,206,91,1,2c140be8_FUN_2c140be8
0x2c140c00,FUN_2c140c00,188,66,1,2c140c00_FUN_2c140c00
0x2c140cc0,FUN_2c140cc0,240,98,1,2c140cc0_FUN_2c140cc0
0x2c140ec8,FUN_2c140ec8,366,151,1,2c140ec8_FUN_2c140ec8
0x2c140f3c,FUN_2c140f3c,50,19,1,2c140f3c_FUN_2c140f3c
0x2c1411e8,FUN_2c1411e8,176,66,1,2c1411e8_FUN_2c1411e8
0x2c141354,FUN_2c141354,64,24,1,2c141354_FUN_2c141354
0x2c14139c,FUN_2c14139c,138,52,1,2c14139c_FUN_2c14139c
0x2c1415e0,FUN_2c1415e0,108,43,1,2c1415e0_FUN_2c1415e0
0x2c14179c,FUN_2c14179c,182,71,1,2c14179c_FUN_2c14179c
0x2c14185c,FUN_2c14185c,128,49,1,2c14185c_FUN_2c14185c
0x2c1418dc,FUN_2c1418dc,34,15,1,2c1418dc_FUN_2c1418dc
0x2c141900,FUN_2c141900,124,46,1,2c141900_FUN_2c141900
0x2c141980,FUN_2c141980,64,24,1,2c141980_FUN_2c141980
0x2c141a00,FUN_2c141a00,120,45,1,2c141a00_FUN_2c141a00
0x2c141b08,FUN_2c141b08,64,26,1,2c141b08_FUN_2c141b08
0x2c141b4c,FUN_2c141b4c,34,15,1,2c141b4c_FUN_2c141b4c
0x2c141b70,FUN_2c141b70,96,39,1,2c141b70_FUN_2c141b70
0x2c141bd0,FUN_2c141bd0,72,28,1,2c141bd0_FUN_2c141bd0
0x2c141c18,FUN_2c141c18,46,18,1,2c141c18_FUN_2c141c18
0x2c141c48,FUN_2c141c48,100,41,1,2c141c48_FUN_2c141c48
0x2c141cb0,FUN_2c141cb0,94,37,1,2c141cb0_FUN_2c141cb0
0x2c141d10,FUN_2c141d10,348,135,1,2c141d10_FUN_2c141d10
0x2c141e74,FUN_2c141e74,100,39,1,2c141e74_FUN_2c141e74
0x2c141ed8,FUN_2c141ed8,128,51,1,2c141ed8_FUN_2c141ed8
0x2c141f9c,FUN_2c141f9c,104,41,1,2c141f9c_FUN_2c141f9c
0x2c142080,FUN_2c142080,64,26,1,2c142080_FUN_2c142080
0x2c142300,FUN_2c142300,82,35,1,2c142300_FUN_2c142300
0x2c142350,FUN_2c142350,328,111,1,2c142350_FUN_2c142350
0x2c1424a8,FUN_2c1424a8,56,25,1,2c1424a8_FUN_2c1424a8
0x2c142530,FUN_2c142530,148,70,1,2c142530_FUN_2c142530
0x2c1425c8,FUN_2c1425c8,60,25,1,2c1425c8_FUN_2c1425c8
0x2c142608,FUN_2c142608,226,100,1,2c142608_FUN_2c142608
0x2c1426f0,FUN_2c1426f0,28,13,1,2c1426f0_FUN_2c1426f0
0x2c142710,FUN_2c142710,98,41,1,2c142710_FUN_2c142710
0x2c1427d4,FUN_2c1427d4,20,8,1,2c1427d4_FUN_2c1427d4
0x2c1427e8,FUN_2c1427e8,16,7,1,2c1427e8_FUN_2c1427e8
0x2c1427f8,FUN_2c1427f8,40,17,1,2c1427f8_FUN_2c1427f8
0x2c142820,FUN_2c142820,86,36,1,2c142820_FUN_2c142820
0x2c142878,FUN_2c142878,24,10,1,2c142878_FUN_2c142878
0x2c142894,FUN_2c142894,180,62,1,2c142894_FUN_2c142894
0x2c142a1c,FUN_2c142a1c,8,3,1,2c142a1c_FUN_2c142a1c
0x2c142a28,FUN_2c142a28,6,2,1,2c142a28_FUN_2c142a28
0x2c142a34,FUN_2c142a34,182,74,1,2c142a34_FUN_2c142a34
0x2c142aec,FUN_2c142aec,488,200,1,2c142aec_FUN_2c142aec
0x2c142cec,FUN_2c142cec,122,53,1,2c142cec_FUN_2c142cec
0x2c142d66,FUN_2c142d66,58,25,1,2c142d66_FUN_2c142d66
0x2c143098,FUN_2c143098,224,95,1,2c143098_FUN_2c143098
0x2c143178,FUN_2c143178,324,137,1,2c143178_FUN_2c143178
0x2c1436d8,FUN_2c1436d8,26,12,1,2c1436d8_FUN_2c1436d8
0x2c1436f6,FUN_2c1436f6,252,100,1,2c1436f6_FUN_2c1436f6
0x2c1437fc,FUN_2c1437fc,222,91,1,2c1437fc_FUN_2c1437fc
0x2c143952,FUN_2c143952,94,37,1,2c143952_FUN_2c143952
0x2c1439b0,FUN_2c1439b0,16,7,1,2c1439b0_FUN_2c1439b0
0x2c143c6e,FUN_2c143c6e,186,61,1,2c143c6e_FUN_2c143c6e
0x2c143cba,FUN_2c143cba,16,5,1,2c143cba_FUN_2c143cba
0x2c143cd4,FUN_2c143cd4,104,32,1,2c143cd4_FUN_2c143cd4
0x2c143ce4,FUN_2c143ce4,82,25,1,2c143ce4_FUN_2c143ce4
0x2c1442d8,FUN_2c1442d8,160,55,1,2c1442d8_FUN_2c1442d8
0x2c144378,FUN_2c144378,50,17,1,2c144378_FUN_2c144378
0x2c1443a8,FUN_2c1443a8,748,263,1,2c1443a8_FUN_2c1443a8
0x2c144698,FUN_2c144698,22,11,1,2c144698_FUN_2c144698
0x2c1446bc,FUN_2c1446bc,10,4,1,2c1446bc_FUN_2c1446bc
0x2c14486c,FUN_2c14486c,6,3,1,2c14486c_FUN_2c14486c
0x2c1448c4,FUN_2c1448c4,30,8,1,2c1448c4_FUN_2c1448c4
0x2c145690,FUN_2c145690,98,40,1,2c145690_FUN_2c145690
0x2c14d600,FUN_2c14d600,158,75,1,2c14d600_FUN_2c14d600
0x2c14d644,FUN_2c14d644,16,8,1,2c14d644_FUN_2c14d644
0x2c14d6bc,FUN_2c14d6bc,6,3,1,2c14d6bc_FUN_2c14d6bc
0x2c14d778,FUN_2c14d778,26,13,1,2c14d778_FUN_2c14d778
0x2c14d89e,FUN_2c14d89e,50,23,1,2c14d89e_FUN_2c14d89e
0x2c14f228,FUN_2c14f228,344,169,1,2c14f228_FUN_2c14f228
0x2c154b80,FUN_2c154b80,4,2,1,2c154b80_FUN_2c154b80
0x2c154d72,FUN_2c154d72,108,54,1,2c154d72_FUN_2c154d72
0x2c154e60,FUN_2c154e60,1072,534,1,2c154e60_FUN_2c154e60
0x2c155d7c,FUN_2c155d7c,76,33,1,2c155d7c_FUN_2c155d7c
0x2c156974,FUN_2c156974,660,313,1,2c156974_FUN_2c156974
0x2c156a1c,FUN_2c156a1c,32,16,1,2c156a1c_FUN_2c156a1c
0x2c156acc,FUN_2c156acc,28,14,1,2c156acc_FUN_2c156acc
0x2c156b94,FUN_2c156b94,38,19,1,2c156b94_FUN_2c156b94
0x2c156c44,FUN_2c156c44,158,60,1,2c156c44_FUN_2c156c44
0x2c156cfc,FUN_2c156cfc,34,17,1,2c156cfc_FUN_2c156cfc
0x2c156dac,FUN_2c156dac,146,55,1,2c156dac_FUN_2c156dac
0x2c156e58,FUN_2c156e58,34,17,1,2c156e58_FUN_2c156e58
0x2c157208,FUN_2c157208,32,16,1,2c157208_FUN_2c157208
0x2c15722c,FUN_2c15722c,4,2,1,2c15722c_FUN_2c15722c
0x2c1572d0,FUN_2c1572d0,38,19,1,2c1572d0_FUN_2c1572d0
0x2c158e18,FUN_2c158e18,12,6,1,2c158e18_FUN_2c158e18
0x2c158ec0,FUN_2c158ec0,34,17,1,2c158ec0_FUN_2c158ec0
0x2c158fb0,FUN_2c158fb0,16,8,1,2c158fb0_FUN_2c158fb0
0x2c15905c,FUN_2c15905c,34,17,1,2c15905c_FUN_2c15905c
0x2c15cb38,FUN_2c15cb38,192,84,1,2c15cb38_FUN_2c15cb38
0x2c15cc44,FUN_2c15cc44,10,5,1,2c15cc44_FUN_2c15cc44
0x2c15ce88,FUN_2c15ce88,146,56,1,2c15ce88_FUN_2c15ce88
0x2c15cf30,FUN_2c15cf30,34,17,1,2c15cf30_FUN_2c15cf30
0x2c15cfe0,FUN_2c15cfe0,200,78,1,2c15cfe0_FUN_2c15cfe0
0x2c15d08c,FUN_2c15d08c,34,17,1,2c15d08c_FUN_2c15d08c
0x2c15d41c,FUN_2c15d41c,158,60,1,2c15d41c_FUN_2c15d41c
0x2c15d4d4,FUN_2c15d4d4,34,17,1,2c15d4d4_FUN_2c15d4d4
0x2c15d8a0,FUN_2c15d8a0,12,6,1,2c15d8a0_FUN_2c15d8a0
0x2c15d948,FUN_2c15d948,34,17,1,2c15d948_FUN_2c15d948
0x2c15dfb8,FUN_2c15dfb8,142,54,1,2c15dfb8_FUN_2c15dfb8
0x2c15e060,FUN_2c15e060,34,17,1,2c15e060_FUN_2c15e060
0x2c15e110,FUN_2c15e110,202,82,1,2c15e110_FUN_2c15e110
0x2c15e1c8,FUN_2c15e1c8,34,17,1,2c15e1c8_FUN_2c15e1c8
0x2c15e278,FUN_2c15e278,146,55,1,2c15e278_FUN_2c15e278
0x2c15e324,FUN_2c15e324,34,17,1,2c15e324_FUN_2c15e324
0x2c15e6c4,FUN_2c15e6c4,28,14,0,2c15e6c4_FUN_2c15e6c4
0x2c15e78c,FUN_2c15e78c,38,19,1,2c15e78c_FUN_2c15e78c
0x2c16165e,FUN_2c16165e,2,1,1,2c16165e_FUN_2c16165e
0x2c1616f4,FUN_2c1616f4,12,6,1,2c1616f4_FUN_2c1616f4
0x2c1619ac,FUN_2c1619ac,16,8,1,2c1619ac_FUN_2c1619ac
0x2c1619c0,FUN_2c1619c0,28,14,1,2c1619c0_FUN_2c1619c0
0x2c161a38,FUN_2c161a38,20,10,1,2c161a38_FUN_2c161a38
0x2c161a54,FUN_2c161a54,8,4,1,2c161a54_FUN_2c161a54
0x2c167df4,FUN_2c167df4,42,21,1,2c167df4_FUN_2c167df4
0x2c179cd4,FUN_2c179cd4,16,8,1,2c179cd4_FUN_2c179cd4
0x2c17c25c,FUN_2c17c25c,24,12,1,2c17c25c_FUN_2c17c25c
0x2c17f700,FUN_2c17f700,6,3,1,2c17f700_FUN_2c17f700
0x2c1b931c,FUN_2c1b931c,4,2,1,2c1b931c_FUN_2c1b931c
0x2c1bf7e6,FUN_2c1bf7e6,50,23,1,2c1bf7e6_FUN_2c1bf7e6
0x2c1ceba2,FUN_2c1ceba2,68,31,1,2c1ceba2_FUN_2c1ceba2
0x2c1d74a2,FUN_2c1d74a2,38,18,1,2c1d74a2_FUN_2c1d74a2
0x2c1db08e,FUN_2c1db08e,2,1,1,2c1db08e_FUN_2c1db08e
0x2c1dbcee,FUN_2c1dbcee,312,150,1,2c1dbcee_FUN_2c1dbcee
0x2c1df70c,FUN_2c1df70c,58,29,1,2c1df70c_FUN_2c1df70c
0x2c1ec29c,FUN_2c1ec29c,14,7,1,2c1ec29c_FUN_2c1ec29c
0x2c1ec2ac,FUN_2c1ec2ac,14,7,1,2c1ec2ac_FUN_2c1ec2ac
0x2c1ec2bc,FUN_2c1ec2bc,14,7,1,2c1ec2bc_FUN_2c1ec2bc
0x2c1ec2cc,FUN_2c1ec2cc,14,7,1,2c1ec2cc_FUN_2c1ec2cc
0x2c1ec2dc,FUN_2c1ec2dc,14,7,1,2c1ec2dc_FUN_2c1ec2dc
0x2c1ec2ec,FUN_2c1ec2ec,16,8,1,2c1ec2ec_FUN_2c1ec2ec
0x2c1f099c,FUN_2c1f099c,14,7,1,2c1f099c_FUN_2c1f099c
0x2c1f09ac,FUN_2c1f09ac,14,7,1,2c1f09ac_FUN_2c1f09ac
0x2c1f09bc,FUN_2c1f09bc,14,7,1,2c1f09bc_FUN_2c1f09bc
0x2c1f09cc,FUN_2c1f09cc,14,7,1,2c1f09cc_FUN_2c1f09cc
0x2c1f4e5c,FUN_2c1f4e5c,14,7,1,2c1f4e5c_FUN_2c1f4e5c
0x2c1f4e6c,FUN_2c1f4e6c,14,7,1,2c1f4e6c_FUN_2c1f4e6c
0x2c1f4e7c,FUN_2c1f4e7c,14,7,1,2c1f4e7c_FUN_2c1f4e7c
0x2c1f4e8c,FUN_2c1f4e8c,14,7,1,2c1f4e8c_FUN_2c1f4e8c
0x2c1f5c4c,FUN_2c1f5c4c,78,34,1,2c1f5c4c_FUN_2c1f5c4c
0x2c1f930c,FUN_2c1f930c,14,7,1,2c1f930c_FUN_2c1f930c
0x2c1f931c,FUN_2c1f931c,14,7,1,2c1f931c_FUN_2c1f931c
0x2c1f932c,FUN_2c1f932c,14,7,1,2c1f932c_FUN_2c1f932c
0x2c1f933c,FUN_2c1f933c,14,7,1,2c1f933c_FUN_2c1f933c
0x2c201eaa,FUN_2c201eaa,4,2,1,2c201eaa_FUN_2c201eaa
0x2c20220e,FUN_2c20220e,4,2,1,2c20220e_FUN_2c20220e
0x2c202262,FUN_2c202262,38,17,1,2c202262_FUN_2c202262
0x2c20308e,FUN_2c20308e,36,14,1,2c20308e_FUN_2c20308e
0x2c203af6,FUN_2c203af6,18,8,1,2c203af6_FUN_2c203af6
0x2c203bfe,FUN_2c203bfe,60,28,1,2c203bfe_FUN_2c203bfe
0x2c203c8a,FUN_2c203c8a,6,3,1,2c203c8a_FUN_2c203c8a
0x2c203cb4,FUN_2c203cb4,236,108,1,2c203cb4_FUN_2c203cb4
0x2c203e20,FUN_2c203e20,82,38,1,2c203e20_FUN_2c203e20
0x2c203ec2,FUN_2c203ec2,450,207,1,2c203ec2_FUN_2c203ec2
0x2c2050a6,FUN_2c2050a6,216,97,1,2c2050a6_FUN_2c2050a6
0x2c2051c6,FUN_2c2051c6,12,6,1,2c2051c6_FUN_2c2051c6
0x2c2064f4,FUN_2c2064f4,4,2,1,2c2064f4_FUN_2c2064f4
0x2c206564,FUN_2c206564,104,49,1,2c206564_FUN_2c206564
0x2c20668a,FUN_2c20668a,42,20,1,2c20668a_FUN_2c20668a
0x2c207b4c,FUN_2c207b4c,6,3,1,2c207b4c_FUN_2c207b4c
0x2c2082be,FUN_2c2082be,30,14,1,2c2082be_FUN_2c2082be
0x2c209402,FUN_2c209402,114,52,1,2c209402_FUN_2c209402
0x2c209eea,FUN_2c209eea,122,53,1,2c209eea_FUN_2c209eea
0x2c209fd6,FUN_2c209fd6,100,46,1,2c209fd6_FUN_2c209fd6
0x2c20a292,FUN_2c20a292,4,2,1,2c20a292_FUN_2c20a292
0x2c20a926,FUN_2c20a926,28,14,1,2c20a926_FUN_2c20a926
0x2c20ae04,FUN_2c20ae04,52,21,1,2c20ae04_FUN_2c20ae04
0x2c20aee0,FUN_2c20aee0,56,23,1,2c20aee0_FUN_2c20aee0
0x2c20b8fa,FUN_2c20b8fa,76,35,1,2c20b8fa_FUN_2c20b8fa
0x2c20b9ec,FUN_2c20b9ec,76,35,1,2c20b9ec_FUN_2c20b9ec
0x2c20bb26,FUN_2c20bb26,42,16,1,2c20bb26_FUN_2c20bb26
0x2c20bbb2,FUN_2c20bbb2,76,35,1,2c20bbb2_FUN_2c20bbb2
0x2c20c054,FUN_2c20c054,12,5,1,2c20c054_FUN_2c20c054
0x2c20cc6e,FUN_2c20cc6e,8,4,1,2c20cc6e_FUN_2c20cc6e
0x2c20cdca,FUN_2c20cdca,426,203,1,2c20cdca_FUN_2c20cdca
0x2c20ce9e,FUN_2c20ce9e,10,5,1,2c20ce9e_FUN_2c20ce9e
0x2c20d932,FUN_2c20d932,34,17,1,2c20d932_FUN_2c20d932
0x2c20f204,FUN_2c20f204,34,17,1,2c20f204_FUN_2c20f204
0x2c2101e4,FUN_2c2101e4,778,369,1,2c2101e4_FUN_2c2101e4
0x2c2116a0,FUN_2c2116a0,290,127,1,2c2116a0_FUN_2c2116a0
0x2c213350,FUN_2c213350,50,23,1,2c213350_FUN_2c213350
0x2c214220,FUN_2c214220,144,61,1,2c214220_FUN_2c214220
0x2c2151e4,FUN_2c2151e4,20,9,1,2c2151e4_FUN_2c2151e4
0x2c215336,FUN_2c215336,10,5,1,2c215336_FUN_2c215336
0x2c215d5e,FUN_2c215d5e,4,2,1,2c215d5e_FUN_2c215d5e
0x2c216284,FUN_2c216284,10,4,1,2c216284_FUN_2c216284
0x2c2163b6,FUN_2c2163b6,10,4,1,2c2163b6_FUN_2c2163b6
0x2c216778,FUN_2c216778,70,34,1,2c216778_FUN_2c216778
0x2c21742c,FUN_2c21742c,4,2,1,2c21742c_FUN_2c21742c
0x2c21797e,FUN_2c21797e,10,4,1,2c21797e_FUN_2c21797e
0x2c219310,FUN_2c219310,12,6,1,2c219310_FUN_2c219310
0x2c21967a,FUN_2c21967a,16,7,1,2c21967a_FUN_2c21967a
0x2c21dff0,FUN_2c21dff0,4,2,1,2c21dff0_FUN_2c21dff0
0x2c21e6ba,FUN_2c21e6ba,14,7,1,2c21e6ba_FUN_2c21e6ba
0x2c21ec86,FUN_2c21ec86,2,1,1,2c21ec86_FUN_2c21ec86
0x2c21fbee,FUN_2c21fbee,4,2,1,2c21fbee_FUN_2c21fbee
0x2c2246b6,FUN_2c2246b6,138,69,1,2c2246b6_FUN_2c2246b6
0x2c22497e,FUN_2c22497e,14,5,1,2c22497e_FUN_2c22497e
0x2c226f78,FUN_2c226f78,4,2,1,2c226f78_FUN_2c226f78
0x2c22718a,FUN_2c22718a,28,14,1,2c22718a_FUN_2c22718a
0x2c227b42,FUN_2c227b42,8,4,1,2c227b42_FUN_2c227b42
0x2c22aa5a,FUN_2c22aa5a,24,12,1,2c22aa5a_FUN_2c22aa5a
0x2c22df82,FUN_2c22df82,38,18,1,2c22df82_FUN_2c22df82
0x2c22dfda,FUN_2c22dfda,8,4,1,2c22dfda_FUN_2c22dfda
0x2c22e1ba,FUN_2c22e1ba,26,12,1,2c22e1ba_FUN_2c22e1ba
0x2c23157e,FUN_2c23157e,10,4,1,2c23157e_FUN_2c23157e
0x2c232a60,FUN_2c232a60,8,4,1,2c232a60_FUN_2c232a60
0x2c23742e,FUN_2c23742e,6,3,1,2c23742e_FUN_2c23742e
0x2c2379f8,FUN_2c2379f8,36,18,1,2c2379f8_FUN_2c2379f8
0x2c238178,FUN_2c238178,18,9,1,2c238178_FUN_2c238178
0x2c238444,FUN_2c238444,26,13,1,2c238444_FUN_2c238444
0x2c23c47a,FUN_2c23c47a,44,21,1,2c23c47a_FUN_2c23c47a
0x2c23dc92,FUN_2c23dc92,8,4,1,2c23dc92_FUN_2c23dc92
0x2c23dd4c,FUN_2c23dd4c,20,10,1,2c23dd4c_FUN_2c23dd4c
0x2c242260,FUN_2c242260,10,5,1,2c242260_FUN_2c242260
0x2c24387a,FUN_2c24387a,24,11,1,2c24387a_FUN_2c24387a
0x2c244fae,FUN_2c244fae,96,45,1,2c244fae_FUN_2c244fae
0x2c245062,FUN_2c245062,26,12,1,2c245062_FUN_2c245062
0x2c245192,FUN_2c245192,10,5,1,2c245192_FUN_2c245192
0x2c2476e0,FUN_2c2476e0,10,5,1,2c2476e0_FUN_2c2476e0
0x2c249f66,FUN_2c249f66,32,16,1,2c249f66_FUN_2c249f66
0x2c24af02,FUN_2c24af02,12,6,1,2c24af02_FUN_2c24af02
0x2c24b72c,FUN_2c24b72c,128,59,1,2c24b72c_FUN_2c24b72c
0x2c24b92e,FUN_2c24b92e,6,3,1,2c24b92e_FUN_2c24b92e
0x2c24c0b6,FUN_2c24c0b6,26,12,1,2c24c0b6_FUN_2c24c0b6
0x2c24c90c,FUN_2c24c90c,28,14,1,2c24c90c_FUN_2c24c90c
0x2c24ca20,FUN_2c24ca20,22,10,1,2c24ca20_FUN_2c24ca20
0x2c24ccf4,FUN_2c24ccf4,10,5,1,2c24ccf4_FUN_2c24ccf4
0x2c24cf9c,FUN_2c24cf9c,86,39,1,2c24cf9c_FUN_2c24cf9c
0x2c24d704,FUN_2c24d704,40,20,1,2c24d704_FUN_2c24d704
0x2c24d9d8,FUN_2c24d9d8,152,73,1,2c24d9d8_FUN_2c24d9d8
0x2c24e6fc,FUN_2c24e6fc,4,2,1,2c24e6fc_FUN_2c24e6fc
0x2c251246,FUN_2c251246,12,5,1,2c251246_FUN_2c251246
0x2c25270e,FUN_2c25270e,72,35,1,2c25270e_FUN_2c25270e
0x2c252b96,FUN_2c252b96,8,4,1,2c252b96_FUN_2c252b96
0x2c252f0a,FUN_2c252f0a,114,52,1,2c252f0a_FUN_2c252f0a
0x2c2535c2,FUN_2c2535c2,414,205,1,2c2535c2_FUN_2c2535c2
0x2c253f62,FUN_2c253f62,6,3,1,2c253f62_FUN_2c253f62
0x2c255e08,FUN_2c255e08,4,2,1,2c255e08_FUN_2c255e08
0x2c256d92,FUN_2c256d92,32,16,1,2c256d92_FUN_2c256d92
0x2c258388,FUN_2c258388,46,22,1,2c258388_FUN_2c258388
0x2c25a382,FUN_2c25a382,4,2,1,2c25a382_FUN_2c25a382
0x2c25b9fe,FUN_2c25b9fe,50,25,1,2c25b9fe_FUN_2c25b9fe
0x2c25d500,FUN_2c25d500,62,30,1,2c25d500_FUN_2c25d500
0x2c25dc66,FUN_2c25dc66,8,4,1,2c25dc66_FUN_2c25dc66
0x2c25eace,FUN_2c25eace,28,12,1,2c25eace_FUN_2c25eace
0x2c260292,FUN_2c260292,40,19,1,2c260292_FUN_2c260292
0x2c260d98,FUN_2c260d98,72,27,1,2c260d98_FUN_2c260d98
0x2c262208,FUN_2c262208,18,9,1,2c262208_FUN_2c262208
0x2c2625aa,FUN_2c2625aa,8,4,1,2c2625aa_FUN_2c2625aa
0x2c266252,FUN_2c266252,68,33,1,2c266252_FUN_2c266252
0x2c267102,FUN_2c267102,44,20,1,2c267102_FUN_2c267102
0x2c26b98c,FUN_2c26b98c,34,15,1,2c26b98c_FUN_2c26b98c
0x2c26c0a0,FUN_2c26c0a0,4,2,1,2c26c0a0_FUN_2c26c0a0
0x2c26c2ea,FUN_2c26c2ea,38,16,1,2c26c2ea_FUN_2c26c2ea
0x2c26c5ba,FUN_2c26c5ba,40,19,1,2c26c5ba_FUN_2c26c5ba
0x2c26c80a,FUN_2c26c80a,10,5,1,2c26c80a_FUN_2c26c80a
0x2c26d1e8,FUN_2c26d1e8,14,6,1,2c26d1e8_FUN_2c26d1e8
0x2c2707f8,FUN_2c2707f8,58,29,1,2c2707f8_FUN_2c2707f8
0x2c271a70,FUN_2c271a70,6,3,1,2c271a70_FUN_2c271a70
0x2c274df8,FUN_2c274df8,294,137,1,2c274df8_FUN_2c274df8
0x2c27541a,FUN_2c27541a,44,22,1,2c27541a_FUN_2c27541a
0x2c275778,FUN_2c275778,26,12,1,2c275778_FUN_2c275778
0x2c275c90,FUN_2c275c90,10,4,1,2c275c90_FUN_2c275c90
0x2c277faa,FUN_2c277faa,6,3,1,2c277faa_FUN_2c277faa
0x2c278806,FUN_2c278806,40,19,1,2c278806_FUN_2c278806
0x2c278cce,FUN_2c278cce,148,70,1,2c278cce_FUN_2c278cce
0x2c27986c,FUN_2c27986c,50,24,1,2c27986c_FUN_2c27986c
0x2c27a74c,FUN_2c27a74c,72,33,1,2c27a74c_FUN_2c27a74c
0x2c27b71a,FUN_2c27b71a,154,75,1,2c27b71a_FUN_2c27b71a
0x2c27bd92,FUN_2c27bd92,60,29,1,2c27bd92_FUN_2c27bd92
0x2c27c206,FUN_2c27c206,18,8,1,2c27c206_FUN_2c27c206
0x2c27c750,FUN_2c27c750,42,19,1,2c27c750_FUN_2c27c750
0x2c27c9e0,FUN_2c27c9e0,8,3,1,2c27c9e0_FUN_2c27c9e0
0x2c27d9e0,FUN_2c27d9e0,10,5,1,2c27d9e0_FUN_2c27d9e0
0x2c27dd60,FUN_2c27dd60,24,11,1,2c27dd60_FUN_2c27dd60
0x2c27e5ca,FUN_2c27e5ca,20,7,1,2c27e5ca_FUN_2c27e5ca
0x2c2818e8,FUN_2c2818e8,10,5,1,2c2818e8_FUN_2c2818e8
0x2c281970,FUN_2c281970,34,16,1,2c281970_FUN_2c281970
0x2c282bda,FUN_2c282bda,32,13,1,2c282bda_FUN_2c282bda
0x2c282d4c,FUN_2c282d4c,52,26,1,2c282d4c_FUN_2c282d4c
0x2c2852dc,FUN_2c2852dc,8,3,1,2c2852dc_FUN_2c2852dc
0x2c28538e,FUN_2c28538e,50,24,1,2c28538e_FUN_2c28538e
0x2c285438,FUN_2c285438,10,5,1,2c285438_FUN_2c285438
0x2c2854f2,FUN_2c2854f2,4,2,1,2c2854f2_FUN_2c2854f2
0x2c2858f0,FUN_2c2858f0,8,3,1,2c2858f0_FUN_2c2858f0
0x2c285a56,FUN_2c285a56,16,8,1,2c285a56_FUN_2c285a56
0x2c286fea,FUN_2c286fea,2,1,1,2c286fea_FUN_2c286fea
0x2c289fc6,FUN_2c289fc6,24,11,1,2c289fc6_FUN_2c289fc6
0x2c28ac2e,FUN_2c28ac2e,72,34,1,2c28ac2e_FUN_2c28ac2e
0x2c28aca4,FUN_2c28aca4,8,4,1,2c28aca4_FUN_2c28aca4
0x2c28aee0,FUN_2c28aee0,104,46,1,2c28aee0_FUN_2c28aee0
0x2c28b6fa,FUN_2c28b6fa,16,7,1,2c28b6fa_FUN_2c28b6fa
0x2c28bb72,FUN_2c28bb72,12,5,1,2c28bb72_FUN_2c28bb72
0x2c28cea0,FUN_2c28cea0,62,29,1,2c28cea0_FUN_2c28cea0
0x2c28d798,FUN_2c28d798,24,11,1,2c28d798_FUN_2c28d798
0x2c28dbf4,FUN_2c28dbf4,24,11,1,2c28dbf4_FUN_2c28dbf4
0x2c28e3e6,FUN_2c28e3e6,2,1,1,2c28e3e6_FUN_2c28e3e6
0x2c28f2e4,FUN_2c28f2e4,10,4,1,2c28f2e4_FUN_2c28f2e4
0x2c28f40a,FUN_2c28f40a,14,7,1,2c28f40a_FUN_2c28f40a
0x2c2910d8,FUN_2c2910d8,44,21,1,2c2910d8_FUN_2c2910d8
0x2c2931cc,FUN_2c2931cc,8,3,1,2c2931cc_FUN_2c2931cc
0x2c293970,FUN_2c293970,16,6,1,2c293970_FUN_2c293970
0x2c293b2c,FUN_2c293b2c,10,5,1,2c293b2c_FUN_2c293b2c
0x2c293dba,FUN_2c293dba,130,62,1,2c293dba_FUN_2c293dba
0x2c294874,FUN_2c294874,18,9,1,2c294874_FUN_2c294874
0x2c29525a,FUN_2c29525a,40,17,1,2c29525a_FUN_2c29525a
0x2c295434,FUN_2c295434,36,16,1,2c295434_FUN_2c295434
0x2c295a80,FUN_2c295a80,8,4,1,2c295a80_FUN_2c295a80
0x2c29bdf2,FUN_2c29bdf2,16,8,1,2c29bdf2_FUN_2c29bdf2
0x2c29cda2,FUN_2c29cda2,28,14,1,2c29cda2_FUN_2c29cda2
0x2c29d584,FUN_2c29d584,14,6,1,2c29d584_FUN_2c29d584
0x2c29d6d0,FUN_2c29d6d0,6,3,1,2c29d6d0_FUN_2c29d6d0
0x2c29d8e2,FUN_2c29d8e2,2,1,1,2c29d8e2_FUN_2c29d8e2
0x2c29fa50,FUN_2c29fa50,26,12,1,2c29fa50_FUN_2c29fa50
0x2c2a01de,FUN_2c2a01de,6,3,1,2c2a01de_FUN_2c2a01de
0x2c2a0dfa,FUN_2c2a0dfa,4,2,1,2c2a0dfa_FUN_2c2a0dfa
0x2c2a1552,FUN_2c2a1552,10,5,1,2c2a1552_FUN_2c2a1552
0x2c2a2e58,FUN_2c2a2e58,18,9,1,2c2a2e58_FUN_2c2a2e58
0x2c2a309c,FUN_2c2a309c,6,3,1,2c2a309c_FUN_2c2a309c
0x2c2a39b2,FUN_2c2a39b2,12,5,1,2c2a39b2_FUN_2c2a39b2
0x2c2a415a,FUN_2c2a415a,56,26,1,2c2a415a_FUN_2c2a415a
0x2c2a4908,FUN_2c2a4908,4,2,1,2c2a4908_FUN_2c2a4908
0x2c2a4fda,FUN_2c2a4fda,34,16,1,2c2a4fda_FUN_2c2a4fda
0x2c2a64f4,FUN_2c2a64f4,8,4,1,2c2a64f4_FUN_2c2a64f4
0x2c2a92a6,FUN_2c2a92a6,10,5,1,2c2a92a6_FUN_2c2a92a6
0x2c2a9660,FUN_2c2a9660,28,13,1,2c2a9660_FUN_2c2a9660
0x2c2aa3ee,FUN_2c2aa3ee,10,5,1,2c2aa3ee_FUN_2c2aa3ee
0x2c2aa92e,FUN_2c2aa92e,18,8,1,2c2aa92e_FUN_2c2aa92e
0x2c2abdcc,FUN_2c2abdcc,8,3,1,2c2abdcc_FUN_2c2abdcc
0x2c2ac0f2,FUN_2c2ac0f2,10,5,1,2c2ac0f2_FUN_2c2ac0f2
0x2c2ac42a,FUN_2c2ac42a,256,119,1,2c2ac42a_FUN_2c2ac42a
0x2c2ad50a,FUN_2c2ad50a,56,24,1,2c2ad50a_FUN_2c2ad50a
0x2c2afba2,FUN_2c2afba2,30,15,1,2c2afba2_FUN_2c2afba2
0x2c2afd16,FUN_2c2afd16,4,2,1,2c2afd16_FUN_2c2afd16
0x2c2afd8a,FUN_2c2afd8a,2,1,1,2c2afd8a_FUN_2c2afd8a
0x2c2b05be,FUN_2c2b05be,52,25,1,2c2b05be_FUN_2c2b05be
0x2c2b069e,FUN_2c2b069e,38,19,1,2c2b069e_FUN_2c2b069e
0x2c2b07cc,FUN_2c2b07cc,20,10,1,2c2b07cc_FUN_2c2b07cc
0x2c2b4338,FUN_2c2b4338,8,4,1,2c2b4338_FUN_2c2b4338
0x2c2b4dae,FUN_2c2b4dae,8,4,1,2c2b4dae_FUN_2c2b4dae
0x2c2b5960,FUN_2c2b5960,14,7,1,2c2b5960_FUN_2c2b5960
0x2c2b5db2,FUN_2c2b5db2,8,4,1,2c2b5db2_FUN_2c2b5db2
0x2c2b629e,FUN_2c2b629e,36,18,1,2c2b629e_FUN_2c2b629e
0x2c2b7e3c,FUN_2c2b7e3c,18,9,1,2c2b7e3c_FUN_2c2b7e3c
0x2c2b8e86,FUN_2c2b8e86,6,3,1,2c2b8e86_FUN_2c2b8e86
0x2c2ba024,FUN_2c2ba024,4,2,1,2c2ba024_FUN_2c2ba024
0x2c2bba02,FUN_2c2bba02,42,19,1,2c2bba02_FUN_2c2bba02
0x2c2bca30,FUN_2c2bca30,28,13,1,2c2bca30_FUN_2c2bca30
0x2c2bdc62,FUN_2c2bdc62,14,7,1,2c2bdc62_FUN_2c2bdc62
0x2c2be082,FUN_2c2be082,26,13,1,2c2be082_FUN_2c2be082
0x2c2bf53a,FUN_2c2bf53a,24,11,1,2c2bf53a_FUN_2c2bf53a
0x2c2c06ec,FUN_2c2c06ec,4,2,1,2c2c06ec_FUN_2c2c06ec
0x2c2c0722,FUN_2c2c0722,74,34,1,2c2c0722_FUN_2c2c0722
0x2c2c170a,FUN_2c2c170a,14,6,1,2c2c170a_FUN_2c2c170a
0x2c2c36d0,FUN_2c2c36d0,2,1,1,2c2c36d0_FUN_2c2c36d0
0x2c2c3922,FUN_2c2c3922,2,1,1,2c2c3922_FUN_2c2c3922
0x2c2c3a44,FUN_2c2c3a44,4,2,1,2c2c3a44_FUN_2c2c3a44
0x2c2c3d26,FUN_2c2c3d26,52,25,1,2c2c3d26_FUN_2c2c3d26
0x2c2c4086,FUN_2c2c4086,30,12,1,2c2c4086_FUN_2c2c4086
0x2c2c4fce,FUN_2c2c4fce,10,5,1,2c2c4fce_FUN_2c2c4fce
0x2c2c508e,FUN_2c2c508e,18,9,1,2c2c508e_FUN_2c2c508e
0x2c2c55da,FUN_2c2c55da,38,17,1,2c2c55da_FUN_2c2c55da
0x2c2c59b2,FUN_2c2c59b2,62,25,1,2c2c59b2_FUN_2c2c59b2
0x2c2c5a26,FUN_2c2c5a26,32,14,1,2c2c5a26_FUN_2c2c5a26
0x2c2c9728,FUN_2c2c9728,68,32,1,2c2c9728_FUN_2c2c9728
0x2c2c988e,FUN_2c2c988e,20,9,1,2c2c988e_FUN_2c2c988e
0x2c2c9a2e,FUN_2c2c9a2e,166,78,1,2c2c9a2e_FUN_2c2c9a2e
0x2c2cb256,FUN_2c2cb256,158,78,1,2c2cb256_FUN_2c2cb256
0x2c2cb59c,FUN_2c2cb59c,122,60,1,2c2cb59c_FUN_2c2cb59c
0x2c2ccd16,FUN_2c2ccd16,8,4,1,2c2ccd16_FUN_2c2ccd16
0x2c2cce72,FUN_2c2cce72,8,4,1,2c2cce72_FUN_2c2cce72
0x2c2cdac4,FUN_2c2cdac4,40,20,1,2c2cdac4_FUN_2c2cdac4
0x2c2ce65e,FUN_2c2ce65e,158,78,1,2c2ce65e_FUN_2c2ce65e
0x2c2ce84a,FUN_2c2ce84a,2,1,1,2c2ce84a_FUN_2c2ce84a
0x2c2d0e36,FUN_2c2d0e36,80,39,1,2c2d0e36_FUN_2c2d0e36
0x2c2d129e,FUN_2c2d129e,36,17,1,2c2d129e_FUN_2c2d129e
0x2c2d1770,FUN_2c2d1770,152,72,1,2c2d1770_FUN_2c2d1770
0x2c2d2cda,FUN_2c2d2cda,2,1,1,2c2d2cda_FUN_2c2d2cda
0x2c2d3108,FUN_2c2d3108,66,32,1,2c2d3108_FUN_2c2d3108
0x2c2d3722,FUN_2c2d3722,132,65,1,2c2d3722_FUN_2c2d3722
0x2c2d4dc6,FUN_2c2d4dc6,126,63,1,2c2d4dc6_FUN_2c2d4dc6
0x2c2d4e86,FUN_2c2d4e86,170,84,1,2c2d4e86_FUN_2c2d4e86
0x2c2d66cc,FUN_2c2d66cc,152,72,1,2c2d66cc_FUN_2c2d66cc
0x2c2d7fdc,FUN_2c2d7fdc,90,44,1,2c2d7fdc_FUN_2c2d7fdc
0x2c2d8f92,FUN_2c2d8f92,26,13,1,2c2d8f92_FUN_2c2d8f92
0x2c2db5c0,FUN_2c2db5c0,4,2,1,2c2db5c0_FUN_2c2db5c0
0x2c2db9d6,FUN_2c2db9d6,4,2,1,2c2db9d6_FUN_2c2db9d6
0x2c2dbbb0,FUN_2c2dbbb0,4,2,1,2c2dbbb0_FUN_2c2dbbb0
0x2c2dbdfe,FUN_2c2dbdfe,76,38,1,2c2dbdfe_FUN_2c2dbdfe
0x2c2e06a6,FUN_2c2e06a6,30,15,1,2c2e06a6_FUN_2c2e06a6
0x2c2e06ce,FUN_2c2e06ce,72,34,1,2c2e06ce_FUN_2c2e06ce
0x2c2e217c,FUN_2c2e217c,8,4,1,2c2e217c_FUN_2c2e217c
0x2c2e29b2,FUN_2c2e29b2,18,9,1,2c2e29b2_FUN_2c2e29b2
0x2c2e5098,FUN_2c2e5098,30,14,1,2c2e5098_FUN_2c2e5098
0x2c2e50b8,FUN_2c2e50b8,28,13,1,2c2e50b8_FUN_2c2e50b8
0x2c2e8328,FUN_2c2e8328,30,14,1,2c2e8328_FUN_2c2e8328
0x2c2e9c68,FUN_2c2e9c68,14,7,1,2c2e9c68_FUN_2c2e9c68
0x2c2eb358,FUN_2c2eb358,46,21,1,2c2eb358_FUN_2c2eb358
0x2c2ec9e8,FUN_2c2ec9e8,30,14,1,2c2ec9e8_FUN_2c2ec9e8
0x2c2ee048,FUN_2c2ee048,14,7,1,2c2ee048_FUN_2c2ee048
0x2c2ef618,FUN_2c2ef618,14,7,1,2c2ef618_FUN_2c2ef618
0x2c2f0bd8,FUN_2c2f0bd8,30,14,1,2c2f0bd8_FUN_2c2f0bd8
0x2c2f2218,FUN_2c2f2218,30,14,1,2c2f2218_FUN_2c2f2218
0x2c2f3848,FUN_2c2f3848,14,7,1,2c2f3848_FUN_2c2f3848
0x2c2f4e88,FUN_2c2f4e88,14,7,1,2c2f4e88_FUN_2c2f4e88
0x2c2f64a8,FUN_2c2f64a8,14,7,1,2c2f64a8_FUN_2c2f64a8
0x2c2f8238,FUN_2c2f8238,30,14,1,2c2f8238_FUN_2c2f8238
0x2c2f99e8,FUN_2c2f99e8,78,35,1,2c2f99e8_FUN_2c2f99e8
0x2c30039c,FUN_2c30039c,14,7,1,2c30039c_FUN_2c30039c
0x2c30645a,FUN_2c30645a,92,41,1,2c30645a_FUN_2c30645a
0x2c309dbc,FUN_2c309dbc,10,5,1,2c309dbc_FUN_2c309dbc
0x2c30b2ac,FUN_2c30b2ac,24,11,1,2c30b2ac_FUN_2c30b2ac
0x2c30e278,FUN_2c30e278,92,40,1,2c30e278_FUN_2c30e278
0x2c30e906,FUN_2c30e906,40,18,1,2c30e906_FUN_2c30e906
0x2c311ae6,FUN_2c311ae6,14,7,1,2c311ae6_FUN_2c311ae6
0x2c31282a,FUN_2c31282a,6,3,1,2c31282a_FUN_2c31282a
0x2c316388,FUN_2c316388,88,39,1,2c316388_FUN_2c316388
0x2c31708a,FUN_2c31708a,2,1,1,2c31708a_FUN_2c31708a
0x2c31710c,FUN_2c31710c,118,54,1,2c31710c_FUN_2c31710c
0x2c3188dc,FUN_2c3188dc,14,7,1,2c3188dc_FUN_2c3188dc
0x2c318c52,FUN_2c318c52,28,12,1,2c318c52_FUN_2c318c52
0x2c3191be,FUN_2c3191be,26,13,1,2c3191be_FUN_2c3191be
0x2c319832,FUN_2c319832,66,31,1,2c319832_FUN_2c319832
0x2c327c24,FUN_2c327c24,14,7,1,2c327c24_FUN_2c327c24
0x2c327c34,FUN_2c327c34,14,7,1,2c327c34_FUN_2c327c34
0x2c327c44,FUN_2c327c44,14,7,1,2c327c44_FUN_2c327c44
0x2c327c54,FUN_2c327c54,14,7,1,2c327c54_FUN_2c327c54
0x2c327c64,FUN_2c327c64,14,7,1,2c327c64_FUN_2c327c64
0x2c327c74,FUN_2c327c74,14,7,1,2c327c74_FUN_2c327c74
0x2c327c84,FUN_2c327c84,14,7,1,2c327c84_FUN_2c327c84
0x2c327c94,FUN_2c327c94,14,7,1,2c327c94_FUN_2c327c94
0x2c327ca4,FUN_2c327ca4,14,7,1,2c327ca4_FUN_2c327ca4
0x2c327cb4,FUN_2c327cb4,14,7,1,2c327cb4_FUN_2c327cb4
0x2c3318e4,FUN_2c3318e4,46,21,1,2c3318e4_FUN_2c3318e4
0x2c331914,FUN_2c331914,14,7,1,2c331914_FUN_2c331914
0x2c331924,FUN_2c331924,14,7,1,2c331924_FUN_2c331924
0x2c331934,FUN_2c331934,14,7,1,2c331934_FUN_2c331934
0x2c331944,FUN_2c331944,14,7,1,2c331944_FUN_2c331944
0x2c331954,FUN_2c331954,14,7,1,2c331954_FUN_2c331954
0x2c331964,FUN_2c331964,14,7,1,2c331964_FUN_2c331964
0x2c331974,FUN_2c331974,30,14,1,2c331974_FUN_2c331974
0x2c3438fc,FUN_2c3438fc,38,19,1,2c3438fc_FUN_2c3438fc
0x2c353cba,FUN_2c353cba,36,18,1,2c353cba_FUN_2c353cba
0x2c355c7e,FUN_2c355c7e,4,2,1,2c355c7e_FUN_2c355c7e
0x2c35c860,FUN_2c35c860,12,6,1,2c35c860_FUN_2c35c860
0x2c35dbca,FUN_2c35dbca,392,196,1,2c35dbca_FUN_2c35dbca
0x2c3638bc,FUN_2c3638bc,38,19,1,2c3638bc_FUN_2c3638bc
0x2c364780,FUN_2c364780,12,6,1,2c364780_FUN_2c364780
0x2c3782e6,FUN_2c3782e6,738,359,1,2c3782e6_FUN_2c3782e6
0x2c388d56,FUN_2c388d56,396,198,1,2c388d56_FUN_2c388d56
0x2c389096,FUN_2c389096,2,1,1,2c389096_FUN_2c389096
0x2c3895b2,FUN_2c3895b2,98,49,1,2c3895b2_FUN_2c3895b2
0x2c3896c0,FUN_2c3896c0,1100,550,1,2c3896c0_FUN_2c3896c0
0x2c389e5e,FUN_2c389e5e,32,16,1,2c389e5e_FUN_2c389e5e
0x2c389ec0,FUN_2c389ec0,362,181,1,2c389ec0_FUN_2c389ec0
0x2c38a108,FUN_2c38a108,496,248,1,2c38a108_FUN_2c38a108
0x2c38a9d6,FUN_2c38a9d6,396,198,1,2c38a9d6_FUN_2c38a9d6
0x2c38ad16,FUN_2c38ad16,94,47,1,2c38ad16_FUN_2c38ad16
0x2c38b232,FUN_2c38b232,98,48,1,2c38b232_FUN_2c38b232
0x2c38b340,FUN_2c38b340,38,19,1,2c38b340_FUN_2c38b340
0x2c38b60e,FUN_2c38b60e,382,191,1,2c38b60e_FUN_2c38b60e
0x2c38bade,FUN_2c38bade,32,16,1,2c38bade_FUN_2c38bade
0x2c38bb40,FUN_2c38bb40,362,181,1,2c38bb40_FUN_2c38bb40
0x2c393d96,FUN_2c393d96,396,198,1,2c393d96_FUN_2c393d96
0x2c3940d6,FUN_2c3940d6,94,47,1,2c3940d6_FUN_2c3940d6
0x2c3945f2,FUN_2c3945f2,26,13,1,2c3945f2_FUN_2c3945f2
0x2c394700,FUN_2c394700,36,18,1,2c394700_FUN_2c394700
0x2c3949ce,FUN_2c3949ce,382,191,1,2c3949ce_FUN_2c3949ce
0x2c394e9e,FUN_2c394e9e,32,16,1,2c394e9e_FUN_2c394e9e
0x2c394f00,FUN_2c394f00,362,181,1,2c394f00_FUN_2c394f00
0x2c3967d6,FUN_2c3967d6,38,19,1,2c3967d6_FUN_2c3967d6
0x2c396b42,FUN_2c396b42,38,19,1,2c396b42_FUN_2c396b42
0x2c39b2c4,FUN_2c39b2c4,22,11,1,2c39b2c4_FUN_2c39b2c4
0x2c39b9b8,FUN_2c39b9b8,4,2,1,2c39b9b8_FUN_2c39b9b8
0x2c3bcdd8,FUN_2c3bcdd8,14,7,1,2c3bcdd8_FUN_2c3bcdd8
0x2c3c7496,FUN_2c3c7496,168,82,1,2c3c7496_FUN_2c3c7496
0x2c3ce21c,FUN_2c3ce21c,380,189,1,2c3ce21c_FUN_2c3ce21c
0x2c3ce6ac,FUN_2c3ce6ac,36,18,1,2c3ce6ac_FUN_2c3ce6ac
0x2c3ce8be,FUN_2c3ce8be,44,22,1,2c3ce8be_FUN_2c3ce8be
0x2c3d05fc,FUN_2c3d05fc,36,18,1,2c3d05fc_FUN_2c3d05fc
0x2c3dca86,FUN_2c3dca86,164,81,1,2c3dca86_FUN_2c3dca86
0x2c3de820,FUN_2c3de820,224,111,1,2c3de820_FUN_2c3de820
0x2c3dec38,FUN_2c3dec38,36,18,1,2c3dec38_FUN_2c3dec38
0x2c3e3d8e,FUN_2c3e3d8e,4,2,1,2c3e3d8e_FUN_2c3e3d8e
0x2c3e8c8a,FUN_2c3e8c8a,20,10,1,2c3e8c8a_FUN_2c3e8c8a
0x2c3ea49a,FUN_2c3ea49a,22,10,1,2c3ea49a_FUN_2c3ea49a
0x2c3ec9f2,FUN_2c3ec9f2,548,273,1,2c3ec9f2_FUN_2c3ec9f2
0x2c3ed406,FUN_2c3ed406,44,22,1,2c3ed406_FUN_2c3ed406
0x2c3ed860,FUN_2c3ed860,88,42,1,2c3ed860_FUN_2c3ed860
0x2c3f3926,FUN_2c3f3926,2,1,1,2c3f3926_FUN_2c3f3926
0x2c3f4694,FUN_2c3f4694,12,6,1,2c3f4694_FUN_2c3f4694
0x2c400e2c,FUN_2c400e2c,4,2,1,2c400e2c_FUN_2c400e2c
0x2c400e4c,FUN_2c400e4c,16,8,1,2c400e4c_FUN_2c400e4c
0x2c400e58,FUN_2c400e58,4,2,1,2c400e58_FUN_2c400e58
0x2c4011e0,FUN_2c4011e0,28,14,1,2c4011e0_FUN_2c4011e0
0x2c4011e6,FUN_2c4011e6,38,18,1,2c4011e6_FUN_2c4011e6
0x2c4016a4,FUN_2c4016a4,8,4,1,2c4016a4_FUN_2c4016a4
0x2c401e7a,FUN_2c401e7a,14,7,1,2c401e7a_FUN_2c401e7a
0x2c402006,FUN_2c402006,16,8,1,2c402006_FUN_2c402006
0x2c4022c6,FUN_2c4022c6,4,2,1,2c4022c6_FUN_2c4022c6
0x2c4022f0,FUN_2c4022f0,4,2,1,2c4022f0_FUN_2c4022f0
0x2c402502,FUN_2c402502,54,27,1,2c402502_FUN_2c402502
0x2c40250e,FUN_2c40250e,14,7,1,2c40250e_FUN_2c40250e
0x2c402548,FUN_2c402548,4,2,1,2c402548_FUN_2c402548
0x2c402c5a,FUN_2c402c5a,22,11,1,2c402c5a_FUN_2c402c5a
0x2c402c86,FUN_2c402c86,6,3,1,2c402c86_FUN_2c402c86
0x2c402ece,FUN_2c402ece,4,2,1,2c402ece_FUN_2c402ece
0x2c402f76,FUN_2c402f76,16,8,1,2c402f76_FUN_2c402f76
0x2c402f96,FUN_2c402f96,4,2,1,2c402f96_FUN_2c402f96
0x2c402fb6,FUN_2c402fb6,14,7,1,2c402fb6_FUN_2c402fb6
0x2c403030,FUN_2c403030,8,4,1,2c403030_FUN_2c403030
0x2c403042,FUN_2c403042,4,2,1,2c403042_FUN_2c403042
0x2c4030bc,FUN_2c4030bc,36,18,1,2c4030bc_FUN_2c4030bc
0x2c403288,FUN_2c403288,8,4,1,2c403288_FUN_2c403288
0x2c4032fc,FUN_2c4032fc,12,6,1,2c4032fc_FUN_2c4032fc
0x2c403340,FUN_2c403340,4,2,1,2c403340_FUN_2c403340
0x2c403358,FUN_2c403358,24,12,1,2c403358_FUN_2c403358
0x2c40f6c4,FUN_2c40f6c4,116,58,1,2c40f6c4_FUN_2c40f6c4
0x2c410340,FUN_2c410340,386,193,1,2c410340_FUN_2c410340
0x2c410894,FUN_2c410894,140,69,1,2c410894_FUN_2c410894
0x2c4110f0,FUN_2c4110f0,56,28,1,2c4110f0_FUN_2c4110f0
0x2c411728,FUN_2c411728,20,10,1,2c411728_FUN_2c411728
0x2c411ae6,FUN_2c411ae6,216,108,1,2c411ae6_FUN_2c411ae6
0x2c411db6,FUN_2c411db6,8,4,1,2c411db6_FUN_2c411db6
0x2c411dbe,FUN_2c411dbe,48,24,1,2c411dbe_FUN_2c411dbe
0x2c411fca,FUN_2c411fca,50,25,1,2c411fca_FUN_2c411fca
0x2c411fd4,FUN_2c411fd4,48,23,1,2c411fd4_FUN_2c411fd4
0x2c412576,FUN_2c412576,194,97,1,2c412576_FUN_2c412576
0x2c4125c0,FUN_2c4125c0,8,4,1,2c4125c0_FUN_2c4125c0
0x2c412a10,FUN_2c412a10,110,55,1,2c412a10_FUN_2c412a10
0x2c41303a,FUN_2c41303a,24,12,1,2c41303a_FUN_2c41303a
0x2c413074,FUN_2c413074,82,39,1,2c413074_FUN_2c413074
0x2c413f00,FUN_2c413f00,58,29,1,2c413f00_FUN_2c413f00
0x2c4140ac,FUN_2c4140ac,122,61,1,2c4140ac_FUN_2c4140ac
0x2c4144aa,FUN_2c4144aa,64,31,1,2c4144aa_FUN_2c4144aa
0x2c414ba4,FUN_2c414ba4,54,27,1,2c414ba4_FUN_2c414ba4
0x2c414dfe,FUN_2c414dfe,8,4,1,2c414dfe_FUN_2c414dfe
0x2c414fd4,FUN_2c414fd4,26,13,1,2c414fd4_FUN_2c414fd4
0x2c415046,FUN_2c415046,8,4,1,2c415046_FUN_2c415046
0x2c41506a,FUN_2c41506a,14,7,1,2c41506a_FUN_2c41506a
0x2c415c38,FUN_2c415c38,2,1,1,2c415c38_FUN_2c415c38
0x2c415c82,FUN_2c415c82,2,1,1,2c415c82_FUN_2c415c82
0x2c415cc4,FUN_2c415cc4,2,1,1,2c415cc4_FUN_2c415cc4
0x2c415cf8,FUN_2c415cf8,26,13,1,2c415cf8_FUN_2c415cf8
0x2c415d50,FUN_2c415d50,722,361,1,2c415d50_FUN_2c415d50
0x2c415e32,FUN_2c415e32,2,1,1,2c415e32_FUN_2c415e32
0x2c41678e,FUN_2c41678e,6,3,1,2c41678e_FUN_2c41678e
0x2c4169bc,FUN_2c4169bc,136,68,1,2c4169bc_FUN_2c4169bc
0x2c416c64,FUN_2c416c64,4,2,1,2c416c64_FUN_2c416c64
0x2c416d44,FUN_2c416d44,4,2,1,2c416d44_FUN_2c416d44
0x2c416dd0,FUN_2c416dd0,4,2,1,2c416dd0_FUN_2c416dd0
0x2c416f8c,FUN_2c416f8c,4,2,1,2c416f8c_FUN_2c416f8c
0x2c417004,FUN_2c417004,4,2,1,2c417004_FUN_2c417004
0x2c41b3e8,FUN_2c41b3e8,2,1,1,2c41b3e8_FUN_2c41b3e8
0x2c41bb6c,FUN_2c41bb6c,478,237,1,2c41bb6c_FUN_2c41bb6c
0x2c41c53c,FUN_2c41c53c,34,15,1,2c41c53c_FUN_2c41c53c
0x2c41c580,FUN_2c41c580,16,8,1,2c41c580_FUN_2c41c580
0x2c41c5f8,FUN_2c41c5f8,40,20,1,2c41c5f8_FUN_2c41c5f8
0x2c41c6b4,FUN_2c41c6b4,26,13,1,2c41c6b4_FUN_2c41c6b4
0x2c41c7da,FUN_2c41c7da,50,23,1,2c41c7da_FUN_2c41c7da
0x2c41d47c,FUN_2c41d47c,2,1,1,2c41d47c_FUN_2c41d47c
0x2c425944,FUN_2c425944,2,1,1,2c425944_FUN_2c425944
0x2c42d978,FUN_2c42d978,4,2,1,2c42d978_FUN_2c42d978
0x2c42d980,FUN_2c42d980,150,73,1,2c42d980_FUN_2c42d980
0x2c42dbd6,FUN_2c42dbd6,10,5,1,2c42dbd6_FUN_2c42dbd6
0x2c42dfbc,FUN_2c42dfbc,16,8,1,2c42dfbc_FUN_2c42dfbc
0x2c42f148,FUN_2c42f148,336,162,1,2c42f148_FUN_2c42f148
0x2c430856,FUN_2c430856,2,1,1,2c430856_FUN_2c430856
0x2c431e3c,FUN_2c431e3c,8,4,1,2c431e3c_FUN_2c431e3c
0x2c4320ee,FUN_2c4320ee,222,105,1,2c4320ee_FUN_2c4320ee
0x2c432198,FUN_2c432198,112,51,1,2c432198_FUN_2c432198
0x2c432490,FUN_2c432490,2,1,1,2c432490_FUN_2c432490
0x2c432848,FUN_2c432848,54,24,1,2c432848_FUN_2c432848
0x2c432e3a,FUN_2c432e3a,168,82,1,2c432e3a_FUN_2c432e3a
0x2c432e56,FUN_2c432e56,10,5,1,2c432e56_FUN_2c432e56
0x2c43301e,FUN_2c43301e,24,12,1,2c43301e_FUN_2c43301e
0x2c433054,FUN_2c433054,14,6,1,2c433054_FUN_2c433054
0x2c433756,FUN_2c433756,220,105,1,2c433756_FUN_2c433756
0x2c433938,FUN_2c433938,2,1,1,2c433938_FUN_2c433938
0x2c4339d0,FUN_2c4339d0,26,12,1,2c4339d0_FUN_2c4339d0
0x2c433ef6,FUN_2c433ef6,374,179,1,2c433ef6_FUN_2c433ef6
0x2c4342de,FUN_2c4342de,100,50,1,2c4342de_FUN_2c4342de
0x2c434428,FUN_2c434428,80,36,1,2c434428_FUN_2c434428
0x2c434638,FUN_2c434638,80,40,1,2c434638_FUN_2c434638
0x2c4346f6,FUN_2c4346f6,4,2,1,2c4346f6_FUN_2c4346f6
0x2c434760,FUN_2c434760,208,101,1,2c434760_FUN_2c434760
0x2c434c2e,FUN_2c434c2e,20,10,1,2c434c2e_FUN_2c434c2e
0x2c434c84,FUN_2c434c84,50,25,1,2c434c84_FUN_2c434c84
0x2c434d34,FUN_2c434d34,6,3,1,2c434d34_FUN_2c434d34
0x2c434d3c,FUN_2c434d3c,72,35,1,2c434d3c_FUN_2c434d3c
0x2c434fde,FUN_2c434fde,54,25,1,2c434fde_FUN_2c434fde
0x2c4351f0,FUN_2c4351f0,24,11,1,2c4351f0_FUN_2c4351f0
0x2c435240,FUN_2c435240,2,1,1,2c435240_FUN_2c435240
0x2c4354ec,FUN_2c4354ec,6,2,1,2c4354ec_FUN_2c4354ec
0x2c4355a6,FUN_2c4355a6,2,1,1,2c4355a6_FUN_2c4355a6
0x2c4355ba,FUN_2c4355ba,16,6,1,2c4355ba_FUN_2c4355ba
0x2c435632,FUN_2c435632,46,21,1,2c435632_FUN_2c435632
0x2c435df8,FUN_2c435df8,316,154,1,2c435df8_FUN_2c435df8
0x2c4363a2,FUN_2c4363a2,6,3,1,2c4363a2_FUN_2c4363a2
0x2c43660c,FUN_2c43660c,126,61,1,2c43660c_FUN_2c43660c
0x2c436db6,FUN_2c436db6,164,79,1,2c436db6_FUN_2c436db6
0x2c436e8a,FUN_2c436e8a,18,8,1,2c436e8a_FUN_2c436e8a
0x2c43712c,FUN_2c43712c,48,23,1,2c43712c_FUN_2c43712c
0x2c437236,FUN_2c437236,30,14,1,2c437236_FUN_2c437236
0x2c43726e,FUN_2c43726e,258,124,1,2c43726e_FUN_2c43726e
0x2c437624,FUN_2c437624,94,47,1,2c437624_FUN_2c437624
0x2c43771c,FUN_2c43771c,150,71,1,2c43771c_FUN_2c43771c
0x2c437840,FUN_2c437840,2,1,1,2c437840_FUN_2c437840
0x2c437990,FUN_2c437990,88,41,1,2c437990_FUN_2c437990
0x2c437d90,FUN_2c437d90,120,58,1,2c437d90_FUN_2c437d90
0x2c4383e4,FUN_2c4383e4,144,71,1,2c4383e4_FUN_2c4383e4
0x2c4387ba,FUN_2c4387ba,454,219,1,2c4387ba_FUN_2c4387ba
0x2c43898e,FUN_2c43898e,18,7,1,2c43898e_FUN_2c43898e
0x2c438f96,FUN_2c438f96,20,8,1,2c438f96_FUN_2c438f96
0x2c43922e,FUN_2c43922e,320,152,1,2c43922e_FUN_2c43922e
0x2c43956e,FUN_2c43956e,16,8,1,2c43956e_FUN_2c43956e
0x2c439d1a,FUN_2c439d1a,2,1,1,2c439d1a_FUN_2c439d1a
0x2c439d40,FUN_2c439d40,4,2,1,2c439d40_FUN_2c439d40
0x2c439d44,FUN_2c439d44,316,156,1,2c439d44_FUN_2c439d44
0x2c439d7c,FUN_2c439d7c,10,5,1,2c439d7c_FUN_2c439d7c
0x2c43a484,FUN_2c43a484,14,7,1,2c43a484_FUN_2c43a484
0x2c43a508,FUN_2c43a508,118,57,1,2c43a508_FUN_2c43a508
0x2c43a5cc,FUN_2c43a5cc,80,38,1,2c43a5cc_FUN_2c43a5cc
0x2c43a7be,FUN_2c43a7be,404,192,1,2c43a7be_FUN_2c43a7be
0x2c43a8ec,FUN_2c43a8ec,2,1,1,2c43a8ec_FUN_2c43a8ec
0x2c43af86,FUN_2c43af86,208,101,1,2c43af86_FUN_2c43af86
0x2c43b18c,FUN_2c43b18c,2,1,1,2c43b18c_FUN_2c43b18c
0x2c43b342,FUN_2c43b342,6,3,1,2c43b342_FUN_2c43b342
0x2c43b798,FUN_2c43b798,350,165,1,2c43b798_FUN_2c43b798
0x2c43ba38,FUN_2c43ba38,74,36,1,2c43ba38_FUN_2c43ba38
0x2c43bd7e,FUN_2c43bd7e,346,165,1,2c43bd7e_FUN_2c43bd7e
0x2c43c03a,FUN_2c43c03a,16,8,1,2c43c03a_FUN_2c43c03a
0x2c43c058,FUN_2c43c058,12,6,1,2c43c058_FUN_2c43c058
0x2c43c09a,FUN_2c43c09a,402,193,1,2c43c09a_FUN_2c43c09a
0x2c43c3d6,FUN_2c43c3d6,86,43,1,2c43c3d6_FUN_2c43c3d6
0x2c43c8d2,FUN_2c43c8d2,10,5,1,2c43c8d2_FUN_2c43c8d2
0x2c43cd2c,FUN_2c43cd2c,98,36,1,2c43cd2c_FUN_2c43cd2c
0x2c43cde2,FUN_2c43cde2,16,6,1,2c43cde2_FUN_2c43cde2
0x2c43d20e,FUN_2c43d20e,14,6,1,2c43d20e_FUN_2c43d20e
0x2c43d4b2,FUN_2c43d4b2,18,7,1,2c43d4b2_FUN_2c43d4b2
0x2c43d4ec,FUN_2c43d4ec,6,3,1,2c43d4ec_FUN_2c43d4ec
0x2c43db78,FUN_2c43db78,28,13,1,2c43db78_FUN_2c43db78
0x2c43de34,FUN_2c43de34,100,49,1,2c43de34_FUN_2c43de34
0x2c43df18,FUN_2c43df18,138,68,1,2c43df18_FUN_2c43df18
0x2c43dffa,FUN_2c43dffa,58,24,1,2c43dffa_FUN_2c43dffa
0x2c43e30e,FUN_2c43e30e,66,32,1,2c43e30e_FUN_2c43e30e
0x2c43e5e0,FUN_2c43e5e0,6,3,1,2c43e5e0_FUN_2c43e5e0
0x2c43ea08,FUN_2c43ea08,2,1,1,2c43ea08_FUN_2c43ea08
0x2c43eb80,FUN_2c43eb80,64,31,1,2c43eb80_FUN_2c43eb80
0x2c43ed3a,FUN_2c43ed3a,12,5,1,2c43ed3a_FUN_2c43ed3a
0x2c43ee74,FUN_2c43ee74,204,100,1,2c43ee74_FUN_2c43ee74
0x2c43f3ea,FUN_2c43f3ea,32,14,1,2c43f3ea_FUN_2c43f3ea
0x2c43f61c,FUN_2c43f61c,14,7,1,2c43f61c_FUN_2c43f61c
0x2c43f674,FUN_2c43f674,206,95,1,2c43f674_FUN_2c43f674
0x2c43fbb8,FUN_2c43fbb8,60,28,1,2c43fbb8_FUN_2c43fbb8
0x2c43fc38,FUN_2c43fc38,318,156,1,2c43fc38_FUN_2c43fc38
0x2c43fc9e,FUN_2c43fc9e,2,1,1,2c43fc9e_FUN_2c43fc9e
0x2c43fd10,FUN_2c43fd10,34,15,1,2c43fd10_FUN_2c43fd10
0x2c4404fc,FUN_2c4404fc,76,37,1,2c4404fc_FUN_2c4404fc
0x2c440538,FUN_2c440538,202,95,1,2c440538_FUN_2c440538
0x2c440be6,FUN_2c440be6,16,8,1,2c440be6_FUN_2c440be6
0x2c440d80,FUN_2c440d80,66,31,1,2c440d80_FUN_2c440d80
0x2c441324,FUN_2c441324,136,65,1,2c441324_FUN_2c441324
0x2c441a92,FUN_2c441a92,180,83,1,2c441a92_FUN_2c441a92
0x2c441b62,FUN_2c441b62,70,33,1,2c441b62_FUN_2c441b62
0x2c441d68,FUN_2c441d68,320,153,1,2c441d68_FUN_2c441d68
0x2c442582,FUN_2c442582,246,118,1,2c442582_FUN_2c442582
0x2c442854,FUN_2c442854,384,176,1,2c442854_FUN_2c442854
0x2c4428a0,FUN_2c4428a0,92,41,1,2c4428a0_FUN_2c4428a0
0x2c4429bc,FUN_2c4429bc,4,2,1,2c4429bc_FUN_2c4429bc
0x2c442a24,FUN_2c442a24,2,1,1,2c442a24_FUN_2c442a24
0x2c442a52,FUN_2c442a52,16,8,1,2c442a52_FUN_2c442a52
0x2c442a72,FUN_2c442a72,8,4,1,2c442a72_FUN_2c442a72
0x2c442d12,FUN_2c442d12,70,32,1,2c442d12_FUN_2c442d12
0x2c442d96,FUN_2c442d96,4,2,1,2c442d96_FUN_2c442d96
0x2c442f16,FUN_2c442f16,12,5,1,2c442f16_FUN_2c442f16
0x2c4430e2,FUN_2c4430e2,4,2,1,2c4430e2_FUN_2c4430e2
0x2c443252,FUN_2c443252,4,2,1,2c443252_FUN_2c443252
0x2c443388,FUN_2c443388,172,80,1,2c443388_FUN_2c443388
0x2c443860,FUN_2c443860,34,14,1,2c443860_FUN_2c443860
0x2c443ac0,FUN_2c443ac0,12,6,1,2c443ac0_FUN_2c443ac0
0x2c444990,FUN_2c444990,2,1,1,2c444990_FUN_2c444990
0x2c444a8e,FUN_2c444a8e,98,48,1,2c444a8e_FUN_2c444a8e
0x2c444b2e,FUN_2c444b2e,242,114,1,2c444b2e_FUN_2c444b2e
0x2c44529c,FUN_2c44529c,534,255,1,2c44529c_FUN_2c44529c
0x2c445702,FUN_2c445702,2,1,1,2c445702_FUN_2c445702
0x2c445846,FUN_2c445846,56,27,1,2c445846_FUN_2c445846
0x2c44589e,FUN_2c44589e,106,48,1,2c44589e_FUN_2c44589e
0x2c446396,FUN_2c446396,10,4,1,2c446396_FUN_2c446396
0x2c44671a,FUN_2c44671a,20,9,1,2c44671a_FUN_2c44671a
0x2c4469ea,FUN_2c4469ea,6,3,1,2c4469ea_FUN_2c4469ea
0x2c446ddc,FUN_2c446ddc,10,5,1,2c446ddc_FUN_2c446ddc
0x2c446e4a,FUN_2c446e4a,38,19,1,2c446e4a_FUN_2c446e4a
0x2c447034,FUN_2c447034,80,37,1,2c447034_FUN_2c447034
0x2c44723c,FUN_2c44723c,106,51,1,2c44723c_FUN_2c44723c
0x2c447428,FUN_2c447428,32,16,1,2c447428_FUN_2c447428
0x2c447656,FUN_2c447656,76,36,1,2c447656_FUN_2c447656
0x2c4477d4,FUN_2c4477d4,82,40,1,2c4477d4_FUN_2c4477d4
0x2c44783e,FUN_2c44783e,46,23,1,2c44783e_FUN_2c44783e
0x2c447962,FUN_2c447962,60,29,1,2c447962_FUN_2c447962
0x2c447c76,FUN_2c447c76,16,7,1,2c447c76_FUN_2c447c76
0x2c447ede,FUN_2c447ede,72,35,1,2c447ede_FUN_2c447ede
0x2c447f74,FUN_2c447f74,36,16,1,2c447f74_FUN_2c447f74
0x2c447fce,FUN_2c447fce,50,24,1,2c447fce_FUN_2c447fce
0x2c448406,FUN_2c448406,14,6,1,2c448406_FUN_2c448406
0x2c448416,FUN_2c448416,90,43,1,2c448416_FUN_2c448416
0x2c448856,FUN_2c448856,34,15,1,2c448856_FUN_2c448856
0x2c44899c,FUN_2c44899c,62,29,1,2c44899c_FUN_2c44899c
0x2c448c96,FUN_2c448c96,18,8,1,2c448c96_FUN_2c448c96
0x2c448d9c,FUN_2c448d9c,4,2,1,2c448d9c_FUN_2c448d9c
0x2c449068,FUN_2c449068,42,20,1,2c449068_FUN_2c449068
0x2c4493c0,FUN_2c4493c0,956,465,1,2c4493c0_FUN_2c4493c0
0x2c449776,FUN_2c449776,36,17,1,2c449776_FUN_2c449776
0x2c44993a,FUN_2c44993a,8,4,1,2c44993a_FUN_2c44993a
0x2c449a52,FUN_2c449a52,48,23,1,2c449a52_FUN_2c449a52
0x2c449efe,FUN_2c449efe,36,17,1,2c449efe_FUN_2c449efe
0x2c44a192,FUN_2c44a192,6,2,1,2c44a192_FUN_2c44a192
0x2c44a1a6,FUN_2c44a1a6,8,4,1,2c44a1a6_FUN_2c44a1a6
0x2c44a2ea,FUN_2c44a2ea,14,6,1,2c44a2ea_FUN_2c44a2ea
0x2c44a516,FUN_2c44a516,16,7,1,2c44a516_FUN_2c44a516
0x2c44a538,FUN_2c44a538,46,21,1,2c44a538_FUN_2c44a538
0x2c44a610,FUN_2c44a610,4,2,1,2c44a610_FUN_2c44a610
0x2c44ab10,FUN_2c44ab10,46,23,1,2c44ab10_FUN_2c44ab10
0x2c44ab24,FUN_2c44ab24,40,19,1,2c44ab24_FUN_2c44ab24
0x2c44ab6c,FUN_2c44ab6c,6,3,1,2c44ab6c_FUN_2c44ab6c
0x2c44ae72,FUN_2c44ae72,100,49,1,2c44ae72_FUN_2c44ae72
0x2c44af70,FUN_2c44af70,8,4,1,2c44af70_FUN_2c44af70
0x2c44b18c,FUN_2c44b18c,136,67,1,2c44b18c_FUN_2c44b18c
0x2c44b346,FUN_2c44b346,16,7,1,2c44b346_FUN_2c44b346
0x2c44b358,FUN_2c44b358,8,4,1,2c44b358_FUN_2c44b358
0x2c44b426,FUN_2c44b426,34,17,1,2c44b426_FUN_2c44b426
0x2c44b5f6,FUN_2c44b5f6,176,83,1,2c44b5f6_FUN_2c44b5f6
0x2c44ba56,FUN_2c44ba56,376,181,1,2c44ba56_FUN_2c44ba56
0x2c44c072,FUN_2c44c072,4,2,1,2c44c072_FUN_2c44c072
0x2c44c298,FUN_2c44c298,36,18,1,2c44c298_FUN_2c44c298
0x2c44c2e4,FUN_2c44c2e4,2,1,1,2c44c2e4_FUN_2c44c2e4
0x2c44c7c4,FUN_2c44c7c4,40,18,1,2c44c7c4_FUN_2c44c7c4
0x2c44c984,FUN_2c44c984,192,91,1,2c44c984_FUN_2c44c984
0x2c44cb32,FUN_2c44cb32,22,10,1,2c44cb32_FUN_2c44cb32
0x2c44cc28,FUN_2c44cc28,40,20,1,2c44cc28_FUN_2c44cc28
0x2c44cefe,FUN_2c44cefe,28,14,1,2c44cefe_FUN_2c44cefe
0x2c44d06a,FUN_2c44d06a,10,4,1,2c44d06a_FUN_2c44d06a
0x2c44d1d8,FUN_2c44d1d8,506,243,1,2c44d1d8_FUN_2c44d1d8
0x2c44d512,FUN_2c44d512,8,4,1,2c44d512_FUN_2c44d512
0x2c44d5b4,FUN_2c44d5b4,172,81,1,2c44d5b4_FUN_2c44d5b4
0x2c44d6c2,FUN_2c44d6c2,108,51,1,2c44d6c2_FUN_2c44d6c2
0x2c44d892,FUN_2c44d892,22,10,1,2c44d892_FUN_2c44d892
0x2c44da16,FUN_2c44da16,88,43,1,2c44da16_FUN_2c44da16
0x2c44dc46,FUN_2c44dc46,190,92,1,2c44dc46_FUN_2c44dc46
0x2c44deec,FUN_2c44deec,784,338,1,2c44deec_FUN_2c44deec
0x2c44e2b0,FUN_2c44e2b0,6,3,1,2c44e2b0_FUN_2c44e2b0
0x2c44e2ba,FUN_2c44e2ba,54,25,1,2c44e2ba_FUN_2c44e2ba
0x2c44e562,FUN_2c44e562,132,61,1,2c44e562_FUN_2c44e562
0x2c44e5ce,FUN_2c44e5ce,96,45,1,2c44e5ce_FUN_2c44e5ce
0x2c44e7f8,FUN_2c44e7f8,4,2,1,2c44e7f8_FUN_2c44e7f8
0x2c44ea36,FUN_2c44ea36,162,76,1,2c44ea36_FUN_2c44ea36
0x2c44ee80,FUN_2c44ee80,4,2,1,2c44ee80_FUN_2c44ee80
0x2c44efcc,FUN_2c44efcc,32,15,1,2c44efcc_FUN_2c44efcc
0x2c44f0ae,FUN_2c44f0ae,274,133,1,2c44f0ae_FUN_2c44f0ae
0x2c44f24c,FUN_2c44f24c,10,5,1,2c44f24c_FUN_2c44f24c
0x2c44f3a8,FUN_2c44f3a8,38,15,1,2c44f3a8_FUN_2c44f3a8
0x2c44f49e,FUN_2c44f49e,10,5,1,2c44f49e_FUN_2c44f49e
0x2c44f4c8,FUN_2c44f4c8,38,16,1,2c44f4c8_FUN_2c44f4c8
0x2c44f900,FUN_2c44f900,6,3,1,2c44f900_FUN_2c44f900
0x2c44fdde,FUN_2c44fdde,8,4,1,2c44fdde_FUN_2c44fdde
0x2c44ffc2,FUN_2c44ffc2,318,155,1,2c44ffc2_FUN_2c44ffc2
0x2c45013a,FUN_2c45013a,60,29,1,2c45013a_FUN_2c45013a
0x2c4502f4,FUN_2c4502f4,30,14,1,2c4502f4_FUN_2c4502f4
0x2c450322,FUN_2c450322,68,33,1,2c450322_FUN_2c450322
0x2c450600,FUN_2c450600,108,50,1,2c450600_FUN_2c450600
0x2c4506de,FUN_2c4506de,52,25,1,2c4506de_FUN_2c4506de
0x2c450970,FUN_2c450970,90,41,1,2c450970_FUN_2c450970
0x2c450b62,FUN_2c450b62,48,24,1,2c450b62_FUN_2c450b62
0x2c450dec,FUN_2c450dec,268,123,1,2c450dec_FUN_2c450dec
0x2c450f26,FUN_2c450f26,18,9,1,2c450f26_FUN_2c450f26
0x2c4514ba,FUN_2c4514ba,26,13,1,2c4514ba_FUN_2c4514ba
0x2c451650,FUN_2c451650,164,78,1,2c451650_FUN_2c451650
0x2c451c74,FUN_2c451c74,50,25,1,2c451c74_FUN_2c451c74
0x2c451e84,FUN_2c451e84,6,3,1,2c451e84_FUN_2c451e84
0x2c452756,FUN_2c452756,8,4,1,2c452756_FUN_2c452756
0x2c45279c,FUN_2c45279c,48,23,1,2c45279c_FUN_2c45279c
0x2c452b6e,FUN_2c452b6e,166,78,1,2c452b6e_FUN_2c452b6e
0x2c452eec,FUN_2c452eec,166,83,1,2c452eec_FUN_2c452eec
0x2c45313a,FUN_2c45313a,22,11,1,2c45313a_FUN_2c45313a
0x2c453282,FUN_2c453282,20,9,1,2c453282_FUN_2c453282
0x2c4532a8,FUN_2c4532a8,8,4,1,2c4532a8_FUN_2c4532a8
0x2c4532fc,FUN_2c4532fc,16,8,1,2c4532fc_FUN_2c4532fc
0x2c4533d8,FUN_2c4533d8,2,1,1,2c4533d8_FUN_2c4533d8
0x2c4533ec,FUN_2c4533ec,24,12,1,2c4533ec_FUN_2c4533ec
0x2c453674,FUN_2c453674,110,50,1,2c453674_FUN_2c453674
0x2c4537f4,FUN_2c4537f4,4,2,1,2c4537f4_FUN_2c4537f4
0x2c453d00,FUN_2c453d00,10,5,1,2c453d00_FUN_2c453d00
0x2c453f36,FUN_2c453f36,16,8,1,2c453f36_FUN_2c453f36
0x2c4543c2,FUN_2c4543c2,174,82,1,2c4543c2_FUN_2c4543c2
0x2c45443e,FUN_2c45443e,32,15,1,2c45443e_FUN_2c45443e
0x2c454552,FUN_2c454552,2,1,1,2c454552_FUN_2c454552
0x2c454642,FUN_2c454642,218,107,1,2c454642_FUN_2c454642
0x2c454bcc,FUN_2c454bcc,62,30,1,2c454bcc_FUN_2c454bcc
0x2c454df2,FUN_2c454df2,38,18,1,2c454df2_FUN_2c454df2
0x2c4550de,FUN_2c4550de,16,6,1,2c4550de_FUN_2c4550de
0x2c45586e,FUN_2c45586e,26,12,1,2c45586e_FUN_2c45586e
0x2c455a8a,FUN_2c455a8a,48,23,1,2c455a8a_FUN_2c455a8a
0x2c455bda,FUN_2c455bda,974,398,1,2c455bda_FUN_2c455bda
0x2c455e8a,FUN_2c455e8a,100,46,1,2c455e8a_FUN_2c455e8a
0x2c455efa,FUN_2c455efa,52,24,1,2c455efa_FUN_2c455efa
0x2c455f42,FUN_2c455f42,4,2,1,2c455f42_FUN_2c455f42
0x2c4560e4,FUN_2c4560e4,10,5,1,2c4560e4_FUN_2c4560e4
0x2c456202,FUN_2c456202,2,1,1,2c456202_FUN_2c456202
0x2c45643a,FUN_2c45643a,2,1,1,2c45643a_FUN_2c45643a
0x2c4565aa,FUN_2c4565aa,160,79,1,2c4565aa_FUN_2c4565aa
0x2c456790,FUN_2c456790,44,22,1,2c456790_FUN_2c456790
0x2c456cd0,FUN_2c456cd0,124,59,1,2c456cd0_FUN_2c456cd0
0x2c456e7c,FUN_2c456e7c,2,1,1,2c456e7c_FUN_2c456e7c
0x2c45705a,FUN_2c45705a,282,137,1,2c45705a_FUN_2c45705a
0x2c4572e6,FUN_2c4572e6,24,11,1,2c4572e6_FUN_2c4572e6
0x2c4574f6,FUN_2c4574f6,52,26,1,2c4574f6_FUN_2c4574f6
0x2c457530,FUN_2c457530,4,2,1,2c457530_FUN_2c457530
0x2c4578a0,FUN_2c4578a0,76,34,1,2c4578a0_FUN_2c4578a0
0x2c4579b8,FUN_2c4579b8,58,28,1,2c4579b8_FUN_2c4579b8
0x2c457ab6,FUN_2c457ab6,14,7,1,2c457ab6_FUN_2c457ab6
0x2c457b8c,FUN_2c457b8c,24,12,1,2c457b8c_FUN_2c457b8c
0x2c457d5a,FUN_2c457d5a,16,6,1,2c457d5a_FUN_2c457d5a
0x2c458468,FUN_2c458468,144,70,1,2c458468_FUN_2c458468
0x2c4585ec,FUN_2c4585ec,16,8,1,2c4585ec_FUN_2c4585ec
0x2c4586fc,FUN_2c4586fc,64,29,1,2c4586fc_FUN_2c4586fc
0x2c458832,FUN_2c458832,28,13,1,2c458832_FUN_2c458832
0x2c458b80,FUN_2c458b80,18,9,1,2c458b80_FUN_2c458b80
0x2c458ffa,FUN_2c458ffa,28,13,1,2c458ffa_FUN_2c458ffa
0x2c4590a0,FUN_2c4590a0,28,14,1,2c4590a0_FUN_2c4590a0
0x2c4593d2,FUN_2c4593d2,12,6,1,2c4593d2_FUN_2c4593d2
0x2c4594f2,FUN_2c4594f2,508,241,1,2c4594f2_FUN_2c4594f2
0x2c459a30,FUN_2c459a30,38,18,1,2c459a30_FUN_2c459a30
0x2c459b44,FUN_2c459b44,20,10,1,2c459b44_FUN_2c459b44
0x2c459c30,FUN_2c459c30,8,4,1,2c459c30_FUN_2c459c30
0x2c459ed0,FUN_2c459ed0,288,135,1,2c459ed0_FUN_2c459ed0
0x2c45a4ae,FUN_2c45a4ae,32,15,1,2c45a4ae_FUN_2c45a4ae
0x2c45a55e,FUN_2c45a55e,24,11,1,2c45a55e_FUN_2c45a55e
0x2c45a850,FUN_2c45a850,20,10,1,2c45a850_FUN_2c45a850
0x2c45a8dc,FUN_2c45a8dc,168,80,1,2c45a8dc_FUN_2c45a8dc
0x2c45a97c,FUN_2c45a97c,6,3,1,2c45a97c_FUN_2c45a97c
0x2c45ae28,FUN_2c45ae28,210,102,1,2c45ae28_FUN_2c45ae28
0x2c45affc,FUN_2c45affc,72,34,1,2c45affc_FUN_2c45affc
0x2c45baa0,FUN_2c45baa0,2428,1203,1,2c45baa0_FUN_2c45baa0
0x2c45bf5a,FUN_2c45bf5a,4,2,1,2c45bf5a_FUN_2c45bf5a
0x2c45c06c,FUN_2c45c06c,16,7,1,2c45c06c_FUN_2c45c06c
0x2c45c120,FUN_2c45c120,6,3,1,2c45c120_FUN_2c45c120
0x2c45c180,FUN_2c45c180,48,23,1,2c45c180_FUN_2c45c180
0x2c45c938,FUN_2c45c938,12,6,1,2c45c938_FUN_2c45c938
0x2c45cf54,FUN_2c45cf54,172,79,1,2c45cf54_FUN_2c45cf54
0x2c45d084,FUN_2c45d084,116,57,1,2c45d084_FUN_2c45d084
0x2c45d31e,FUN_2c45d31e,100,49,1,2c45d31e_FUN_2c45d31e
0x2c45d518,FUN_2c45d518,2,1,1,2c45d518_FUN_2c45d518
0x2c45d5d8,FUN_2c45d5d8,636,297,1,2c45d5d8_FUN_2c45d5d8
0x2c45d8a0,FUN_2c45d8a0,20,8,1,2c45d8a0_FUN_2c45d8a0
0x2c45dcde,FUN_2c45dcde,64,30,1,2c45dcde_FUN_2c45dcde
0x2c45de0a,FUN_2c45de0a,50,24,1,2c45de0a_FUN_2c45de0a
0x2c45df08,FUN_2c45df08,220,103,1,2c45df08_FUN_2c45df08
0x2c45e24c,FUN_2c45e24c,122,59,1,2c45e24c_FUN_2c45e24c
0x2c45e7e0,FUN_2c45e7e0,54,26,1,2c45e7e0_FUN_2c45e7e0
0x2c45ea84,FUN_2c45ea84,196,93,1,2c45ea84_FUN_2c45ea84
0x2c45eaea,FUN_2c45eaea,2,1,1,2c45eaea_FUN_2c45eaea
0x2c45ef76,FUN_2c45ef76,42,20,1,2c45ef76_FUN_2c45ef76
0x2c45f112,FUN_2c45f112,6,3,1,2c45f112_FUN_2c45f112
0x2c45f1de,FUN_2c45f1de,12,6,1,2c45f1de_FUN_2c45f1de
0x2c45f26a,FUN_2c45f26a,90,40,1,2c45f26a_FUN_2c45f26a
0x2c45f2dc,FUN_2c45f2dc,6,3,1,2c45f2dc_FUN_2c45f2dc
0x2c45f496,FUN_2c45f496,4,1,1,2c45f496_FUN_2c45f496
0x2c45f4e2,FUN_2c45f4e2,42,20,1,2c45f4e2_FUN_2c45f4e2
0x2c45f5ee,FUN_2c45f5ee,88,39,1,2c45f5ee_FUN_2c45f5ee
0x2c45f8c6,FUN_2c45f8c6,492,235,1,2c45f8c6_FUN_2c45f8c6
0x2c45fa52,FUN_2c45fa52,156,67,1,2c45fa52_FUN_2c45fa52
0x2c45fcb4,FUN_2c45fcb4,6,2,1,2c45fcb4_FUN_2c45fcb4
0x2c45fe90,FUN_2c45fe90,104,49,1,2c45fe90_FUN_2c45fe90
0x2c460102,FUN_2c460102,142,63,1,2c460102_FUN_2c460102
0x2c460284,FUN_2c460284,98,46,1,2c460284_FUN_2c460284
0x2c460440,FUN_2c460440,4,2,1,2c460440_FUN_2c460440
0x2c4606d4,FUN_2c4606d4,18,9,1,2c4606d4_FUN_2c4606d4
0x2c4607e0,FUN_2c4607e0,6,3,1,2c4607e0_FUN_2c4607e0
0x2c4608b8,FUN_2c4608b8,40,19,1,2c4608b8_FUN_2c4608b8
0x2c460970,FUN_2c460970,30,14,1,2c460970_FUN_2c460970
0x2c46098c,FUN_2c46098c,8,3,1,2c46098c_FUN_2c46098c
0x2c460f66,FUN_2c460f66,36,18,1,2c460f66_FUN_2c460f66
0x2c461008,FUN_2c461008,14,6,1,2c461008_FUN_2c461008
0x2c461050,FUN_2c461050,16,8,1,2c461050_FUN_2c461050
0x2c4616b6,FUN_2c4616b6,2,1,1,2c4616b6_FUN_2c4616b6
0x2c46187a,FUN_2c46187a,6,3,1,2c46187a_FUN_2c46187a
0x2c4618a0,FUN_2c4618a0,18,9,1,2c4618a0_FUN_2c4618a0
0x2c461b02,FUN_2c461b02,4,2,1,2c461b02_FUN_2c461b02
0x2c461d44,FUN_2c461d44,416,203,1,2c461d44_FUN_2c461d44
0x2c461de2,FUN_2c461de2,8,3,1,2c461de2_FUN_2c461de2
0x2c462514,FUN_2c462514,8,4,1,2c462514_FUN_2c462514
0x2c46255c,FUN_2c46255c,192,82,1,2c46255c_FUN_2c46255c
0x2c4628dc,FUN_2c4628dc,136,64,1,2c4628dc_FUN_2c4628dc
0x2c462c1e,FUN_2c462c1e,14,7,1,2c462c1e_FUN_2c462c1e
0x2c462ca2,FUN_2c462ca2,6,3,1,2c462ca2_FUN_2c462ca2
0x2c462dec,FUN_2c462dec,42,19,1,2c462dec_FUN_2c462dec
0x2c462f10,FUN_2c462f10,6,3,1,2c462f10_FUN_2c462f10
0x2c462f98,FUN_2c462f98,56,28,1,2c462f98_FUN_2c462f98
0x2c462fd4,FUN_2c462fd4,14,7,1,2c462fd4_FUN_2c462fd4
0x2c46316c,FUN_2c46316c,24,10,1,2c46316c_FUN_2c46316c
0x2c4632a2,FUN_2c4632a2,38,19,1,2c4632a2_FUN_2c4632a2
0x2c4632cc,FUN_2c4632cc,160,73,1,2c4632cc_FUN_2c4632cc
0x2c4633ec,FUN_2c4633ec,14,7,1,2c4633ec_FUN_2c4633ec
0x2c463504,FUN_2c463504,42,18,1,2c463504_FUN_2c463504
0x2c46366a,FUN_2c46366a,494,243,1,2c46366a_FUN_2c46366a
0x2c4636d0,FUN_2c4636d0,26,12,1,2c4636d0_FUN_2c4636d0
0x2c4682dc,FUN_2c4682dc,40,20,1,2c4682dc_FUN_2c4682dc
0x2c469954,FUN_2c469954,22,11,1,2c469954_FUN_2c469954
0x2c469978,FUN_2c469978,14,7,1,2c469978_FUN_2c469978
0x2c469a28,FUN_2c469a28,44,19,1,2c469a28_FUN_2c469a28
0x2c469b18,FUN_2c469b18,96,41,1,2c469b18_FUN_2c469b18
0x2c469bc0,FUN_2c469bc0,80,32,1,2c469bc0_FUN_2c469bc0
0x2c469c60,FUN_2c469c60,30,14,1,2c469c60_FUN_2c469c60
0x2c469ce6,FUN_2c469ce6,34,15,1,2c469ce6_FUN_2c469ce6
0x2c469d30,FUN_2c469d30,28,12,1,2c469d30_FUN_2c469d30
0x2c469df0,FUN_2c469df0,154,69,1,2c469df0_FUN_2c469df0
0x2c469ed8,FUN_2c469ed8,28,14,1,2c469ed8_FUN_2c469ed8
0x2c469f00,FUN_2c469f00,64,26,1,2c469f00_FUN_2c469f00
0x2c469f64,FUN_2c469f64,44,21,1,2c469f64_FUN_2c469f64
0x2c469fac,FUN_2c469fac,94,38,1,2c469fac_FUN_2c469fac
0x2c46a040,FUN_2c46a040,264,84,1,2c46a040_FUN_2c46a040
0x2c46a1d4,FUN_2c46a1d4,14,5,1,2c46a1d4_FUN_2c46a1d4
0x2c46a1e4,FUN_2c46a1e4,40,16,1,2c46a1e4_FUN_2c46a1e4
0x2c46a20c,FUN_2c46a20c,88,36,1,2c46a20c_FUN_2c46a20c
0x2c46a264,FUN_2c46a264,18,8,1,2c46a264_FUN_2c46a264
0x2c46a280,FUN_2c46a280,38,16,1,2c46a280_FUN_2c46a280
0x2c46a2a8,FUN_2c46a2a8,210,82,1,2c46a2a8_FUN_2c46a2a8
0x2c46a380,FUN_2c46a380,84,35,1,2c46a380_FUN_2c46a380
0x2c46a3d4,FUN_2c46a3d4,96,41,1,2c46a3d4_FUN_2c46a3d4
0x2c46a434,FUN_2c46a434,34,16,1,2c46a434_FUN_2c46a434
0x2c46a45c,FUN_2c46a45c,46,19,1,2c46a45c_FUN_2c46a45c
0x2c46a48c,FUN_2c46a48c,86,35,1,2c46a48c_FUN_2c46a48c
0x2c46a4e4,FUN_2c46a4e4,98,37,1,2c46a4e4_FUN_2c46a4e4
0x2c46a54a,FUN_2c46a54a,74,30,1,2c46a54a_FUN_2c46a54a
0x2c46a598,FUN_2c46a598,10,5,1,2c46a598_FUN_2c46a598
0x2c46a5a4,FUN_2c46a5a4,24,9,1,2c46a5a4_FUN_2c46a5a4
0x2c46a5bc,FUN_2c46a5bc,54,25,1,2c46a5bc_FUN_2c46a5bc
0x2c46a5f4,FUN_2c46a5f4,78,33,1,2c46a5f4_FUN_2c46a5f4
0x2c46a644,FUN_2c46a644,58,24,1,2c46a644_FUN_2c46a644
0x2c46a680,FUN_2c46a680,5084,1882,1,2c46a680_FUN_2c46a680
0x2c46bbec,FUN_2c46bbec,58,24,1,2c46bbec_FUN_2c46bbec
0x2c46bc28,FUN_2c46bc28,46,17,1,2c46bc28_FUN_2c46bc28
0x2c46bc5c,FUN_2c46bc5c,18,8,1,2c46bc5c_FUN_2c46bc5c
0x2c46bc74,FUN_2c46bc74,472,185,1,2c46bc74_FUN_2c46bc74
0x2c46be90,FUN_2c46be90,34,15,1,2c46be90_FUN_2c46be90
0x2c46beb8,FUN_2c46beb8,234,93,1,2c46beb8_FUN_2c46beb8
0x2c46bfcc,FUN_2c46bfcc,20,7,1,2c46bfcc_FUN_2c46bfcc
0x2c46c002,FUN_2c46c002,294,114,1,2c46c002_FUN_2c46c002
0x2c46c188,FUN_2c46c188,38,15,1,2c46c188_FUN_2c46c188
0x2c46c1b4,FUN_2c46c1b4,362,138,1,2c46c1b4_FUN_2c46c1b4
0x2c46c344,FUN_2c46c344,258,100,1,2c46c344_FUN_2c46c344
0x2c46c464,FUN_2c46c464,26,9,1,2c46c464_FUN_2c46c464
0x2c46c480,FUN_2c46c480,26,9,1,2c46c480_FUN_2c46c480
0x2c46c49c,FUN_2c46c49c,26,9,1,2c46c49c_FUN_2c46c49c
0x2c46c4ba,FUN_2c46c4ba,32,15,1,2c46c4ba_FUN_2c46c4ba
0x2c46c4dc,FUN_2c46c4dc,44,20,1,2c46c4dc_FUN_2c46c4dc
0x2c46c508,FUN_2c46c508,10,5,1,2c46c508_FUN_2c46c508
0x2c46c514,FUN_2c46c514,40,20,1,2c46c514_FUN_2c46c514
0x2c46c546,FUN_2c46c546,50,23,1,2c46c546_FUN_2c46c546
0x2c46c580,FUN_2c46c580,74,31,1,2c46c580_FUN_2c46c580
0x2c46c5e8,FUN_2c46c5e8,52,21,1,2c46c5e8_FUN_2c46c5e8
0x2c46c644,FUN_2c46c644,32,14,1,2c46c644_FUN_2c46c644
0x2c46c66c,FUN_2c46c66c,134,52,1,2c46c66c_FUN_2c46c66c
0x2c46c6fc,FUN_2c46c6fc,38,16,1,2c46c6fc_FUN_2c46c6fc
0x2c46c72c,FUN_2c46c72c,50,17,1,2c46c72c_FUN_2c46c72c
0x2c46c768,FUN_2c46c768,100,42,1,2c46c768_FUN_2c46c768
0x2c46c7dc,FUN_2c46c7dc,74,31,1,2c46c7dc_FUN_2c46c7dc
0x2c46c830,FUN_2c46c830,82,35,1,2c46c830_FUN_2c46c830
0x2c46c8a0,FUN_2c46c8a0,42,18,1,2c46c8a0_FUN_2c46c8a0
0x2c46c8d8,FUN_2c46c8d8,14,5,1,2c46c8d8_FUN_2c46c8d8
0x2c46c8e0,FUN_2c46c8e0,52,22,1,2c46c8e0_FUN_2c46c8e0
0x2c46c95c,FUN_2c46c95c,112,43,1,2c46c95c_FUN_2c46c95c
0x2c46c9d8,FUN_2c46c9d8,18,8,1,2c46c9d8_FUN_2c46c9d8
0x2c46c9ec,FUN_2c46c9ec,8,3,1,2c46c9ec_FUN_2c46c9ec
0x2c46c9f4,FUN_2c46c9f4,192,73,1,2c46c9f4_FUN_2c46c9f4
0x2c46cabc,FUN_2c46cabc,56,23,1,2c46cabc_FUN_2c46cabc
0x2c46caf4,FUN_2c46caf4,126,51,1,2c46caf4_FUN_2c46caf4
0x2c46cb7a,FUN_2c46cb7a,22,8,1,2c46cb7a_FUN_2c46cb7a
0x2c46cb94,FUN_2c46cb94,68,29,1,2c46cb94_FUN_2c46cb94
0x2c46cc08,FUN_2c46cc08,182,68,1,2c46cc08_FUN_2c46cc08
0x2c46cd04,FUN_2c46cd04,70,29,1,2c46cd04_FUN_2c46cd04
0x2c46cd4c,FUN_2c46cd4c,104,41,1,2c46cd4c_FUN_2c46cd4c
0x2c46d048,FUN_2c46d048,474,185,1,2c46d048_FUN_2c46d048
0x2c46d320,FUN_2c46d320,110,47,1,2c46d320_FUN_2c46d320
0x2c46d93c,FUN_2c46d93c,14,5,1,2c46d93c_FUN_2c46d93c
0x2c46d954,FUN_2c46d954,10,4,1,2c46d954_FUN_2c46d954
0x2c46d960,FUN_2c46d960,10,4,1,2c46d960_FUN_2c46d960
0x2c46d96c,FUN_2c46d96c,10,4,1,2c46d96c_FUN_2c46d96c
0x2c46d980,FUN_2c46d980,10,4,1,2c46d980_FUN_2c46d980
0x2c46d98c,FUN_2c46d98c,64,25,1,2c46d98c_FUN_2c46d98c
0x2c46d9e8,FUN_2c46d9e8,22,9,1,2c46d9e8_FUN_2c46d9e8
0x2c46da06,FUN_2c46da06,126,46,1,2c46da06_FUN_2c46da06
0x2c46dab4,FUN_2c46dab4,18,8,1,2c46dab4_FUN_2c46dab4
0x2c46dacc,FUN_2c46dacc,18,8,1,2c46dacc_FUN_2c46dacc
0x2c46dae4,FUN_2c46dae4,26,11,1,2c46dae4_FUN_2c46dae4
0x2c46db04,FUN_2c46db04,20,9,1,2c46db04_FUN_2c46db04
0x2c46db28,FUN_2c46db28,16,5,1,2c46db28_FUN_2c46db28
0x2c46db38,FUN_2c46db38,4,2,1,2c46db38_FUN_2c46db38
0x2c46db64,FUN_2c46db64,4,2,1,2c46db64_FUN_2c46db64
0x2c46db90,FUN_2c46db90,4,2,1,2c46db90_FUN_2c46db90
0x2c46db98,FUN_2c46db98,58,22,1,2c46db98_FUN_2c46db98
0x2c46dc80,FUN_2c46dc80,206,80,1,2c46dc80_FUN_2c46dc80
0x2c46ddf8,FUN_2c46ddf8,24,8,1,2c46ddf8_FUN_2c46ddf8
0x2c46de74,FUN_2c46de74,4,2,1,2c46de74_FUN_2c46de74
0x2c46decc,FUN_2c46decc,76,34,1,2c46decc_FUN_2c46decc
0x2c46df20,FUN_2c46df20,28,11,1,2c46df20_FUN_2c46df20
0x2c46df44,FUN_2c46df44,220,82,1,2c46df44_FUN_2c46df44
0x2c46e028,FUN_2c46e028,92,34,1,2c46e028_FUN_2c46e028
0x2c46e150,FUN_2c46e150,28,10,1,2c46e150_FUN_2c46e150
0x2c46e188,FUN_2c46e188,46,15,1,2c46e188_FUN_2c46e188
0x2c46e1b8,FUN_2c46e1b8,46,15,1,2c46e1b8_FUN_2c46e1b8
0x2c46e1e8,FUN_2c46e1e8,252,97,1,2c46e1e8_FUN_2c46e1e8
0x2c46e204,FUN_2c46e204,46,15,1,2c46e204_FUN_2c46e204
0x2c46e34c,FUN_2c46e34c,28,11,1,2c46e34c_FUN_2c46e34c
0x2c46e37c,FUN_2c46e37c,26,10,1,2c46e37c_FUN_2c46e37c
0x2c46e3ac,FUN_2c46e3ac,26,10,1,2c46e3ac_FUN_2c46e3ac
0x2c46e3dc,FUN_2c46e3dc,40,18,1,2c46e3dc_FUN_2c46e3dc
0x2c46e420,FUN_2c46e420,28,11,1,2c46e420_FUN_2c46e420
0x2c46e450,FUN_2c46e450,28,11,1,2c46e450_FUN_2c46e450
0x2c46e480,FUN_2c46e480,28,11,1,2c46e480_FUN_2c46e480
0x2c46e4b0,FUN_2c46e4b0,24,10,1,2c46e4b0_FUN_2c46e4b0
0x2c46e508,FUN_2c46e508,92,35,1,2c46e508_FUN_2c46e508
0x2c46e784,FUN_2c46e784,28,11,1,2c46e784_FUN_2c46e784
0x2c46e7c8,FUN_2c46e7c8,30,12,1,2c46e7c8_FUN_2c46e7c8
0x2c46e80c,FUN_2c46e80c,20,7,1,2c46e80c_FUN_2c46e80c
0x2c46e820,FUN_2c46e820,112,41,1,2c46e820_FUN_2c46e820
0x2c46ee98,FUN_2c46ee98,30,12,1,2c46ee98_FUN_2c46ee98
0x2c46ef10,FUN_2c46ef10,52,20,1,2c46ef10_FUN_2c46ef10
0x2c46ef28,FUN_2c46ef28,128,43,1,2c46ef28_FUN_2c46ef28
0x2c46f018,FUN_2c46f018,66,22,1,2c46f018_FUN_2c46f018
0x2c46f060,FUN_2c46f060,24,10,1,2c46f060_FUN_2c46f060
0x2c46f0f4,FUN_2c46f0f4,18,7,1,2c46f0f4_FUN_2c46f0f4
0x2c46f108,FUN_2c46f108,18,7,1,2c46f108_FUN_2c46f108
0x2c46f11c,FUN_2c46f11c,48,21,1,2c46f11c_FUN_2c46f11c
0x2c46f160,FUN_2c46f160,84,33,1,2c46f160_FUN_2c46f160
0x2c46f1d8,FUN_2c46f1d8,24,9,1,2c46f1d8_FUN_2c46f1d8
0x2c46f1f0,FUN_2c46f1f0,18,7,1,2c46f1f0_FUN_2c46f1f0
0x2c46f204,FUN_2c46f204,68,26,1,2c46f204_FUN_2c46f204
0x2c46f250,FUN_2c46f250,18,7,1,2c46f250_FUN_2c46f250
0x2c46f264,FUN_2c46f264,70,26,1,2c46f264_FUN_2c46f264
0x2c46f2b4,FUN_2c46f2b4,20,7,1,2c46f2b4_FUN_2c46f2b4
0x2c46f2c8,FUN_2c46f2c8,20,7,1,2c46f2c8_FUN_2c46f2c8
0x2c46f2dc,FUN_2c46f2dc,32,13,1,2c46f2dc_FUN_2c46f2dc
0x2c46f384,FUN_2c46f384,22,8,1,2c46f384_FUN_2c46f384
0x2c46f3a0,FUN_2c46f3a0,22,8,1,2c46f3a0_FUN_2c46f3a0
0x2c46f3bc,FUN_2c46f3bc,34,14,1,2c46f3bc_FUN_2c46f3bc
0x2c46f420,FUN_2c46f420,72,29,1,2c46f420_FUN_2c46f420
0x2c46f4c8,FUN_2c46f4c8,60,23,1,2c46f4c8_FUN_2c46f4c8
0x2c46f518,FUN_2c46f518,26,10,1,2c46f518_FUN_2c46f518
0x2c46f554,FUN_2c46f554,26,10,1,2c46f554_FUN_2c46f554
0x2c46f590,FUN_2c46f590,48,17,1,2c46f590_FUN_2c46f590
0x2c46f5d8,FUN_2c46f5d8,34,11,1,2c46f5d8_FUN_2c46f5d8
0x2c46f5fc,FUN_2c46f5fc,38,12,1,2c46f5fc_FUN_2c46f5fc
0x2c46f624,FUN_2c46f624,42,15,1,2c46f624_FUN_2c46f624
0x2c46f688,FUN_2c46f688,40,15,1,2c46f688_FUN_2c46f688
0x2c46f6e8,FUN_2c46f6e8,32,13,1,2c46f6e8_FUN_2c46f6e8
0x2c46f7b4,FUN_2c46f7b4,72,29,1,2c46f7b4_FUN_2c46f7b4
0x2c46f800,FUN_2c46f800,74,30,1,2c46f800_FUN_2c46f800
0x2c46f850,FUN_2c46f850,72,27,1,2c46f850_FUN_2c46f850
0x2c46f8c8,FUN_2c46f8c8,36,13,1,2c46f8c8_FUN_2c46f8c8
0x2c46f8e8,FUN_2c46f8e8,46,18,1,2c46f8e8_FUN_2c46f8e8
0x2c46f93c,FUN_2c46f93c,32,13,1,2c46f93c_FUN_2c46f93c
0x2c46f9a4,FUN_2c46f9a4,100,39,1,2c46f9a4_FUN_2c46f9a4
0x2c46faac,FUN_2c46faac,26,10,1,2c46faac_FUN_2c46faac
0x2c46fae0,FUN_2c46fae0,136,49,1,2c46fae0_FUN_2c46fae0
0x2c46fc0c,FUN_2c46fc0c,14,4,1,2c46fc0c_FUN_2c46fc0c
0x2c46fc1c,FUN_2c46fc1c,30,11,1,2c46fc1c_FUN_2c46fc1c
0x2c46fd3c,FUN_2c46fd3c,94,36,1,2c46fd3c_FUN_2c46fd3c
0x2c46fdb0,FUN_2c46fdb0,226,75,1,2c46fdb0_FUN_2c46fdb0
0x2c46feb0,FUN_2c46feb0,158,60,1,2c46feb0_FUN_2c46feb0
0x2c46ffa0,FUN_2c46ffa0,138,53,1,2c46ffa0_FUN_2c46ffa0
0x2c470080,FUN_2c470080,48,18,1,2c470080_FUN_2c470080
0x2c4701cc,FUN_2c4701cc,56,22,1,2c4701cc_FUN_2c4701cc
0x2c47020c,FUN_2c47020c,56,22,1,2c47020c_FUN_2c47020c
0x2c470250,FUN_2c470250,26,10,1,2c470250_FUN_2c470250
0x2c47029e,FUN_2c47029e,42,16,1,2c47029e_FUN_2c47029e
0x2c4703b6,FUN_2c4703b6,114,42,1,2c4703b6_FUN_2c4703b6
0x2c470438,FUN_2c470438,26,10,1,2c470438_FUN_2c470438
0x2c4704d4,FUN_2c4704d4,34,14,1,2c4704d4_FUN_2c4704d4
0x2c470558,FUN_2c470558,26,10,1,2c470558_FUN_2c470558
0x2c47058c,FUN_2c47058c,26,10,1,2c47058c_FUN_2c47058c
0x2c4705c4,FUN_2c4705c4,26,10,1,2c4705c4_FUN_2c4705c4
0x2c4705fc,FUN_2c4705fc,66,23,1,2c4705fc_FUN_2c4705fc
0x2c470716,FUN_2c470716,270,110,1,2c470716_FUN_2c470716
0x2c470874,FUN_2c470874,58,23,1,2c470874_FUN_2c470874
0x2c4708c4,FUN_2c4708c4,58,23,1,2c4708c4_FUN_2c4708c4
0x2c470914,FUN_2c470914,44,18,1,2c470914_FUN_2c470914
0x2c47095c,FUN_2c47095c,108,40,1,2c47095c_FUN_2c47095c
0x2c470a1c,FUN_2c470a1c,28,11,1,2c470a1c_FUN_2c470a1c
0x2c470a8c,FUN_2c470a8c,32,13,1,2c470a8c_FUN_2c470a8c
0x2c470b00,FUN_2c470b00,28,11,1,2c470b00_FUN_2c470b00
0x2c470b4c,FUN_2c470b4c,26,10,1,2c470b4c_FUN_2c470b4c
0x2c470b98,FUN_2c470b98,28,11,1,2c470b98_FUN_2c470b98
0x2c470c50,FUN_2c470c50,26,10,1,2c470c50_FUN_2c470c50
0x2c470ca4,FUN_2c470ca4,28,11,1,2c470ca4_FUN_2c470ca4
0x2c470d14,FUN_2c470d14,74,28,1,2c470d14_FUN_2c470d14
0x2c470da4,FUN_2c470da4,30,11,1,2c470da4_FUN_2c470da4
0x2c470ee8,FUN_2c470ee8,30,12,1,2c470ee8_FUN_2c470ee8
0x2c471090,FUN_2c471090,38,15,1,2c471090_FUN_2c471090
0x2c4713d0,FUN_2c4713d0,32,13,1,2c4713d0_FUN_2c4713d0
0x2c4714a8,FUN_2c4714a8,38,14,1,2c4714a8_FUN_2c4714a8
0x2c471604,FUN_2c471604,26,11,1,2c471604_FUN_2c471604
0x2c471850,FUN_2c471850,26,11,1,2c471850_FUN_2c471850
0x2c47189c,FUN_2c47189c,34,14,1,2c47189c_FUN_2c47189c
0x2c47196c,FUN_2c47196c,1512,574,1,2c47196c_FUN_2c47196c
0x2c472088,FUN_2c472088,172,60,1,2c472088_FUN_2c472088
0x2c472134,FUN_2c472134,114,45,1,2c472134_FUN_2c472134
0x2c4721a8,FUN_2c4721a8,172,65,1,2c4721a8_FUN_2c4721a8
0x2c472278,FUN_2c472278,124,53,1,2c472278_FUN_2c472278
0x2c47231c,FUN_2c47231c,92,37,1,2c47231c_FUN_2c47231c
0x2c4723c4,FUN_2c4723c4,100,42,1,2c4723c4_FUN_2c4723c4
0x2c47245c,FUN_2c47245c,142,53,1,2c47245c_FUN_2c47245c
0x2c47266c,FUN_2c47266c,8,3,1,2c47266c_FUN_2c47266c
0x2c472680,FUN_2c472680,76,30,1,2c472680_FUN_2c472680
0x2c4726f0,FUN_2c4726f0,8,3,1,2c4726f0_FUN_2c4726f0
0x2c4726f8,FUN_2c4726f8,182,74,1,2c4726f8_FUN_2c4726f8
0x2c4727cc,FUN_2c4727cc,64,24,1,2c4727cc_FUN_2c4727cc
0x2c47282c,FUN_2c47282c,84,32,1,2c47282c_FUN_2c47282c
0x2c4728e8,FUN_2c4728e8,148,54,1,2c4728e8_FUN_2c4728e8
0x2c472a14,FUN_2c472a14,64,24,1,2c472a14_FUN_2c472a14
0x2c472a74,FUN_2c472a74,736,260,1,2c472a74_FUN_2c472a74
0x2c472dbc,FUN_2c472dbc,100,36,1,2c472dbc_FUN_2c472dbc
0x2c472e28,FUN_2c472e28,126,44,1,2c472e28_FUN_2c472e28
0x2c472eb0,FUN_2c472eb0,34,16,1,2c472eb0_FUN_2c472eb0
0x2c472ee0,FUN_2c472ee0,14,5,1,2c472ee0_FUN_2c472ee0
0x2c472ef8,FUN_2c472ef8,176,65,1,2c472ef8_FUN_2c472ef8
0x2c472fb4,FUN_2c472fb4,154,57,1,2c472fb4_FUN_2c472fb4
0x2c4730f4,FUN_2c4730f4,128,48,1,2c4730f4_FUN_2c4730f4
0x2c473180,FUN_2c473180,78,30,1,2c473180_FUN_2c473180
0x2c4731dc,FUN_2c4731dc,12,4,1,2c4731dc_FUN_2c4731dc
0x2c4731e8,FUN_2c4731e8,100,39,1,2c4731e8_FUN_2c4731e8
0x2c47325c,FUN_2c47325c,64,22,1,2c47325c_FUN_2c47325c
0x2c4732a0,FUN_2c4732a0,28,10,1,2c4732a0_FUN_2c4732a0
0x2c4732c0,FUN_2c4732c0,6,2,1,2c4732c0_FUN_2c4732c0
0x2c4732c8,FUN_2c4732c8,198,77,1,2c4732c8_FUN_2c4732c8
0x2c473300,FUN_2c473300,320,125,1,2c473300_FUN_2c473300
0x2c473450,FUN_2c473450,228,83,1,2c473450_FUN_2c473450
0x2c473544,FUN_2c473544,298,111,1,2c473544_FUN_2c473544
0x2c473678,FUN_2c473678,164,59,1,2c473678_FUN_2c473678
0x2c473732,FUN_2c473732,20,9,1,2c473732_FUN_2c473732
0x2c473748,FUN_2c473748,150,54,1,2c473748_FUN_2c473748
0x2c4737f6,FUN_2c4737f6,20,9,1,2c4737f6_FUN_2c4737f6
0x2c47380c,FUN_2c47380c,100,42,1,2c47380c_FUN_2c47380c
0x2c473878,FUN_2c473878,26,11,1,2c473878_FUN_2c473878
0x2c473886,FUN_2c473886,20,9,1,2c473886_FUN_2c473886
0x2c47389c,FUN_2c47389c,102,43,1,2c47389c_FUN_2c47389c
0x2c473918,FUN_2c473918,24,11,1,2c473918_FUN_2c473918
0x2c473930,FUN_2c473930,94,39,1,2c473930_FUN_2c473930
0x2c4739a6,FUN_2c4739a6,20,9,1,2c4739a6_FUN_2c4739a6
0x2c4739bc,FUN_2c4739bc,144,53,1,2c4739bc_FUN_2c4739bc
0x2c473a54,FUN_2c473a54,138,50,1,2c473a54_FUN_2c473a54
0x2c473af6,FUN_2c473af6,20,9,1,2c473af6_FUN_2c473af6
0x2c473b0c,FUN_2c473b0c,82,33,1,2c473b0c_FUN_2c473b0c
0x2c473b76,FUN_2c473b76,20,9,1,2c473b76_FUN_2c473b76
0x2c473b8c,FUN_2c473b8c,82,33,1,2c473b8c_FUN_2c473b8c
0x2c473be8,FUN_2c473be8,194,71,1,2c473be8_FUN_2c473be8
0x2c473cb4,FUN_2c473cb4,26,11,1,2c473cb4_FUN_2c473cb4
0x2c473cc0,FUN_2c473cc0,24,11,1,2c473cc0_FUN_2c473cc0
0x2c473cd8,FUN_2c473cd8,106,42,1,2c473cd8_FUN_2c473cd8
0x2c473d5a,FUN_2c473d5a,20,9,1,2c473d5a_FUN_2c473d5a
0x2c473d70,FUN_2c473d70,166,61,1,2c473d70_FUN_2c473d70
0x2c473e2e,FUN_2c473e2e,20,9,1,2c473e2e_FUN_2c473e2e
0x2c473e44,FUN_2c473e44,230,88,1,2c473e44_FUN_2c473e44
0x2c473f34,FUN_2c473f34,26,11,1,2c473f34_FUN_2c473f34
0x2c473f40,FUN_2c473f40,24,11,1,2c473f40_FUN_2c473f40
0x2c473f66,FUN_2c473f66,20,9,1,2c473f66_FUN_2c473f66
0x2c473f8c,FUN_2c473f8c,16,6,1,2c473f8c_FUN_2c473f8c
0x2c473fa8,FUN_2c473fa8,92,35,1,2c473fa8_FUN_2c473fa8
0x2c474018,FUN_2c474018,144,52,1,2c474018_FUN_2c474018
0x2c4740bc,FUN_2c4740bc,602,218,1,2c4740bc_FUN_2c4740bc
0x2c474338,FUN_2c474338,232,81,1,2c474338_FUN_2c474338
0x2c474420,FUN_2c474420,522,209,1,2c474420_FUN_2c474420
0x2c474654,FUN_2c474654,1238,486,0,2c474654_FUN_2c474654
0x2c474ba8,FUN_2c474ba8,1110,422,1,2c474ba8_FUN_2c474ba8
0x2c475040,FUN_2c475040,1622,612,1,2c475040_FUN_2c475040
0x2c47573c,FUN_2c47573c,422,176,1,2c47573c_FUN_2c47573c
0x2c4758f8,FUN_2c4758f8,3092,1133,1,2c4758f8_FUN_2c4758f8
0x2c4765f0,FUN_2c4765f0,652,263,1,2c4765f0_FUN_2c4765f0
0x2c4768c8,FUN_2c4768c8,8,3,1,2c4768c8_FUN_2c4768c8
0x2c4768f4,FUN_2c4768f4,64,25,1,2c4768f4_FUN_2c4768f4
0x2c476924,FUN_2c476924,64,25,1,2c476924_FUN_2c476924
0x2c476968,FUN_2c476968,34,14,1,2c476968_FUN_2c476968
0x2c47699c,FUN_2c47699c,530,197,1,2c47699c_FUN_2c47699c
0x2c4769cc,FUN_2c4769cc,30,12,1,2c4769cc_FUN_2c4769cc
0x2c476a48,FUN_2c476a48,8,3,1,2c476a48_FUN_2c476a48
0x2c476a54,FUN_2c476a54,30,12,1,2c476a54_FUN_2c476a54
0x2c476a84,FUN_2c476a84,30,12,1,2c476a84_FUN_2c476a84
0x2c476ac8,FUN_2c476ac8,34,14,1,2c476ac8_FUN_2c476ac8
0x2c476b28,FUN_2c476b28,30,12,1,2c476b28_FUN_2c476b28
0x2c476b58,FUN_2c476b58,30,12,1,2c476b58_FUN_2c476b58
0x2c476bd0,FUN_2c476bd0,18,8,1,2c476bd0_FUN_2c476bd0
0x2c476d00,FUN_2c476d00,30,12,1,2c476d00_FUN_2c476d00
0x2c476d30,FUN_2c476d30,30,12,1,2c476d30_FUN_2c476d30
0x2c476da8,FUN_2c476da8,30,12,1,2c476da8_FUN_2c476da8
0x2c476dd8,FUN_2c476dd8,30,12,1,2c476dd8_FUN_2c476dd8
0x2c476e1c,FUN_2c476e1c,34,14,1,2c476e1c_FUN_2c476e1c
0x2c476e50,FUN_2c476e50,30,12,1,2c476e50_FUN_2c476e50
0x2c476e80,FUN_2c476e80,30,12,1,2c476e80_FUN_2c476e80
0x2c476ef8,FUN_2c476ef8,30,12,1,2c476ef8_FUN_2c476ef8
0x2c476f28,FUN_2c476f28,30,12,1,2c476f28_FUN_2c476f28
0x2c476fe8,FUN_2c476fe8,32,12,1,2c476fe8_FUN_2c476fe8
0x2c477018,FUN_2c477018,32,12,1,2c477018_FUN_2c477018
0x2c477090,FUN_2c477090,32,12,1,2c477090_FUN_2c477090
0x2c4770c0,FUN_2c4770c0,32,12,1,2c4770c0_FUN_2c4770c0
0x2c47713c,FUN_2c47713c,30,12,1,2c47713c_FUN_2c47713c
0x2c47716c,FUN_2c47716c,30,12,1,2c47716c_FUN_2c47716c
0x2c4771e4,FUN_2c4771e4,30,12,1,2c4771e4_FUN_2c4771e4
0x2c477214,FUN_2c477214,30,12,1,2c477214_FUN_2c477214
0x2c4772c8,FUN_2c4772c8,50,18,1,2c4772c8_FUN_2c4772c8
0x2c477300,FUN_2c477300,24,10,1,2c477300_FUN_2c477300
0x2c477330,FUN_2c477330,148,55,1,2c477330_FUN_2c477330
0x2c477508,FUN_2c477508,38,16,1,2c477508_FUN_2c477508
0x2c477678,FUN_2c477678,84,31,1,2c477678_FUN_2c477678
0x2c4778e8,FUN_2c4778e8,118,45,1,2c4778e8_FUN_2c4778e8
0x2c47792c,FUN_2c47792c,124,51,1,2c47792c_FUN_2c47792c
0x2c4779f0,FUN_2c4779f0,40,16,1,2c4779f0_FUN_2c4779f0
0x2c477b28,FUN_2c477b28,166,67,1,2c477b28_FUN_2c477b28
0x2c477bf0,FUN_2c477bf0,30,13,1,2c477bf0_FUN_2c477bf0
0x2c477dc8,FUN_2c477dc8,26,10,1,2c477dc8_FUN_2c477dc8
0x2c477e24,FUN_2c477e24,36,14,1,2c477e24_FUN_2c477e24
0x2c477e98,FUN_2c477e98,88,32,1,2c477e98_FUN_2c477e98
0x2c4784f4,FUN_2c4784f4,146,60,1,2c4784f4_FUN_2c4784f4
0x2c478604,FUN_2c478604,82,27,1,2c478604_FUN_2c478604
0x2c4786ac,FUN_2c4786ac,30,12,1,2c4786ac_FUN_2c4786ac
0x2c478700,FUN_2c478700,30,12,1,2c478700_FUN_2c478700
0x2c478744,FUN_2c478744,18,8,1,2c478744_FUN_2c478744
0x2c478772,FUN_2c478772,136,44,1,2c478772_FUN_2c478772
0x2c47879c,FUN_2c47879c,24,10,1,2c47879c_FUN_2c47879c
0x2c4787b8,FUN_2c4787b8,44,18,1,2c4787b8_FUN_2c4787b8
0x2c4788a4,FUN_2c4788a4,76,29,1,2c4788a4_FUN_2c4788a4
0x2c478908,FUN_2c478908,14,6,1,2c478908_FUN_2c478908
0x2c478934,FUN_2c478934,44,18,1,2c478934_FUN_2c478934
0x2c4789b2,FUN_2c4789b2,44,16,1,2c4789b2_FUN_2c4789b2
0x2c4789e0,FUN_2c4789e0,44,14,1,2c4789e0_FUN_2c4789e0
0x2c478a3c,FUN_2c478a3c,28,12,1,2c478a3c_FUN_2c478a3c
0x2c478a5c,FUN_2c478a5c,28,12,1,2c478a5c_FUN_2c478a5c
0x2c478a7c,FUN_2c478a7c,26,10,1,2c478a7c_FUN_2c478a7c
0x2c478a90,FUN_2c478a90,80,32,1,2c478a90_FUN_2c478a90
0x2c478b2e,FUN_2c478b2e,56,23,1,2c478b2e_FUN_2c478b2e
0x2c478b68,FUN_2c478b68,4,2,1,2c478b68_FUN_2c478b68
0x2c478b98,FUN_2c478b98,34,15,1,2c478b98_FUN_2c478b98
0x2c478bc8,FUN_2c478bc8,130,51,1,2c478bc8_FUN_2c478bc8
0x2c478c64,FUN_2c478c64,128,50,1,2c478c64_FUN_2c478c64
0x2c478cfc,FUN_2c478cfc,28,12,1,2c478cfc_FUN_2c478cfc
0x2c478d24,FUN_2c478d24,74,31,1,2c478d24_FUN_2c478d24
0x2c478dd8,FUN_2c478dd8,42,18,1,2c478dd8_FUN_2c478dd8
0x2c478e24,FUN_2c478e24,84,33,1,2c478e24_FUN_2c478e24
0x2c478f58,FUN_2c478f58,22,8,1,2c478f58_FUN_2c478f58
0x2c478f70,FUN_2c478f70,20,7,1,2c478f70_FUN_2c478f70
0x2c478f84,FUN_2c478f84,26,11,1,2c478f84_FUN_2c478f84
0x2c479030,FUN_2c479030,32,14,1,2c479030_FUN_2c479030
0x2c4790b0,FUN_2c4790b0,26,10,1,2c4790b0_FUN_2c4790b0
0x2c4790e6,FUN_2c4790e6,164,56,1,2c4790e6_FUN_2c4790e6
0x2c47919a,FUN_2c47919a,162,58,1,2c47919a_FUN_2c47919a
0x2c479248,FUN_2c479248,1192,421,1,2c479248_FUN_2c479248
0x2c479518,FUN_2c479518,112,43,1,2c479518_FUN_2c479518
0x2c4795b4,FUN_2c4795b4,146,51,1,2c4795b4_FUN_2c4795b4
0x2c479650,FUN_2c479650,158,54,1,2c479650_FUN_2c479650
0x2c479708,FUN_2c479708,462,170,1,2c479708_FUN_2c479708
0x2c4798e4,FUN_2c4798e4,76,27,1,2c4798e4_FUN_2c4798e4
0x2c479998,FUN_2c479998,28,11,1,2c479998_FUN_2c479998
0x2c479a32,FUN_2c479a32,70,24,1,2c479a32_FUN_2c479a32
0x2c479a90,FUN_2c479a90,466,189,1,2c479a90_FUN_2c479a90
0x2c479ae8,FUN_2c479ae8,430,159,1,2c479ae8_FUN_2c479ae8
0x2c479da0,FUN_2c479da0,28,12,1,2c479da0_FUN_2c479da0
0x2c479e52,FUN_2c479e52,82,33,1,2c479e52_FUN_2c479e52
0x2c479ed6,FUN_2c479ed6,42,19,1,2c479ed6_FUN_2c479ed6
0x2c479f14,FUN_2c479f14,66,29,1,2c479f14_FUN_2c479f14
0x2c47a188,FUN_2c47a188,30,12,1,2c47a188_FUN_2c47a188
0x2c47a1d0,FUN_2c47a1d0,30,12,1,2c47a1d0_FUN_2c47a1d0
0x2c47a218,FUN_2c47a218,230,88,1,2c47a218_FUN_2c47a218
0x2c47a2b8,FUN_2c47a2b8,168,63,1,2c47a2b8_FUN_2c47a2b8
0x2c47a370,FUN_2c47a370,40,14,1,2c47a370_FUN_2c47a370
0x2c47a418,FUN_2c47a418,28,12,1,2c47a418_FUN_2c47a418
0x2c47a4f8,FUN_2c47a4f8,128,51,1,2c47a4f8_FUN_2c47a4f8
0x2c47a63c,FUN_2c47a63c,6,3,1,2c47a63c_FUN_2c47a63c
0x2c47a654,FUN_2c47a654,24,10,1,2c47a654_FUN_2c47a654
0x2c47a698,FUN_2c47a698,240,92,1,2c47a698_FUN_2c47a698
0x2c47a798,FUN_2c47a798,114,41,1,2c47a798_FUN_2c47a798
0x2c47a7ac,FUN_2c47a7ac,48,22,1,2c47a7ac_FUN_2c47a7ac
0x2c47a7f4,FUN_2c47a7f4,48,19,1,2c47a7f4_FUN_2c47a7f4
0x2c47a8a0,FUN_2c47a8a0,120,49,1,2c47a8a0_FUN_2c47a8a0
0x2c47a92c,FUN_2c47a92c,76,31,1,2c47a92c_FUN_2c47a92c
0x2c47a9e4,FUN_2c47a9e4,66,27,1,2c47a9e4_FUN_2c47a9e4
0x2c47aa48,FUN_2c47aa48,62,25,1,2c47aa48_FUN_2c47aa48
0x2c47ab40,FUN_2c47ab40,74,30,1,2c47ab40_FUN_2c47ab40
0x2c47ab98,FUN_2c47ab98,94,34,1,2c47ab98_FUN_2c47ab98
0x2c47af88,FUN_2c47af88,62,25,1,2c47af88_FUN_2c47af88
0x2c47afd0,FUN_2c47afd0,46,19,1,2c47afd0_FUN_2c47afd0
0x2c47b1f0,FUN_2c47b1f0,40,16,1,2c47b1f0_FUN_2c47b1f0
0x2c47b3c8,FUN_2c47b3c8,270,104,1,2c47b3c8_FUN_2c47b3c8
0x2c47b512,FUN_2c47b512,120,41,1,2c47b512_FUN_2c47b512
0x2c47b5ce,FUN_2c47b5ce,52,17,1,2c47b5ce_FUN_2c47b5ce
0x2c47b620,FUN_2c47b620,26,10,1,2c47b620_FUN_2c47b620
0x2c47b65c,FUN_2c47b65c,26,10,1,2c47b65c_FUN_2c47b65c
0x2c47b69a,FUN_2c47b69a,98,36,1,2c47b69a_FUN_2c47b69a
0x2c47b71e,FUN_2c47b71e,66,24,1,2c47b71e_FUN_2c47b71e
0x2c47b796,FUN_2c47b796,66,24,1,2c47b796_FUN_2c47b796
0x2c47b7fa,FUN_2c47b7fa,132,46,1,2c47b7fa_FUN_2c47b7fa
0x2c47b888,FUN_2c47b888,88,35,1,2c47b888_FUN_2c47b888
0x2c47b912,FUN_2c47b912,28,11,1,2c47b912_FUN_2c47b912
0x2c47b95a,FUN_2c47b95a,20,9,1,2c47b95a_FUN_2c47b95a
0x2c47b98e,FUN_2c47b98e,152,61,1,2c47b98e_FUN_2c47b98e
0x2c47ba3e,FUN_2c47ba3e,78,30,1,2c47ba3e_FUN_2c47ba3e
0x2c47bba8,FUN_2c47bba8,6,3,1,2c47bba8_FUN_2c47bba8
0x2c47bbb4,FUN_2c47bbb4,6,3,1,2c47bbb4_FUN_2c47bbb4
0x2c47bbc0,FUN_2c47bbc0,92,35,1,2c47bbc0_FUN_2c47bbc0
0x2c47bc30,FUN_2c47bc30,70,26,1,2c47bc30_FUN_2c47bc30
0x2c47bc8c,FUN_2c47bc8c,12,5,1,2c47bc8c_FUN_2c47bc8c
0x2c47bcb6,FUN_2c47bcb6,64,26,1,2c47bcb6_FUN_2c47bcb6
0x2c47bd44,FUN_2c47bd44,26,10,1,2c47bd44_FUN_2c47bd44
0x2c47bdf4,FUN_2c47bdf4,1072,407,1,2c47bdf4_FUN_2c47bdf4
0x2c47c284,FUN_2c47c284,336,126,1,2c47c284_FUN_2c47c284
0x2c47c43a,FUN_2c47c43a,92,31,1,2c47c43a_FUN_2c47c43a
0x2c47c4c8,FUN_2c47c4c8,6,3,1,2c47c4c8_FUN_2c47c4c8
0x2c47c4e0,FUN_2c47c4e0,6,3,1,2c47c4e0_FUN_2c47c4e0
0x2c47c4ec,FUN_2c47c4ec,28,11,1,2c47c4ec_FUN_2c47c4ec
0x2c47c54c,FUN_2c47c54c,6,3,1,2c47c54c_FUN_2c47c54c
0x2c47c558,FUN_2c47c558,68,27,1,2c47c558_FUN_2c47c558
0x2c47c63c,FUN_2c47c63c,68,27,1,2c47c63c_FUN_2c47c63c
0x2c47c754,FUN_2c47c754,340,140,1,2c47c754_FUN_2c47c754
0x2c47c928,FUN_2c47c928,40,16,1,2c47c928_FUN_2c47c928
0x2c47ca60,FUN_2c47ca60,30,12,1,2c47ca60_FUN_2c47ca60
0x2c47cac8,FUN_2c47cac8,30,12,1,2c47cac8_FUN_2c47cac8
0x2c47cb26,FUN_2c47cb26,26,10,1,2c47cb26_FUN_2c47cb26
0x2c47cb44,FUN_2c47cb44,68,26,1,2c47cb44_FUN_2c47cb44
0x2c47cb90,FUN_2c47cb90,96,35,1,2c47cb90_FUN_2c47cb90
0x2c47cc58,FUN_2c47cc58,36,16,1,2c47cc58_FUN_2c47cc58
0x2c47cdc8,FUN_2c47cdc8,68,29,1,2c47cdc8_FUN_2c47cdc8
0x2c47ce30,FUN_2c47ce30,224,91,1,2c47ce30_FUN_2c47ce30
0x2c47cf18,FUN_2c47cf18,290,110,1,2c47cf18_FUN_2c47cf18
0x2c47d068,FUN_2c47d068,188,75,1,2c47d068_FUN_2c47d068
0x2c47d1ec,FUN_2c47d1ec,40,20,1,2c47d1ec_FUN_2c47d1ec
0x2c47d220,FUN_2c47d220,266,114,1,2c47d220_FUN_2c47d220
0x2c47d590,FUN_2c47d590,128,53,1,2c47d590_FUN_2c47d590
0x2c47d660,FUN_2c47d660,42,17,1,2c47d660_FUN_2c47d660
0x2c47d720,FUN_2c47d720,228,89,1,2c47d720_FUN_2c47d720
0x2c47d818,FUN_2c47d818,36,14,1,2c47d818_FUN_2c47d818
0x2c47d954,FUN_2c47d954,74,28,1,2c47d954_FUN_2c47d954
0x2c47dc10,FUN_2c47dc10,94,37,1,2c47dc10_FUN_2c47dc10
0x2c47dea4,FUN_2c47dea4,28,14,1,2c47dea4_FUN_2c47dea4
0x2c47decc,FUN_2c47decc,352,127,1,2c47decc_FUN_2c47decc
0x2c47e1b8,FUN_2c47e1b8,52,26,1,2c47e1b8_FUN_2c47e1b8
0x2c47e53c,FUN_2c47e53c,60,24,1,2c47e53c_FUN_2c47e53c
0x2c47e560,FUN_2c47e560,12,6,1,2c47e560_FUN_2c47e560
0x2c47e5bc,FUN_2c47e5bc,40,16,1,2c47e5bc_FUN_2c47e5bc
0x2c47e60c,FUN_2c47e60c,62,23,1,2c47e60c_FUN_2c47e60c
0x2c47ea18,FUN_2c47ea18,348,139,1,2c47ea18_FUN_2c47ea18
0x2c47eb80,FUN_2c47eb80,164,62,1,2c47eb80_FUN_2c47eb80
0x2c47ec24,FUN_2c47ec24,250,77,1,2c47ec24_FUN_2c47ec24
0x2c47ed20,FUN_2c47ed20,162,65,1,2c47ed20_FUN_2c47ed20
0x2c47ede8,FUN_2c47ede8,170,56,1,2c47ede8_FUN_2c47ede8
0x2c47ee9c,FUN_2c47ee9c,632,201,1,2c47ee9c_FUN_2c47ee9c
0x2c47f118,FUN_2c47f118,452,152,1,2c47f118_FUN_2c47f118
0x2c47f2e0,FUN_2c47f2e0,36,13,1,2c47f2e0_FUN_2c47f2e0
0x2c47f304,FUN_2c47f304,110,37,1,2c47f304_FUN_2c47f304
0x2c47f374,FUN_2c47f374,152,50,1,2c47f374_FUN_2c47f374
0x2c47f410,FUN_2c47f410,28,13,1,2c47f410_FUN_2c47f410
0x2c47f470,FUN_2c47f470,28,13,1,2c47f470_FUN_2c47f470
0x2c47f4d0,FUN_2c47f4d0,130,52,1,2c47f4d0_FUN_2c47f4d0
0x2c47f554,FUN_2c47f554,152,52,1,2c47f554_FUN_2c47f554
0x2c47f5f0,FUN_2c47f5f0,216,80,1,2c47f5f0_FUN_2c47f5f0
0x2c47f6cc,FUN_2c47f6cc,88,37,1,2c47f6cc_FUN_2c47f6cc
0x2c47f728,FUN_2c47f728,112,42,1,2c47f728_FUN_2c47f728
0x2c47f79e,FUN_2c47f79e,84,33,1,2c47f79e_FUN_2c47f79e
0x2c47f7f4,FUN_2c47f7f4,244,90,1,2c47f7f4_FUN_2c47f7f4
0x2c47f8f0,FUN_2c47f8f0,590,215,1,2c47f8f0_FUN_2c47f8f0
0x2c47fb4c,FUN_2c47fb4c,106,35,1,2c47fb4c_FUN_2c47fb4c
0x2c47fbb8,FUN_2c47fbb8,94,33,1,2c47fbb8_FUN_2c47fbb8
0x2c47fc18,FUN_2c47fc18,654,257,1,2c47fc18_FUN_2c47fc18
0x2c47feac,FUN_2c47feac,138,53,1,2c47feac_FUN_2c47feac
0x2c47ff3c,FUN_2c47ff3c,368,152,1,2c47ff3c_FUN_2c47ff3c
0x2c4800b0,FUN_2c4800b0,486,200,1,2c4800b0_FUN_2c4800b0
0x2c48029c,FUN_2c48029c,758,292,1,2c48029c_FUN_2c48029c
0x2c480598,FUN_2c480598,558,219,1,2c480598_FUN_2c480598
0x2c4807e0,FUN_2c4807e0,396,145,1,2c4807e0_FUN_2c4807e0
0x2c480970,FUN_2c480970,298,112,1,2c480970_FUN_2c480970
0x2c480ae0,FUN_2c480ae0,46,18,1,2c480ae0_FUN_2c480ae0
0x2c480bfc,FUN_2c480bfc,46,19,1,2c480bfc_FUN_2c480bfc
0x2c480e14,FUN_2c480e14,22,9,1,2c480e14_FUN_2c480e14
0x2c480ef0,FUN_2c480ef0,48,19,1,2c480ef0_FUN_2c480ef0
0x2c480f3e,FUN_2c480f3e,8,4,1,2c480f3e_FUN_2c480f3e
0x2c480f64,FUN_2c480f64,60,24,1,2c480f64_FUN_2c480f64
0x2c480fc4,FUN_2c480fc4,40,15,1,2c480fc4_FUN_2c480fc4
0x2c481028,FUN_2c481028,84,30,1,2c481028_FUN_2c481028
0x2c481084,FUN_2c481084,28,11,1,2c481084_FUN_2c481084
0x2c481104,FUN_2c481104,36,14,1,2c481104_FUN_2c481104
0x2c481234,FUN_2c481234,36,14,1,2c481234_FUN_2c481234
0x2c481344,FUN_2c481344,120,46,1,2c481344_FUN_2c481344
0x2c4813e4,FUN_2c4813e4,156,56,1,2c4813e4_FUN_2c4813e4
0x2c4814a8,FUN_2c4814a8,44,17,1,2c4814a8_FUN_2c4814a8
0x2c481604,FUN_2c481604,30,12,1,2c481604_FUN_2c481604
0x2c4816a0,FUN_2c4816a0,114,42,1,2c4816a0_FUN_2c4816a0
0x2c481b2c,FUN_2c481b2c,34,14,1,2c481b2c_FUN_2c481b2c
0x2c481b88,FUN_2c481b88,34,14,1,2c481b88_FUN_2c481b88
0x2c481be0,FUN_2c481be0,42,18,1,2c481be0_FUN_2c481be0
0x2c481c6c,FUN_2c481c6c,102,41,1,2c481c6c_FUN_2c481c6c
0x2c481cd4,FUN_2c481cd4,36,15,1,2c481cd4_FUN_2c481cd4
0x2c481da0,FUN_2c481da0,34,14,1,2c481da0_FUN_2c481da0
0x2c481f28,FUN_2c481f28,46,20,1,2c481f28_FUN_2c481f28
0x2c482048,FUN_2c482048,24,10,1,2c482048_FUN_2c482048
0x2c48207c,FUN_2c48207c,28,12,1,2c48207c_FUN_2c48207c
0x2c4820d8,FUN_2c4820d8,28,12,1,2c4820d8_FUN_2c4820d8
0x2c482110,FUN_2c482110,24,10,1,2c482110_FUN_2c482110
0x2c482148,FUN_2c482148,30,14,1,2c482148_FUN_2c482148
0x2c482174,FUN_2c482174,36,16,1,2c482174_FUN_2c482174
0x2c4821e4,FUN_2c4821e4,34,14,1,2c4821e4_FUN_2c4821e4
0x2c482274,FUN_2c482274,46,19,1,2c482274_FUN_2c482274
0x2c4823bc,FUN_2c4823bc,42,15,1,2c4823bc_FUN_2c4823bc
0x2c482468,FUN_2c482468,44,19,1,2c482468_FUN_2c482468
0x2c482538,FUN_2c482538,28,11,1,2c482538_FUN_2c482538
0x2c48255c,FUN_2c48255c,28,12,1,2c48255c_FUN_2c48255c
0x2c4825cc,FUN_2c4825cc,26,11,1,2c4825cc_FUN_2c4825cc
0x2c482634,FUN_2c482634,40,16,1,2c482634_FUN_2c482634
0x2c482740,FUN_2c482740,30,11,1,2c482740_FUN_2c482740
0x2c4828e8,FUN_2c4828e8,26,11,1,2c4828e8_FUN_2c4828e8
0x2c4829e0,FUN_2c4829e0,16,7,1,2c4829e0_FUN_2c4829e0
0x2c4829f4,FUN_2c4829f4,40,16,1,2c4829f4_FUN_2c4829f4
0x2c482a88,FUN_2c482a88,16,7,1,2c482a88_FUN_2c482a88
0x2c482a9c,FUN_2c482a9c,26,11,1,2c482a9c_FUN_2c482a9c
0x2c482ab8,FUN_2c482ab8,6,3,1,2c482ab8_FUN_2c482ab8
0x2c482ac4,FUN_2c482ac4,32,14,1,2c482ac4_FUN_2c482ac4
0x2c482bb8,FUN_2c482bb8,40,18,1,2c482bb8_FUN_2c482bb8
0x2c482c0c,FUN_2c482c0c,6,3,1,2c482c0c_FUN_2c482c0c
0x2c482c18,FUN_2c482c18,34,15,1,2c482c18_FUN_2c482c18
0x2c482c58,FUN_2c482c58,14,5,1,2c482c58_FUN_2c482c58
0x2c482c68,FUN_2c482c68,20,8,1,2c482c68_FUN_2c482c68
0x2c482c7c,FUN_2c482c7c,76,31,1,2c482c7c_FUN_2c482c7c
0x2c482d1c,FUN_2c482d1c,42,18,1,2c482d1c_FUN_2c482d1c
0x2c482e32,FUN_2c482e32,44,17,1,2c482e32_FUN_2c482e32
0x2c482e68,FUN_2c482e68,36,16,1,2c482e68_FUN_2c482e68
0x2c482eb0,FUN_2c482eb0,4,2,1,2c482eb0_FUN_2c482eb0
0x2c482ed8,FUN_2c482ed8,28,12,1,2c482ed8_FUN_2c482ed8
0x2c482f34,FUN_2c482f34,30,12,1,2c482f34_FUN_2c482f34
0x2c482fc8,FUN_2c482fc8,6,3,1,2c482fc8_FUN_2c482fc8
0x2c482fd4,FUN_2c482fd4,36,14,1,2c482fd4_FUN_2c482fd4
0x2c483138,FUN_2c483138,32,13,1,2c483138_FUN_2c483138
0x2c4832d0,FUN_2c4832d0,26,11,1,2c4832d0_FUN_2c4832d0
0x2c4832f0,FUN_2c4832f0,26,11,1,2c4832f0_FUN_2c4832f0
0x2c483310,FUN_2c483310,26,11,1,2c483310_FUN_2c483310
0x2c483340,FUN_2c483340,28,14,1,2c483340_FUN_2c483340
0x2c483364,FUN_2c483364,26,11,1,2c483364_FUN_2c483364
0x2c4833b4,FUN_2c4833b4,148,59,1,2c4833b4_FUN_2c4833b4
0x2c4834b6,FUN_2c4834b6,160,71,1,2c4834b6_FUN_2c4834b6
0x2c483590,FUN_2c483590,24,9,1,2c483590_FUN_2c483590
0x2c4835c4,FUN_2c4835c4,24,8,1,2c4835c4_FUN_2c4835c4
0x2c4835dc,FUN_2c4835dc,38,15,1,2c4835dc_FUN_2c4835dc
0x2c483640,FUN_2c483640,92,36,1,2c483640_FUN_2c483640
0x2c4836ac,FUN_2c4836ac,80,28,1,2c4836ac_FUN_2c4836ac
0x2c483704,FUN_2c483704,92,29,1,2c483704_FUN_2c483704
0x2c483764,FUN_2c483764,56,26,1,2c483764_FUN_2c483764
0x2c483894,FUN_2c483894,50,21,1,2c483894_FUN_2c483894
0x2c483968,FUN_2c483968,56,23,1,2c483968_FUN_2c483968
0x2c4839d4,FUN_2c4839d4,26,9,1,2c4839d4_FUN_2c4839d4
0x2c4839f0,FUN_2c4839f0,26,9,1,2c4839f0_FUN_2c4839f0
0x2c483a0c,FUN_2c483a0c,26,9,1,2c483a0c_FUN_2c483a0c
0x2c483a28,FUN_2c483a28,26,9,1,2c483a28_FUN_2c483a28
0x2c483a46,FUN_2c483a46,114,52,1,2c483a46_FUN_2c483a46
0x2c483ae8,FUN_2c483ae8,28,11,1,2c483ae8_FUN_2c483ae8
0x2c483b08,FUN_2c483b08,122,47,1,2c483b08_FUN_2c483b08
0x2c483c62,FUN_2c483c62,78,30,1,2c483c62_FUN_2c483c62
0x2c483cf8,FUN_2c483cf8,30,13,1,2c483cf8_FUN_2c483cf8
0x2c483d40,FUN_2c483d40,166,65,1,2c483d40_FUN_2c483d40
0x2c483e0c,FUN_2c483e0c,28,12,1,2c483e0c_FUN_2c483e0c
0x2c483e60,FUN_2c483e60,32,13,1,2c483e60_FUN_2c483e60
0x2c484010,FUN_2c484010,32,14,1,2c484010_FUN_2c484010
0x2c4840f0,FUN_2c4840f0,48,20,1,2c4840f0_FUN_2c4840f0
0x2c484150,FUN_2c484150,62,26,1,2c484150_FUN_2c484150
0x2c484238,FUN_2c484238,36,14,1,2c484238_FUN_2c484238
0x2c484264,FUN_2c484264,36,15,1,2c484264_FUN_2c484264
0x2c48433c,FUN_2c48433c,28,12,1,2c48433c_FUN_2c48433c
0x2c4844ae,FUN_2c4844ae,22,9,1,2c4844ae_FUN_2c4844ae
0x2c4844c8,FUN_2c4844c8,4,2,1,2c4844c8_FUN_2c4844c8
0x2c4844d0,FUN_2c4844d0,116,43,1,2c4844d0_FUN_2c4844d0
0x2c48455c,FUN_2c48455c,46,15,1,2c48455c_FUN_2c48455c
0x2c48458c,FUN_2c48458c,136,53,1,2c48458c_FUN_2c48458c
0x2c48461c,FUN_2c48461c,164,68,1,2c48461c_FUN_2c48461c
0x2c4846c8,FUN_2c4846c8,22,8,1,2c4846c8_FUN_2c4846c8
0x2c4846e0,FUN_2c4846e0,12,5,1,2c4846e0_FUN_2c4846e0
0x2c4846f0,FUN_2c4846f0,10,5,1,2c4846f0_FUN_2c4846f0
0x2c484704,FUN_2c484704,34,13,1,2c484704_FUN_2c484704
0x2c48472c,FUN_2c48472c,90,33,1,2c48472c_FUN_2c48472c
0x2c48479c,FUN_2c48479c,26,11,1,2c48479c_FUN_2c48479c
0x2c4847d8,FUN_2c4847d8,32,13,1,2c4847d8_FUN_2c4847d8
0x2c484810,FUN_2c484810,62,23,1,2c484810_FUN_2c484810
0x2c484858,FUN_2c484858,50,19,1,2c484858_FUN_2c484858
0x2c484dfc,FUN_2c484dfc,24,10,1,2c484dfc_FUN_2c484dfc
0x2c484e14,FUN_2c484e14,42,18,1,2c484e14_FUN_2c484e14
0x2c484ea0,FUN_2c484ea0,56,20,1,2c484ea0_FUN_2c484ea0
0x2c484f68,FUN_2c484f68,342,122,1,2c484f68_FUN_2c484f68
0x2c485110,FUN_2c485110,326,116,1,2c485110_FUN_2c485110
0x2c4852a8,FUN_2c4852a8,236,88,1,2c4852a8_FUN_2c4852a8
0x2c48549c,FUN_2c48549c,116,44,1,2c48549c_FUN_2c48549c
0x2c485540,FUN_2c485540,78,29,1,2c485540_FUN_2c485540
0x2c485624,FUN_2c485624,66,31,1,2c485624_FUN_2c485624
0x2c485674,FUN_2c485674,10,4,1,2c485674_FUN_2c485674
0x2c485688,FUN_2c485688,46,21,1,2c485688_FUN_2c485688
0x2c4856c8,FUN_2c4856c8,46,20,1,2c4856c8_FUN_2c4856c8
0x2c485704,FUN_2c485704,98,43,1,2c485704_FUN_2c485704
0x2c485770,FUN_2c485770,22,9,1,2c485770_FUN_2c485770
0x2c485790,FUN_2c485790,16,7,1,2c485790_FUN_2c485790
0x2c4857a8,FUN_2c4857a8,22,10,1,2c4857a8_FUN_2c4857a8
0x2c4857c8,FUN_2c4857c8,74,32,1,2c4857c8_FUN_2c4857c8
0x2c485820,FUN_2c485820,104,48,1,2c485820_FUN_2c485820
0x2c485890,FUN_2c485890,16,7,1,2c485890_FUN_2c485890
0x2c4858a8,FUN_2c4858a8,16,7,1,2c4858a8_FUN_2c4858a8
0x2c4858c0,FUN_2c4858c0,16,7,1,2c4858c0_FUN_2c4858c0
0x2c4858d8,FUN_2c4858d8,16,7,1,2c4858d8_FUN_2c4858d8
0x2c4858f0,FUN_2c4858f0,48,22,1,2c4858f0_FUN_2c4858f0
0x2c485932,FUN_2c485932,32,15,1,2c485932_FUN_2c485932
0x2c485984,FUN_2c485984,38,13,1,2c485984_FUN_2c485984
0x2c485c78,FUN_2c485c78,30,12,1,2c485c78_FUN_2c485c78
0x2c485d08,FUN_2c485d08,46,16,1,2c485d08_FUN_2c485d08
0x2c486120,FUN_2c486120,26,10,1,2c486120_FUN_2c486120
0x2c48615c,FUN_2c48615c,30,12,1,2c48615c_FUN_2c48615c
0x2c4861f4,FUN_2c4861f4,44,16,1,2c4861f4_FUN_2c4861f4
0x2c4866e4,FUN_2c4866e4,168,67,1,2c4866e4_FUN_2c4866e4
0x2c4868b0,FUN_2c4868b0,30,12,1,2c4868b0_FUN_2c4868b0
0x2c486974,FUN_2c486974,40,14,1,2c486974_FUN_2c486974
0x2c486aac,FUN_2c486aac,40,14,1,2c486aac_FUN_2c486aac
0x2c486be8,FUN_2c486be8,410,157,1,2c486be8_FUN_2c486be8
0x2c486dd4,FUN_2c486dd4,26,11,1,2c486dd4_FUN_2c486dd4
0x2c486e40,FUN_2c486e40,30,11,1,2c486e40_FUN_2c486e40
0x2c486f04,FUN_2c486f04,26,11,1,2c486f04_FUN_2c486f04
0x2c486f5c,FUN_2c486f5c,26,11,1,2c486f5c_FUN_2c486f5c
0x2c486fb8,FUN_2c486fb8,24,10,1,2c486fb8_FUN_2c486fb8
0x2c486ff6,FUN_2c486ff6,94,36,1,2c486ff6_FUN_2c486ff6
0x2c487064,FUN_2c487064,56,20,1,2c487064_FUN_2c487064
0x2c487080,FUN_2c487080,58,22,1,2c487080_FUN_2c487080
0x2c48709c,FUN_2c48709c,58,22,1,2c48709c_FUN_2c48709c
0x2c4870b8,FUN_2c4870b8,58,22,1,2c4870b8_FUN_2c4870b8
0x2c4870d4,FUN_2c4870d4,58,22,1,2c4870d4_FUN_2c4870d4
0x2c4870fc,FUN_2c4870fc,80,34,1,2c4870fc_FUN_2c4870fc
0x2c4871c8,FUN_2c4871c8,86,36,1,2c4871c8_FUN_2c4871c8
0x2c487300,FUN_2c487300,26,11,1,2c487300_FUN_2c487300
0x2c48736c,FUN_2c48736c,88,36,1,2c48736c_FUN_2c48736c
0x2c4874b0,FUN_2c4874b0,140,56,1,2c4874b0_FUN_2c4874b0
0x2c4875d0,FUN_2c4875d0,510,194,1,2c4875d0_FUN_2c4875d0
0x2c487804,FUN_2c487804,44,17,1,2c487804_FUN_2c487804
0x2c487b88,FUN_2c487b88,72,30,1,2c487b88_FUN_2c487b88
0x2c487c50,FUN_2c487c50,38,13,1,2c487c50_FUN_2c487c50
0x2c487c80,FUN_2c487c80,32,11,1,2c487c80_FUN_2c487c80
0x2c487ea0,FUN_2c487ea0,22,8,1,2c487ea0_FUN_2c487ea0
0x2c488024,FUN_2c488024,120,39,1,2c488024_FUN_2c488024
0x2c4880a8,FUN_2c4880a8,18,6,1,2c4880a8_FUN_2c4880a8
0x2c4880c0,FUN_2c4880c0,18,6,1,2c4880c0_FUN_2c4880c0
0x2c4880d8,FUN_2c4880d8,18,6,1,2c4880d8_FUN_2c4880d8
0x2c4880f0,FUN_2c4880f0,38,12,1,2c4880f0_FUN_2c4880f0
0x2c488120,FUN_2c488120,18,6,1,2c488120_FUN_2c488120
0x2c488138,FUN_2c488138,28,9,1,2c488138_FUN_2c488138
0x2c48815e,FUN_2c48815e,86,34,1,2c48815e_FUN_2c48815e
0x2c48821c,FUN_2c48821c,18,6,1,2c48821c_FUN_2c48821c
0x2c488234,FUN_2c488234,24,8,1,2c488234_FUN_2c488234
0x2c488250,FUN_2c488250,24,8,1,2c488250_FUN_2c488250
0x2c488270,FUN_2c488270,40,16,1,2c488270_FUN_2c488270
0x2c4882a4,FUN_2c4882a4,26,11,1,2c4882a4_FUN_2c4882a4
0x2c4882c8,FUN_2c4882c8,40,15,1,2c4882c8_FUN_2c4882c8
0x2c488300,FUN_2c488300,260,104,1,2c488300_FUN_2c488300
0x2c488334,FUN_2c488334,296,112,1,2c488334_FUN_2c488334
0x2c488364,FUN_2c488364,102,39,1,2c488364_FUN_2c488364
0x2c4883e0,FUN_2c4883e0,34,12,1,2c4883e0_FUN_2c4883e0
0x2c488418,FUN_2c488418,32,12,1,2c488418_FUN_2c488418
0x2c488448,FUN_2c488448,24,10,1,2c488448_FUN_2c488448
0x2c4884dc,FUN_2c4884dc,154,59,1,2c4884dc_FUN_2c4884dc
0x2c488594,FUN_2c488594,162,66,1,2c488594_FUN_2c488594
0x2c488650,FUN_2c488650,148,58,1,2c488650_FUN_2c488650
0x2c488700,FUN_2c488700,72,32,1,2c488700_FUN_2c488700
0x2c48876c,FUN_2c48876c,76,28,1,2c48876c_FUN_2c48876c
0x2c4887c0,FUN_2c4887c0,82,29,1,2c4887c0_FUN_2c4887c0
0x2c488880,FUN_2c488880,194,76,1,2c488880_FUN_2c488880
0x2c488948,FUN_2c488948,78,28,1,2c488948_FUN_2c488948
0x2c48899c,FUN_2c48899c,320,117,1,2c48899c_FUN_2c48899c
0x2c488af4,FUN_2c488af4,766,300,1,2c488af4_FUN_2c488af4
0x2c489100,FUN_2c489100,16,5,1,2c489100_FUN_2c489100
0x2c489114,FUN_2c489114,134,56,1,2c489114_FUN_2c489114
0x2c4891b4,FUN_2c4891b4,136,53,1,2c4891b4_FUN_2c4891b4
0x2c4893e6,FUN_2c4893e6,30,13,1,2c4893e6_FUN_2c4893e6
0x2c4894d0,FUN_2c4894d0,56,20,1,2c4894d0_FUN_2c4894d0
0x2c48950c,FUN_2c48950c,78,34,1,2c48950c_FUN_2c48950c
0x2c489584,FUN_2c489584,144,60,1,2c489584_FUN_2c489584
0x2c48966c,FUN_2c48966c,138,58,1,2c48966c_FUN_2c48966c
0x2c489730,FUN_2c489730,74,28,1,2c489730_FUN_2c489730
0x2c489820,FUN_2c489820,24,10,1,2c489820_FUN_2c489820
0x2c489858,FUN_2c489858,10,4,1,2c489858_FUN_2c489858
0x2c48986c,FUN_2c48986c,26,11,1,2c48986c_FUN_2c48986c
0x2c489938,FUN_2c489938,42,16,1,2c489938_FUN_2c489938
0x2c489968,FUN_2c489968,36,15,1,2c489968_FUN_2c489968
0x2c4899f4,FUN_2c4899f4,28,12,1,2c4899f4_FUN_2c4899f4
0x2c489a64,FUN_2c489a64,6,3,1,2c489a64_FUN_2c489a64
0x2c489a70,FUN_2c489a70,52,21,1,2c489a70_FUN_2c489a70
0x2c489ac0,FUN_2c489ac0,32,12,1,2c489ac0_FUN_2c489ac0
0x2c489b44,FUN_2c489b44,6,3,1,2c489b44_FUN_2c489b44
0x2c489b5c,FUN_2c489b5c,82,37,1,2c489b5c_FUN_2c489b5c
0x2c489bd0,FUN_2c489bd0,166,67,1,2c489bd0_FUN_2c489bd0
0x2c489cc8,FUN_2c489cc8,56,20,1,2c489cc8_FUN_2c489cc8
0x2c489d20,FUN_2c489d20,56,20,1,2c489d20_FUN_2c489d20
0x2c489d5c,FUN_2c489d5c,42,16,1,2c489d5c_FUN_2c489d5c
0x2c489ea8,FUN_2c489ea8,38,16,1,2c489ea8_FUN_2c489ea8
0x2c489ed8,FUN_2c489ed8,156,65,1,2c489ed8_FUN_2c489ed8
0x2c48a0c0,FUN_2c48a0c0,166,67,1,2c48a0c0_FUN_2c48a0c0
0x2c48a1f4,FUN_2c48a1f4,144,58,1,2c48a1f4_FUN_2c48a1f4
0x2c48a2b8,FUN_2c48a2b8,6,3,1,2c48a2b8_FUN_2c48a2b8
0x2c48a2c4,FUN_2c48a2c4,6,3,1,2c48a2c4_FUN_2c48a2c4
0x2c48a2d0,FUN_2c48a2d0,182,73,1,2c48a2d0_FUN_2c48a2d0
0x2c48a45c,FUN_2c48a45c,30,14,1,2c48a45c_FUN_2c48a45c
0x2c48a4d0,FUN_2c48a4d0,196,76,1,2c48a4d0_FUN_2c48a4d0
0x2c48a608,FUN_2c48a608,72,32,1,2c48a608_FUN_2c48a608
0x2c48a674,FUN_2c48a674,130,54,1,2c48a674_FUN_2c48a674
0x2c48a738,FUN_2c48a738,144,60,1,2c48a738_FUN_2c48a738
0x2c48a80c,FUN_2c48a80c,74,28,1,2c48a80c_FUN_2c48a80c
0x2c48a868,FUN_2c48a868,196,75,1,2c48a868_FUN_2c48a868
0x2c48a8a4,FUN_2c48a8a4,16,7,1,2c48a8a4_FUN_2c48a8a4
0x2c48a8b4,FUN_2c48a8b4,32,13,1,2c48a8b4_FUN_2c48a8b4
0x2c48a96c,FUN_2c48a96c,26,10,1,2c48a96c_FUN_2c48a96c
0x2c48a9c4,FUN_2c48a9c4,72,31,1,2c48a9c4_FUN_2c48a9c4
0x2c48aa2a,FUN_2c48aa2a,118,50,1,2c48aa2a_FUN_2c48aa2a
0x2c48aad8,FUN_2c48aad8,264,101,1,2c48aad8_FUN_2c48aad8
0x2c48ac0a,FUN_2c48ac0a,20,9,1,2c48ac0a_FUN_2c48ac0a
0x2c48ac24,FUN_2c48ac24,74,30,1,2c48ac24_FUN_2c48ac24
0x2c48ace4,FUN_2c48ace4,196,76,1,2c48ace4_FUN_2c48ace4
0x2c48ada8,FUN_2c48ada8,18,8,1,2c48ada8_FUN_2c48ada8
0x2c48adc0,FUN_2c48adc0,40,16,1,2c48adc0_FUN_2c48adc0
0x2c48af78,FUN_2c48af78,40,16,1,2c48af78_FUN_2c48af78
0x2c48b0ec,FUN_2c48b0ec,22,9,1,2c48b0ec_FUN_2c48b0ec
0x2c48b130,FUN_2c48b130,42,17,1,2c48b130_FUN_2c48b130
0x2c48b28c,FUN_2c48b28c,36,15,1,2c48b28c_FUN_2c48b28c
0x2c48b428,FUN_2c48b428,22,9,1,2c48b428_FUN_2c48b428
0x2c48b478,FUN_2c48b478,40,16,1,2c48b478_FUN_2c48b478
0x2c48b67c,FUN_2c48b67c,40,16,1,2c48b67c_FUN_2c48b67c
0x2c48b87c,FUN_2c48b87c,42,17,1,2c48b87c_FUN_2c48b87c
0x2c48b9c8,FUN_2c48b9c8,24,10,1,2c48b9c8_FUN_2c48b9c8
0x2c48b9e4,FUN_2c48b9e4,52,22,1,2c48b9e4_FUN_2c48b9e4
0x2c48ba30,FUN_2c48ba30,80,32,1,2c48ba30_FUN_2c48ba30
0x2c48bb6c,FUN_2c48bb6c,82,30,1,2c48bb6c_FUN_2c48bb6c
0x2c48c194,FUN_2c48c194,102,37,1,2c48c194_FUN_2c48c194
0x2c48c20c,FUN_2c48c20c,66,30,1,2c48c20c_FUN_2c48c20c
0x2c48c29c,FUN_2c48c29c,64,25,1,2c48c29c_FUN_2c48c29c
0x2c48c320,FUN_2c48c320,34,15,1,2c48c320_FUN_2c48c320
0x2c48c384,FUN_2c48c384,104,42,1,2c48c384_FUN_2c48c384
0x2c48c430,FUN_2c48c430,24,10,1,2c48c430_FUN_2c48c430
0x2c48c450,FUN_2c48c450,166,53,1,2c48c450_FUN_2c48c450
0x2c48c904,FUN_2c48c904,24,10,1,2c48c904_FUN_2c48c904
0x2c48c940,FUN_2c48c940,24,10,1,2c48c940_FUN_2c48c940
0x2c48c994,FUN_2c48c994,68,26,1,2c48c994_FUN_2c48c994
0x2c48c9e0,FUN_2c48c9e0,64,26,1,2c48c9e0_FUN_2c48c9e0
0x2c48ca34,FUN_2c48ca34,68,26,1,2c48ca34_FUN_2c48ca34
0x2c48ca80,FUN_2c48ca80,64,26,1,2c48ca80_FUN_2c48ca80
0x2c48cac8,FUN_2c48cac8,68,26,1,2c48cac8_FUN_2c48cac8
0x2c48cb14,FUN_2c48cb14,14,7,1,2c48cb14_FUN_2c48cb14
0x2c48cb6c,FUN_2c48cb6c,28,12,1,2c48cb6c_FUN_2c48cb6c
0x2c48cbe8,FUN_2c48cbe8,34,15,1,2c48cbe8_FUN_2c48cbe8
0x2c48cc4c,FUN_2c48cc4c,324,118,1,2c48cc4c_FUN_2c48cc4c
0x2c48cde8,FUN_2c48cde8,180,67,1,2c48cde8_FUN_2c48cde8
0x2c48cee4,FUN_2c48cee4,50,17,1,2c48cee4_FUN_2c48cee4
0x2c48d068,FUN_2c48d068,54,22,1,2c48d068_FUN_2c48d068
0x2c48d0a8,FUN_2c48d0a8,94,37,1,2c48d0a8_FUN_2c48d0a8
0x2c48d110,FUN_2c48d110,72,26,1,2c48d110_FUN_2c48d110
0x2c48d15c,FUN_2c48d15c,280,100,1,2c48d15c_FUN_2c48d15c
0x2c48d298,FUN_2c48d298,2,1,1,2c48d298_FUN_2c48d298
0x2c48d300,FUN_2c48d300,74,26,1,2c48d300_FUN_2c48d300
0x2c48d34c,FUN_2c48d34c,490,195,1,2c48d34c_FUN_2c48d34c
0x2c48d554,FUN_2c48d554,64,28,1,2c48d554_FUN_2c48d554
0x2c48d594,FUN_2c48d594,138,64,1,2c48d594_FUN_2c48d594
0x2c48d620,FUN_2c48d620,128,55,1,2c48d620_FUN_2c48d620
0x2c48d6a4,FUN_2c48d6a4,312,130,1,2c48d6a4_FUN_2c48d6a4
0x2c48d800,FUN_2c48d800,1118,438,1,2c48d800_FUN_2c48d800
0x2c48dd84,FUN_2c48dd84,136,63,1,2c48dd84_FUN_2c48dd84
0x2c48de10,FUN_2c48de10,16,8,1,2c48de10_FUN_2c48de10
0x2c48de20,FUN_2c48de20,20,8,1,2c48de20_FUN_2c48de20
0x2c48de40,FUN_2c48de40,80,37,1,2c48de40_FUN_2c48de40
0x2c48dea0,FUN_2c48dea0,76,37,1,2c48dea0_FUN_2c48dea0
0x2c48def0,FUN_2c48def0,884,357,1,2c48def0_FUN_2c48def0
0x2c48e3b8,FUN_2c48e3b8,298,124,1,2c48e3b8_FUN_2c48e3b8
0x2c48e3e8,FUN_2c48e3e8,198,87,1,2c48e3e8_FUN_2c48e3e8
0x2c48e3f0,FUN_2c48e3f0,22,11,1,2c48e3f0_FUN_2c48e3f0
0x2c48e408,FUN_2c48e408,28,14,1,2c48e408_FUN_2c48e408
0x2c48e424,FUN_2c48e424,6,2,1,2c48e424_FUN_2c48e424
0x2c48e42c,FUN_2c48e42c,6,2,1,2c48e42c_FUN_2c48e42c
0x2c48e434,FUN_2c48e434,16,7,1,2c48e434_FUN_2c48e434
0x2c48e444,FUN_2c48e444,48,23,1,2c48e444_FUN_2c48e444
0x2c48e474,FUN_2c48e474,6,2,1,2c48e474_FUN_2c48e474
0x2c48e47c,FUN_2c48e47c,6,2,1,2c48e47c_FUN_2c48e47c
0x2c48e484,FUN_2c48e484,62,28,1,2c48e484_FUN_2c48e484
0x2c48e4c8,FUN_2c48e4c8,70,32,1,2c48e4c8_FUN_2c48e4c8
0x2c48e518,FUN_2c48e518,134,49,1,2c48e518_FUN_2c48e518
0x2c48e5b4,FUN_2c48e5b4,128,51,1,2c48e5b4_FUN_2c48e5b4
0x2c48e63a,FUN_2c48e63a,60,27,1,2c48e63a_FUN_2c48e63a
0x2c48e67c,FUN_2c48e67c,62,28,1,2c48e67c_FUN_2c48e67c
0x2c48e6c0,FUN_2c48e6c0,80,36,1,2c48e6c0_FUN_2c48e6c0
0x2c48e714,FUN_2c48e714,30,14,1,2c48e714_FUN_2c48e714
0x2c48e738,FUN_2c48e738,30,14,1,2c48e738_FUN_2c48e738
0x2c48e75c,FUN_2c48e75c,170,64,1,2c48e75c_FUN_2c48e75c
0x2c48e80c,FUN_2c48e80c,16,6,1,2c48e80c_FUN_2c48e80c
0x2c48e81c,FUN_2c48e81c,14,6,1,2c48e81c_FUN_2c48e81c
0x2c48e82c,FUN_2c48e82c,16,6,1,2c48e82c_FUN_2c48e82c
0x2c48e83c,FUN_2c48e83c,16,6,1,2c48e83c_FUN_2c48e83c
0x2c48e84c,FUN_2c48e84c,16,6,1,2c48e84c_FUN_2c48e84c
0x2c48e85c,FUN_2c48e85c,16,6,1,2c48e85c_FUN_2c48e85c
0x2c48e86c,FUN_2c48e86c,16,6,1,2c48e86c_FUN_2c48e86c
0x2c48e87c,FUN_2c48e87c,6,3,1,2c48e87c_FUN_2c48e87c
0x2c48e88a,FUN_2c48e88a,74,31,1,2c48e88a_FUN_2c48e88a
0x2c48e958,FUN_2c48e958,16,7,1,2c48e958_FUN_2c48e958
0x2c48e96c,FUN_2c48e96c,98,42,1,2c48e96c_FUN_2c48e96c
0x2c48e9e0,FUN_2c48e9e0,172,63,1,2c48e9e0_FUN_2c48e9e0
0x2c48ebcc,FUN_2c48ebcc,22,8,1,2c48ebcc_FUN_2c48ebcc
0x2c48ec38,FUN_2c48ec38,66,27,1,2c48ec38_FUN_2c48ec38
0x2c48ec9a,FUN_2c48ec9a,24,10,1,2c48ec9a_FUN_2c48ec9a
0x2c48ecee,FUN_2c48ecee,24,10,1,2c48ecee_FUN_2c48ecee
0x2c48ed34,FUN_2c48ed34,116,46,1,2c48ed34_FUN_2c48ed34
0x2c48edd4,FUN_2c48edd4,26,10,1,2c48edd4_FUN_2c48edd4
0x2c48edf0,FUN_2c48edf0,26,11,1,2c48edf0_FUN_2c48edf0
0x2c48ee0c,FUN_2c48ee0c,12,5,1,2c48ee0c_FUN_2c48ee0c
0x2c48ee18,FUN_2c48ee18,26,11,1,2c48ee18_FUN_2c48ee18
0x2c48ee50,FUN_2c48ee50,12,5,1,2c48ee50_FUN_2c48ee50
0x2c48ee5c,FUN_2c48ee5c,26,11,1,2c48ee5c_FUN_2c48ee5c
0x2c48ee94,FUN_2c48ee94,128,52,1,2c48ee94_FUN_2c48ee94
0x2c48ef34,FUN_2c48ef34,208,81,1,2c48ef34_FUN_2c48ef34
0x2c48f1a8,FUN_2c48f1a8,30,12,1,2c48f1a8_FUN_2c48f1a8
0x2c48f2d4,FUN_2c48f2d4,40,16,1,2c48f2d4_FUN_2c48f2d4
0x2c48f380,FUN_2c48f380,40,16,1,2c48f380_FUN_2c48f380
0x2c48f42c,FUN_2c48f42c,68,29,1,2c48f42c_FUN_2c48f42c
0x2c48f478,FUN_2c48f478,82,32,1,2c48f478_FUN_2c48f478
0x2c48f528,FUN_2c48f528,20,9,1,2c48f528_FUN_2c48f528
0x2c48f540,FUN_2c48f540,40,15,1,2c48f540_FUN_2c48f540
0x2c48f554,FUN_2c48f554,30,12,1,2c48f554_FUN_2c48f554
0x2c48f590,FUN_2c48f590,32,14,1,2c48f590_FUN_2c48f590
0x2c48f5e0,FUN_2c48f5e0,36,16,1,2c48f5e0_FUN_2c48f5e0
0x2c48f684,FUN_2c48f684,80,31,1,2c48f684_FUN_2c48f684
0x2c48fb54,FUN_2c48fb54,170,65,1,2c48fb54_FUN_2c48fb54
0x2c48fc1c,FUN_2c48fc1c,48,18,1,2c48fc1c_FUN_2c48fc1c
0x2c48fc7c,FUN_2c48fc7c,32,14,1,2c48fc7c_FUN_2c48fc7c
0x2c48fcac,FUN_2c48fcac,24,10,1,2c48fcac_FUN_2c48fcac
0x2c48fcc8,FUN_2c48fcc8,166,56,1,2c48fcc8_FUN_2c48fcc8
0x2c48fd74,FUN_2c48fd74,104,44,1,2c48fd74_FUN_2c48fd74
0x2c48fde8,FUN_2c48fde8,114,45,1,2c48fde8_FUN_2c48fde8
0x2c48fe9c,FUN_2c48fe9c,22,10,1,2c48fe9c_FUN_2c48fe9c
0x2c48febc,FUN_2c48febc,292,114,1,2c48febc_FUN_2c48febc
0x2c490020,FUN_2c490020,164,63,1,2c490020_FUN_2c490020
0x2c4901b2,FUN_2c4901b2,154,66,1,2c4901b2_FUN_2c4901b2
0x2c490268,FUN_2c490268,4,2,1,2c490268_FUN_2c490268
0x2c490270,FUN_2c490270,12,4,1,2c490270_FUN_2c490270
0x2c490280,FUN_2c490280,4,2,1,2c490280_FUN_2c490280
0x2c490288,FUN_2c490288,42,16,1,2c490288_FUN_2c490288
0x2c490398,FUN_2c490398,24,12,1,2c490398_FUN_2c490398
0x2c4903d0,FUN_2c4903d0,60,25,1,2c4903d0_FUN_2c4903d0
0x2c490414,FUN_2c490414,36,15,1,2c490414_FUN_2c490414
0x2c490450,FUN_2c490450,86,37,1,2c490450_FUN_2c490450
0x2c4904b8,FUN_2c4904b8,190,75,1,2c4904b8_FUN_2c4904b8
0x2c490590,FUN_2c490590,34,15,1,2c490590_FUN_2c490590
0x2c49060c,FUN_2c49060c,26,10,1,2c49060c_FUN_2c49060c
0x2c490662,FUN_2c490662,26,10,1,2c490662_FUN_2c490662
0x2c490694,FUN_2c490694,30,12,1,2c490694_FUN_2c490694
0x2c4906ee,FUN_2c4906ee,26,10,1,2c4906ee_FUN_2c4906ee
0x2c490728,FUN_2c490728,26,11,1,2c490728_FUN_2c490728
0x2c490758,FUN_2c490758,306,110,1,2c490758_FUN_2c490758
0x2c490d3c,FUN_2c490d3c,26,9,1,2c490d3c_FUN_2c490d3c
0x2c490d60,FUN_2c490d60,58,22,1,2c490d60_FUN_2c490d60
0x2c490dd4,FUN_2c490dd4,58,22,1,2c490dd4_FUN_2c490dd4
0x2c490e48,FUN_2c490e48,68,25,1,2c490e48_FUN_2c490e48
0x2c490edc,FUN_2c490edc,68,25,1,2c490edc_FUN_2c490edc
0x2c490fb8,FUN_2c490fb8,38,17,1,2c490fb8_FUN_2c490fb8
0x2c49104c,FUN_2c49104c,36,15,1,2c49104c_FUN_2c49104c
0x2c491074,FUN_2c491074,68,29,1,2c491074_FUN_2c491074
0x2c4910d8,FUN_2c4910d8,92,37,1,2c4910d8_FUN_2c4910d8
0x2c49117c,FUN_2c49117c,58,23,1,2c49117c_FUN_2c49117c
0x2c49120e,FUN_2c49120e,136,57,1,2c49120e_FUN_2c49120e
0x2c49130e,FUN_2c49130e,122,51,1,2c49130e_FUN_2c49130e
0x2c49141c,FUN_2c49141c,178,69,1,2c49141c_FUN_2c49141c
0x2c49150e,FUN_2c49150e,52,22,1,2c49150e_FUN_2c49150e
0x2c49155e,FUN_2c49155e,52,20,1,2c49155e_FUN_2c49155e
0x2c4915d2,FUN_2c4915d2,58,23,1,2c4915d2_FUN_2c4915d2
0x2c49166c,FUN_2c49166c,58,24,1,2c49166c_FUN_2c49166c
0x2c4916ba,FUN_2c4916ba,60,23,1,2c4916ba_FUN_2c4916ba
0x2c491746,FUN_2c491746,62,25,1,2c491746_FUN_2c491746
0x2c4917e4,FUN_2c4917e4,58,24,1,2c4917e4_FUN_2c4917e4
0x2c491832,FUN_2c491832,62,24,1,2c491832_FUN_2c491832
0x2c4918ca,FUN_2c4918ca,60,24,1,2c4918ca_FUN_2c4918ca
0x2c491980,FUN_2c491980,58,24,1,2c491980_FUN_2c491980
0x2c4919ce,FUN_2c4919ce,60,23,1,2c4919ce_FUN_2c4919ce
0x2c491a62,FUN_2c491a62,62,25,1,2c491a62_FUN_2c491a62
0x2c491b08,FUN_2c491b08,104,45,1,2c491b08_FUN_2c491b08
0x2c491b98,FUN_2c491b98,66,28,1,2c491b98_FUN_2c491b98
0x2c491c02,FUN_2c491c02,102,44,1,2c491c02_FUN_2c491c02
0x2c491ce8,FUN_2c491ce8,36,17,1,2c491ce8_FUN_2c491ce8
0x2c491d14,FUN_2c491d14,54,23,1,2c491d14_FUN_2c491d14
0x2c491d64,FUN_2c491d64,36,15,1,2c491d64_FUN_2c491d64
0x2c491d8c,FUN_2c491d8c,58,24,1,2c491d8c_FUN_2c491d8c
0x2c491dce,FUN_2c491dce,80,32,1,2c491dce_FUN_2c491dce
0x2c491e4a,FUN_2c491e4a,86,34,1,2c491e4a_FUN_2c491e4a
0x2c491f5c,FUN_2c491f5c,28,11,1,2c491f5c_FUN_2c491f5c
0x2c49206a,FUN_2c49206a,234,97,1,2c49206a_FUN_2c49206a
0x2c4921d8,FUN_2c4921d8,26,10,1,2c4921d8_FUN_2c4921d8
0x2c49220c,FUN_2c49220c,96,37,1,2c49220c_FUN_2c49220c
0x2c492250,FUN_2c492250,186,69,1,2c492250_FUN_2c492250
0x2c492326,FUN_2c492326,72,30,1,2c492326_FUN_2c492326
0x2c492424,FUN_2c492424,66,30,1,2c492424_FUN_2c492424
0x2c492474,FUN_2c492474,66,30,1,2c492474_FUN_2c492474
0x2c4924c4,FUN_2c4924c4,80,36,1,2c4924c4_FUN_2c4924c4
0x2c492520,FUN_2c492520,46,18,1,2c492520_FUN_2c492520
0x2c492804,FUN_2c492804,24,10,1,2c492804_FUN_2c492804
0x2c492f24,FUN_2c492f24,16,7,1,2c492f24_FUN_2c492f24
0x2c492f3c,FUN_2c492f3c,24,12,1,2c492f3c_FUN_2c492f3c
0x2c492fb0,FUN_2c492fb0,36,14,1,2c492fb0_FUN_2c492fb0
0x2c4930a8,FUN_2c4930a8,208,81,1,2c4930a8_FUN_2c4930a8
0x2c4931d6,FUN_2c4931d6,120,48,1,2c4931d6_FUN_2c4931d6
0x2c4932a0,FUN_2c4932a0,70,29,1,2c4932a0_FUN_2c4932a0
0x2c4932f0,FUN_2c4932f0,28,12,1,2c4932f0_FUN_2c4932f0
0x2c493338,FUN_2c493338,86,31,1,2c493338_FUN_2c493338
0x2c4933a8,FUN_2c4933a8,74,31,1,2c4933a8_FUN_2c4933a8
0x2c49344c,FUN_2c49344c,172,65,1,2c49344c_FUN_2c49344c
0x2c493560,FUN_2c493560,110,42,1,2c493560_FUN_2c493560
0x2c493624,FUN_2c493624,166,68,1,2c493624_FUN_2c493624
0x2c4936ec,FUN_2c4936ec,56,23,1,2c4936ec_FUN_2c4936ec
0x2c493744,FUN_2c493744,2,1,1,2c493744_FUN_2c493744
0x2c493748,FUN_2c493748,24,9,1,2c493748_FUN_2c493748
0x2c493770,FUN_2c493770,24,9,1,2c493770_FUN_2c493770
0x2c493798,FUN_2c493798,26,10,1,2c493798_FUN_2c493798
0x2c4937ca,FUN_2c4937ca,22,8,1,2c4937ca_FUN_2c4937ca
0x2c4937f4,FUN_2c4937f4,22,9,1,2c4937f4_FUN_2c4937f4
0x2c49381c,FUN_2c49381c,34,15,1,2c49381c_FUN_2c49381c
0x2c493850,FUN_2c493850,28,11,1,2c493850_FUN_2c493850
0x2c4938c0,FUN_2c4938c0,40,15,1,2c4938c0_FUN_2c4938c0
0x2c493900,FUN_2c493900,40,15,1,2c493900_FUN_2c493900
0x2c493940,FUN_2c493940,40,15,1,2c493940_FUN_2c493940
0x2c493980,FUN_2c493980,40,15,1,2c493980_FUN_2c493980
0x2c4939c0,FUN_2c4939c0,40,15,1,2c4939c0_FUN_2c4939c0
0x2c493a00,FUN_2c493a00,40,15,1,2c493a00_FUN_2c493a00
0x2c493a40,FUN_2c493a40,40,15,1,2c493a40_FUN_2c493a40
0x2c493a80,FUN_2c493a80,46,17,1,2c493a80_FUN_2c493a80
0x2c493ac4,FUN_2c493ac4,46,17,1,2c493ac4_FUN_2c493ac4
0x2c493b08,FUN_2c493b08,46,17,1,2c493b08_FUN_2c493b08
0x2c493b4c,FUN_2c493b4c,46,17,1,2c493b4c_FUN_2c493b4c
0x2c493b90,FUN_2c493b90,46,17,1,2c493b90_FUN_2c493b90
0x2c493bd4,FUN_2c493bd4,46,17,1,2c493bd4_FUN_2c493bd4
0x2c493c18,FUN_2c493c18,46,17,1,2c493c18_FUN_2c493c18
0x2c493c5c,FUN_2c493c5c,46,17,1,2c493c5c_FUN_2c493c5c
0x2c493cee,FUN_2c493cee,16,5,1,2c493cee_FUN_2c493cee
0x2c493d00,FUN_2c493d00,22,9,1,2c493d00_FUN_2c493d00
0x2c493d34,FUN_2c493d34,230,76,1,2c493d34_FUN_2c493d34
0x2c493eb0,FUN_2c493eb0,14,4,1,2c493eb0_FUN_2c493eb0
0x2c493ec0,FUN_2c493ec0,26,10,1,2c493ec0_FUN_2c493ec0
0x2c493edc,FUN_2c493edc,26,10,1,2c493edc_FUN_2c493edc
0x2c493f18,FUN_2c493f18,144,53,1,2c493f18_FUN_2c493f18
0x2c494180,FUN_2c494180,24,8,1,2c494180_FUN_2c494180
0x2c4941a4,FUN_2c4941a4,26,10,1,2c4941a4_FUN_2c4941a4
0x2c4941e0,FUN_2c4941e0,32,13,1,2c4941e0_FUN_2c4941e0
0x2c494238,FUN_2c494238,32,13,1,2c494238_FUN_2c494238
0x2c494290,FUN_2c494290,32,13,1,2c494290_FUN_2c494290
0x2c4942e8,FUN_2c4942e8,38,15,1,2c4942e8_FUN_2c4942e8
0x2c494380,FUN_2c494380,38,15,1,2c494380_FUN_2c494380
0x2c49440c,FUN_2c49440c,26,10,1,2c49440c_FUN_2c49440c
0x2c494440,FUN_2c494440,26,10,1,2c494440_FUN_2c494440
0x2c494474,FUN_2c494474,26,10,1,2c494474_FUN_2c494474
0x2c4944a8,FUN_2c4944a8,26,10,1,2c4944a8_FUN_2c4944a8
0x2c4944dc,FUN_2c4944dc,44,19,1,2c4944dc_FUN_2c4944dc
0x2c494524,FUN_2c494524,44,19,1,2c494524_FUN_2c494524
0x2c49456c,FUN_2c49456c,26,10,1,2c49456c_FUN_2c49456c
0x2c4945a4,FUN_2c4945a4,26,10,1,2c4945a4_FUN_2c4945a4
0x2c4945dc,FUN_2c4945dc,26,10,1,2c4945dc_FUN_2c4945dc
0x2c494614,FUN_2c494614,26,10,1,2c494614_FUN_2c494614
0x2c49464c,FUN_2c49464c,24,10,1,2c49464c_FUN_2c49464c
0x2c4946b8,FUN_2c4946b8,24,10,1,2c4946b8_FUN_2c4946b8
0x2c494724,FUN_2c494724,24,10,1,2c494724_FUN_2c494724
0x2c494790,FUN_2c494790,24,10,1,2c494790_FUN_2c494790
0x2c4947fc,FUN_2c4947fc,24,10,1,2c4947fc_FUN_2c4947fc
0x2c4948c0,FUN_2c4948c0,24,10,1,2c4948c0_FUN_2c4948c0
0x2c4948f4,FUN_2c4948f4,26,11,1,2c4948f4_FUN_2c4948f4
0x2c494944,FUN_2c494944,24,10,1,2c494944_FUN_2c494944
0x2c494978,FUN_2c494978,24,10,1,2c494978_FUN_2c494978
0x2c4949ac,FUN_2c4949ac,24,10,1,2c4949ac_FUN_2c4949ac
0x2c4949e0,FUN_2c4949e0,24,10,1,2c4949e0_FUN_2c4949e0
0x2c494a14,FUN_2c494a14,24,10,1,2c494a14_FUN_2c494a14
0x2c494a48,FUN_2c494a48,24,10,1,2c494a48_FUN_2c494a48
0x2c494a7c,FUN_2c494a7c,24,10,1,2c494a7c_FUN_2c494a7c
0x2c494ab0,FUN_2c494ab0,24,10,1,2c494ab0_FUN_2c494ab0
0x2c494ae4,FUN_2c494ae4,50,21,1,2c494ae4_FUN_2c494ae4
0x2c494b2c,FUN_2c494b2c,40,16,1,2c494b2c_FUN_2c494b2c
0x2c494b68,FUN_2c494b68,40,16,1,2c494b68_FUN_2c494b68
0x2c494ba4,FUN_2c494ba4,52,19,1,2c494ba4_FUN_2c494ba4
0x2c494bf0,FUN_2c494bf0,24,10,1,2c494bf0_FUN_2c494bf0
0x2c494c58,FUN_2c494c58,24,10,1,2c494c58_FUN_2c494c58
0x2c494cc0,FUN_2c494cc0,24,10,1,2c494cc0_FUN_2c494cc0
0x2c494d28,FUN_2c494d28,24,10,1,2c494d28_FUN_2c494d28
0x2c494d90,FUN_2c494d90,24,10,1,2c494d90_FUN_2c494d90
0x2c494df8,FUN_2c494df8,24,10,1,2c494df8_FUN_2c494df8
0x2c494e60,FUN_2c494e60,26,10,1,2c494e60_FUN_2c494e60
0x2c494ed0,FUN_2c494ed0,24,10,1,2c494ed0_FUN_2c494ed0
0x2c494f38,FUN_2c494f38,24,10,1,2c494f38_FUN_2c494f38
0x2c494fa4,FUN_2c494fa4,24,10,1,2c494fa4_FUN_2c494fa4
0x2c49500c,FUN_2c49500c,24,10,1,2c49500c_FUN_2c49500c
0x2c49507c,FUN_2c49507c,34,13,1,2c49507c_FUN_2c49507c
0x2c495ae8,FUN_2c495ae8,12,4,1,2c495ae8_FUN_2c495ae8
0x2c495af8,FUN_2c495af8,12,4,1,2c495af8_FUN_2c495af8
0x2c495b04,FUN_2c495b04,54,20,1,2c495b04_FUN_2c495b04
0x2c495b82,FUN_2c495b82,462,197,1,2c495b82_FUN_2c495b82
0x2c495de4,FUN_2c495de4,130,51,1,2c495de4_FUN_2c495de4
0x2c495e6c,FUN_2c495e6c,202,76,1,2c495e6c_FUN_2c495e6c
0x2c495f40,FUN_2c495f40,480,198,1,2c495f40_FUN_2c495f40
0x2c496134,FUN_2c496134,24,9,1,2c496134_FUN_2c496134
0x2c49616a,FUN_2c49616a,18,8,1,2c49616a_FUN_2c49616a
0x2c496184,FUN_2c496184,26,11,1,2c496184_FUN_2c496184
0x2c496298,FUN_2c496298,28,11,1,2c496298_FUN_2c496298
0x2c49666c,FUN_2c49666c,44,17,1,2c49666c_FUN_2c49666c
0x2c4966e0,FUN_2c4966e0,46,18,1,2c4966e0_FUN_2c4966e0
0x2c496734,FUN_2c496734,26,10,1,2c496734_FUN_2c496734
0x2c4967a0,FUN_2c4967a0,120,48,1,2c4967a0_FUN_2c4967a0
0x2c4969a8,FUN_2c4969a8,12,6,1,2c4969a8_FUN_2c4969a8
0x2c4969b8,FUN_2c4969b8,12,5,1,2c4969b8_FUN_2c4969b8
0x2c4969c8,FUN_2c4969c8,16,6,1,2c4969c8_FUN_2c4969c8
0x2c4969dc,FUN_2c4969dc,28,12,1,2c4969dc_FUN_2c4969dc
0x2c496a44,FUN_2c496a44,22,10,1,2c496a44_FUN_2c496a44
0x2c496a78,FUN_2c496a78,64,27,1,2c496a78_FUN_2c496a78
0x2c496af0,FUN_2c496af0,56,19,1,2c496af0_FUN_2c496af0
0x2c496b28,FUN_2c496b28,432,144,1,2c496b28_FUN_2c496b28
0x2c496d3c,FUN_2c496d3c,44,14,1,2c496d3c_FUN_2c496d3c
0x2c496d68,FUN_2c496d68,26,11,1,2c496d68_FUN_2c496d68
0x2c496e30,FUN_2c496e30,366,140,1,2c496e30_FUN_2c496e30
0x2c49700a,FUN_2c49700a,14,5,1,2c49700a_FUN_2c49700a
0x2c497024,FUN_2c497024,168,63,1,2c497024_FUN_2c497024
0x2c4970f8,FUN_2c4970f8,228,90,1,2c4970f8_FUN_2c4970f8
0x2c497214,FUN_2c497214,74,32,1,2c497214_FUN_2c497214
0x2c49737c,FUN_2c49737c,160,61,1,2c49737c_FUN_2c49737c
0x2c49742c,FUN_2c49742c,78,31,1,2c49742c_FUN_2c49742c
0x2c497484,FUN_2c497484,106,41,1,2c497484_FUN_2c497484
0x2c4974f8,FUN_2c4974f8,20,7,1,2c4974f8_FUN_2c4974f8
0x2c497510,FUN_2c497510,6,2,1,2c497510_FUN_2c497510
0x2c497518,FUN_2c497518,80,31,1,2c497518_FUN_2c497518
0x2c49757c,FUN_2c49757c,62,21,1,2c49757c_FUN_2c49757c
0x2c4975bc,FUN_2c4975bc,44,15,1,2c4975bc_FUN_2c4975bc
0x2c4975e8,FUN_2c4975e8,90,33,1,2c4975e8_FUN_2c4975e8
0x2c497644,FUN_2c497644,62,23,1,2c497644_FUN_2c497644
0x2c497684,FUN_2c497684,158,58,1,2c497684_FUN_2c497684
0x2c497824,FUN_2c497824,156,53,1,2c497824_FUN_2c497824
0x2c497ab0,FUN_2c497ab0,230,81,1,2c497ab0_FUN_2c497ab0
0x2c497bb0,FUN_2c497bb0,272,93,1,2c497bb0_FUN_2c497bb0
0x2c497ce0,FUN_2c497ce0,178,70,1,2c497ce0_FUN_2c497ce0
0x2c497d98,FUN_2c497d98,134,54,1,2c497d98_FUN_2c497d98
0x2c497e28,thunk_FUN_2c4975bc,4,1,1,2c497e28_thunk_FUN_2c4975bc
0x2c497e30,FUN_2c497e30,74,24,1,2c497e30_FUN_2c497e30
0x2c497ea8,FUN_2c497ea8,42,18,1,2c497ea8_FUN_2c497ea8
0x2c497ee8,FUN_2c497ee8,74,25,1,2c497ee8_FUN_2c497ee8
0x2c497f38,FUN_2c497f38,28,10,1,2c497f38_FUN_2c497f38
0x2c497f54,FUN_2c497f54,28,10,1,2c497f54_FUN_2c497f54
0x2c497f70,FUN_2c497f70,66,23,1,2c497f70_FUN_2c497f70
0x2c497fb8,FUN_2c497fb8,68,23,1,2c497fb8_FUN_2c497fb8
0x2c498000,FUN_2c498000,90,39,1,2c498000_FUN_2c498000
0x2c49807c,FUN_2c49807c,368,130,1,2c49807c_FUN_2c49807c
0x2c4981f8,FUN_2c4981f8,276,111,1,2c4981f8_FUN_2c4981f8
0x2c498318,FUN_2c498318,406,136,1,2c498318_FUN_2c498318
0x2c4984f4,FUN_2c4984f4,54,21,1,2c4984f4_FUN_2c4984f4
0x2c498538,FUN_2c498538,124,42,1,2c498538_FUN_2c498538
0x2c4985bc,FUN_2c4985bc,38,16,1,2c4985bc_FUN_2c4985bc
0x2c498628,FUN_2c498628,26,11,1,2c498628_FUN_2c498628
0x2c4986a8,FUN_2c4986a8,26,10,1,2c4986a8_FUN_2c4986a8
0x2c4986dc,FUN_2c4986dc,26,10,1,2c4986dc_FUN_2c4986dc
0x2c49871c,FUN_2c49871c,76,29,1,2c49871c_FUN_2c49871c
0x2c49876c,FUN_2c49876c,154,64,1,2c49876c_FUN_2c49876c
0x2c49883c,FUN_2c49883c,76,30,1,2c49883c_FUN_2c49883c
0x2c498890,FUN_2c498890,58,25,1,2c498890_FUN_2c498890
0x2c4988d8,FUN_2c4988d8,124,48,1,2c4988d8_FUN_2c4988d8
0x2c49895c,FUN_2c49895c,110,42,1,2c49895c_FUN_2c49895c
0x2c4989e4,FUN_2c4989e4,260,96,1,2c4989e4_FUN_2c4989e4
0x2c498af0,FUN_2c498af0,328,121,1,2c498af0_FUN_2c498af0
0x2c498c40,FUN_2c498c40,18,7,1,2c498c40_FUN_2c498c40
0x2c498c58,FUN_2c498c58,14,6,1,2c498c58_FUN_2c498c58
0x2c498c6c,FUN_2c498c6c,34,14,1,2c498c6c_FUN_2c498c6c
0x2c498ce6,FUN_2c498ce6,108,43,1,2c498ce6_FUN_2c498ce6
0x2c498d70,FUN_2c498d70,64,25,1,2c498d70_FUN_2c498d70
0x2c498db4,FUN_2c498db4,52,19,1,2c498db4_FUN_2c498db4
0x2c498dec,FUN_2c498dec,62,23,1,2c498dec_FUN_2c498dec
0x2c498e48,FUN_2c498e48,62,23,1,2c498e48_FUN_2c498e48
0x2c498eb0,FUN_2c498eb0,110,41,1,2c498eb0_FUN_2c498eb0
0x2c498f54,FUN_2c498f54,64,24,1,2c498f54_FUN_2c498f54
0x2c498fe0,FUN_2c498fe0,516,203,1,2c498fe0_FUN_2c498fe0
0x2c49921c,FUN_2c49921c,66,25,1,2c49921c_FUN_2c49921c
0x2c499270,FUN_2c499270,216,84,1,2c499270_FUN_2c499270
0x2c4993d0,FUN_2c4993d0,128,43,1,2c4993d0_FUN_2c4993d0
0x2c49945c,FUN_2c49945c,50,18,1,2c49945c_FUN_2c49945c
0x2c499498,FUN_2c499498,116,39,1,2c499498_FUN_2c499498
0x2c499518,FUN_2c499518,30,11,1,2c499518_FUN_2c499518
0x2c499558,FUN_2c499558,28,12,1,2c499558_FUN_2c499558
0x2c499578,FUN_2c499578,30,12,1,2c499578_FUN_2c499578
0x2c499598,FUN_2c499598,286,100,1,2c499598_FUN_2c499598
0x2c4996ec,FUN_2c4996ec,268,113,1,2c4996ec_FUN_2c4996ec
0x2c4998cc,FUN_2c4998cc,350,145,1,2c4998cc_FUN_2c4998cc
0x2c499b04,FUN_2c499b04,620,231,1,2c499b04_FUN_2c499b04
0x2c499dbc,FUN_2c499dbc,104,41,1,2c499dbc_FUN_2c499dbc
0x2c499e34,FUN_2c499e34,44,20,1,2c499e34_FUN_2c499e34
0x2c499e9c,FUN_2c499e9c,52,19,1,2c499e9c_FUN_2c499e9c
0x2c499ed4,FUN_2c499ed4,6,3,1,2c499ed4_FUN_2c499ed4
0x2c499ee0,FUN_2c499ee0,8,3,1,2c499ee0_FUN_2c499ee0
0x2c499eec,FUN_2c499eec,46,18,1,2c499eec_FUN_2c499eec
0x2c49a0d6,FUN_2c49a0d6,86,32,1,2c49a0d6_FUN_2c49a0d6
0x2c49a14c,FUN_2c49a14c,38,14,1,2c49a14c_FUN_2c49a14c
0x2c49a4d4,FUN_2c49a4d4,496,167,1,2c49a4d4_FUN_2c49a4d4
0x2c49a6c4,FUN_2c49a6c4,402,144,1,2c49a6c4_FUN_2c49a6c4
0x2c49a87c,FUN_2c49a87c,402,151,1,2c49a87c_FUN_2c49a87c
0x2c49aa24,FUN_2c49aa24,94,39,1,2c49aa24_FUN_2c49aa24
0x2c49aa9c,FUN_2c49aa9c,74,30,1,2c49aa9c_FUN_2c49aa9c
0x2c49ab00,FUN_2c49ab00,58,24,1,2c49ab00_FUN_2c49ab00
0x2c49ab84,FUN_2c49ab84,346,98,1,2c49ab84_FUN_2c49ab84
0x2c49ad00,FUN_2c49ad00,10,3,1,2c49ad00_FUN_2c49ad00
0x2c49ad0e,FUN_2c49ad0e,100,41,1,2c49ad0e_FUN_2c49ad0e
0x2c49ae94,FUN_2c49ae94,60,22,1,2c49ae94_FUN_2c49ae94
0x2c49b050,FUN_2c49b050,6,3,1,2c49b050_FUN_2c49b050
0x2c49b090,FUN_2c49b090,24,7,1,2c49b090_FUN_2c49b090
0x2c49b170,FUN_2c49b170,8,4,1,2c49b170_FUN_2c49b170
0x2c49b17c,FUN_2c49b17c,52,20,1,2c49b17c_FUN_2c49b17c
0x2c49b1bc,FUN_2c49b1bc,92,36,1,2c49b1bc_FUN_2c49b1bc
0x2c49b23c,FUN_2c49b23c,86,39,1,2c49b23c_FUN_2c49b23c
0x2c49b2c0,FUN_2c49b2c0,78,32,1,2c49b2c0_FUN_2c49b2c0
0x2c49b318,FUN_2c49b318,64,23,1,2c49b318_FUN_2c49b318
0x2c49b35c,FUN_2c49b35c,86,32,1,2c49b35c_FUN_2c49b35c
0x2c49b3b8,FUN_2c49b3b8,108,42,1,2c49b3b8_FUN_2c49b3b8
0x2c49b444,FUN_2c49b444,202,71,1,2c49b444_FUN_2c49b444
0x2c49b530,FUN_2c49b530,134,48,1,2c49b530_FUN_2c49b530
0x2c49b5d0,FUN_2c49b5d0,74,27,1,2c49b5d0_FUN_2c49b5d0
0x2c49b620,FUN_2c49b620,290,121,1,2c49b620_FUN_2c49b620
0x2c49b778,FUN_2c49b778,310,128,1,2c49b778_FUN_2c49b778
0x2c49b8e8,FUN_2c49b8e8,94,37,1,2c49b8e8_FUN_2c49b8e8
0x2c49b954,FUN_2c49b954,18,9,1,2c49b954_FUN_2c49b954
0x2c49b970,FUN_2c49b970,590,221,1,2c49b970_FUN_2c49b970
0x2c49bfdc,FUN_2c49bfdc,588,221,1,2c49bfdc_FUN_2c49bfdc
0x2c49c000,FUN_2c49c000,4,2,1,2c49c000_FUN_2c49c000
0x2c49c008,FUN_2c49c008,106,40,1,2c49c008_FUN_2c49c008
0x2c49c088,FUN_2c49c088,34,14,1,2c49c088_FUN_2c49c088
0x2c49c0b0,FUN_2c49c0b0,24,10,1,2c49c0b0_FUN_2c49c0b0
0x2c49c0cc,FUN_2c49c0cc,892,328,1,2c49c0cc_FUN_2c49c0cc
0x2c49c4c0,FUN_2c49c4c0,396,151,1,2c49c4c0_FUN_2c49c4c0
0x2c49c6a0,FUN_2c49c6a0,68,27,1,2c49c6a0_FUN_2c49c6a0
0x2c49c6fc,FUN_2c49c6fc,156,60,1,2c49c6fc_FUN_2c49c6fc
0x2c49c7b0,FUN_2c49c7b0,236,95,1,2c49c7b0_FUN_2c49c7b0
0x2c49c8c4,FUN_2c49c8c4,88,36,1,2c49c8c4_FUN_2c49c8c4
0x2c49c938,FUN_2c49c938,106,41,1,2c49c938_FUN_2c49c938
0x2c49c9c0,FUN_2c49c9c0,38,15,1,2c49c9c0_FUN_2c49c9c0
0x2c49c9e8,FUN_2c49c9e8,292,109,1,2c49c9e8_FUN_2c49c9e8
0x2c49cb44,FUN_2c49cb44,158,59,1,2c49cb44_FUN_2c49cb44
0x2c49cbf8,FUN_2c49cbf8,318,144,1,2c49cbf8_FUN_2c49cbf8
0x2c49cd50,FUN_2c49cd50,200,76,1,2c49cd50_FUN_2c49cd50
0x2c49ce4c,FUN_2c49ce4c,106,42,1,2c49ce4c_FUN_2c49ce4c
0x2c49cec0,FUN_2c49cec0,190,71,1,2c49cec0_FUN_2c49cec0
0x2c49d0d8,FUN_2c49d0d8,40,17,1,2c49d0d8_FUN_2c49d0d8
0x2c49d108,FUN_2c49d108,36,16,1,2c49d108_FUN_2c49d108
0x2c49d134,FUN_2c49d134,24,12,1,2c49d134_FUN_2c49d134
0x2c49d154,FUN_2c49d154,34,16,1,2c49d154_FUN_2c49d154
0x2c49d1a8,FUN_2c49d1a8,58,26,1,2c49d1a8_FUN_2c49d1a8
0x2c49d1f0,FUN_2c49d1f0,78,33,1,2c49d1f0_FUN_2c49d1f0
0x2c49d248,FUN_2c49d248,40,17,1,2c49d248_FUN_2c49d248
0x2c49d278,FUN_2c49d278,36,16,1,2c49d278_FUN_2c49d278
0x2c49d2f0,FUN_2c49d2f0,118,46,1,2c49d2f0_FUN_2c49d2f0
0x2c49d38c,FUN_2c49d38c,40,17,1,2c49d38c_FUN_2c49d38c
0x2c49d3bc,FUN_2c49d3bc,36,16,1,2c49d3bc_FUN_2c49d3bc
0x2c49d434,FUN_2c49d434,104,43,1,2c49d434_FUN_2c49d434
0x2c49d4ac,FUN_2c49d4ac,24,10,1,2c49d4ac_FUN_2c49d4ac
0x2c49d4c8,FUN_2c49d4c8,372,140,1,2c49d4c8_FUN_2c49d4c8
0x2c49d6ac,FUN_2c49d6ac,452,161,1,2c49d6ac_FUN_2c49d6ac
0x2c49db9c,FUN_2c49db9c,352,135,1,2c49db9c_FUN_2c49db9c
0x2c49dbb0,FUN_2c49dbb0,122,51,1,2c49dbb0_FUN_2c49dbb0
0x2c49dcbe,FUN_2c49dcbe,34,15,1,2c49dcbe_FUN_2c49dcbe
0x2c49de50,FUN_2c49de50,122,45,1,2c49de50_FUN_2c49de50
0x2c49e080,FUN_2c49e080,96,39,1,2c49e080_FUN_2c49e080
0x2c49e0f4,FUN_2c49e0f4,166,66,1,2c49e0f4_FUN_2c49e0f4
0x2c49e1b0,FUN_2c49e1b0,48,22,1,2c49e1b0_FUN_2c49e1b0
0x2c49e1e8,FUN_2c49e1e8,94,38,1,2c49e1e8_FUN_2c49e1e8
0x2c49e268,FUN_2c49e268,48,19,1,2c49e268_FUN_2c49e268
0x2c49e2b0,FUN_2c49e2b0,90,35,1,2c49e2b0_FUN_2c49e2b0
0x2c49e324,FUN_2c49e324,126,47,1,2c49e324_FUN_2c49e324
0x2c49e3b0,FUN_2c49e3b0,72,31,1,2c49e3b0_FUN_2c49e3b0
0x2c49e400,FUN_2c49e400,170,64,1,2c49e400_FUN_2c49e400
0x2c49e4c8,FUN_2c49e4c8,108,39,1,2c49e4c8_FUN_2c49e4c8
0x2c49eb08,FUN_2c49eb08,184,68,1,2c49eb08_FUN_2c49eb08
0x2c49ebc8,FUN_2c49ebc8,120,49,1,2c49ebc8_FUN_2c49ebc8
0x2c49ec4c,FUN_2c49ec4c,58,23,1,2c49ec4c_FUN_2c49ec4c
0x2c49ec8c,FUN_2c49ec8c,92,39,1,2c49ec8c_FUN_2c49ec8c
0x2c49ed20,FUN_2c49ed20,76,30,1,2c49ed20_FUN_2c49ed20
0x2c49edd4,FUN_2c49edd4,328,114,1,2c49edd4_FUN_2c49edd4
0x2c49f084,FUN_2c49f084,178,65,1,2c49f084_FUN_2c49f084
0x2c49f1a0,FUN_2c49f1a0,4,2,1,2c49f1a0_FUN_2c49f1a0
0x2c49f1b4,FUN_2c49f1b4,34,14,1,2c49f1b4_FUN_2c49f1b4
0x2c49f310,FUN_2c49f310,58,23,1,2c49f310_FUN_2c49f310
0x2c49f434,FUN_2c49f434,42,17,1,2c49f434_FUN_2c49f434
0x2c49f6c4,FUN_2c49f6c4,122,58,1,2c49f6c4_FUN_2c49f6c4
0x2c49f79c,FUN_2c49f79c,534,233,1,2c49f79c_FUN_2c49f79c
0x2c49fc64,FUN_2c49fc64,72,33,1,2c49fc64_FUN_2c49fc64
0x2c49fcd4,FUN_2c49fcd4,232,116,1,2c49fcd4_FUN_2c49fcd4
0x2c49fde0,FUN_2c49fde0,310,145,1,2c49fde0_FUN_2c49fde0
0x2c49ff88,FUN_2c49ff88,74,33,1,2c49ff88_FUN_2c49ff88
0x2c49ffd8,FUN_2c49ffd8,884,347,1,2c49ffd8_FUN_2c49ffd8
0x2c4a0424,FUN_2c4a0424,60,20,1,2c4a0424_FUN_2c4a0424
0x2c4a0470,FUN_2c4a0470,246,85,1,2c4a0470_FUN_2c4a0470
0x2c4a05cc,FUN_2c4a05cc,96,39,1,2c4a05cc_FUN_2c4a05cc
0x2c4a0640,FUN_2c4a0640,166,66,1,2c4a0640_FUN_2c4a0640
0x2c4a06fc,FUN_2c4a06fc,48,22,1,2c4a06fc_FUN_2c4a06fc
0x2c4a0738,FUN_2c4a0738,104,43,1,2c4a0738_FUN_2c4a0738
0x2c4a07d0,FUN_2c4a07d0,50,20,1,2c4a07d0_FUN_2c4a07d0
0x2c4a0824,FUN_2c4a0824,48,19,1,2c4a0824_FUN_2c4a0824
0x2c4a086c,FUN_2c4a086c,50,20,1,2c4a086c_FUN_2c4a086c
0x2c4a08bc,FUN_2c4a08bc,90,35,1,2c4a08bc_FUN_2c4a08bc
0x2c4a0930,FUN_2c4a0930,126,47,1,2c4a0930_FUN_2c4a0930
0x2c4a09bc,FUN_2c4a09bc,98,42,1,2c4a09bc_FUN_2c4a09bc
0x2c4a0a38,FUN_2c4a0a38,170,64,1,2c4a0a38_FUN_2c4a0a38
0x2c4a0b00,FUN_2c4a0b00,108,39,1,2c4a0b00_FUN_2c4a0b00
0x2c4a0c84,FUN_2c4a0c84,184,68,1,2c4a0c84_FUN_2c4a0c84
0x2c4a0d80,FUN_2c4a0d80,150,61,1,2c4a0d80_FUN_2c4a0d80
0x2c4a0e38,FUN_2c4a0e38,46,18,1,2c4a0e38_FUN_2c4a0e38
0x2c4a0e8c,FUN_2c4a0e8c,144,55,1,2c4a0e8c_FUN_2c4a0e8c
0x2c4a132c,FUN_2c4a132c,184,68,1,2c4a132c_FUN_2c4a132c
0x2c4a1470,FUN_2c4a1470,58,23,1,2c4a1470_FUN_2c4a1470
0x2c4a14bc,FUN_2c4a14bc,80,33,1,2c4a14bc_FUN_2c4a14bc
0x2c4a1548,FUN_2c4a1548,78,30,1,2c4a1548_FUN_2c4a1548
0x2c4a15fc,FUN_2c4a15fc,328,114,1,2c4a15fc_FUN_2c4a15fc
0x2c4a176c,FUN_2c4a176c,306,113,1,2c4a176c_FUN_2c4a176c
0x2c4a18a4,FUN_2c4a18a4,290,111,1,2c4a18a4_FUN_2c4a18a4
0x2c4a1aec,FUN_2c4a1aec,34,14,1,2c4a1aec_FUN_2c4a1aec
0x2c4a1c44,FUN_2c4a1c44,58,23,1,2c4a1c44_FUN_2c4a1c44
0x2c4a1dac,FUN_2c4a1dac,264,106,1,2c4a1dac_FUN_2c4a1dac
0x2c4a29b4,FUN_2c4a29b4,342,158,1,2c4a29b4_FUN_2c4a29b4
0x2c4a2b7c,FUN_2c4a2b7c,74,33,1,2c4a2b7c_FUN_2c4a2b7c
0x2c4a301c,FUN_2c4a301c,60,20,1,2c4a301c_FUN_2c4a301c
0x2c4a3068,FUN_2c4a3068,242,85,1,2c4a3068_FUN_2c4a3068
0x2c4a335c,FUN_2c4a335c,98,48,1,2c4a335c_FUN_2c4a335c
0x2c4a3418,FUN_2c4a3418,520,228,1,2c4a3418_FUN_2c4a3418
0x2c4a3938,FUN_2c4a3938,754,299,1,2c4a3938_FUN_2c4a3938
0x2c4a39a8,FUN_2c4a39a8,208,104,1,2c4a39a8_FUN_2c4a39a8
0x2c4a3a9c,FUN_2c4a3a9c,300,143,1,2c4a3a9c_FUN_2c4a3a9c
0x2c4a3c38,FUN_2c4a3c38,74,33,1,2c4a3c38_FUN_2c4a3c38
0x2c4a3c88,FUN_2c4a3c88,818,323,1,2c4a3c88_FUN_2c4a3c88
0x2c4a409c,FUN_2c4a409c,164,56,1,2c4a409c_FUN_2c4a409c
0x2c4a416c,FUN_2c4a416c,42,17,1,2c4a416c_FUN_2c4a416c
0x2c4a41bc,FUN_2c4a41bc,102,41,1,2c4a41bc_FUN_2c4a41bc
0x2c4a4238,FUN_2c4a4238,172,68,1,2c4a4238_FUN_2c4a4238
0x2c4a4300,FUN_2c4a4300,48,22,1,2c4a4300_FUN_2c4a4300
0x2c4a4338,FUN_2c4a4338,100,41,1,2c4a4338_FUN_2c4a4338
0x2c4a43c4,FUN_2c4a43c4,54,21,1,2c4a43c4_FUN_2c4a43c4
0x2c4a4414,FUN_2c4a4414,90,35,1,2c4a4414_FUN_2c4a4414
0x2c4a4488,FUN_2c4a4488,126,47,1,2c4a4488_FUN_2c4a4488
0x2c4a4514,FUN_2c4a4514,72,31,1,2c4a4514_FUN_2c4a4514
0x2c4a4564,FUN_2c4a4564,184,69,1,2c4a4564_FUN_2c4a4564
0x2c4a4640,FUN_2c4a4640,124,44,1,2c4a4640_FUN_2c4a4640
0x2c4a4a6c,FUN_2c4a4a6c,54,21,1,2c4a4a6c_FUN_2c4a4a6c
0x2c4a4dec,FUN_2c4a4dec,50,21,1,2c4a4dec_FUN_2c4a4dec
0x2c4a4f60,FUN_2c4a4f60,92,36,1,2c4a4f60_FUN_2c4a4f60
0x2c4a4ffc,FUN_2c4a4ffc,80,31,1,2c4a4ffc_FUN_2c4a4ffc
0x2c4a50bc,FUN_2c4a50bc,334,116,1,2c4a50bc_FUN_2c4a50bc
0x2c4a5234,FUN_2c4a5234,306,113,1,2c4a5234_FUN_2c4a5234
0x2c4a536c,FUN_2c4a536c,202,75,1,2c4a536c_FUN_2c4a536c
0x2c4a5474,FUN_2c4a5474,40,16,1,2c4a5474_FUN_2c4a5474
0x2c4a55c4,FUN_2c4a55c4,10,4,1,2c4a55c4_FUN_2c4a55c4
0x2c4a55d4,FUN_2c4a55d4,50,21,1,2c4a55d4_FUN_2c4a55d4
0x2c4a5624,FUN_2c4a5624,64,26,1,2c4a5624_FUN_2c4a5624
0x2c4a578c,FUN_2c4a578c,102,41,1,2c4a578c_FUN_2c4a578c
0x2c4a5808,FUN_2c4a5808,154,60,1,2c4a5808_FUN_2c4a5808
0x2c4a58c4,FUN_2c4a58c4,48,22,1,2c4a58c4_FUN_2c4a58c4
0x2c4a58fc,FUN_2c4a58fc,100,41,1,2c4a58fc_FUN_2c4a58fc
0x2c4a5988,FUN_2c4a5988,72,31,1,2c4a5988_FUN_2c4a5988
0x2c4a59d8,FUN_2c4a59d8,80,32,1,2c4a59d8_FUN_2c4a59d8
0x2c4a5a6c,FUN_2c4a5a6c,172,66,1,2c4a5a6c_FUN_2c4a5a6c
0x2c4a5b54,FUN_2c4a5b54,42,17,1,2c4a5b54_FUN_2c4a5b54
0x2c4a5c78,FUN_2c4a5c78,86,33,1,2c4a5c78_FUN_2c4a5c78
0x2c4a5ce8,FUN_2c4a5ce8,238,93,1,2c4a5ce8_FUN_2c4a5ce8
0x2c4a5e10,FUN_2c4a5e10,126,47,1,2c4a5e10_FUN_2c4a5e10
0x2c4a5eec,FUN_2c4a5eec,50,21,1,2c4a5eec_FUN_2c4a5eec
0x2c4a5f3c,FUN_2c4a5f3c,54,21,1,2c4a5f3c_FUN_2c4a5f3c
0x2c4a5f8c,FUN_2c4a5f8c,58,24,1,2c4a5f8c_FUN_2c4a5f8c
0x2c4a5fda,FUN_2c4a5fda,90,42,1,2c4a5fda_FUN_2c4a5fda
0x2c4a62bc,FUN_2c4a62bc,254,100,1,2c4a62bc_FUN_2c4a62bc
0x2c4a6650,FUN_2c4a6650,50,19,1,2c4a6650_FUN_2c4a6650
0x2c4a68d0,FUN_2c4a68d0,46,18,1,2c4a68d0_FUN_2c4a68d0
0x2c4a6b68,FUN_2c4a6b68,80,31,1,2c4a6b68_FUN_2c4a6b68
0x2c4a6c64,FUN_2c4a6c64,140,51,1,2c4a6c64_FUN_2c4a6c64
0x2c4a6d34,FUN_2c4a6d34,72,28,1,2c4a6d34_FUN_2c4a6d34
0x2c4a6d90,FUN_2c4a6d90,46,19,1,2c4a6d90_FUN_2c4a6d90
0x2c4a6ff0,FUN_2c4a6ff0,84,33,1,2c4a6ff0_FUN_2c4a6ff0
0x2c4a714c,TRACE_weather_1x2,40,16,1,2c4a714c_TRACE_weather_1x2
0x2c4a72aa,FUN_2c4a72aa,934,345,1,2c4a72aa_FUN_2c4a72aa
0x2c4a7450,FUN_2c4a7450,64,26,1,2c4a7450_FUN_2c4a7450
0x2c4a758c,FUN_2c4a758c,48,19,1,2c4a758c_FUN_2c4a758c
0x2c4a7764,FUN_2c4a7764,98,48,1,2c4a7764_FUN_2c4a7764
0x2c4a7820,FUN_2c4a7820,520,228,1,2c4a7820_FUN_2c4a7820
0x2c4a7a6c,FUN_2c4a7a6c,682,266,1,2c4a7a6c_FUN_2c4a7a6c
0x2c4a7d40,FUN_2c4a7d40,208,104,1,2c4a7d40_FUN_2c4a7d40
0x2c4a7e34,FUN_2c4a7e34,300,143,1,2c4a7e34_FUN_2c4a7e34
0x2c4a7fd0,FUN_2c4a7fd0,74,33,1,2c4a7fd0_FUN_2c4a7fd0
0x2c4a8020,FUN_2c4a8020,812,325,1,2c4a8020_FUN_2c4a8020
0x2c4a8488,FUN_2c4a8488,126,44,1,2c4a8488_FUN_2c4a8488
0x2c4a8560,FUN_2c4a8560,54,24,1,2c4a8560_FUN_2c4a8560
0x2c4a85ac,FUN_2c4a85ac,114,43,1,2c4a85ac_FUN_2c4a85ac
0x2c4a8638,FUN_2c4a8638,134,49,1,2c4a8638_FUN_2c4a8638
0x2c4a8704,FUN_2c4a8704,68,28,1,2c4a8704_FUN_2c4a8704
0x2c4a8764,FUN_2c4a8764,70,29,1,2c4a8764_FUN_2c4a8764
0x2c4a87c4,FUN_2c4a87c4,164,63,1,2c4a87c4_FUN_2c4a87c4
0x2c4a88c8,FUN_2c4a88c8,338,129,1,2c4a88c8_FUN_2c4a88c8
0x2c4a8a8c,FUN_2c4a8a8c,406,151,1,2c4a8a8c_FUN_2c4a8a8c
0x2c4a8ca0,FUN_2c4a8ca0,6,3,1,2c4a8ca0_FUN_2c4a8ca0
0x2c4a8cac,FUN_2c4a8cac,8,3,1,2c4a8cac_FUN_2c4a8cac
0x2c4a8d32,FUN_2c4a8d32,114,45,1,2c4a8d32_FUN_2c4a8d32
0x2c4a8dce,FUN_2c4a8dce,226,90,1,2c4a8dce_FUN_2c4a8dce
0x2c4a8f1e,FUN_2c4a8f1e,32,13,1,2c4a8f1e_FUN_2c4a8f1e
0x2c4a8fcc,FUN_2c4a8fcc,634,239,1,2c4a8fcc_FUN_2c4a8fcc
0x2c4a92ba,FUN_2c4a92ba,150,64,1,2c4a92ba_FUN_2c4a92ba
0x2c4a9392,FUN_2c4a9392,62,26,1,2c4a9392_FUN_2c4a9392
0x2c4a93ec,FUN_2c4a93ec,102,40,1,2c4a93ec_FUN_2c4a93ec
0x2c4a945c,FUN_2c4a945c,42,18,1,2c4a945c_FUN_2c4a945c
0x2c4a9488,FUN_2c4a9488,36,12,1,2c4a9488_FUN_2c4a9488
0x2c4a94ac,FUN_2c4a94ac,36,12,1,2c4a94ac_FUN_2c4a94ac
0x2c4a94d0,FUN_2c4a94d0,12,4,1,2c4a94d0_FUN_2c4a94d0
0x2c4a94e0,FUN_2c4a94e0,8,3,1,2c4a94e0_FUN_2c4a94e0
0x2c4a94ec,FUN_2c4a94ec,32,13,1,2c4a94ec_FUN_2c4a94ec
0x2c4a96fa,FUN_2c4a96fa,102,41,1,2c4a96fa_FUN_2c4a96fa
0x2c4a97b0,FUN_2c4a97b0,22,9,1,2c4a97b0_FUN_2c4a97b0
0x2c4a9894,FUN_2c4a9894,82,32,1,2c4a9894_FUN_2c4a9894
0x2c4a99c8,FUN_2c4a99c8,148,58,1,2c4a99c8_FUN_2c4a99c8
0x2c4a9a7a,FUN_2c4a9a7a,46,19,1,2c4a9a7a_FUN_2c4a9a7a
0x2c4a9ad0,FUN_2c4a9ad0,22,9,1,2c4a9ad0_FUN_2c4a9ad0
0x2c4a9b28,FUN_2c4a9b28,96,34,1,2c4a9b28_FUN_2c4a9b28
0x2c4a9b98,FUN_2c4a9b98,78,30,1,2c4a9b98_FUN_2c4a9b98
0x2c4a9c5c,FUN_2c4a9c5c,154,59,1,2c4a9c5c_FUN_2c4a9c5c
0x2c4a9d10,FUN_2c4a9d10,186,73,1,2c4a9d10_FUN_2c4a9d10
0x2c4a9df0,FUN_2c4a9df0,274,96,1,2c4a9df0_FUN_2c4a9df0
0x2c4a9f58,FUN_2c4a9f58,104,37,1,2c4a9f58_FUN_2c4a9f58
0x2c4aa018,FUN_2c4aa018,1324,394,1,2c4aa018_FUN_2c4aa018
0x2c4aa4b8,FUN_2c4aa4b8,34,14,1,2c4aa4b8_FUN_2c4aa4b8
0x2c4aa4ec,FUN_2c4aa4ec,24,10,1,2c4aa4ec_FUN_2c4aa4ec
0x2c4aa540,FUN_2c4aa540,10,4,1,2c4aa540_FUN_2c4aa540
0x2c4aa550,FUN_2c4aa550,114,41,1,2c4aa550_FUN_2c4aa550
0x2c4aa5dc,FUN_2c4aa5dc,346,128,1,2c4aa5dc_FUN_2c4aa5dc
0x2c4aa73c,FUN_2c4aa73c,82,30,1,2c4aa73c_FUN_2c4aa73c
0x2c4aa790,FUN_2c4aa790,254,103,1,2c4aa790_FUN_2c4aa790
0x2c4aa8e0,FUN_2c4aa8e0,114,45,1,2c4aa8e0_FUN_2c4aa8e0
0x2c4aa970,FUN_2c4aa970,74,27,1,2c4aa970_FUN_2c4aa970
0x2c4aa9d0,FUN_2c4aa9d0,106,40,1,2c4aa9d0_FUN_2c4aa9d0
0x2c4aaa54,FUN_2c4aaa54,4,2,1,2c4aaa54_FUN_2c4aaa54
0x2c4aaa58,FUN_2c4aaa58,90,37,1,2c4aaa58_FUN_2c4aaa58
0x2c4aab18,FUN_2c4aab18,78,30,1,2c4aab18_FUN_2c4aab18
0x2c4aab6c,FUN_2c4aab6c,190,67,1,2c4aab6c_FUN_2c4aab6c
0x2c4aac50,FUN_2c4aac50,1076,366,1,2c4aac50_FUN_2c4aac50
0x2c4ab134,FUN_2c4ab134,102,39,1,2c4ab134_FUN_2c4ab134
0x2c4ab1b0,FUN_2c4ab1b0,10,5,1,2c4ab1b0_FUN_2c4ab1b0
0x2c4ab1f4,FUN_2c4ab1f4,108,39,1,2c4ab1f4_FUN_2c4ab1f4
0x2c4ab27c,FUN_2c4ab27c,74,26,1,2c4ab27c_FUN_2c4ab27c
0x2c4ab2e8,FUN_2c4ab2e8,284,98,1,2c4ab2e8_FUN_2c4ab2e8
0x2c4ab450,FUN_2c4ab450,130,48,1,2c4ab450_FUN_2c4ab450
0x2c4ab4ec,FUN_2c4ab4ec,112,40,1,2c4ab4ec_FUN_2c4ab4ec
0x2c4ab578,FUN_2c4ab578,76,28,1,2c4ab578_FUN_2c4ab578
0x2c4ab5c8,FUN_2c4ab5c8,1012,346,1,2c4ab5c8_FUN_2c4ab5c8
0x2c4aba70,FUN_2c4aba70,1128,392,1,2c4aba70_FUN_2c4aba70
0x2c4abfec,FUN_2c4abfec,296,105,1,2c4abfec_FUN_2c4abfec
0x2c4ac2b4,FUN_2c4ac2b4,316,109,1,2c4ac2b4_FUN_2c4ac2b4
0x2c4ac410,FUN_2c4ac410,176,64,1,2c4ac410_FUN_2c4ac410
0x2c4ac4dc,FUN_2c4ac4dc,250,87,1,2c4ac4dc_FUN_2c4ac4dc
0x2c4ac5f0,FUN_2c4ac5f0,106,42,1,2c4ac5f0_FUN_2c4ac5f0
0x2c4ac670,FUN_2c4ac670,228,83,1,2c4ac670_FUN_2c4ac670
0x2c4ac780,FUN_2c4ac780,60,21,1,2c4ac780_FUN_2c4ac780
0x2c4ac850,FUN_2c4ac850,782,266,1,2c4ac850_FUN_2c4ac850
0x2c4acc38,FUN_2c4acc38,122,45,1,2c4acc38_FUN_2c4acc38
0x2c4accc4,FUN_2c4accc4,140,53,1,2c4accc4_FUN_2c4accc4
0x2c4acd50,FUN_2c4acd50,230,91,1,2c4acd50_FUN_2c4acd50
0x2c4ace48,FUN_2c4ace48,130,49,1,2c4ace48_FUN_2c4ace48
0x2c4acef0,FUN_2c4acef0,340,127,1,2c4acef0_FUN_2c4acef0
0x2c4ad0b4,FUN_2c4ad0b4,112,43,1,2c4ad0b4_FUN_2c4ad0b4
0x2c4ad13c,FUN_2c4ad13c,192,80,1,2c4ad13c_FUN_2c4ad13c
0x2c4ad210,FUN_2c4ad210,108,41,1,2c4ad210_FUN_2c4ad210
0x2c4ad294,FUN_2c4ad294,82,33,1,2c4ad294_FUN_2c4ad294
0x2c4ad4fc,FUN_2c4ad4fc,96,35,1,2c4ad4fc_FUN_2c4ad4fc
0x2c4ad56c,FUN_2c4ad56c,52,19,1,2c4ad56c_FUN_2c4ad56c
0x2c4ad714,FUN_2c4ad714,12,5,1,2c4ad714_FUN_2c4ad714
0x2c4ad728,FUN_2c4ad728,26,8,1,2c4ad728_FUN_2c4ad728
0x2c4ad778,FUN_2c4ad778,82,34,1,2c4ad778_FUN_2c4ad778
0x2c4ad834,FUN_2c4ad834,72,29,1,2c4ad834_FUN_2c4ad834
0x2c4ad904,FUN_2c4ad904,414,119,1,2c4ad904_FUN_2c4ad904
0x2c4adaa4,FUN_2c4adaa4,156,44,1,2c4adaa4_FUN_2c4adaa4
0x2c4adb40,FUN_2c4adb40,212,80,1,2c4adb40_FUN_2c4adb40
0x2c4adc20,FUN_2c4adc20,282,92,1,2c4adc20_FUN_2c4adc20
0x2c4add48,FUN_2c4add48,200,73,1,2c4add48_FUN_2c4add48
0x2c4ade20,FUN_2c4ade20,204,74,1,2c4ade20_FUN_2c4ade20
0x2c4adef8,FUN_2c4adef8,246,86,1,2c4adef8_FUN_2c4adef8
0x2c4ae004,FUN_2c4ae004,308,103,1,2c4ae004_FUN_2c4ae004
0x2c4ae148,FUN_2c4ae148,182,66,1,2c4ae148_FUN_2c4ae148
0x2c4ae20c,FUN_2c4ae20c,26,9,1,2c4ae20c_FUN_2c4ae20c
0x2c4ae22c,FUN_2c4ae22c,182,71,1,2c4ae22c_FUN_2c4ae22c
0x2c4ae2f8,FUN_2c4ae2f8,440,156,1,2c4ae2f8_FUN_2c4ae2f8
0x2c4ae4c4,FUN_2c4ae4c4,16,7,1,2c4ae4c4_FUN_2c4ae4c4
0x2c4ae4d8,FUN_2c4ae4d8,186,72,1,2c4ae4d8_FUN_2c4ae4d8
0x2c4ae5a0,FUN_2c4ae5a0,696,250,1,2c4ae5a0_FUN_2c4ae5a0
0x2c4ae86c,FUN_2c4ae86c,670,233,1,2c4ae86c_FUN_2c4ae86c
0x2c4aeb30,FUN_2c4aeb30,1558,551,1,2c4aeb30_FUN_2c4aeb30
0x2c4af188,FUN_2c4af188,1668,597,1,2c4af188_FUN_2c4af188
0x2c4af844,FUN_2c4af844,1216,445,1,2c4af844_FUN_2c4af844
0x2c4afd34,FUN_2c4afd34,8,3,1,2c4afd34_FUN_2c4afd34
0x2c4afd40,FUN_2c4afd40,8,3,1,2c4afd40_FUN_2c4afd40
0x2c4afd4c,FUN_2c4afd4c,46,16,1,2c4afd4c_FUN_2c4afd4c
0x2c4afd88,FUN_2c4afd88,200,66,1,2c4afd88_FUN_2c4afd88
0x2c4afe84,FUN_2c4afe84,244,67,1,2c4afe84_FUN_2c4afe84
0x2c4aff78,FUN_2c4aff78,86,35,1,2c4aff78_FUN_2c4aff78
0x2c4affd0,FUN_2c4affd0,86,35,1,2c4affd0_FUN_2c4affd0
0x2c4b002e,FUN_2c4b002e,344,125,1,2c4b002e_FUN_2c4b002e
0x2c4b018e,FUN_2c4b018e,174,57,1,2c4b018e_FUN_2c4b018e
0x2c4b0246,FUN_2c4b0246,348,117,1,2c4b0246_FUN_2c4b0246
0x2c4b04c8,FUN_2c4b04c8,746,224,1,2c4b04c8_FUN_2c4b04c8
0x2c4b07f0,FUN_2c4b07f0,584,182,1,2c4b07f0_FUN_2c4b07f0
0x2c4b0a50,FUN_2c4b0a50,338,110,1,2c4b0a50_FUN_2c4b0a50
0x2c4b0bba,FUN_2c4b0bba,1902,587,1,2c4b0bba_FUN_2c4b0bba
0x2c4b1338,FUN_2c4b1338,3742,1194,1,2c4b1338_FUN_2c4b1338
0x2c4b2c18,FUN_2c4b2c18,170,63,1,2c4b2c18_FUN_2c4b2c18
0x2c4b2cc8,FUN_2c4b2cc8,1208,323,1,2c4b2cc8_FUN_2c4b2cc8
0x2c4b31a0,FUN_2c4b31a0,280,97,1,2c4b31a0_FUN_2c4b31a0
0x2c4b36a2,FUN_2c4b36a2,86,30,1,2c4b36a2_FUN_2c4b36a2
0x2c4b3718,FUN_2c4b3718,192,83,1,2c4b3718_FUN_2c4b3718
0x2c4b37de,FUN_2c4b37de,80,33,1,2c4b37de_FUN_2c4b37de
0x2c4b3842,FUN_2c4b3842,766,238,1,2c4b3842_FUN_2c4b3842
0x2c4b3c80,FUN_2c4b3c80,152,52,1,2c4b3c80_FUN_2c4b3c80
0x2c4b3d1c,FUN_2c4b3d1c,30,14,1,2c4b3d1c_FUN_2c4b3d1c
0x2c4b3d3c,FUN_2c4b3d3c,74,29,1,2c4b3d3c_FUN_2c4b3d3c
0x2c4b3d8c,FUN_2c4b3d8c,16,7,1,2c4b3d8c_FUN_2c4b3d8c
0x2c4b3d9c,FUN_2c4b3d9c,74,29,1,2c4b3d9c_FUN_2c4b3d9c
0x2c4b3dec,FUN_2c4b3dec,130,43,1,2c4b3dec_FUN_2c4b3dec
0x2c4b3e7c,FUN_2c4b3e7c,814,265,1,2c4b3e7c_FUN_2c4b3e7c
0x2c4b41bc,FUN_2c4b41bc,78,34,1,2c4b41bc_FUN_2c4b41bc
0x2c4b4238,FUN_2c4b4238,6,2,1,2c4b4238_FUN_2c4b4238
0x2c4b4240,thunk_FUN_2c4b4a28,8,2,1,2c4b4240_thunk_FUN_2c4b4a28
0x2c4b4248,FUN_2c4b4248,172,75,1,2c4b4248_FUN_2c4b4248
0x2c4b4310,FUN_2c4b4310,140,62,1,2c4b4310_FUN_2c4b4310
0x2c4b43a8,FUN_2c4b43a8,176,81,1,2c4b43a8_FUN_2c4b43a8
0x2c4b4460,FUN_2c4b4460,62,29,1,2c4b4460_FUN_2c4b4460
0x2c4b44a4,FUN_2c4b44a4,10,5,1,2c4b44a4_FUN_2c4b44a4
0x2c4b44b4,FUN_2c4b44b4,10,5,1,2c4b44b4_FUN_2c4b44b4
0x2c4b44f0,FUN_2c4b44f0,30,12,1,2c4b44f0_FUN_2c4b44f0
0x2c4b4510,FUN_2c4b4510,6,3,1,2c4b4510_FUN_2c4b4510
0x2c4b451c,FUN_2c4b451c,2,1,1,2c4b451c_FUN_2c4b451c
0x2c4b4520,FUN_2c4b4520,268,90,1,2c4b4520_FUN_2c4b4520
0x2c4b462c,FUN_2c4b462c,70,28,1,2c4b462c_FUN_2c4b462c
0x2c4b4674,FUN_2c4b4674,548,196,1,2c4b4674_FUN_2c4b4674
0x2c4b48c0,FUN_2c4b48c0,34,12,1,2c4b48c0_FUN_2c4b48c0
0x2c4b48dc,FUN_2c4b48dc,84,34,1,2c4b48dc_FUN_2c4b48dc
0x2c4b4938,FUN_2c4b4938,60,20,1,2c4b4938_FUN_2c4b4938
0x2c4b4980,FUN_2c4b4980,10,4,1,2c4b4980_FUN_2c4b4980
0x2c4b4990,FUN_2c4b4990,10,4,1,2c4b4990_FUN_2c4b4990
0x2c4b49a4,FUN_2c4b49a4,8,4,1,2c4b49a4_FUN_2c4b49a4
0x2c4b49b0,FUN_2c4b49b0,66,26,1,2c4b49b0_FUN_2c4b49b0
0x2c4b4a24,thunk_FUN_2c673b18,4,1,1,2c4b4a24_thunk_FUN_2c673b18
0x2c4b4a28,FUN_2c4b4a28,130,47,1,2c4b4a28_FUN_2c4b4a28
0x2c4b4ab0,FUN_2c4b4ab0,62,23,1,2c4b4ab0_FUN_2c4b4ab0
0x2c4b4acc,FUN_2c4b4acc,86,30,1,2c4b4acc_FUN_2c4b4acc
0x2c4b4b38,FUN_2c4b4b38,36,14,1,2c4b4b38_FUN_2c4b4b38
0x2c4b4b60,FUN_2c4b4b60,28,12,1,2c4b4b60_FUN_2c4b4b60
0x2c4b4cd8,FUN_2c4b4cd8,48,22,1,2c4b4cd8_FUN_2c4b4cd8
0x2c4b4d10,FUN_2c4b4d10,96,39,1,2c4b4d10_FUN_2c4b4d10
0x2c4b4d78,FUN_2c4b4d78,148,55,1,2c4b4d78_FUN_2c4b4d78
0x2c4b4e1c,FUN_2c4b4e1c,24,10,1,2c4b4e1c_FUN_2c4b4e1c
0x2c4b4e88,FUN_2c4b4e88,28,11,1,2c4b4e88_FUN_2c4b4e88
0x2c4b4ece,FUN_2c4b4ece,32,14,1,2c4b4ece_FUN_2c4b4ece
0x2c4b4ef8,FUN_2c4b4ef8,66,27,1,2c4b4ef8_FUN_2c4b4ef8
0x2c4b4f50,FUN_2c4b4f50,70,29,1,2c4b4f50_FUN_2c4b4f50
0x2c4b4fb8,FUN_2c4b4fb8,22,9,1,2c4b4fb8_FUN_2c4b4fb8
0x2c4b4fd4,FUN_2c4b4fd4,294,120,1,2c4b4fd4_FUN_2c4b4fd4
0x2c4b5128,FUN_2c4b5128,90,38,1,2c4b5128_FUN_2c4b5128
0x2c4b5198,FUN_2c4b5198,48,19,1,2c4b5198_FUN_2c4b5198
0x2c4b530c,FUN_2c4b530c,146,56,1,2c4b530c_FUN_2c4b530c
0x2c4b5474,FUN_2c4b5474,154,57,1,2c4b5474_FUN_2c4b5474
0x2c4b5510,FUN_2c4b5510,156,58,1,2c4b5510_FUN_2c4b5510
0x2c4b5556,FUN_2c4b5556,454,178,1,2c4b5556_FUN_2c4b5556
0x2c4b5750,FUN_2c4b5750,150,51,1,2c4b5750_FUN_2c4b5750
0x2c4b57f8,FUN_2c4b57f8,336,135,1,2c4b57f8_FUN_2c4b57f8
0x2c4b5ab8,FUN_2c4b5ab8,510,193,1,2c4b5ab8_FUN_2c4b5ab8
0x2c4b5cfc,FUN_2c4b5cfc,46,17,1,2c4b5cfc_FUN_2c4b5cfc
0x2c4b5d3c,FUN_2c4b5d3c,330,125,1,2c4b5d3c_FUN_2c4b5d3c
0x2c4b5d44,FUN_2c4b5d44,8,3,1,2c4b5d44_FUN_2c4b5d44
0x2c4b5d4c,FUN_2c4b5d4c,40,17,1,2c4b5d4c_FUN_2c4b5d4c
0x2c4b5d84,FUN_2c4b5d84,68,28,1,2c4b5d84_FUN_2c4b5d84
0x2c4b5dd8,FUN_2c4b5dd8,68,29,1,2c4b5dd8_FUN_2c4b5dd8
0x2c4b5e28,FUN_2c4b5e28,66,27,1,2c4b5e28_FUN_2c4b5e28
0x2c4b5e70,FUN_2c4b5e70,54,22,1,2c4b5e70_FUN_2c4b5e70
0x2c4b5eac,FUN_2c4b5eac,154,52,1,2c4b5eac_FUN_2c4b5eac
0x2c4b5f50,FUN_2c4b5f50,250,95,1,2c4b5f50_FUN_2c4b5f50
0x2c4b6058,FUN_2c4b6058,162,59,1,2c4b6058_FUN_2c4b6058
0x2c4b6170,FUN_2c4b6170,626,175,1,2c4b6170_FUN_2c4b6170
0x2c4b63e8,FUN_2c4b63e8,242,87,1,2c4b63e8_FUN_2c4b63e8
0x2c4b649c,FUN_2c4b649c,194,74,1,2c4b649c_FUN_2c4b649c
0x2c4b6608,FUN_2c4b6608,140,44,1,2c4b6608_FUN_2c4b6608
0x2c4b6698,FUN_2c4b6698,242,91,1,2c4b6698_FUN_2c4b6698
0x2c4b66f4,FUN_2c4b66f4,84,33,1,2c4b66f4_FUN_2c4b66f4
0x2c4b674c,FUN_2c4b674c,2,1,1,2c4b674c_FUN_2c4b674c
0x2c4b6750,FUN_2c4b6750,166,61,1,2c4b6750_FUN_2c4b6750
0x2c4b6800,FUN_2c4b6800,4,2,1,2c4b6800_FUN_2c4b6800
0x2c4b6804,FUN_2c4b6804,638,202,1,2c4b6804_FUN_2c4b6804
0x2c4b6a94,FUN_2c4b6a94,108,40,1,2c4b6a94_FUN_2c4b6a94
0x2c4b6b00,FUN_2c4b6b00,88,34,1,2c4b6b00_FUN_2c4b6b00
0x2c4b6b58,FUN_2c4b6b58,100,34,1,2c4b6b58_FUN_2c4b6b58
0x2c4b6bbc,FUN_2c4b6bbc,8,3,1,2c4b6bbc_FUN_2c4b6bbc
0x2c4b6bc8,FUN_2c4b6bc8,52,18,1,2c4b6bc8_FUN_2c4b6bc8
0x2c4b6bfc,FUN_2c4b6bfc,68,26,1,2c4b6bfc_FUN_2c4b6bfc
0x2c4b6c48,FUN_2c4b6c48,60,23,1,2c4b6c48_FUN_2c4b6c48
0x2c4b6c90,FUN_2c4b6c90,10,4,1,2c4b6c90_FUN_2c4b6c90
0x2c4b6cd0,FUN_2c4b6cd0,80,28,1,2c4b6cd0_FUN_2c4b6cd0
0x2c4b6d24,FUN_2c4b6d24,6,3,1,2c4b6d24_FUN_2c4b6d24
0x2c4b6d30,FUN_2c4b6d30,134,50,1,2c4b6d30_FUN_2c4b6d30
0x2c4b6dc8,FUN_2c4b6dc8,140,52,1,2c4b6dc8_FUN_2c4b6dc8
0x2c4b6e64,FUN_2c4b6e64,92,33,1,2c4b6e64_FUN_2c4b6e64
0x2c4b6ec8,FUN_2c4b6ec8,80,28,1,2c4b6ec8_FUN_2c4b6ec8
0x2c4b6f1c,FUN_2c4b6f1c,80,28,1,2c4b6f1c_FUN_2c4b6f1c
0x2c4b6f70,FUN_2c4b6f70,80,28,1,2c4b6f70_FUN_2c4b6f70
0x2c4b6fc4,FUN_2c4b6fc4,80,28,1,2c4b6fc4_FUN_2c4b6fc4
0x2c4b7018,FUN_2c4b7018,80,28,1,2c4b7018_FUN_2c4b7018
0x2c4b706c,FUN_2c4b706c,80,28,1,2c4b706c_FUN_2c4b706c
0x2c4b70c0,FUN_2c4b70c0,80,28,1,2c4b70c0_FUN_2c4b70c0
0x2c4b7114,FUN_2c4b7114,92,33,1,2c4b7114_FUN_2c4b7114
0x2c4b7178,FUN_2c4b7178,90,32,1,2c4b7178_FUN_2c4b7178
0x2c4b71dc,FUN_2c4b71dc,88,32,1,2c4b71dc_FUN_2c4b71dc
0x2c4b723c,FUN_2c4b723c,88,31,1,2c4b723c_FUN_2c4b723c
0x2c4b738c,FUN_2c4b738c,10,4,1,2c4b738c_FUN_2c4b738c
0x2c4b73a2,FUN_2c4b73a2,10,4,1,2c4b73a2_FUN_2c4b73a2
0x2c4b73fc,FUN_2c4b73fc,18,8,1,2c4b73fc_FUN_2c4b73fc
0x2c4b7414,FUN_2c4b7414,40,19,1,2c4b7414_FUN_2c4b7414
0x2c4b7490,FUN_2c4b7490,24,9,1,2c4b7490_FUN_2c4b7490
0x2c4b74ac,FUN_2c4b74ac,26,9,1,2c4b74ac_FUN_2c4b74ac
0x2c4b754c,FUN_2c4b754c,106,35,1,2c4b754c_FUN_2c4b754c
0x2c4b75b0,FUN_2c4b75b0,208,76,1,2c4b75b0_FUN_2c4b75b0
0x2c4b7634,FUN_2c4b7634,148,56,1,2c4b7634_FUN_2c4b7634
0x2c4b76d0,FUN_2c4b76d0,92,32,1,2c4b76d0_FUN_2c4b76d0
0x2c4b773c,FUN_2c4b773c,246,85,1,2c4b773c_FUN_2c4b773c
0x2c4b7844,FUN_2c4b7844,82,33,1,2c4b7844_FUN_2c4b7844
0x2c4b78ac,FUN_2c4b78ac,184,60,1,2c4b78ac_FUN_2c4b78ac
0x2c4b797c,FUN_2c4b797c,184,60,1,2c4b797c_FUN_2c4b797c
0x2c4b7a4c,FUN_2c4b7a4c,168,57,1,2c4b7a4c_FUN_2c4b7a4c
0x2c4b7b04,FUN_2c4b7b04,76,29,1,2c4b7b04_FUN_2c4b7b04
0x2c4b7b5c,FUN_2c4b7b5c,216,82,1,2c4b7b5c_FUN_2c4b7b5c
0x2c4b7c58,FUN_2c4b7c58,238,91,1,2c4b7c58_FUN_2c4b7c58
0x2c4b7d70,FUN_2c4b7d70,272,109,1,2c4b7d70_FUN_2c4b7d70
0x2c4b7ea8,FUN_2c4b7ea8,118,45,1,2c4b7ea8_FUN_2c4b7ea8
0x2c4b7f30,FUN_2c4b7f30,110,43,1,2c4b7f30_FUN_2c4b7f30
0x2c4b7fb0,FUN_2c4b7fb0,124,47,1,2c4b7fb0_FUN_2c4b7fb0
0x2c4b8038,FUN_2c4b8038,494,165,1,2c4b8038_FUN_2c4b8038
0x2c4b8258,FUN_2c4b8258,74,29,1,2c4b8258_FUN_2c4b8258
0x2c4b82bc,FUN_2c4b82bc,18,8,1,2c4b82bc_FUN_2c4b82bc
0x2c4b82d8,FUN_2c4b82d8,98,28,1,2c4b82d8_FUN_2c4b82d8
0x2c4b8340,FUN_2c4b8340,78,27,1,2c4b8340_FUN_2c4b8340
0x2c4b8394,FUN_2c4b8394,30,11,1,2c4b8394_FUN_2c4b8394
0x2c4b83b8,FUN_2c4b83b8,510,174,1,2c4b83b8_FUN_2c4b83b8
0x2c4b8700,FUN_2c4b8700,378,146,1,2c4b8700_FUN_2c4b8700
0x2c4b8aec,FUN_2c4b8aec,340,111,1,2c4b8aec_FUN_2c4b8aec
0x2c4b8c54,FUN_2c4b8c54,210,67,1,2c4b8c54_FUN_2c4b8c54
0x2c4b8d38,FUN_2c4b8d38,34,14,1,2c4b8d38_FUN_2c4b8d38
0x2c4b8f28,FUN_2c4b8f28,34,14,1,2c4b8f28_FUN_2c4b8f28
0x2c4b9118,FUN_2c4b9118,338,122,1,2c4b9118_FUN_2c4b9118
0x2c4b9280,FUN_2c4b9280,28,11,1,2c4b9280_FUN_2c4b9280
0x2c4b9368,FUN_2c4b9368,30,12,1,2c4b9368_FUN_2c4b9368
0x2c4b9448,FUN_2c4b9448,22,9,1,2c4b9448_FUN_2c4b9448
0x2c4b9460,FUN_2c4b9460,32,13,1,2c4b9460_FUN_2c4b9460
0x2c4b9480,FUN_2c4b9480,1482,548,1,2c4b9480_FUN_2c4b9480
0x2c4b9d8c,FUN_2c4b9d8c,42,15,1,2c4b9d8c_FUN_2c4b9d8c
0x2c4ba208,FUN_2c4ba208,42,15,1,2c4ba208_FUN_2c4ba208
0x2c4ba684,FUN_2c4ba684,4,2,1,2c4ba684_FUN_2c4ba684
0x2c4ba688,FUN_2c4ba688,42,15,1,2c4ba688_FUN_2c4ba688
0x2c4ba6b8,FUN_2c4ba6b8,188,59,1,2c4ba6b8_FUN_2c4ba6b8
0x2c4ba7fc,FUN_2c4ba7fc,34,13,1,2c4ba7fc_FUN_2c4ba7fc
0x2c4ba980,FUN_2c4ba980,36,15,1,2c4ba980_FUN_2c4ba980
0x2c4baa00,FUN_2c4baa00,36,16,1,2c4baa00_FUN_2c4baa00
0x2c4baa2c,FUN_2c4baa2c,148,56,1,2c4baa2c_FUN_2c4baa2c
0x2c4baafc,FUN_2c4baafc,16,8,1,2c4baafc_FUN_2c4baafc
0x2c4babcc,FUN_2c4babcc,98,37,1,2c4babcc_FUN_2c4babcc
0x2c4bac38,FUN_2c4bac38,1064,401,1,2c4bac38_FUN_2c4bac38
0x2c4bb0a0,FUN_2c4bb0a0,192,79,1,2c4bb0a0_FUN_2c4bb0a0
0x2c4bb174,FUN_2c4bb174,126,53,1,2c4bb174_FUN_2c4bb174
0x2c4bb206,FUN_2c4bb206,230,79,1,2c4bb206_FUN_2c4bb206
0x2c4bb30a,FUN_2c4bb30a,58,23,1,2c4bb30a_FUN_2c4bb30a
0x2c4bb34e,FUN_2c4bb34e,456,163,1,2c4bb34e_FUN_2c4bb34e
0x2c4bb55e,FUN_2c4bb55e,94,38,1,2c4bb55e_FUN_2c4bb55e
0x2c4bb5c6,FUN_2c4bb5c6,26,10,1,2c4bb5c6_FUN_2c4bb5c6
0x2c4bb5ea,FUN_2c4bb5ea,54,23,1,2c4bb5ea_FUN_2c4bb5ea
0x2c4bb636,FUN_2c4bb636,34,13,1,2c4bb636_FUN_2c4bb636
0x2c4bb66c,FUN_2c4bb66c,72,30,1,2c4bb66c_FUN_2c4bb66c
0x2c4bb6b8,FUN_2c4bb6b8,102,41,1,2c4bb6b8_FUN_2c4bb6b8
0x2c4bb734,FUN_2c4bb734,60,26,1,2c4bb734_FUN_2c4bb734
0x2c4bb780,FUN_2c4bb780,544,200,1,2c4bb780_FUN_2c4bb780
0x2c4bba70,FUN_2c4bba70,72,22,1,2c4bba70_FUN_2c4bba70
0x2c4bbabc,FUN_2c4bbabc,84,28,1,2c4bbabc_FUN_2c4bbabc
0x2c4bbb34,FUN_2c4bbb34,72,22,1,2c4bbb34_FUN_2c4bbb34
0x2c4bbb80,FUN_2c4bbb80,256,93,1,2c4bbb80_FUN_2c4bbb80
0x2c4bbedc,FUN_2c4bbedc,236,91,1,2c4bbedc_FUN_2c4bbedc
0x2c4bbfe4,FUN_2c4bbfe4,66,25,1,2c4bbfe4_FUN_2c4bbfe4
0x2c4bc030,FUN_2c4bc030,326,120,1,2c4bc030_FUN_2c4bc030
0x2c4bc18c,FUN_2c4bc18c,64,25,1,2c4bc18c_FUN_2c4bc18c
0x2c4bc1cc,FUN_2c4bc1cc,80,35,1,2c4bc1cc_FUN_2c4bc1cc
0x2c4bc22c,FUN_2c4bc22c,216,79,1,2c4bc22c_FUN_2c4bc22c
0x2c4bc31c,FUN_2c4bc31c,1310,506,1,2c4bc31c_FUN_2c4bc31c
0x2c4bc884,FUN_2c4bc884,66,25,1,2c4bc884_FUN_2c4bc884
0x2c4bc8d0,FUN_2c4bc8d0,218,78,1,2c4bc8d0_FUN_2c4bc8d0
0x2c4bc9b4,FUN_2c4bc9b4,1114,408,1,2c4bc9b4_FUN_2c4bc9b4
0x2c4bce68,FUN_2c4bce68,168,57,1,2c4bce68_FUN_2c4bce68
0x2c4bcf20,FUN_2c4bcf20,120,44,1,2c4bcf20_FUN_2c4bcf20
0x2c4bcfa0,FUN_2c4bcfa0,120,44,1,2c4bcfa0_FUN_2c4bcfa0
0x2c4bd020,FUN_2c4bd020,506,188,1,2c4bd020_FUN_2c4bd020
0x2c4bd22c,FUN_2c4bd22c,508,189,1,2c4bd22c_FUN_2c4bd22c
0x2c4bd438,FUN_2c4bd438,24,10,1,2c4bd438_FUN_2c4bd438
0x2c4bd450,FUN_2c4bd450,54,22,1,2c4bd450_FUN_2c4bd450
0x2c4bd488,FUN_2c4bd488,80,30,1,2c4bd488_FUN_2c4bd488
0x2c4bd754,FUN_2c4bd754,18,8,1,2c4bd754_FUN_2c4bd754
0x2c4bd76c,FUN_2c4bd76c,24,11,1,2c4bd76c_FUN_2c4bd76c
0x2c4bd788,FUN_2c4bd788,158,64,1,2c4bd788_FUN_2c4bd788
0x2c4bd830,FUN_2c4bd830,56,26,1,2c4bd830_FUN_2c4bd830
0x2c4bd870,FUN_2c4bd870,258,86,1,2c4bd870_FUN_2c4bd870
0x2c4bd9a4,FUN_2c4bd9a4,260,86,1,2c4bd9a4_FUN_2c4bd9a4
0x2c4bdc88,FUN_2c4bdc88,612,218,1,2c4bdc88_FUN_2c4bdc88
0x2c4bdf08,FUN_2c4bdf08,144,57,1,2c4bdf08_FUN_2c4bdf08
0x2c4bdfa4,FUN_2c4bdfa4,60,27,1,2c4bdfa4_FUN_2c4bdfa4
0x2c4bdfe4,FUN_2c4bdfe4,598,218,1,2c4bdfe4_FUN_2c4bdfe4
0x2c4be268,FUN_2c4be268,338,119,1,2c4be268_FUN_2c4be268
0x2c4be3d8,FUN_2c4be3d8,82,30,1,2c4be3d8_FUN_2c4be3d8
0x2c4be438,FUN_2c4be438,82,30,1,2c4be438_FUN_2c4be438
0x2c4be498,FUN_2c4be498,78,33,1,2c4be498_FUN_2c4be498
0x2c4be4fa,FUN_2c4be4fa,56,22,1,2c4be4fa_FUN_2c4be4fa
0x2c4be540,FUN_2c4be540,58,21,1,2c4be540_FUN_2c4be540
0x2c4be586,FUN_2c4be586,190,76,1,2c4be586_FUN_2c4be586
0x2c4be68e,FUN_2c4be68e,34,14,1,2c4be68e_FUN_2c4be68e
0x2c4be700,FUN_2c4be700,70,27,1,2c4be700_FUN_2c4be700
0x2c4be750,FUN_2c4be750,66,26,1,2c4be750_FUN_2c4be750
0x2c4be7a8,FUN_2c4be7a8,70,27,1,2c4be7a8_FUN_2c4be7a8
0x2c4be7f8,FUN_2c4be7f8,66,26,1,2c4be7f8_FUN_2c4be7f8
0x2c4be8c0,FUN_2c4be8c0,36,15,1,2c4be8c0_FUN_2c4be8c0
0x2c4be8e8,FUN_2c4be8e8,34,15,1,2c4be8e8_FUN_2c4be8e8
0x2c4be910,FUN_2c4be910,344,124,1,2c4be910_FUN_2c4be910
0x2c4bea78,FUN_2c4bea78,740,254,1,2c4bea78_FUN_2c4bea78
0x2c4bed8c,FUN_2c4bed8c,8,3,1,2c4bed8c_FUN_2c4bed8c
0x2c4bed94,FUN_2c4bed94,64,26,1,2c4bed94_FUN_2c4bed94
0x2c4bedd8,FUN_2c4bedd8,64,23,1,2c4bedd8_FUN_2c4bedd8
0x2c4bee24,FUN_2c4bee24,136,51,1,2c4bee24_FUN_2c4bee24
0x2c4beffc,FUN_2c4beffc,140,51,1,2c4beffc_FUN_2c4beffc
0x2c4bf0a6,FUN_2c4bf0a6,38,15,1,2c4bf0a6_FUN_2c4bf0a6
0x2c4bf0de,FUN_2c4bf0de,40,15,1,2c4bf0de_FUN_2c4bf0de
0x2c4bf116,FUN_2c4bf116,74,28,1,2c4bf116_FUN_2c4bf116
0x2c4bf172,FUN_2c4bf172,48,20,1,2c4bf172_FUN_2c4bf172
0x2c4bf200,FUN_2c4bf200,74,26,1,2c4bf200_FUN_2c4bf200
0x2c4bf258,FUN_2c4bf258,234,73,1,2c4bf258_FUN_2c4bf258
0x2c4bf37c,FUN_2c4bf37c,34,12,1,2c4bf37c_FUN_2c4bf37c
0x2c4bf3bc,FUN_2c4bf3bc,124,40,1,2c4bf3bc_FUN_2c4bf3bc
0x2c4bf454,FUN_2c4bf454,46,16,1,2c4bf454_FUN_2c4bf454
0x2c4bf490,FUN_2c4bf490,68,22,1,2c4bf490_FUN_2c4bf490
0x2c4bf4e6,FUN_2c4bf4e6,280,100,1,2c4bf4e6_FUN_2c4bf4e6
0x2c4bf63a,FUN_2c4bf63a,200,78,1,2c4bf63a_FUN_2c4bf63a
0x2c4bf738,FUN_2c4bf738,566,198,1,2c4bf738_FUN_2c4bf738
0x2c4bf9a6,FUN_2c4bf9a6,156,65,1,2c4bf9a6_FUN_2c4bf9a6
0x2c4bfa6a,FUN_2c4bfa6a,196,72,1,2c4bfa6a_FUN_2c4bfa6a
0x2c4bfd84,FUN_2c4bfd84,40,18,1,2c4bfd84_FUN_2c4bfd84
0x2c4bfdb8,FUN_2c4bfdb8,36,16,1,2c4bfdb8_FUN_2c4bfdb8
0x2c4bfdec,FUN_2c4bfdec,14,6,1,2c4bfdec_FUN_2c4bfdec
0x2c4bfe00,FUN_2c4bfe00,20,9,1,2c4bfe00_FUN_2c4bfe00
0x2c4bfe18,FUN_2c4bfe18,18,7,1,2c4bfe18_FUN_2c4bfe18
0x2c4bfe8c,FUN_2c4bfe8c,68,25,1,2c4bfe8c_FUN_2c4bfe8c
0x2c4bfee0,FUN_2c4bfee0,80,31,1,2c4bfee0_FUN_2c4bfee0
0x2c4bff40,FUN_2c4bff40,70,27,1,2c4bff40_FUN_2c4bff40
0x2c4bff98,FUN_2c4bff98,20,9,1,2c4bff98_FUN_2c4bff98
0x2c4bffb0,FUN_2c4bffb0,46,18,1,2c4bffb0_FUN_2c4bffb0
0x2c4bffe4,FUN_2c4bffe4,58,20,1,2c4bffe4_FUN_2c4bffe4
0x2c4c0030,FUN_2c4c0030,44,19,1,2c4c0030_FUN_2c4c0030
0x2c4c0064,FUN_2c4c0064,210,79,1,2c4c0064_FUN_2c4c0064
0x2c4c0158,FUN_2c4c0158,104,39,1,2c4c0158_FUN_2c4c0158
0x2c4c01d0,FUN_2c4c01d0,124,49,1,2c4c01d0_FUN_2c4c01d0
0x2c4c0248,FUN_2c4c0248,174,71,1,2c4c0248_FUN_2c4c0248
0x2c4c02f4,FUN_2c4c02f4,118,47,1,2c4c02f4_FUN_2c4c02f4
0x2c4c0370,FUN_2c4c0370,246,97,1,2c4c0370_FUN_2c4c0370
0x2c4c049c,FUN_2c4c049c,10,4,1,2c4c049c_FUN_2c4c049c
0x2c4c04ac,FUN_2c4c04ac,54,20,1,2c4c04ac_FUN_2c4c04ac
0x2c4c04ec,FUN_2c4c04ec,182,71,1,2c4c04ec_FUN_2c4c04ec
0x2c4c05b0,FUN_2c4c05b0,70,28,1,2c4c05b0_FUN_2c4c05b0
0x2c4c0604,FUN_2c4c0604,4,2,1,2c4c0604_FUN_2c4c0604
0x2c4c0608,FUN_2c4c0608,4,2,1,2c4c0608_FUN_2c4c0608
0x2c4c060c,FUN_2c4c060c,64,28,1,2c4c060c_FUN_2c4c060c
0x2c4c0658,FUN_2c4c0658,42,20,1,2c4c0658_FUN_2c4c0658
0x2c4c06f8,FUN_2c4c06f8,24,8,1,2c4c06f8_FUN_2c4c06f8
0x2c4c071e,FUN_2c4c071e,36,15,1,2c4c071e_FUN_2c4c071e
0x2c4c0924,FUN_2c4c0924,326,137,1,2c4c0924_FUN_2c4c0924
0x2c4c0a94,FUN_2c4c0a94,58,23,1,2c4c0a94_FUN_2c4c0a94
0x2c4c0d74,FUN_2c4c0d74,116,45,1,2c4c0d74_FUN_2c4c0d74
0x2c4c0db4,FUN_2c4c0db4,208,80,1,2c4c0db4_FUN_2c4c0db4
0x2c4c0eb4,FUN_2c4c0eb4,354,121,1,2c4c0eb4_FUN_2c4c0eb4
0x2c4c1044,FUN_2c4c1044,494,189,1,2c4c1044_FUN_2c4c1044
0x2c4c127c,FUN_2c4c127c,24,9,1,2c4c127c_FUN_2c4c127c
0x2c4c147c,FUN_2c4c147c,224,84,1,2c4c147c_FUN_2c4c147c
0x2c4c15dc,FUN_2c4c15dc,10,5,1,2c4c15dc_FUN_2c4c15dc
0x2c4c1608,FUN_2c4c1608,6,3,1,2c4c1608_FUN_2c4c1608
0x2c4c1614,FUN_2c4c1614,14,7,1,2c4c1614_FUN_2c4c1614
0x2c4c162c,FUN_2c4c162c,6,3,1,2c4c162c_FUN_2c4c162c
0x2c4c1638,FUN_2c4c1638,16,7,1,2c4c1638_FUN_2c4c1638
0x2c4c164c,FUN_2c4c164c,6,3,1,2c4c164c_FUN_2c4c164c
0x2c4c1658,FUN_2c4c1658,6,3,1,2c4c1658_FUN_2c4c1658
0x2c4c1688,FUN_2c4c1688,76,31,1,2c4c1688_FUN_2c4c1688
0x2c4c16fe,FUN_2c4c16fe,328,130,1,2c4c16fe_FUN_2c4c16fe
0x2c4c1890,FUN_2c4c1890,286,115,1,2c4c1890_FUN_2c4c1890
0x2c4c19e0,FUN_2c4c19e0,64,21,1,2c4c19e0_FUN_2c4c19e0
0x2c4c1a28,FUN_2c4c1a28,6,3,1,2c4c1a28_FUN_2c4c1a28
0x2c4c1a9e,FUN_2c4c1a9e,258,99,1,2c4c1a9e_FUN_2c4c1a9e
0x2c4c1b5c,FUN_2c4c1b5c,226,92,1,2c4c1b5c_FUN_2c4c1b5c
0x2c4c1c84,FUN_2c4c1c84,32,13,1,2c4c1c84_FUN_2c4c1c84
0x2c4c2118,FUN_2c4c2118,330,128,1,2c4c2118_FUN_2c4c2118
0x2c4c22b8,FUN_2c4c22b8,324,124,1,2c4c22b8_FUN_2c4c22b8
0x2c4c2440,FUN_2c4c2440,202,82,1,2c4c2440_FUN_2c4c2440
0x2c4c2518,FUN_2c4c2518,68,25,1,2c4c2518_FUN_2c4c2518
0x2c4c2564,FUN_2c4c2564,80,31,1,2c4c2564_FUN_2c4c2564
0x2c4c25c0,FUN_2c4c25c0,84,34,1,2c4c25c0_FUN_2c4c25c0
0x2c4c261c,FUN_2c4c261c,46,21,1,2c4c261c_FUN_2c4c261c
0x2c4c26a8,FUN_2c4c26a8,348,145,1,2c4c26a8_FUN_2c4c26a8
0x2c4c281c,FUN_2c4c281c,34,15,1,2c4c281c_FUN_2c4c281c
0x2c4c28a4,FUN_2c4c28a4,22,9,1,2c4c28a4_FUN_2c4c28a4
0x2c4c28cc,FUN_2c4c28cc,130,58,1,2c4c28cc_FUN_2c4c28cc
0x2c4c2954,FUN_2c4c2954,6,3,1,2c4c2954_FUN_2c4c2954
0x2c4c2960,FUN_2c4c2960,12,6,1,2c4c2960_FUN_2c4c2960
0x2c4c2978,FUN_2c4c2978,72,30,1,2c4c2978_FUN_2c4c2978
0x2c4c29e8,FUN_2c4c29e8,72,32,1,2c4c29e8_FUN_2c4c29e8
0x2c4c2a3c,FUN_2c4c2a3c,230,92,1,2c4c2a3c_FUN_2c4c2a3c
0x2c4c2b34,FUN_2c4c2b34,74,33,1,2c4c2b34_FUN_2c4c2b34
0x2c4c2b88,FUN_2c4c2b88,188,83,1,2c4c2b88_FUN_2c4c2b88
0x2c4c2c50,FUN_2c4c2c50,36,14,1,2c4c2c50_FUN_2c4c2c50
0x2c4c2cd8,FUN_2c4c2cd8,274,117,1,2c4c2cd8_FUN_2c4c2cd8
0x2c4c2df4,FUN_2c4c2df4,252,100,1,2c4c2df4_FUN_2c4c2df4
0x2c4c2efc,FUN_2c4c2efc,504,190,1,2c4c2efc_FUN_2c4c2efc
0x2c4c3104,FUN_2c4c3104,6,3,1,2c4c3104_FUN_2c4c3104
0x2c4c310c,FUN_2c4c310c,216,93,1,2c4c310c_FUN_2c4c310c
0x2c4c3288,FUN_2c4c3288,76,30,1,2c4c3288_FUN_2c4c3288
0x2c4c32b8,FUN_2c4c32b8,104,42,1,2c4c32b8_FUN_2c4c32b8
0x2c4c3340,FUN_2c4c3340,162,69,1,2c4c3340_FUN_2c4c3340
0x2c4c3400,FUN_2c4c3400,36,15,1,2c4c3400_FUN_2c4c3400
0x2c4c3424,FUN_2c4c3424,78,34,1,2c4c3424_FUN_2c4c3424
0x2c4c3474,FUN_2c4c3474,76,33,1,2c4c3474_FUN_2c4c3474
0x2c4c34c0,FUN_2c4c34c0,8,3,1,2c4c34c0_FUN_2c4c34c0
0x2c4c34c8,FUN_2c4c34c8,12,5,1,2c4c34c8_FUN_2c4c34c8
0x2c4c34d4,FUN_2c4c34d4,36,16,1,2c4c34d4_FUN_2c4c34d4
0x2c4c35ee,FUN_2c4c35ee,28,9,1,2c4c35ee_FUN_2c4c35ee
0x2c4c3630,FUN_2c4c3630,142,61,1,2c4c3630_FUN_2c4c3630
0x2c4c3860,FUN_2c4c3860,98,41,1,2c4c3860_FUN_2c4c3860
0x2c4c38ec,FUN_2c4c38ec,170,63,1,2c4c38ec_FUN_2c4c38ec
0x2c4c39bc,FUN_2c4c39bc,52,19,1,2c4c39bc_FUN_2c4c39bc
0x2c4c4030,FUN_2c4c4030,148,59,1,2c4c4030_FUN_2c4c4030
0x2c4c40ec,FUN_2c4c40ec,84,31,1,2c4c40ec_FUN_2c4c40ec
0x2c4c47ea,FUN_2c4c47ea,126,47,1,2c4c47ea_FUN_2c4c47ea
0x2c4c4878,FUN_2c4c4878,1234,447,1,2c4c4878_FUN_2c4c4878
0x2c4c4de0,FUN_2c4c4de0,40,16,1,2c4c4de0_FUN_2c4c4de0
0x2c4c4e44,FUN_2c4c4e44,138,42,1,2c4c4e44_FUN_2c4c4e44
0x2c4c531c,FUN_2c4c531c,380,143,1,2c4c531c_FUN_2c4c531c
0x2c4c54d8,FUN_2c4c54d8,4,2,1,2c4c54d8_FUN_2c4c54d8
0x2c4c54e2,FUN_2c4c54e2,70,25,1,2c4c54e2_FUN_2c4c54e2
0x2c4c5598,FUN_2c4c5598,98,35,1,2c4c5598_FUN_2c4c5598
0x2c4c5650,FUN_2c4c5650,356,93,1,2c4c5650_FUN_2c4c5650
0x2c4c57c4,FUN_2c4c57c4,372,98,1,2c4c57c4_FUN_2c4c57c4
0x2c4c5948,FUN_2c4c5948,170,45,1,2c4c5948_FUN_2c4c5948
0x2c4c59f8,FUN_2c4c59f8,130,34,1,2c4c59f8_FUN_2c4c59f8
0x2c4c5b08,FUN_2c4c5b08,302,96,1,2c4c5b08_FUN_2c4c5b08
0x2c4c5bb0,FUN_2c4c5bb0,54,20,1,2c4c5bb0_FUN_2c4c5bb0
0x2c4c5efc,FUN_2c4c5efc,152,58,1,2c4c5efc_FUN_2c4c5efc
0x2c4c5f9c,FUN_2c4c5f9c,98,31,1,2c4c5f9c_FUN_2c4c5f9c
0x2c4c6014,FUN_2c4c6014,130,40,1,2c4c6014_FUN_2c4c6014
0x2c4c60ac,FUN_2c4c60ac,130,40,1,2c4c60ac_FUN_2c4c60ac
0x2c4c614c,FUN_2c4c614c,216,69,1,2c4c614c_FUN_2c4c614c
0x2c4c6244,FUN_2c4c6244,216,69,1,2c4c6244_FUN_2c4c6244
0x2c4c6334,FUN_2c4c6334,130,40,1,2c4c6334_FUN_2c4c6334
0x2c4c63cc,FUN_2c4c63cc,130,40,1,2c4c63cc_FUN_2c4c63cc
0x2c4c6464,FUN_2c4c6464,66,26,1,2c4c6464_FUN_2c4c6464
0x2c4c64c4,FUN_2c4c64c4,216,69,1,2c4c64c4_FUN_2c4c64c4
0x2c4c65bc,FUN_2c4c65bc,216,69,1,2c4c65bc_FUN_2c4c65bc
0x2c4c66ac,FUN_2c4c66ac,90,36,1,2c4c66ac_FUN_2c4c66ac
0x2c4c6710,FUN_2c4c6710,116,40,1,2c4c6710_FUN_2c4c6710
0x2c4c6784,FUN_2c4c6784,4402,1498,1,2c4c6784_FUN_2c4c6784
0x2c4c7ae8,FUN_2c4c7ae8,144,57,1,2c4c7ae8_FUN_2c4c7ae8
0x2c4c7ba8,FUN_2c4c7ba8,152,61,1,2c4c7ba8_FUN_2c4c7ba8
0x2c4c7c74,FUN_2c4c7c74,694,210,1,2c4c7c74_FUN_2c4c7c74
0x2c4c7f48,FUN_2c4c7f48,140,51,1,2c4c7f48_FUN_2c4c7f48
0x2c4c7fe0,FUN_2c4c7fe0,596,232,1,2c4c7fe0_FUN_2c4c7fe0
0x2c4c82b0,FUN_2c4c82b0,5678,1749,1,2c4c82b0_FUN_2c4c82b0
0x2c4c9be2,FUN_2c4c9be2,60,23,1,2c4c9be2_FUN_2c4c9be2
0x2c4c9c3e,FUN_2c4c9c3e,292,124,1,2c4c9c3e_FUN_2c4c9c3e
0x2c4c9dac,FUN_2c4c9dac,240,80,1,2c4c9dac_FUN_2c4c9dac
0x2c4c9eb8,FUN_2c4c9eb8,66,23,1,2c4c9eb8_FUN_2c4c9eb8
0x2c4c9efc,FUN_2c4c9efc,164,60,1,2c4c9efc_FUN_2c4c9efc
0x2c4c9fa8,FUN_2c4c9fa8,804,276,1,2c4c9fa8_FUN_2c4c9fa8
0x2c4ca338,FUN_2c4ca338,114,45,1,2c4ca338_FUN_2c4ca338
0x2c4ca3d0,FUN_2c4ca3d0,194,81,1,2c4ca3d0_FUN_2c4ca3d0
0x2c4ca4c8,FUN_2c4ca4c8,904,309,1,2c4ca4c8_FUN_2c4ca4c8
0x2c4ca90c,FUN_2c4ca90c,18,8,1,2c4ca90c_FUN_2c4ca90c
0x2c4ca92c,FUN_2c4ca92c,22,9,1,2c4ca92c_FUN_2c4ca92c
0x2c4ca944,FUN_2c4ca944,50,21,1,2c4ca944_FUN_2c4ca944
0x2c4ca96e,FUN_2c4ca96e,642,263,1,2c4ca96e_FUN_2c4ca96e
0x2c4cabf4,FUN_2c4cabf4,518,196,1,2c4cabf4_FUN_2c4cabf4
0x2c4cadfe,FUN_2c4cadfe,28,11,1,2c4cadfe_FUN_2c4cadfe
0x2c4cae20,FUN_2c4cae20,22,9,1,2c4cae20_FUN_2c4cae20
0x2c4cae38,FUN_2c4cae38,70,25,1,2c4cae38_FUN_2c4cae38
0x2c4cae82,FUN_2c4cae82,88,37,1,2c4cae82_FUN_2c4cae82
0x2c4caedc,FUN_2c4caedc,140,54,1,2c4caedc_FUN_2c4caedc
0x2c4caf68,FUN_2c4caf68,138,57,1,2c4caf68_FUN_2c4caf68
0x2c4cb004,FUN_2c4cb004,76,29,1,2c4cb004_FUN_2c4cb004
0x2c4cb050,FUN_2c4cb050,2112,741,1,2c4cb050_FUN_2c4cb050
0x2c4cb8aa,FUN_2c4cb8aa,24,9,1,2c4cb8aa_FUN_2c4cb8aa
0x2c4cb8c8,FUN_2c4cb8c8,76,31,1,2c4cb8c8_FUN_2c4cb8c8
0x2c4cb928,FUN_2c4cb928,144,55,1,2c4cb928_FUN_2c4cb928
0x2c4cb9bc,FUN_2c4cb9bc,470,175,1,2c4cb9bc_FUN_2c4cb9bc
0x2c4cbba0,FUN_2c4cbba0,612,222,1,2c4cbba0_FUN_2c4cbba0
0x2c4cbe0c,FUN_2c4cbe0c,748,272,1,2c4cbe0c_FUN_2c4cbe0c
0x2c4cc100,FUN_2c4cc100,696,239,1,2c4cc100_FUN_2c4cc100
0x2c4cc508,FUN_2c4cc508,1040,409,1,2c4cc508_FUN_2c4cc508
0x2c4cc91c,FUN_2c4cc91c,230,83,1,2c4cc91c_FUN_2c4cc91c
0x2c4cca08,FUN_2c4cca08,114,38,1,2c4cca08_FUN_2c4cca08
0x2c4cca80,FUN_2c4cca80,320,118,1,2c4cca80_FUN_2c4cca80
0x2c4ccbc0,FUN_2c4ccbc0,716,263,1,2c4ccbc0_FUN_2c4ccbc0
0x2c4cce8c,FUN_2c4cce8c,106,40,1,2c4cce8c_FUN_2c4cce8c
0x2c4ccef8,FUN_2c4ccef8,3058,1034,1,2c4ccef8_FUN_2c4ccef8
0x2c4cdb4c,FUN_2c4cdb4c,104,47,1,2c4cdb4c_FUN_2c4cdb4c
0x2c4cdbb8,FUN_2c4cdbb8,560,222,1,2c4cdbb8_FUN_2c4cdbb8
0x2c4cddec,FUN_2c4cddec,262,99,1,2c4cddec_FUN_2c4cddec
0x2c4cdf04,FUN_2c4cdf04,268,105,1,2c4cdf04_FUN_2c4cdf04
0x2c4ce014,FUN_2c4ce014,828,314,1,2c4ce014_FUN_2c4ce014
0x2c4ce350,FUN_2c4ce350,396,146,1,2c4ce350_FUN_2c4ce350
0x2c4ce4e0,FUN_2c4ce4e0,884,327,1,2c4ce4e0_FUN_2c4ce4e0
0x2c4ce868,FUN_2c4ce868,34,11,1,2c4ce868_FUN_2c4ce868
0x2c4ce88c,FUN_2c4ce88c,70,30,1,2c4ce88c_FUN_2c4ce88c
0x2c4ce8d8,FUN_2c4ce8d8,14,5,1,2c4ce8d8_FUN_2c4ce8d8
0x2c4ce8e8,FUN_2c4ce8e8,250,91,1,2c4ce8e8_FUN_2c4ce8e8
0x2c4ce9e4,FUN_2c4ce9e4,422,167,1,2c4ce9e4_FUN_2c4ce9e4
0x2c4ceba4,FUN_2c4ceba4,278,102,1,2c4ceba4_FUN_2c4ceba4
0x2c4cecbc,FUN_2c4cecbc,1168,435,1,2c4cecbc_FUN_2c4cecbc
0x2c4cf154,FUN_2c4cf154,196,64,1,2c4cf154_FUN_2c4cf154
0x2c4cf254,FUN_2c4cf254,50,18,1,2c4cf254_FUN_2c4cf254
0x2c4cf288,FUN_2c4cf288,1528,517,1,2c4cf288_FUN_2c4cf288
0x2c4cf910,FUN_2c4cf910,4648,1642,1,2c4cf910_FUN_2c4cf910
0x2c4d0c10,FUN_2c4d0c10,212,74,1,2c4d0c10_FUN_2c4d0c10
0x2c4d0cf8,FUN_2c4d0cf8,40,15,1,2c4d0cf8_FUN_2c4d0cf8
0x2c4d0d20,FUN_2c4d0d20,6,2,1,2c4d0d20_FUN_2c4d0d20
0x2c4d0d28,FUN_2c4d0d28,14,5,1,2c4d0d28_FUN_2c4d0d28
0x2c4d0d38,FUN_2c4d0d38,18,8,1,2c4d0d38_FUN_2c4d0d38
0x2c4d0d4c,FUN_2c4d0d4c,254,96,1,2c4d0d4c_FUN_2c4d0d4c
0x2c4d0e54,FUN_2c4d0e54,436,165,1,2c4d0e54_FUN_2c4d0e54
0x2c4d100c,FUN_2c4d100c,10,3,1,2c4d100c_FUN_2c4d100c
0x2c4d1018,FUN_2c4d1018,20,9,1,2c4d1018_FUN_2c4d1018
0x2c4d102c,FUN_2c4d102c,8,3,1,2c4d102c_FUN_2c4d102c
0x2c4d1034,FUN_2c4d1034,20,9,1,2c4d1034_FUN_2c4d1034
0x2c4d1048,FUN_2c4d1048,8,3,1,2c4d1048_FUN_2c4d1048
0x2c4d1050,FUN_2c4d1050,20,9,1,2c4d1050_FUN_2c4d1050
0x2c4d1064,FUN_2c4d1064,10,3,1,2c4d1064_FUN_2c4d1064
0x2c4d1070,FUN_2c4d1070,20,9,1,2c4d1070_FUN_2c4d1070
0x2c4d1084,FUN_2c4d1084,20,9,1,2c4d1084_FUN_2c4d1084
0x2c4d1098,FUN_2c4d1098,14,4,1,2c4d1098_FUN_2c4d1098
0x2c4d10a8,FUN_2c4d10a8,20,9,1,2c4d10a8_FUN_2c4d10a8
0x2c4d10bc,FUN_2c4d10bc,50,18,1,2c4d10bc_FUN_2c4d10bc
0x2c4d10cc,FUN_2c4d10cc,20,9,1,2c4d10cc_FUN_2c4d10cc
0x2c4d10e0,FUN_2c4d10e0,440,158,1,2c4d10e0_FUN_2c4d10e0
0x2c4d129c,FUN_2c4d129c,60,24,1,2c4d129c_FUN_2c4d129c
0x2c4d12d8,FUN_2c4d12d8,16,5,1,2c4d12d8_FUN_2c4d12d8
0x2c4d130c,FUN_2c4d130c,28,11,1,2c4d130c_FUN_2c4d130c
0x2c4d1328,FUN_2c4d1328,2766,980,1,2c4d1328_FUN_2c4d1328
0x2c4d1e10,FUN_2c4d1e10,78,34,1,2c4d1e10_FUN_2c4d1e10
0x2c4d1e60,FUN_2c4d1e60,1206,447,1,2c4d1e60_FUN_2c4d1e60
0x2c4d2320,FUN_2c4d2320,1014,392,1,2c4d2320_FUN_2c4d2320
0x2c4d271c,FUN_2c4d271c,176,66,1,2c4d271c_FUN_2c4d271c
0x2c4d27d8,FUN_2c4d27d8,18,7,1,2c4d27d8_FUN_2c4d27d8
0x2c4d27ec,FUN_2c4d27ec,18,7,1,2c4d27ec_FUN_2c4d27ec
0x2c4d2800,FUN_2c4d2800,18,7,1,2c4d2800_FUN_2c4d2800
0x2c4d2814,FUN_2c4d2814,224,88,1,2c4d2814_FUN_2c4d2814
0x2c4d28f4,FUN_2c4d28f4,10,4,1,2c4d28f4_FUN_2c4d28f4
0x2c4d2900,FUN_2c4d2900,6,2,1,2c4d2900_FUN_2c4d2900
0x2c4d2908,FUN_2c4d2908,146,53,1,2c4d2908_FUN_2c4d2908
0x2c4d29a4,FUN_2c4d29a4,2770,1021,1,2c4d29a4_FUN_2c4d29a4
0x2c4d349c,FUN_2c4d349c,174,71,1,2c4d349c_FUN_2c4d349c
0x2c4d354c,FUN_2c4d354c,10,3,1,2c4d354c_FUN_2c4d354c
0x2c4d3558,FUN_2c4d3558,12,5,1,2c4d3558_FUN_2c4d3558
0x2c4d3564,FUN_2c4d3564,360,141,1,2c4d3564_FUN_2c4d3564
0x2c4d36cc,FUN_2c4d36cc,1030,354,1,2c4d36cc_FUN_2c4d36cc
0x2c4d3af8,FUN_2c4d3af8,274,94,1,2c4d3af8_FUN_2c4d3af8
0x2c4d3c14,FUN_2c4d3c14,32,14,1,2c4d3c14_FUN_2c4d3c14
0x2c4d3c34,FUN_2c4d3c34,40,15,1,2c4d3c34_FUN_2c4d3c34
0x2c4d3c50,FUN_2c4d3c50,34,13,1,2c4d3c50_FUN_2c4d3c50
0x2c4d3c68,FUN_2c4d3c68,52,19,1,2c4d3c68_FUN_2c4d3c68
0x2c4d3c94,FUN_2c4d3c94,164,63,1,2c4d3c94_FUN_2c4d3c94
0x2c4d3d3c,FUN_2c4d3d3c,2026,772,1,2c4d3d3c_FUN_2c4d3d3c
0x2c4d4530,FUN_2c4d4530,240,92,1,2c4d4530_FUN_2c4d4530
0x2c4d4624,FUN_2c4d4624,556,196,1,2c4d4624_FUN_2c4d4624
0x2c4d4854,FUN_2c4d4854,32,13,1,2c4d4854_FUN_2c4d4854
0x2c4d4874,FUN_2c4d4874,12,5,1,2c4d4874_FUN_2c4d4874
0x2c4d4880,FUN_2c4d4880,4,2,1,2c4d4880_FUN_2c4d4880
0x2c4d4884,FUN_2c4d4884,6,2,1,2c4d4884_FUN_2c4d4884
0x2c4d488c,FUN_2c4d488c,20,8,1,2c4d488c_FUN_2c4d488c
0x2c4d48a0,FUN_2c4d48a0,140,69,1,2c4d48a0_FUN_2c4d48a0
0x2c4d4938,FUN_2c4d4938,294,126,1,2c4d4938_FUN_2c4d4938
0x2c4d4a60,FUN_2c4d4a60,202,78,1,2c4d4a60_FUN_2c4d4a60
0x2c4d4b34,FUN_2c4d4b34,8,3,1,2c4d4b34_FUN_2c4d4b34
0x2c4d4b3c,FUN_2c4d4b3c,18,8,1,2c4d4b3c_FUN_2c4d4b3c
0x2c4d4b50,FUN_2c4d4b50,12,5,1,2c4d4b50_FUN_2c4d4b50
0x2c4d4b5c,FUN_2c4d4b5c,3406,1233,1,2c4d4b5c_FUN_2c4d4b5c
0x2c4d58b8,FUN_2c4d58b8,44,16,1,2c4d58b8_FUN_2c4d58b8
0x2c4d58e4,FUN_2c4d58e4,414,171,1,2c4d58e4_FUN_2c4d58e4
0x2c4d5aa4,FUN_2c4d5aa4,1698,618,1,2c4d5aa4_FUN_2c4d5aa4
0x2c4d6158,FUN_2c4d6158,454,186,1,2c4d6158_FUN_2c4d6158
0x2c4d6324,FUN_2c4d6324,448,176,1,2c4d6324_FUN_2c4d6324
0x2c4d64f4,FUN_2c4d64f4,50,16,1,2c4d64f4_FUN_2c4d64f4
0x2c4d6528,FUN_2c4d6528,2386,883,1,2c4d6528_FUN_2c4d6528
0x2c4d6fc4,FUN_2c4d6fc4,188,74,1,2c4d6fc4_FUN_2c4d6fc4
0x2c4d7080,FUN_2c4d7080,36,16,1,2c4d7080_FUN_2c4d7080
0x2c4d70a4,FUN_2c4d70a4,12,4,1,2c4d70a4_FUN_2c4d70a4
0x2c4d70b0,FUN_2c4d70b0,46,20,1,2c4d70b0_FUN_2c4d70b0
0x2c4d70e4,FUN_2c4d70e4,30,14,1,2c4d70e4_FUN_2c4d70e4
0x2c4d7104,FUN_2c4d7104,36,14,1,2c4d7104_FUN_2c4d7104
0x2c4d7128,FUN_2c4d7128,12,4,1,2c4d7128_FUN_2c4d7128
0x2c4d7158,FUN_2c4d7158,12,4,1,2c4d7158_FUN_2c4d7158
0x2c4d7164,FUN_2c4d7164,282,105,1,2c4d7164_FUN_2c4d7164
0x2c4d72d8,FUN_2c4d72d8,90,34,1,2c4d72d8_FUN_2c4d72d8
0x2c4d7334,FUN_2c4d7334,94,38,1,2c4d7334_FUN_2c4d7334
0x2c4d7340,FUN_2c4d7340,78,29,1,2c4d7340_FUN_2c4d7340
0x2c4d7394,FUN_2c4d7394,162,80,1,2c4d7394_FUN_2c4d7394
0x2c4d74ac,FUN_2c4d74ac,26,10,1,2c4d74ac_FUN_2c4d74ac
0x2c4d74c8,FUN_2c4d74c8,12,4,1,2c4d74c8_FUN_2c4d74c8
0x2c4d74d4,FUN_2c4d74d4,196,63,1,2c4d74d4_FUN_2c4d74d4
0x2c4d7598,FUN_2c4d7598,206,66,1,2c4d7598_FUN_2c4d7598
0x2c4d766c,FUN_2c4d766c,32,15,1,2c4d766c_FUN_2c4d766c
0x2c4d768c,FUN_2c4d768c,28,14,1,2c4d768c_FUN_2c4d768c
0x2c4d76a8,FUN_2c4d76a8,4,2,1,2c4d76a8_FUN_2c4d76a8
0x2c4d76ac,FUN_2c4d76ac,108,42,1,2c4d76ac_FUN_2c4d76ac
0x2c4d7718,FUN_2c4d7718,1840,602,1,2c4d7718_FUN_2c4d7718
0x2c4d8244,FUN_2c4d8244,120,46,1,2c4d8244_FUN_2c4d8244
0x2c4d82c8,FUN_2c4d82c8,22,8,1,2c4d82c8_FUN_2c4d82c8
0x2c4d82e0,FUN_2c4d82e0,120,44,1,2c4d82e0_FUN_2c4d82e0
0x2c4d835c,FUN_2c4d835c,1224,458,1,2c4d835c_FUN_2c4d835c
0x2c4d8838,FUN_2c4d8838,14,6,1,2c4d8838_FUN_2c4d8838
0x2c4d8848,FUN_2c4d8848,3204,1021,1,2c4d8848_FUN_2c4d8848
0x2c4d94e8,FUN_2c4d94e8,72,31,1,2c4d94e8_FUN_2c4d94e8
0x2c4d9534,FUN_2c4d9534,22,8,1,2c4d9534_FUN_2c4d9534
0x2c4d954c,FUN_2c4d954c,92,39,1,2c4d954c_FUN_2c4d954c
0x2c4d95b0,FUN_2c4d95b0,82,38,1,2c4d95b0_FUN_2c4d95b0
0x2c4d9604,FUN_2c4d9604,1946,717,1,2c4d9604_FUN_2c4d9604
0x2c4d9db4,FUN_2c4d9db4,2522,820,1,2c4d9db4_FUN_2c4d9db4
0x2c4da790,FUN_2c4da790,46,16,1,2c4da790_FUN_2c4da790
0x2c4da7c0,FUN_2c4da7c0,432,140,1,2c4da7c0_FUN_2c4da7c0
0x2c4daabc,thunk_FUN_2c4dc570,4,1,1,2c4daabc_thunk_FUN_2c4dc570
0x2c4daac0,FUN_2c4daac0,1756,659,1,2c4daac0_FUN_2c4daac0
0x2c4db1cc,thunk_FUN_2c673c88,4,1,1,2c4db1cc_thunk_FUN_2c673c88
0x2c4db1e0,FUN_2c4db1e0,40,17,1,2c4db1e0_FUN_2c4db1e0
0x2c4db210,FUN_2c4db210,104,44,1,2c4db210_FUN_2c4db210
0x2c4db28c,FUN_2c4db28c,28,12,1,2c4db28c_FUN_2c4db28c
0x2c4db2ac,FUN_2c4db2ac,68,27,1,2c4db2ac_FUN_2c4db2ac
0x2c4db344,FUN_2c4db344,126,53,1,2c4db344_FUN_2c4db344
0x2c4db3e0,FUN_2c4db3e0,8,3,1,2c4db3e0_FUN_2c4db3e0
0x2c4db406,FUN_2c4db406,18,7,1,2c4db406_FUN_2c4db406
0x2c4db4b4,FUN_2c4db4b4,114,48,1,2c4db4b4_FUN_2c4db4b4
0x2c4db4da,FUN_2c4db4da,18,7,1,2c4db4da_FUN_2c4db4da
0x2c4db594,FUN_2c4db594,128,53,1,2c4db594_FUN_2c4db594
0x2c4db5ba,FUN_2c4db5ba,18,7,1,2c4db5ba_FUN_2c4db5ba
0x2c4db5fc,FUN_2c4db5fc,148,50,1,2c4db5fc_FUN_2c4db5fc
0x2c4db6c0,FUN_2c4db6c0,66,28,1,2c4db6c0_FUN_2c4db6c0
0x2c4db704,FUN_2c4db704,88,31,1,2c4db704_FUN_2c4db704
0x2c4db76c,FUN_2c4db76c,118,41,1,2c4db76c_FUN_2c4db76c
0x2c4db7fc,FUN_2c4db7fc,156,63,1,2c4db7fc_FUN_2c4db7fc
0x2c4db8c8,FUN_2c4db8c8,12,5,1,2c4db8c8_FUN_2c4db8c8
0x2c4db8d8,FUN_2c4db8d8,56,23,1,2c4db8d8_FUN_2c4db8d8
0x2c4db926,FUN_2c4db926,34,13,1,2c4db926_FUN_2c4db926
0x2c4db958,FUN_2c4db958,36,14,1,2c4db958_FUN_2c4db958
0x2c4db97c,FUN_2c4db97c,74,31,1,2c4db97c_FUN_2c4db97c
0x2c4db9f0,FUN_2c4db9f0,326,126,1,2c4db9f0_FUN_2c4db9f0
0x2c4dbb5c,FUN_2c4dbb5c,88,31,1,2c4dbb5c_FUN_2c4dbb5c
0x2c4dbc72,FUN_2c4dbc72,128,53,1,2c4dbc72_FUN_2c4dbc72
0x2c4dbd18,FUN_2c4dbd18,130,53,1,2c4dbd18_FUN_2c4dbd18
0x2c4dbd40,FUN_2c4dbd40,182,71,1,2c4dbd40_FUN_2c4dbd40
0x2c4dbe90,FUN_2c4dbe90,286,108,1,2c4dbe90_FUN_2c4dbe90
0x2c4dbfa0,FUN_2c4dbfa0,234,87,1,2c4dbfa0_FUN_2c4dbfa0
0x2c4dc0c4,FUN_2c4dc0c4,172,63,1,2c4dc0c4_FUN_2c4dc0c4
0x2c4dc18c,FUN_2c4dc18c,548,219,1,2c4dc18c_FUN_2c4dc18c
0x2c4dc3d8,FUN_2c4dc3d8,12,5,1,2c4dc3d8_FUN_2c4dc3d8
0x2c4dc3e8,FUN_2c4dc3e8,34,13,1,2c4dc3e8_FUN_2c4dc3e8
0x2c4dc41a,FUN_2c4dc41a,22,9,1,2c4dc41a_FUN_2c4dc41a
0x2c4dc430,FUN_2c4dc430,18,7,1,2c4dc430_FUN_2c4dc430
0x2c4dc458,FUN_2c4dc458,18,7,1,2c4dc458_FUN_2c4dc458
0x2c4dc480,FUN_2c4dc480,18,7,1,2c4dc480_FUN_2c4dc480
0x2c4dc4ac,FUN_2c4dc4ac,36,14,1,2c4dc4ac_FUN_2c4dc4ac
0x2c4dc50c,FUN_2c4dc50c,80,35,1,2c4dc50c_FUN_2c4dc50c
0x2c4dc570,FUN_2c4dc570,74,33,1,2c4dc570_FUN_2c4dc570
0x2c4dc63c,FUN_2c4dc63c,96,43,1,2c4dc63c_FUN_2c4dc63c
0x2c4dc65c,FUN_2c4dc65c,18,7,1,2c4dc65c_FUN_2c4dc65c
0x2c4dc6f4,FUN_2c4dc6f4,102,43,1,2c4dc6f4_FUN_2c4dc6f4
0x2c4dc714,FUN_2c4dc714,18,7,1,2c4dc714_FUN_2c4dc714
0x2c4dc7ac,FUN_2c4dc7ac,102,43,1,2c4dc7ac_FUN_2c4dc7ac
0x2c4dc848,FUN_2c4dc848,102,43,1,2c4dc848_FUN_2c4dc848
0x2c4dc860,FUN_2c4dc860,22,9,1,2c4dc860_FUN_2c4dc860
0x2c4dc876,FUN_2c4dc876,18,7,1,2c4dc876_FUN_2c4dc876
0x2c4dc898,FUN_2c4dc898,18,7,1,2c4dc898_FUN_2c4dc898
0x2c4dc8bc,FUN_2c4dc8bc,60,24,1,2c4dc8bc_FUN_2c4dc8bc
0x2c4dc91c,FUN_2c4dc91c,134,49,1,2c4dc91c_FUN_2c4dc91c
0x2c4dc9d0,FUN_2c4dc9d0,338,129,1,2c4dc9d0_FUN_2c4dc9d0
0x2c4dcb4c,FUN_2c4dcb4c,172,67,1,2c4dcb4c_FUN_2c4dcb4c
0x2c4dcbbc,FUN_2c4dcbbc,158,61,1,2c4dcbbc_FUN_2c4dcbbc
0x2c4dcc98,FUN_2c4dcc98,452,176,1,2c4dcc98_FUN_2c4dcc98
0x2c4dcd88,FUN_2c4dcd88,282,114,1,2c4dcd88_FUN_2c4dcd88
0x2c4dcebc,FUN_2c4dcebc,18,7,1,2c4dcebc_FUN_2c4dcebc
0x2c4dcee8,FUN_2c4dcee8,36,14,1,2c4dcee8_FUN_2c4dcee8
0x2c4dcf10,FUN_2c4dcf10,206,86,1,2c4dcf10_FUN_2c4dcf10
0x2c4dcffc,FUN_2c4dcffc,128,55,1,2c4dcffc_FUN_2c4dcffc
0x2c4dd098,FUN_2c4dd098,22,8,1,2c4dd098_FUN_2c4dd098
0x2c4dd0ae,FUN_2c4dd0ae,44,18,1,2c4dd0ae_FUN_2c4dd0ae
0x2c4dd0dc,FUN_2c4dd0dc,352,149,1,2c4dd0dc_FUN_2c4dd0dc
0x2c4dd264,FUN_2c4dd264,352,133,1,2c4dd264_FUN_2c4dd264
0x2c4dd428,FUN_2c4dd428,110,46,1,2c4dd428_FUN_2c4dd428
0x2c4dd56e,FUN_2c4dd56e,14,6,1,2c4dd56e_FUN_2c4dd56e
0x2c4dd580,FUN_2c4dd580,18,7,1,2c4dd580_FUN_2c4dd580
0x2c4dd594,FUN_2c4dd594,34,13,1,2c4dd594_FUN_2c4dd594
0x2c4dd5ca,FUN_2c4dd5ca,48,23,1,2c4dd5ca_FUN_2c4dd5ca
0x2c4dd5fa,FUN_2c4dd5fa,38,19,1,2c4dd5fa_FUN_2c4dd5fa
0x2c4dd620,FUN_2c4dd620,30,14,1,2c4dd620_FUN_2c4dd620
0x2c4dd644,FUN_2c4dd644,54,25,1,2c4dd644_FUN_2c4dd644
0x2c4dd684,FUN_2c4dd684,16,7,1,2c4dd684_FUN_2c4dd684
0x2c4dd694,FUN_2c4dd694,52,24,1,2c4dd694_FUN_2c4dd694
0x2c4dd6cc,FUN_2c4dd6cc,40,18,1,2c4dd6cc_FUN_2c4dd6cc
0x2c4dd6f8,FUN_2c4dd6f8,40,18,1,2c4dd6f8_FUN_2c4dd6f8
0x2c4dd724,FUN_2c4dd724,198,86,1,2c4dd724_FUN_2c4dd724
0x2c4dd7f0,FUN_2c4dd7f0,262,110,1,2c4dd7f0_FUN_2c4dd7f0
0x2c4dd908,FUN_2c4dd908,66,27,1,2c4dd908_FUN_2c4dd908
0x2c4dd950,FUN_2c4dd950,88,31,1,2c4dd950_FUN_2c4dd950
0x2c4dd9ac,FUN_2c4dd9ac,26,11,1,2c4dd9ac_FUN_2c4dd9ac
0x2c4dd9ca,FUN_2c4dd9ca,22,9,1,2c4dd9ca_FUN_2c4dd9ca
0x2c4dda26,FUN_2c4dda26,90,33,1,2c4dda26_FUN_2c4dda26
0x2c4ddaec,FUN_2c4ddaec,98,43,1,2c4ddaec_FUN_2c4ddaec
0x2c4ddb00,FUN_2c4ddb00,270,110,1,2c4ddb00_FUN_2c4ddb00
0x2c4ddc28,FUN_2c4ddc28,114,49,1,2c4ddc28_FUN_2c4ddc28
0x2c4ddcac,FUN_2c4ddcac,128,51,1,2c4ddcac_FUN_2c4ddcac
0x2c4ddd3c,FUN_2c4ddd3c,382,162,1,2c4ddd3c_FUN_2c4ddd3c
0x2c4ddee8,FUN_2c4ddee8,278,116,1,2c4ddee8_FUN_2c4ddee8
0x2c4de02c,FUN_2c4de02c,130,50,1,2c4de02c_FUN_2c4de02c
0x2c4de104,FUN_2c4de104,120,47,1,2c4de104_FUN_2c4de104
0x2c4de19e,FUN_2c4de19e,44,16,1,2c4de19e_FUN_2c4de19e
0x2c4de1d8,FUN_2c4de1d8,192,81,1,2c4de1d8_FUN_2c4de1d8
0x2c4de3d2,FUN_2c4de3d2,24,10,1,2c4de3d2_FUN_2c4de3d2
0x2c4de3f0,FUN_2c4de3f0,18,7,1,2c4de3f0_FUN_2c4de3f0
0x2c4de404,FUN_2c4de404,50,18,1,2c4de404_FUN_2c4de404
0x2c4de444,FUN_2c4de444,96,41,1,2c4de444_FUN_2c4de444
0x2c4de530,FUN_2c4de530,110,45,1,2c4de530_FUN_2c4de530
0x2c4de580,FUN_2c4de580,22,11,1,2c4de580_FUN_2c4de580
0x2c4de5d0,FUN_2c4de5d0,18,7,1,2c4de5d0_FUN_2c4de5d0
0x2c4de5f8,FUN_2c4de5f8,28,11,1,2c4de5f8_FUN_2c4de5f8
0x2c4de61e,FUN_2c4de61e,34,14,1,2c4de61e_FUN_2c4de61e
0x2c4de640,FUN_2c4de640,40,17,1,2c4de640_FUN_2c4de640
0x2c4de676,FUN_2c4de676,4,2,1,2c4de676_FUN_2c4de676
0x2c4de67a,FUN_2c4de67a,24,11,1,2c4de67a_FUN_2c4de67a
0x2c4de692,FUN_2c4de692,28,14,1,2c4de692_FUN_2c4de692
0x2c4de6ae,FUN_2c4de6ae,28,11,1,2c4de6ae_FUN_2c4de6ae
0x2c4de6ca,FUN_2c4de6ca,18,8,1,2c4de6ca_FUN_2c4de6ca
0x2c4de6ea,FUN_2c4de6ea,10,4,1,2c4de6ea_FUN_2c4de6ea
0x2c4de6fc,FUN_2c4de6fc,482,203,1,2c4de6fc_FUN_2c4de6fc
0x2c4de9c0,FUN_2c4de9c0,10,5,1,2c4de9c0_FUN_2c4de9c0
0x2c4dea30,FUN_2c4dea30,80,33,1,2c4dea30_FUN_2c4dea30
0x2c4deb04,FUN_2c4deb04,172,70,1,2c4deb04_FUN_2c4deb04
0x2c4decac,FUN_2c4decac,98,43,1,2c4decac_FUN_2c4decac
0x2c4decb8,FUN_2c4decb8,264,108,1,2c4decb8_FUN_2c4decb8
0x2c4dedd8,FUN_2c4dedd8,124,51,1,2c4dedd8_FUN_2c4dedd8
0x2c4dee64,FUN_2c4dee64,728,297,1,2c4dee64_FUN_2c4dee64
0x2c4df184,FUN_2c4df184,232,90,1,2c4df184_FUN_2c4df184
0x2c4df290,FUN_2c4df290,120,47,1,2c4df290_FUN_2c4df290
0x2c4df32a,FUN_2c4df32a,40,14,1,2c4df32a_FUN_2c4df32a
0x2c4df4e6,FUN_2c4df4e6,8,4,1,2c4df4e6_FUN_2c4df4e6
0x2c4df4f8,FUN_2c4df4f8,14,6,1,2c4df4f8_FUN_2c4df4f8
0x2c4df506,FUN_2c4df506,18,8,1,2c4df506_FUN_2c4df506
0x2c4df518,FUN_2c4df518,26,11,1,2c4df518_FUN_2c4df518
0x2c4df914,FUN_2c4df914,8,3,1,2c4df914_FUN_2c4df914
0x2c4df91c,FUN_2c4df91c,64,27,1,2c4df91c_FUN_2c4df91c
0x2c4df96c,FUN_2c4df96c,64,27,1,2c4df96c_FUN_2c4df96c
0x2c4df9d2,FUN_2c4df9d2,24,10,1,2c4df9d2_FUN_2c4df9d2
0x2c4df9ea,FUN_2c4df9ea,24,10,1,2c4df9ea_FUN_2c4df9ea
0x2c4dfa4e,FUN_2c4dfa4e,66,25,1,2c4dfa4e_FUN_2c4dfa4e
0x2c4dfa6c,FUN_2c4dfa6c,16,7,1,2c4dfa6c_FUN_2c4dfa6c
0x2c4dfa8c,FUN_2c4dfa8c,14,7,1,2c4dfa8c_FUN_2c4dfa8c
0x2c4dfafa,FUN_2c4dfafa,22,9,1,2c4dfafa_FUN_2c4dfafa
0x2c4dfb10,FUN_2c4dfb10,2,1,1,2c4dfb10_FUN_2c4dfb10
0x2c4dfb12,FUN_2c4dfb12,18,7,1,2c4dfb12_FUN_2c4dfb12
0x2c4dfb24,FUN_2c4dfb24,102,48,1,2c4dfb24_FUN_2c4dfb24
0x2c4dfba8,FUN_2c4dfba8,18,7,1,2c4dfba8_FUN_2c4dfba8
0x2c4dfbbc,FUN_2c4dfbbc,72,31,1,2c4dfbbc_FUN_2c4dfbbc
0x2c4dfc14,FUN_2c4dfc14,2,1,1,2c4dfc14_FUN_2c4dfc14
0x2c4dfd08,FUN_2c4dfd08,2,1,1,2c4dfd08_FUN_2c4dfd08
0x2c4dfd0c,FUN_2c4dfd0c,80,32,1,2c4dfd0c_FUN_2c4dfd0c
0x2c4dfd60,FUN_2c4dfd60,50,21,1,2c4dfd60_FUN_2c4dfd60
0x2c4dfe48,FUN_2c4dfe48,128,51,1,2c4dfe48_FUN_2c4dfe48
0x2c4dff04,FUN_2c4dff04,88,30,1,2c4dff04_FUN_2c4dff04
0x2c4dffdc,FUN_2c4dffdc,28,10,1,2c4dffdc_FUN_2c4dffdc
0x2c4e0012,FUN_2c4e0012,24,8,1,2c4e0012_FUN_2c4e0012
0x2c4e0044,FUN_2c4e0044,24,8,1,2c4e0044_FUN_2c4e0044
0x2c4e0076,FUN_2c4e0076,32,12,1,2c4e0076_FUN_2c4e0076
0x2c4e00b0,FUN_2c4e00b0,68,26,1,2c4e00b0_FUN_2c4e00b0
0x2c4e00ea,FUN_2c4e00ea,72,30,1,2c4e00ea_FUN_2c4e00ea
0x2c4e0124,FUN_2c4e0124,180,76,1,2c4e0124_FUN_2c4e0124
0x2c4e015e,FUN_2c4e015e,130,53,1,2c4e015e_FUN_2c4e015e
0x2c4e0198,FUN_2c4e0198,290,115,1,2c4e0198_FUN_2c4e0198
0x2c4e0354,FUN_2c4e0354,144,57,1,2c4e0354_FUN_2c4e0354
0x2c4e0400,FUN_2c4e0400,24,11,1,2c4e0400_FUN_2c4e0400
0x2c4e0418,FUN_2c4e0418,20,9,1,2c4e0418_FUN_2c4e0418
0x2c4e0438,FUN_2c4e0438,194,74,1,2c4e0438_FUN_2c4e0438
0x2c4e0504,FUN_2c4e0504,56,22,1,2c4e0504_FUN_2c4e0504
0x2c4e0540,FUN_2c4e0540,12,5,1,2c4e0540_FUN_2c4e0540
0x2c4e054c,FUN_2c4e054c,18,7,1,2c4e054c_FUN_2c4e054c
0x2c4e05b4,FUN_2c4e05b4,50,19,1,2c4e05b4_FUN_2c4e05b4
0x2c4e05fc,FUN_2c4e05fc,126,49,1,2c4e05fc_FUN_2c4e05fc
0x2c4e0688,FUN_2c4e0688,88,36,1,2c4e0688_FUN_2c4e0688
0x2c4e0704,FUN_2c4e0704,102,40,1,2c4e0704_FUN_2c4e0704
0x2c4e07b4,FUN_2c4e07b4,196,86,1,2c4e07b4_FUN_2c4e07b4
0x2c4e08a0,FUN_2c4e08a0,84,36,1,2c4e08a0_FUN_2c4e08a0
0x2c4e0904,FUN_2c4e0904,152,58,1,2c4e0904_FUN_2c4e0904
0x2c4e09bc,FUN_2c4e09bc,104,42,1,2c4e09bc_FUN_2c4e09bc
0x2c4e0a50,FUN_2c4e0a50,84,30,1,2c4e0a50_FUN_2c4e0a50
0x2c4e0a98,FUN_2c4e0a98,88,36,1,2c4e0a98_FUN_2c4e0a98
0x2c4e0c74,FUN_2c4e0c74,264,104,1,2c4e0c74_FUN_2c4e0c74
0x2c4e0db6,FUN_2c4e0db6,36,12,1,2c4e0db6_FUN_2c4e0db6
0x2c4e0df4,FUN_2c4e0df4,82,34,1,2c4e0df4_FUN_2c4e0df4
0x2c4e0e6c,FUN_2c4e0e6c,118,45,1,2c4e0e6c_FUN_2c4e0e6c
0x2c4e0f7c,FUN_2c4e0f7c,90,36,1,2c4e0f7c_FUN_2c4e0f7c
0x2c4e0ff0,FUN_2c4e0ff0,34,13,1,2c4e0ff0_FUN_2c4e0ff0
0x2c4e102c,FUN_2c4e102c,34,13,1,2c4e102c_FUN_2c4e102c
0x2c4e1078,FUN_2c4e1078,224,89,1,2c4e1078_FUN_2c4e1078
0x2c4e118c,FUN_2c4e118c,134,51,1,2c4e118c_FUN_2c4e118c
0x2c4e122c,FUN_2c4e122c,408,161,1,2c4e122c_FUN_2c4e122c
0x2c4e12ea,FUN_2c4e12ea,96,33,1,2c4e12ea_FUN_2c4e12ea
0x2c4e133c,FUN_2c4e133c,330,129,1,2c4e133c_FUN_2c4e133c
0x2c4e1438,FUN_2c4e1438,422,158,1,2c4e1438_FUN_2c4e1438
0x2c4e1600,FUN_2c4e1600,76,31,1,2c4e1600_FUN_2c4e1600
0x2c4e1650,FUN_2c4e1650,66,26,1,2c4e1650_FUN_2c4e1650
0x2c4e1698,FUN_2c4e1698,76,31,1,2c4e1698_FUN_2c4e1698
0x2c4e16e8,FUN_2c4e16e8,706,263,1,2c4e16e8_FUN_2c4e16e8
0x2c4e1d08,FUN_2c4e1d08,122,53,1,2c4e1d08_FUN_2c4e1d08
0x2c4e1d3a,FUN_2c4e1d3a,210,81,1,2c4e1d3a_FUN_2c4e1d3a
0x2c4e1d48,FUN_2c4e1d48,22,8,1,2c4e1d48_FUN_2c4e1d48
0x2c4e1d64,FUN_2c4e1d64,18,7,1,2c4e1d64_FUN_2c4e1d64
0x2c4e1d78,FUN_2c4e1d78,136,58,1,2c4e1d78_FUN_2c4e1d78
0x2c4e2628,FUN_2c4e2628,1008,381,1,2c4e2628_FUN_2c4e2628
0x2c4e2634,FUN_2c4e2634,22,8,1,2c4e2634_FUN_2c4e2634
0x2c4e2650,FUN_2c4e2650,18,7,1,2c4e2650_FUN_2c4e2650
0x2c4e2664,FUN_2c4e2664,34,13,1,2c4e2664_FUN_2c4e2664
0x2c4e2740,FUN_2c4e2740,50,23,1,2c4e2740_FUN_2c4e2740
0x2c4e2772,FUN_2c4e2772,22,8,1,2c4e2772_FUN_2c4e2772
0x2c4e2788,FUN_2c4e2788,22,9,1,2c4e2788_FUN_2c4e2788
0x2c4e279e,FUN_2c4e279e,74,35,1,2c4e279e_FUN_2c4e279e
0x2c4e27e8,FUN_2c4e27e8,18,6,1,2c4e27e8_FUN_2c4e27e8
0x2c4e27fc,FUN_2c4e27fc,42,17,1,2c4e27fc_FUN_2c4e27fc
0x2c4e2974,FUN_2c4e2974,72,32,1,2c4e2974_FUN_2c4e2974
0x2c4e29bc,FUN_2c4e29bc,664,252,1,2c4e29bc_FUN_2c4e29bc
0x2c4e2c84,FUN_2c4e2c84,160,65,1,2c4e2c84_FUN_2c4e2c84
0x2c4e2d38,FUN_2c4e2d38,384,153,1,2c4e2d38_FUN_2c4e2d38
0x2c4e2edc,FUN_2c4e2edc,828,319,1,2c4e2edc_FUN_2c4e2edc
0x2c4e3258,FUN_2c4e3258,160,62,1,2c4e3258_FUN_2c4e3258
0x2c4e332a,thunk_FUN_2c4e4fb8,4,1,1,2c4e332a_thunk_FUN_2c4e4fb8
0x2c4e3330,FUN_2c4e3330,10,5,1,2c4e3330_FUN_2c4e3330
0x2c4e33d8,FUN_2c4e33d8,10,5,1,2c4e33d8_FUN_2c4e33d8
0x2c4e34f4,FUN_2c4e34f4,10,5,1,2c4e34f4_FUN_2c4e34f4
0x2c4e3504,FUN_2c4e3504,56,26,1,2c4e3504_FUN_2c4e3504
0x2c4e3558,FUN_2c4e3558,22,9,1,2c4e3558_FUN_2c4e3558
0x2c4e36cc,FUN_2c4e36cc,30,13,1,2c4e36cc_FUN_2c4e36cc
0x2c4e36d4,FUN_2c4e36d4,128,51,1,2c4e36d4_FUN_2c4e36d4
0x2c4e37a4,FUN_2c4e37a4,314,135,1,2c4e37a4_FUN_2c4e37a4
0x2c4e3808,FUN_2c4e3808,34,12,1,2c4e3808_FUN_2c4e3808
0x2c4e382c,FUN_2c4e382c,276,110,1,2c4e382c_FUN_2c4e382c
0x2c4e3898,thunk_FUN_2c4e382c,4,1,1,2c4e3898_thunk_FUN_2c4e382c
0x2c4e389c,FUN_2c4e389c,90,36,1,2c4e389c_FUN_2c4e389c
0x2c4e3908,FUN_2c4e3908,78,32,1,2c4e3908_FUN_2c4e3908
0x2c4e3964,FUN_2c4e3964,108,43,1,2c4e3964_FUN_2c4e3964
0x2c4e3974,FUN_2c4e3974,88,32,1,2c4e3974_FUN_2c4e3974
0x2c4e39dc,FUN_2c4e39dc,76,30,1,2c4e39dc_FUN_2c4e39dc
0x2c4e3a38,FUN_2c4e3a38,218,86,1,2c4e3a38_FUN_2c4e3a38
0x2c4e3b34,FUN_2c4e3b34,76,27,1,2c4e3b34_FUN_2c4e3b34
0x2c4e3bb4,FUN_2c4e3bb4,44,18,1,2c4e3bb4_FUN_2c4e3bb4
0x2c4e3bc4,FUN_2c4e3bc4,4,2,1,2c4e3bc4_FUN_2c4e3bc4
0x2c4e3bd0,FUN_2c4e3bd0,158,69,1,2c4e3bd0_FUN_2c4e3bd0
0x2c4e3c84,FUN_2c4e3c84,64,28,1,2c4e3c84_FUN_2c4e3c84
0x2c4e3cd4,FUN_2c4e3cd4,64,28,1,2c4e3cd4_FUN_2c4e3cd4
0x2c4e3d24,FUN_2c4e3d24,58,25,1,2c4e3d24_FUN_2c4e3d24
0x2c4e3d68,FUN_2c4e3d68,30,13,1,2c4e3d68_FUN_2c4e3d68
0x2c4e3d90,FUN_2c4e3d90,18,7,1,2c4e3d90_FUN_2c4e3d90
0x2c4e3da4,FUN_2c4e3da4,68,24,1,2c4e3da4_FUN_2c4e3da4
0x2c4e3df4,FUN_2c4e3df4,266,101,1,2c4e3df4_FUN_2c4e3df4
0x2c4e3f24,FUN_2c4e3f24,90,38,1,2c4e3f24_FUN_2c4e3f24
0x2c4e3f90,FUN_2c4e3f90,114,53,1,2c4e3f90_FUN_2c4e3f90
0x2c4e4018,FUN_2c4e4018,106,48,1,2c4e4018_FUN_2c4e4018
0x2c4e4138,FUN_2c4e4138,88,36,1,2c4e4138_FUN_2c4e4138
0x2c4e41a0,FUN_2c4e41a0,58,27,1,2c4e41a0_FUN_2c4e41a0
0x2c4e41dc,FUN_2c4e41dc,554,235,1,2c4e41dc_FUN_2c4e41dc
0x2c4e442c,FUN_2c4e442c,92,42,1,2c4e442c_FUN_2c4e442c
0x2c4e4498,FUN_2c4e4498,96,43,1,2c4e4498_FUN_2c4e4498
0x2c4e4508,FUN_2c4e4508,74,32,1,2c4e4508_FUN_2c4e4508
0x2c4e4558,FUN_2c4e4558,208,89,1,2c4e4558_FUN_2c4e4558
0x2c4e45b0,FUN_2c4e45b0,146,61,1,2c4e45b0_FUN_2c4e45b0
0x2c4e465c,FUN_2c4e465c,126,54,1,2c4e465c_FUN_2c4e465c
0x2c4e46f0,FUN_2c4e46f0,214,95,1,2c4e46f0_FUN_2c4e46f0
0x2c4e47e0,FUN_2c4e47e0,114,49,1,2c4e47e0_FUN_2c4e47e0
0x2c4e4868,FUN_2c4e4868,120,52,1,2c4e4868_FUN_2c4e4868
0x2c4e48f4,FUN_2c4e48f4,120,52,1,2c4e48f4_FUN_2c4e48f4
0x2c4e4980,FUN_2c4e4980,290,105,1,2c4e4980_FUN_2c4e4980
0x2c4e4ace,FUN_2c4e4ace,36,16,1,2c4e4ace_FUN_2c4e4ace
0x2c4e4afc,FUN_2c4e4afc,18,7,1,2c4e4afc_FUN_2c4e4afc
0x2c4e4b10,FUN_2c4e4b10,56,24,1,2c4e4b10_FUN_2c4e4b10
0x2c4e4b5a,FUN_2c4e4b5a,24,12,1,2c4e4b5a_FUN_2c4e4b5a
0x2c4e4b88,FUN_2c4e4b88,16,7,1,2c4e4b88_FUN_2c4e4b88
0x2c4e4b9c,FUN_2c4e4b9c,18,7,1,2c4e4b9c_FUN_2c4e4b9c
0x2c4e4bb0,FUN_2c4e4bb0,194,86,1,2c4e4bb0_FUN_2c4e4bb0
0x2c4e4c88,FUN_2c4e4c88,32,15,1,2c4e4c88_FUN_2c4e4c88
0x2c4e4ca8,FUN_2c4e4ca8,22,9,1,2c4e4ca8_FUN_2c4e4ca8
0x2c4e4d02,FUN_2c4e4d02,36,15,1,2c4e4d02_FUN_2c4e4d02
0x2c4e4d26,FUN_2c4e4d26,26,11,1,2c4e4d26_FUN_2c4e4d26
0x2c4e4d40,FUN_2c4e4d40,16,7,1,2c4e4d40_FUN_2c4e4d40
0x2c4e4d66,FUN_2c4e4d66,24,12,1,2c4e4d66_FUN_2c4e4d66
0x2c4e4d98,FUN_2c4e4d98,24,10,1,2c4e4d98_FUN_2c4e4d98
0x2c4e4dc0,FUN_2c4e4dc0,74,33,1,2c4e4dc0_FUN_2c4e4dc0
0x2c4e4e5c,FUN_2c4e4e5c,42,20,1,2c4e4e5c_FUN_2c4e4e5c
0x2c4e4e98,FUN_2c4e4e98,152,66,1,2c4e4e98_FUN_2c4e4e98
0x2c4e4f4c,FUN_2c4e4f4c,88,39,1,2c4e4f4c_FUN_2c4e4f4c
0x2c4e4fb8,FUN_2c4e4fb8,24,11,1,2c4e4fb8_FUN_2c4e4fb8
0x2c4e4fd4,FUN_2c4e4fd4,24,11,1,2c4e4fd4_FUN_2c4e4fd4
0x2c4e4ff0,FUN_2c4e4ff0,414,126,1,2c4e4ff0_FUN_2c4e4ff0
0x2c4e51a4,FUN_2c4e51a4,2562,704,1,2c4e51a4_FUN_2c4e51a4
0x2c4e5be4,FUN_2c4e5be4,52,22,1,2c4e5be4_FUN_2c4e5be4
0x2c4e5c18,FUN_2c4e5c18,458,162,1,2c4e5c18_FUN_2c4e5c18
0x2c4e5df0,FUN_2c4e5df0,80,31,1,2c4e5df0_FUN_2c4e5df0
0x2c4e5e44,FUN_2c4e5e44,206,77,1,2c4e5e44_FUN_2c4e5e44
0x2c4e5f1c,FUN_2c4e5f1c,202,75,1,2c4e5f1c_FUN_2c4e5f1c
0x2c4e5fec,FUN_2c4e5fec,416,155,1,2c4e5fec_FUN_2c4e5fec
0x2c4e618c,FUN_2c4e618c,630,246,1,2c4e618c_FUN_2c4e618c
0x2c4e6404,FUN_2c4e6404,264,96,1,2c4e6404_FUN_2c4e6404
0x2c4e6530,FUN_2c4e6530,20,7,1,2c4e6530_FUN_2c4e6530
0x2c4e6544,FUN_2c4e6544,26,12,1,2c4e6544_FUN_2c4e6544
0x2c4e6560,FUN_2c4e6560,82,31,1,2c4e6560_FUN_2c4e6560
0x2c4e65b4,FUN_2c4e65b4,50,17,1,2c4e65b4_FUN_2c4e65b4
0x2c4e65e8,FUN_2c4e65e8,64,23,1,2c4e65e8_FUN_2c4e65e8
0x2c4e6628,FUN_2c4e6628,78,30,1,2c4e6628_FUN_2c4e6628
0x2c4e6674,FUN_2c4e6674,46,17,1,2c4e6674_FUN_2c4e6674
0x2c4e66a8,FUN_2c4e66a8,44,19,1,2c4e66a8_FUN_2c4e66a8
0x2c4e66fc,FUN_2c4e66fc,30,13,1,2c4e66fc_FUN_2c4e66fc
0x2c4e6720,FUN_2c4e6720,30,13,1,2c4e6720_FUN_2c4e6720
0x2c4e6744,FUN_2c4e6744,32,13,1,2c4e6744_FUN_2c4e6744
0x2c4e6766,FUN_2c4e6766,6,2,1,2c4e6766_FUN_2c4e6766
0x2c4e676c,FUN_2c4e676c,62,27,1,2c4e676c_FUN_2c4e676c
0x2c4e67d0,FUN_2c4e67d0,24,11,1,2c4e67d0_FUN_2c4e67d0
0x2c4e67ec,FUN_2c4e67ec,16,6,1,2c4e67ec_FUN_2c4e67ec
0x2c4e6800,FUN_2c4e6800,12,5,1,2c4e6800_FUN_2c4e6800
0x2c4e6810,FUN_2c4e6810,20,9,1,2c4e6810_FUN_2c4e6810
0x2c4e6850,FUN_2c4e6850,26,12,1,2c4e6850_FUN_2c4e6850
0x2c4e68b6,FUN_2c4e68b6,24,8,1,2c4e68b6_FUN_2c4e68b6
0x2c4e68d4,FUN_2c4e68d4,44,19,1,2c4e68d4_FUN_2c4e68d4
0x2c4e693c,FUN_2c4e693c,44,20,1,2c4e693c_FUN_2c4e693c
0x2c4e6974,FUN_2c4e6974,56,24,1,2c4e6974_FUN_2c4e6974
0x2c4e6a64,FUN_2c4e6a64,82,37,1,2c4e6a64_FUN_2c4e6a64
0x2c4e6ae8,FUN_2c4e6ae8,156,66,1,2c4e6ae8_FUN_2c4e6ae8
0x2c4e6ba0,FUN_2c4e6ba0,82,32,1,2c4e6ba0_FUN_2c4e6ba0
0x2c4e6c00,FUN_2c4e6c00,178,73,1,2c4e6c00_FUN_2c4e6c00
0x2c4e6cd0,FUN_2c4e6cd0,32,14,1,2c4e6cd0_FUN_2c4e6cd0
0x2c4e6cf8,FUN_2c4e6cf8,32,14,1,2c4e6cf8_FUN_2c4e6cf8
0x2c4e6d20,FUN_2c4e6d20,32,14,1,2c4e6d20_FUN_2c4e6d20
0x2c4e6d48,FUN_2c4e6d48,38,17,1,2c4e6d48_FUN_2c4e6d48
0x2c4e6d7c,FUN_2c4e6d7c,40,17,1,2c4e6d7c_FUN_2c4e6d7c
0x2c4e6db0,FUN_2c4e6db0,56,23,1,2c4e6db0_FUN_2c4e6db0
0x2c4e6e40,FUN_2c4e6e40,56,23,1,2c4e6e40_FUN_2c4e6e40
0x2c4e6eb8,FUN_2c4e6eb8,102,41,1,2c4e6eb8_FUN_2c4e6eb8
0x2c4e6f64,FUN_2c4e6f64,100,44,1,2c4e6f64_FUN_2c4e6f64
0x2c4e6fd4,FUN_2c4e6fd4,120,50,1,2c4e6fd4_FUN_2c4e6fd4
0x2c4e70ac,FUN_2c4e70ac,40,17,1,2c4e70ac_FUN_2c4e70ac
0x2c4e70e0,FUN_2c4e70e0,42,19,1,2c4e70e0_FUN_2c4e70e0
0x2c4e7118,FUN_2c4e7118,42,19,1,2c4e7118_FUN_2c4e7118
0x2c4e7150,FUN_2c4e7150,52,22,1,2c4e7150_FUN_2c4e7150
0x2c4e71c0,FUN_2c4e71c0,52,22,1,2c4e71c0_FUN_2c4e71c0
0x2c4e7230,FUN_2c4e7230,52,22,1,2c4e7230_FUN_2c4e7230
0x2c4e729c,FUN_2c4e729c,106,42,1,2c4e729c_FUN_2c4e729c
0x2c4e7320,FUN_2c4e7320,88,36,1,2c4e7320_FUN_2c4e7320
0x2c4e738c,FUN_2c4e738c,38,16,1,2c4e738c_FUN_2c4e738c
0x2c4e73bc,FUN_2c4e73bc,46,18,1,2c4e73bc_FUN_2c4e73bc
0x2c4e73f4,FUN_2c4e73f4,56,21,1,2c4e73f4_FUN_2c4e73f4
0x2c4e743a,FUN_2c4e743a,46,17,1,2c4e743a_FUN_2c4e743a
0x2c4e74c0,FUN_2c4e74c0,40,18,1,2c4e74c0_FUN_2c4e74c0
0x2c4e74f0,FUN_2c4e74f0,48,22,1,2c4e74f0_FUN_2c4e74f0
0x2c4e752c,FUN_2c4e752c,40,18,1,2c4e752c_FUN_2c4e752c
0x2c4e755c,FUN_2c4e755c,56,25,1,2c4e755c_FUN_2c4e755c
0x2c4e75a0,FUN_2c4e75a0,26,11,1,2c4e75a0_FUN_2c4e75a0
0x2c4e75c4,FUN_2c4e75c4,26,11,1,2c4e75c4_FUN_2c4e75c4
0x2c4e75e8,FUN_2c4e75e8,26,11,1,2c4e75e8_FUN_2c4e75e8
0x2c4e760c,FUN_2c4e760c,52,24,1,2c4e760c_FUN_2c4e760c
0x2c4e764c,FUN_2c4e764c,20,9,1,2c4e764c_FUN_2c4e764c
0x2c4e7668,FUN_2c4e7668,28,11,1,2c4e7668_FUN_2c4e7668
0x2c4e76a8,FUN_2c4e76a8,78,33,1,2c4e76a8_FUN_2c4e76a8
0x2c4e775c,FUN_2c4e775c,34,14,1,2c4e775c_FUN_2c4e775c
0x2c4e7854,FUN_2c4e7854,34,13,1,2c4e7854_FUN_2c4e7854
0x2c4e788c,FUN_2c4e788c,64,27,1,2c4e788c_FUN_2c4e788c
0x2c4e7904,FUN_2c4e7904,24,10,1,2c4e7904_FUN_2c4e7904
0x2c4e7954,FUN_2c4e7954,10,4,1,2c4e7954_FUN_2c4e7954
0x2c4e7964,FUN_2c4e7964,28,11,1,2c4e7964_FUN_2c4e7964
0x2c4e798a,FUN_2c4e798a,82,33,1,2c4e798a_FUN_2c4e798a
0x2c4e79e8,FUN_2c4e79e8,88,37,1,2c4e79e8_FUN_2c4e79e8
0x2c4e7a44,FUN_2c4e7a44,158,61,1,2c4e7a44_FUN_2c4e7a44
0x2c4e7b10,FUN_2c4e7b10,48,20,1,2c4e7b10_FUN_2c4e7b10
0x2c4e7c0c,FUN_2c4e7c0c,34,13,1,2c4e7c0c_FUN_2c4e7c0c
0x2c4e7d10,FUN_2c4e7d10,32,12,1,2c4e7d10_FUN_2c4e7d10
0x2c4e7dbc,FUN_2c4e7dbc,32,14,1,2c4e7dbc_FUN_2c4e7dbc
0x2c4e7de4,FUN_2c4e7de4,264,102,1,2c4e7de4_FUN_2c4e7de4
0x2c4e7f3c,FUN_2c4e7f3c,10,4,1,2c4e7f3c_FUN_2c4e7f3c
0x2c4e7f4c,FUN_2c4e7f4c,10,4,1,2c4e7f4c_FUN_2c4e7f4c
0x2c4e7f5c,FUN_2c4e7f5c,56,23,1,2c4e7f5c_FUN_2c4e7f5c
0x2c4e7f9c,FUN_2c4e7f9c,148,57,1,2c4e7f9c_FUN_2c4e7f9c
0x2c4e80c8,FUN_2c4e80c8,322,128,1,2c4e80c8_FUN_2c4e80c8
0x2c4e8240,FUN_2c4e8240,312,115,1,2c4e8240_FUN_2c4e8240
0x2c4e83f8,FUN_2c4e83f8,182,74,1,2c4e83f8_FUN_2c4e83f8
0x2c4e849e,FUN_2c4e849e,206,66,1,2c4e849e_FUN_2c4e849e
0x2c4e8584,FUN_2c4e8584,132,44,1,2c4e8584_FUN_2c4e8584
0x2c4e861c,FUN_2c4e861c,50,22,1,2c4e861c_FUN_2c4e861c
0x2c4e865c,FUN_2c4e865c,136,52,1,2c4e865c_FUN_2c4e865c
0x2c4e8744,FUN_2c4e8744,40,17,1,2c4e8744_FUN_2c4e8744
0x2c4e8776,FUN_2c4e8776,20,8,1,2c4e8776_FUN_2c4e8776
0x2c4e8790,FUN_2c4e8790,54,23,1,2c4e8790_FUN_2c4e8790
0x2c4e87f0,FUN_2c4e87f0,54,23,1,2c4e87f0_FUN_2c4e87f0
0x2c4e8850,FUN_2c4e8850,58,25,1,2c4e8850_FUN_2c4e8850
0x2c4e8930,FUN_2c4e8930,72,30,1,2c4e8930_FUN_2c4e8930
0x2c4e8a2c,FUN_2c4e8a2c,98,40,1,2c4e8a2c_FUN_2c4e8a2c
0x2c4e8aa6,FUN_2c4e8aa6,16,6,1,2c4e8aa6_FUN_2c4e8aa6
0x2c4e8abc,FUN_2c4e8abc,46,19,1,2c4e8abc_FUN_2c4e8abc
0x2c4e8b30,FUN_2c4e8b30,50,18,1,2c4e8b30_FUN_2c4e8b30
0x2c4e8b68,FUN_2c4e8b68,80,33,1,2c4e8b68_FUN_2c4e8b68
0x2c4e8bc8,FUN_2c4e8bc8,24,11,1,2c4e8bc8_FUN_2c4e8bc8
0x2c4e8be8,FUN_2c4e8be8,42,17,1,2c4e8be8_FUN_2c4e8be8
0x2c4e8c38,FUN_2c4e8c38,30,12,1,2c4e8c38_FUN_2c4e8c38
0x2c4e8c88,FUN_2c4e8c88,38,15,1,2c4e8c88_FUN_2c4e8c88
0x2c4e8cb8,FUN_2c4e8cb8,30,12,1,2c4e8cb8_FUN_2c4e8cb8
0x2c4e8d08,FUN_2c4e8d08,64,26,1,2c4e8d08_FUN_2c4e8d08
0x2c4e8d80,FUN_2c4e8d80,38,16,1,2c4e8d80_FUN_2c4e8d80
0x2c4e8db0,FUN_2c4e8db0,38,16,1,2c4e8db0_FUN_2c4e8db0
0x2c4e8de0,FUN_2c4e8de0,54,24,1,2c4e8de0_FUN_2c4e8de0
0x2c4e8e20,FUN_2c4e8e20,46,20,1,2c4e8e20_FUN_2c4e8e20
0x2c4e8e58,FUN_2c4e8e58,24,11,1,2c4e8e58_FUN_2c4e8e58
0x2c4e8e78,FUN_2c4e8e78,24,11,1,2c4e8e78_FUN_2c4e8e78
0x2c4e8e98,FUN_2c4e8e98,24,11,1,2c4e8e98_FUN_2c4e8e98
0x2c4e8eb8,FUN_2c4e8eb8,38,16,1,2c4e8eb8_FUN_2c4e8eb8
0x2c4e8ee8,FUN_2c4e8ee8,66,27,1,2c4e8ee8_FUN_2c4e8ee8
0x2c4e8f34,FUN_2c4e8f34,36,16,1,2c4e8f34_FUN_2c4e8f34
0x2c4e8f74,FUN_2c4e8f74,134,50,1,2c4e8f74_FUN_2c4e8f74
0x2c4e904c,FUN_2c4e904c,62,22,1,2c4e904c_FUN_2c4e904c
0x2c4e9090,FUN_2c4e9090,20,9,1,2c4e9090_FUN_2c4e9090
0x2c4e90c8,FUN_2c4e90c8,14,5,1,2c4e90c8_FUN_2c4e90c8
0x2c4e90e0,FUN_2c4e90e0,56,20,1,2c4e90e0_FUN_2c4e90e0
0x2c4e911c,FUN_2c4e911c,14,6,1,2c4e911c_FUN_2c4e911c
0x2c4e9144,FUN_2c4e9144,30,12,1,2c4e9144_FUN_2c4e9144
0x2c4e9170,FUN_2c4e9170,82,28,1,2c4e9170_FUN_2c4e9170
0x2c4e91f8,FUN_2c4e91f8,62,23,1,2c4e91f8_FUN_2c4e91f8
0x2c4e923c,FUN_2c4e923c,76,31,1,2c4e923c_FUN_2c4e923c
0x2c4e9290,FUN_2c4e9290,156,61,1,2c4e9290_FUN_2c4e9290
0x2c4e9354,FUN_2c4e9354,4,2,1,2c4e9354_FUN_2c4e9354
0x2c4e9390,FUN_2c4e9390,26,10,1,2c4e9390_FUN_2c4e9390
0x2c4e93e4,FUN_2c4e93e4,26,12,1,2c4e93e4_FUN_2c4e93e4
0x2c4e94ac,FUN_2c4e94ac,50,20,1,2c4e94ac_FUN_2c4e94ac
0x2c4e94fc,FUN_2c4e94fc,4,2,1,2c4e94fc_FUN_2c4e94fc
0x2c4e9504,FUN_2c4e9504,66,27,1,2c4e9504_FUN_2c4e9504
0x2c4e9574,FUN_2c4e9574,64,28,1,2c4e9574_FUN_2c4e9574
0x2c4e95f6,FUN_2c4e95f6,284,106,1,2c4e95f6_FUN_2c4e95f6
0x2c4e9738,FUN_2c4e9738,82,33,1,2c4e9738_FUN_2c4e9738
0x2c4e98e8,FUN_2c4e98e8,60,26,1,2c4e98e8_FUN_2c4e98e8
0x2c4e9950,FUN_2c4e9950,76,32,1,2c4e9950_FUN_2c4e9950
0x2c4e9a40,FUN_2c4e9a40,82,31,1,2c4e9a40_FUN_2c4e9a40
0x2c4e9ab4,FUN_2c4e9ab4,114,44,1,2c4e9ab4_FUN_2c4e9ab4
0x2c4e9b44,FUN_2c4e9b44,144,56,1,2c4e9b44_FUN_2c4e9b44
0x2c4e9c04,FUN_2c4e9c04,82,31,1,2c4e9c04_FUN_2c4e9c04
0x2c4e9c78,FUN_2c4e9c78,80,31,1,2c4e9c78_FUN_2c4e9c78
0x2c4e9cf0,FUN_2c4e9cf0,72,26,1,2c4e9cf0_FUN_2c4e9cf0
0x2c4e9d40,FUN_2c4e9d40,88,34,1,2c4e9d40_FUN_2c4e9d40
0x2c4e9dd8,FUN_2c4e9dd8,96,35,1,2c4e9dd8_FUN_2c4e9dd8
0x2c4e9e58,FUN_2c4e9e58,72,26,1,2c4e9e58_FUN_2c4e9e58
0x2c4e9ea8,FUN_2c4e9ea8,72,27,1,2c4e9ea8_FUN_2c4e9ea8
0x2c4e9ef8,FUN_2c4e9ef8,116,45,1,2c4e9ef8_FUN_2c4e9ef8
0x2c4e9f94,FUN_2c4e9f94,102,39,1,2c4e9f94_FUN_2c4e9f94
0x2c4ea010,FUN_2c4ea010,116,45,1,2c4ea010_FUN_2c4ea010
0x2c4ea0ac,FUN_2c4ea0ac,102,39,1,2c4ea0ac_FUN_2c4ea0ac
0x2c4ea128,FUN_2c4ea128,114,42,1,2c4ea128_FUN_2c4ea128
0x2c4ea230,FUN_2c4ea230,68,27,1,2c4ea230_FUN_2c4ea230
0x2c4ea314,FUN_2c4ea314,64,25,1,2c4ea314_FUN_2c4ea314
0x2c4ea378,FUN_2c4ea378,64,25,1,2c4ea378_FUN_2c4ea378
0x2c4ea3dc,FUN_2c4ea3dc,64,25,1,2c4ea3dc_FUN_2c4ea3dc
0x2c4ea440,FUN_2c4ea440,62,25,1,2c4ea440_FUN_2c4ea440
0x2c4ea4a0,FUN_2c4ea4a0,62,25,1,2c4ea4a0_FUN_2c4ea4a0
0x2c4ea500,FUN_2c4ea500,62,25,1,2c4ea500_FUN_2c4ea500
0x2c4ea560,FUN_2c4ea560,60,25,1,2c4ea560_FUN_2c4ea560
0x2c4ea5c0,FUN_2c4ea5c0,60,25,1,2c4ea5c0_FUN_2c4ea5c0
0x2c4ea620,FUN_2c4ea620,60,25,1,2c4ea620_FUN_2c4ea620
0x2c4ea680,FUN_2c4ea680,60,25,1,2c4ea680_FUN_2c4ea680
0x2c4ea6e0,FUN_2c4ea6e0,34,13,1,2c4ea6e0_FUN_2c4ea6e0
0x2c4ea744,FUN_2c4ea744,34,13,1,2c4ea744_FUN_2c4ea744
0x2c4ea7a8,FUN_2c4ea7a8,34,13,1,2c4ea7a8_FUN_2c4ea7a8
0x2c4ea80c,FUN_2c4ea80c,34,13,1,2c4ea80c_FUN_2c4ea80c
0x2c4ea86c,FUN_2c4ea86c,34,13,1,2c4ea86c_FUN_2c4ea86c
0x2c4ea8cc,FUN_2c4ea8cc,34,13,1,2c4ea8cc_FUN_2c4ea8cc
0x2c4ea92c,FUN_2c4ea92c,32,13,1,2c4ea92c_FUN_2c4ea92c
0x2c4ea98c,FUN_2c4ea98c,32,13,1,2c4ea98c_FUN_2c4ea98c
0x2c4ea9ec,FUN_2c4ea9ec,32,13,1,2c4ea9ec_FUN_2c4ea9ec
0x2c4eaa4c,FUN_2c4eaa4c,32,13,1,2c4eaa4c_FUN_2c4eaa4c
0x2c4eaaac,FUN_2c4eaaac,80,34,1,2c4eaaac_FUN_2c4eaaac
0x2c4eab7c,FUN_2c4eab7c,4,2,1,2c4eab7c_FUN_2c4eab7c
0x2c4eab90,FUN_2c4eab90,20,9,1,2c4eab90_FUN_2c4eab90
0x2c4eacb4,FUN_2c4eacb4,26,11,1,2c4eacb4_FUN_2c4eacb4
0x2c4ead64,FUN_2c4ead64,40,15,1,2c4ead64_FUN_2c4ead64
0x2c4eaedc,FUN_2c4eaedc,20,9,1,2c4eaedc_FUN_2c4eaedc
0x2c4eaef8,FUN_2c4eaef8,44,18,1,2c4eaef8_FUN_2c4eaef8
0x2c4eaf30,FUN_2c4eaf30,214,86,1,2c4eaf30_FUN_2c4eaf30
0x2c4eaf9c,FUN_2c4eaf9c,180,70,1,2c4eaf9c_FUN_2c4eaf9c
0x2c4eb030,FUN_2c4eb030,50,19,1,2c4eb030_FUN_2c4eb030
0x2c4eb0f8,FUN_2c4eb0f8,244,88,1,2c4eb0f8_FUN_2c4eb0f8
0x2c4eb1fa,FUN_2c4eb1fa,26,9,1,2c4eb1fa_FUN_2c4eb1fa
0x2c4eb210,FUN_2c4eb210,938,366,1,2c4eb210_FUN_2c4eb210
0x2c4eb63c,FUN_2c4eb63c,34,15,1,2c4eb63c_FUN_2c4eb63c
0x2c4eb680,FUN_2c4eb680,52,21,1,2c4eb680_FUN_2c4eb680
0x2c4eb6c0,FUN_2c4eb6c0,92,37,1,2c4eb6c0_FUN_2c4eb6c0
0x2c4eb76c,FUN_2c4eb76c,28,12,1,2c4eb76c_FUN_2c4eb76c
0x2c4eb7a8,FUN_2c4eb7a8,84,37,1,2c4eb7a8_FUN_2c4eb7a8
0x2c4eb8a2,FUN_2c4eb8a2,150,63,1,2c4eb8a2_FUN_2c4eb8a2
0x2c4eb8d8,FUN_2c4eb8d8,52,21,1,2c4eb8d8_FUN_2c4eb8d8
0x2c4eb928,FUN_2c4eb928,40,19,1,2c4eb928_FUN_2c4eb928
0x2c4eb968,FUN_2c4eb968,20,9,1,2c4eb968_FUN_2c4eb968
0x2c4eb990,FUN_2c4eb990,168,71,1,2c4eb990_FUN_2c4eb990
0x2c4ebad4,FUN_2c4ebad4,30,14,1,2c4ebad4_FUN_2c4ebad4
0x2c4ebbcc,FUN_2c4ebbcc,30,14,1,2c4ebbcc_FUN_2c4ebbcc
0x2c4ebc44,FUN_2c4ebc44,46,16,1,2c4ebc44_FUN_2c4ebc44
0x2c4ebd8e,FUN_2c4ebd8e,76,29,1,2c4ebd8e_FUN_2c4ebd8e
0x2c4ebe2c,FUN_2c4ebe2c,20,9,1,2c4ebe2c_FUN_2c4ebe2c
0x2c4ebf60,FUN_2c4ebf60,26,11,1,2c4ebf60_FUN_2c4ebf60
0x2c4ebf7c,FUN_2c4ebf7c,112,47,1,2c4ebf7c_FUN_2c4ebf7c
0x2c4ec05c,FUN_2c4ec05c,22,10,1,2c4ec05c_FUN_2c4ec05c
0x2c4ec22c,FUN_2c4ec22c,46,19,1,2c4ec22c_FUN_2c4ec22c
0x2c4ec384,FUN_2c4ec384,66,23,1,2c4ec384_FUN_2c4ec384
0x2c4ec39c,FUN_2c4ec39c,56,23,1,2c4ec39c_FUN_2c4ec39c
0x2c4ec41c,FUN_2c4ec41c,20,8,1,2c4ec41c_FUN_2c4ec41c
0x2c4ec4ba,FUN_2c4ec4ba,80,32,1,2c4ec4ba_FUN_2c4ec4ba
0x2c4ec518,FUN_2c4ec518,46,19,1,2c4ec518_FUN_2c4ec518
0x2c4ec774,FUN_2c4ec774,70,27,1,2c4ec774_FUN_2c4ec774
0x2c4ec7d0,FUN_2c4ec7d0,26,11,1,2c4ec7d0_FUN_2c4ec7d0
0x2c4ec7f4,FUN_2c4ec7f4,104,42,1,2c4ec7f4_FUN_2c4ec7f4
0x2c4ec898,FUN_2c4ec898,60,22,1,2c4ec898_FUN_2c4ec898
0x2c4ec8d8,FUN_2c4ec8d8,22,10,1,2c4ec8d8_FUN_2c4ec8d8
0x2c4ec930,FUN_2c4ec930,44,18,1,2c4ec930_FUN_2c4ec930
0x2c4ec990,FUN_2c4ec990,42,17,1,2c4ec990_FUN_2c4ec990
0x2c4ecbc8,FUN_2c4ecbc8,28,12,1,2c4ecbc8_FUN_2c4ecbc8
0x2c4ecc4c,FUN_2c4ecc4c,54,21,1,2c4ecc4c_FUN_2c4ecc4c
0x2c4ecc98,FUN_2c4ecc98,60,25,1,2c4ecc98_FUN_2c4ecc98
0x2c4eccdc,FUN_2c4eccdc,24,11,1,2c4eccdc_FUN_2c4eccdc
0x2c4ecd0c,FUN_2c4ecd0c,26,12,1,2c4ecd0c_FUN_2c4ecd0c
0x2c4ecdb0,FUN_2c4ecdb0,52,20,1,2c4ecdb0_FUN_2c4ecdb0
0x2c4ecdf8,FUN_2c4ecdf8,34,13,1,2c4ecdf8_FUN_2c4ecdf8
0x2c4ece22,FUN_2c4ece22,10,4,1,2c4ece22_FUN_2c4ece22
0x2c4ece30,FUN_2c4ece30,30,11,1,2c4ece30_FUN_2c4ece30
0x2c4ece5e,FUN_2c4ece5e,30,12,1,2c4ece5e_FUN_2c4ece5e
0x2c4ece80,FUN_2c4ece80,46,19,1,2c4ece80_FUN_2c4ece80
0x2c4ecebc,FUN_2c4ecebc,96,40,1,2c4ecebc_FUN_2c4ecebc
0x2c4ecf36,FUN_2c4ecf36,10,4,1,2c4ecf36_FUN_2c4ecf36
0x2c4ecf44,FUN_2c4ecf44,12,5,1,2c4ecf44_FUN_2c4ecf44
0x2c4ecf9c,FUN_2c4ecf9c,22,10,1,2c4ecf9c_FUN_2c4ecf9c
0x2c4ecff4,FUN_2c4ecff4,30,13,1,2c4ecff4_FUN_2c4ecff4
0x2c4ed0f4,FUN_2c4ed0f4,392,145,1,2c4ed0f4_FUN_2c4ed0f4
0x2c4ed2ec,FUN_2c4ed2ec,30,11,1,2c4ed2ec_FUN_2c4ed2ec
0x2c4ed31a,FUN_2c4ed31a,30,12,1,2c4ed31a_FUN_2c4ed31a
0x2c4ed33c,FUN_2c4ed33c,46,19,1,2c4ed33c_FUN_2c4ed33c
0x2c4ed378,FUN_2c4ed378,96,40,1,2c4ed378_FUN_2c4ed378
0x2c4ed3f2,FUN_2c4ed3f2,10,4,1,2c4ed3f2_FUN_2c4ed3f2
0x2c4ed400,FUN_2c4ed400,28,13,1,2c4ed400_FUN_2c4ed400
0x2c4ed578,FUN_2c4ed578,6,3,1,2c4ed578_FUN_2c4ed578
0x2c4ed5aa,FUN_2c4ed5aa,10,4,1,2c4ed5aa_FUN_2c4ed5aa
0x2c4ed5b8,FUN_2c4ed5b8,12,5,1,2c4ed5b8_FUN_2c4ed5b8
0x2c4ed5c8,FUN_2c4ed5c8,56,23,1,2c4ed5c8_FUN_2c4ed5c8
0x2c4ed6ec,FUN_2c4ed6ec,40,16,1,2c4ed6ec_FUN_2c4ed6ec
0x2c4ed71c,FUN_2c4ed71c,28,13,1,2c4ed71c_FUN_2c4ed71c
0x2c4ed742,FUN_2c4ed742,10,4,1,2c4ed742_FUN_2c4ed742
0x2c4ed750,FUN_2c4ed750,24,10,1,2c4ed750_FUN_2c4ed750
0x2c4ed78c,FUN_2c4ed78c,22,10,1,2c4ed78c_FUN_2c4ed78c
0x2c4ed7ec,FUN_2c4ed7ec,22,10,1,2c4ed7ec_FUN_2c4ed7ec
0x2c4ed900,FUN_2c4ed900,26,11,1,2c4ed900_FUN_2c4ed900
0x2c4ed958,FUN_2c4ed958,46,20,1,2c4ed958_FUN_2c4ed958
0x2c4ed9e4,FUN_2c4ed9e4,28,12,1,2c4ed9e4_FUN_2c4ed9e4
0x2c4eda80,FUN_2c4eda80,32,14,1,2c4eda80_FUN_2c4eda80
0x2c4edabc,FUN_2c4edabc,28,12,1,2c4edabc_FUN_2c4edabc
0x2c4edb2c,FUN_2c4edb2c,64,27,1,2c4edb2c_FUN_2c4edb2c
0x2c4edbe4,FUN_2c4edbe4,22,9,1,2c4edbe4_FUN_2c4edbe4
0x2c4edc30,FUN_2c4edc30,24,10,1,2c4edc30_FUN_2c4edc30
0x2c4edc68,FUN_2c4edc68,30,12,1,2c4edc68_FUN_2c4edc68
0x2c4edcf8,FUN_2c4edcf8,34,13,1,2c4edcf8_FUN_2c4edcf8
0x2c4edd24,FUN_2c4edd24,32,15,1,2c4edd24_FUN_2c4edd24
0x2c4edd58,FUN_2c4edd58,82,37,1,2c4edd58_FUN_2c4edd58
0x2c4eddca,FUN_2c4eddca,10,4,1,2c4eddca_FUN_2c4eddca
0x2c4edde8,FUN_2c4edde8,24,10,1,2c4edde8_FUN_2c4edde8
0x2c4ede10,FUN_2c4ede10,264,97,1,2c4ede10_FUN_2c4ede10
0x2c4edf3c,FUN_2c4edf3c,22,10,1,2c4edf3c_FUN_2c4edf3c
0x2c4edf94,FUN_2c4edf94,58,25,1,2c4edf94_FUN_2c4edf94
0x2c4ee058,FUN_2c4ee058,58,21,1,2c4ee058_FUN_2c4ee058
0x2c4ee098,FUN_2c4ee098,104,37,1,2c4ee098_FUN_2c4ee098
0x2c4ee104,FUN_2c4ee104,90,33,1,2c4ee104_FUN_2c4ee104
0x2c4ee164,FUN_2c4ee164,92,33,1,2c4ee164_FUN_2c4ee164
0x2c4ee1c4,FUN_2c4ee1c4,94,33,1,2c4ee1c4_FUN_2c4ee1c4
0x2c4ee228,FUN_2c4ee228,192,68,1,2c4ee228_FUN_2c4ee228
0x2c4ee2ec,FUN_2c4ee2ec,134,46,1,2c4ee2ec_FUN_2c4ee2ec
0x2c4ee378,FUN_2c4ee378,18,6,1,2c4ee378_FUN_2c4ee378
0x2c4ee390,FUN_2c4ee390,132,46,1,2c4ee390_FUN_2c4ee390
0x2c4ee418,FUN_2c4ee418,180,63,1,2c4ee418_FUN_2c4ee418
0x2c4ee4d0,FUN_2c4ee4d0,184,64,1,2c4ee4d0_FUN_2c4ee4d0
0x2c4ee58c,FUN_2c4ee58c,362,123,1,2c4ee58c_FUN_2c4ee58c
0x2c4ee860,FUN_2c4ee860,722,246,1,2c4ee860_FUN_2c4ee860
0x2c4eeb78,FUN_2c4eeb78,140,50,1,2c4eeb78_FUN_2c4eeb78
0x2c4eec08,FUN_2c4eec08,140,50,1,2c4eec08_FUN_2c4eec08
0x2c4eec98,FUN_2c4eec98,96,35,1,2c4eec98_FUN_2c4eec98
0x2c4eed04,FUN_2c4eed04,20,6,1,2c4eed04_FUN_2c4eed04
0x2c4eed18,FUN_2c4eed18,18,6,1,2c4eed18_FUN_2c4eed18
0x2c4eed30,FUN_2c4eed30,18,6,1,2c4eed30_FUN_2c4eed30
0x2c4eed48,FUN_2c4eed48,20,6,1,2c4eed48_FUN_2c4eed48
0x2c4eed5c,FUN_2c4eed5c,94,33,1,2c4eed5c_FUN_2c4eed5c
0x2c4eedc0,FUN_2c4eedc0,94,33,1,2c4eedc0_FUN_2c4eedc0
0x2c4eee24,FUN_2c4eee24,62,21,1,2c4eee24_FUN_2c4eee24
0x2c4eee88,FUN_2c4eee88,94,33,1,2c4eee88_FUN_2c4eee88
0x2c4eeeec,FUN_2c4eeeec,124,44,1,2c4eeeec_FUN_2c4eeeec
0x2c4eef6c,FUN_2c4eef6c,124,44,1,2c4eef6c_FUN_2c4eef6c
0x2c4eefec,FUN_2c4eefec,140,50,1,2c4eefec_FUN_2c4eefec
0x2c4ef07c,FUN_2c4ef07c,144,53,1,2c4ef07c_FUN_2c4ef07c
0x2c4ef110,FUN_2c4ef110,786,242,1,2c4ef110_FUN_2c4ef110
0x2c4ef428,FUN_2c4ef428,58,20,1,2c4ef428_FUN_2c4ef428
0x2c4ef538,FUN_2c4ef538,140,51,1,2c4ef538_FUN_2c4ef538
0x2c4ef5c8,FUN_2c4ef5c8,184,63,1,2c4ef5c8_FUN_2c4ef5c8
0x2c4ef688,FUN_2c4ef688,150,50,1,2c4ef688_FUN_2c4ef688
0x2c4ef724,FUN_2c4ef724,180,59,1,2c4ef724_FUN_2c4ef724
0x2c4ef7dc,FUN_2c4ef7dc,180,59,1,2c4ef7dc_FUN_2c4ef7dc
0x2c4ef894,FUN_2c4ef894,180,59,1,2c4ef894_FUN_2c4ef894
0x2c4ef94c,FUN_2c4ef94c,374,137,1,2c4ef94c_FUN_2c4ef94c
0x2c4efacc,FUN_2c4efacc,326,110,1,2c4efacc_FUN_2c4efacc
0x2c4efc40,FUN_2c4efc40,180,59,1,2c4efc40_FUN_2c4efc40
0x2c4efd00,FUN_2c4efd00,90,37,1,2c4efd00_FUN_2c4efd00
0x2c4eff80,FUN_2c4eff80,128,52,1,2c4eff80_FUN_2c4eff80
0x2c4f0008,FUN_2c4f0008,100,38,1,2c4f0008_FUN_2c4f0008
0x2c4f00cc,FUN_2c4f00cc,28,9,1,2c4f00cc_FUN_2c4f00cc
0x2c4f0106,FUN_2c4f0106,20,7,1,2c4f0106_FUN_2c4f0106
0x2c4f0128,FUN_2c4f0128,26,12,1,2c4f0128_FUN_2c4f0128
0x2c4f0142,FUN_2c4f0142,28,11,1,2c4f0142_FUN_2c4f0142
0x2c4f0174,FUN_2c4f0174,608,219,1,2c4f0174_FUN_2c4f0174
0x2c4f03d8,FUN_2c4f03d8,60,20,1,2c4f03d8_FUN_2c4f03d8
0x2c4f047c,FUN_2c4f047c,38,15,1,2c4f047c_FUN_2c4f047c
0x2c4f0598,FUN_2c4f0598,24,10,1,2c4f0598_FUN_2c4f0598
0x2c4f0618,FUN_2c4f0618,178,66,1,2c4f0618_FUN_2c4f0618
0x2c4f06e8,FUN_2c4f06e8,896,351,1,2c4f06e8_FUN_2c4f06e8
0x2c4f0b54,FUN_2c4f0b54,28,12,1,2c4f0b54_FUN_2c4f0b54
0x2c4f0bbc,FUN_2c4f0bbc,26,11,1,2c4f0bbc_FUN_2c4f0bbc
0x2c4f0c8c,FUN_2c4f0c8c,46,18,1,2c4f0c8c_FUN_2c4f0c8c
0x2c4f0cc8,FUN_2c4f0cc8,208,78,1,2c4f0cc8_FUN_2c4f0cc8
0x2c4f0e20,FUN_2c4f0e20,88,33,1,2c4f0e20_FUN_2c4f0e20
0x2c4f0eb4,FUN_2c4f0eb4,360,146,1,2c4f0eb4_FUN_2c4f0eb4
0x2c4f101c,FUN_2c4f101c,46,20,1,2c4f101c_FUN_2c4f101c
0x2c4f1060,FUN_2c4f1060,190,79,1,2c4f1060_FUN_2c4f1060
0x2c4f1120,FUN_2c4f1120,160,66,1,2c4f1120_FUN_2c4f1120
0x2c4f11c4,FUN_2c4f11c4,58,27,1,2c4f11c4_FUN_2c4f11c4
0x2c4f1200,FUN_2c4f1200,152,59,1,2c4f1200_FUN_2c4f1200
0x2c4f1298,FUN_2c4f1298,170,71,1,2c4f1298_FUN_2c4f1298
0x2c4f1344,FUN_2c4f1344,62,27,1,2c4f1344_FUN_2c4f1344
0x2c4f1384,FUN_2c4f1384,264,100,1,2c4f1384_FUN_2c4f1384
0x2c4f148c,FUN_2c4f148c,236,96,1,2c4f148c_FUN_2c4f148c
0x2c4f1588,FUN_2c4f1588,548,206,1,2c4f1588_FUN_2c4f1588
0x2c4f17bc,FUN_2c4f17bc,126,52,1,2c4f17bc_FUN_2c4f17bc
0x2c4f1840,FUN_2c4f1840,200,77,1,2c4f1840_FUN_2c4f1840
0x2c4f190c,FUN_2c4f190c,536,214,1,2c4f190c_FUN_2c4f190c
0x2c4f1b28,FUN_2c4f1b28,1464,539,1,2c4f1b28_FUN_2c4f1b28
0x2c4f20fc,FUN_2c4f20fc,144,54,1,2c4f20fc_FUN_2c4f20fc
0x2c4f219c,FUN_2c4f219c,126,49,1,2c4f219c_FUN_2c4f219c
0x2c4f221c,FUN_2c4f221c,436,165,1,2c4f221c_FUN_2c4f221c
0x2c4f23d8,FUN_2c4f23d8,98,40,1,2c4f23d8_FUN_2c4f23d8
0x2c4f2448,FUN_2c4f2448,408,167,1,2c4f2448_FUN_2c4f2448
0x2c4f25f0,FUN_2c4f25f0,244,94,1,2c4f25f0_FUN_2c4f25f0
0x2c4f26f4,FUN_2c4f26f4,152,64,1,2c4f26f4_FUN_2c4f26f4
0x2c4f278c,FUN_2c4f278c,394,157,1,2c4f278c_FUN_2c4f278c
0x2c4f2930,FUN_2c4f2930,180,73,1,2c4f2930_FUN_2c4f2930
0x2c4f29f8,FUN_2c4f29f8,188,77,1,2c4f29f8_FUN_2c4f29f8
0x2c4f2ab8,FUN_2c4f2ab8,316,129,1,2c4f2ab8_FUN_2c4f2ab8
0x2c4f2bfc,FUN_2c4f2bfc,256,104,1,2c4f2bfc_FUN_2c4f2bfc
0x2c4f2d00,FUN_2c4f2d00,994,371,1,2c4f2d00_FUN_2c4f2d00
0x2c4f30e8,FUN_2c4f30e8,308,123,1,2c4f30e8_FUN_2c4f30e8
0x2c4f3220,FUN_2c4f3220,1508,566,1,2c4f3220_FUN_2c4f3220
0x2c4f384c,FUN_2c4f384c,1064,424,1,2c4f384c_FUN_2c4f384c
0x2c4f3c8c,FUN_2c4f3c8c,84,34,1,2c4f3c8c_FUN_2c4f3c8c
0x2c4f3d9c,FUN_2c4f3d9c,382,150,1,2c4f3d9c_FUN_2c4f3d9c
0x2c4f3f30,FUN_2c4f3f30,688,271,1,2c4f3f30_FUN_2c4f3f30
0x2c4f41fc,FUN_2c4f41fc,162,66,1,2c4f41fc_FUN_2c4f41fc
0x2c4f42a4,FUN_2c4f42a4,224,96,1,2c4f42a4_FUN_2c4f42a4
0x2c4f4398,FUN_2c4f4398,442,169,1,2c4f4398_FUN_2c4f4398
0x2c4f4584,FUN_2c4f4584,46,20,1,2c4f4584_FUN_2c4f4584
0x2c4f45c8,FUN_2c4f45c8,312,126,1,2c4f45c8_FUN_2c4f45c8
0x2c4f4710,FUN_2c4f4710,82,35,1,2c4f4710_FUN_2c4f4710
0x2c4f4780,FUN_2c4f4780,136,60,1,2c4f4780_FUN_2c4f4780
0x2c4f482c,FUN_2c4f482c,84,39,1,2c4f482c_FUN_2c4f482c
0x2c4f4884,FUN_2c4f4884,240,98,1,2c4f4884_FUN_2c4f4884
0x2c4f4998,FUN_2c4f4998,38,18,1,2c4f4998_FUN_2c4f4998
0x2c4f49c0,FUN_2c4f49c0,294,115,1,2c4f49c0_FUN_2c4f49c0
0x2c4f4b08,FUN_2c4f4b08,62,20,1,2c4f4b08_FUN_2c4f4b08
0x2c4f4b4c,FUN_2c4f4b4c,58,20,1,2c4f4b4c_FUN_2c4f4b4c
0x2c4f4b8c,FUN_2c4f4b8c,12,5,1,2c4f4b8c_FUN_2c4f4b8c
0x2c4f4ba4,FUN_2c4f4ba4,2,1,1,2c4f4ba4_FUN_2c4f4ba4
0x2c4f4baa,FUN_2c4f4baa,4,1,1,2c4f4baa_FUN_2c4f4baa
0x2c4f4c24,FUN_2c4f4c24,132,50,1,2c4f4c24_FUN_2c4f4c24
0x2c4f4d38,FUN_2c4f4d38,46,19,1,2c4f4d38_FUN_2c4f4d38
0x2c4f4d78,FUN_2c4f4d78,46,19,1,2c4f4d78_FUN_2c4f4d78
0x2c4f4db8,FUN_2c4f4db8,48,19,1,2c4f4db8_FUN_2c4f4db8
0x2c4f4dfc,FUN_2c4f4dfc,42,17,1,2c4f4dfc_FUN_2c4f4dfc
0x2c4f4e54,FUN_2c4f4e54,6,2,1,2c4f4e54_FUN_2c4f4e54
0x2c4f4e5c,FUN_2c4f4e5c,4,2,1,2c4f4e5c_FUN_2c4f4e5c
0x2c4f4e60,FUN_2c4f4e60,6,2,1,2c4f4e60_FUN_2c4f4e60
0x2c4f4e68,FUN_2c4f4e68,4,2,1,2c4f4e68_FUN_2c4f4e68
0x2c4f4e6c,FUN_2c4f4e6c,210,84,1,2c4f4e6c_FUN_2c4f4e6c
0x2c4f4f78,FUN_2c4f4f78,464,177,1,2c4f4f78_FUN_2c4f4f78
0x2c4f5184,FUN_2c4f5184,86,33,1,2c4f5184_FUN_2c4f5184
0x2c4f51f4,FUN_2c4f51f4,162,62,1,2c4f51f4_FUN_2c4f51f4
0x2c4f5378,FUN_2c4f5378,226,90,1,2c4f5378_FUN_2c4f5378
0x2c4f53e0,FUN_2c4f53e0,224,89,1,2c4f53e0_FUN_2c4f53e0
0x2c4f5500,FUN_2c4f5500,332,131,1,2c4f5500_FUN_2c4f5500
0x2c4f56d8,FUN_2c4f56d8,224,90,1,2c4f56d8_FUN_2c4f56d8
0x2c4f580c,FUN_2c4f580c,16,6,1,2c4f580c_FUN_2c4f580c
0x2c4f5820,FUN_2c4f5820,60,26,1,2c4f5820_FUN_2c4f5820
0x2c4f5870,FUN_2c4f5870,102,44,1,2c4f5870_FUN_2c4f5870
0x2c4f58fc,FUN_2c4f58fc,174,68,1,2c4f58fc_FUN_2c4f58fc
0x2c4f59cc,FUN_2c4f59cc,76,31,1,2c4f59cc_FUN_2c4f59cc
0x2c4f5a2c,FUN_2c4f5a2c,166,60,1,2c4f5a2c_FUN_2c4f5a2c
0x2c4f5af4,FUN_2c4f5af4,170,66,1,2c4f5af4_FUN_2c4f5af4
0x2c4f5bd4,FUN_2c4f5bd4,40,16,1,2c4f5bd4_FUN_2c4f5bd4
0x2c4f5c80,FUN_2c4f5c80,84,36,1,2c4f5c80_FUN_2c4f5c80
0x2c4f5d00,FUN_2c4f5d00,132,56,1,2c4f5d00_FUN_2c4f5d00
0x2c4f5da8,FUN_2c4f5da8,126,48,1,2c4f5da8_FUN_2c4f5da8
0x2c4f5ef0,FUN_2c4f5ef0,160,61,1,2c4f5ef0_FUN_2c4f5ef0
0x2c4f5fc0,FUN_2c4f5fc0,42,17,1,2c4f5fc0_FUN_2c4f5fc0
0x2c4f600c,FUN_2c4f600c,102,44,1,2c4f600c_FUN_2c4f600c
0x2c4f616c,FUN_2c4f616c,36,11,1,2c4f616c_FUN_2c4f616c
0x2c4f623c,FUN_2c4f623c,76,31,1,2c4f623c_FUN_2c4f623c
0x2c4f629c,FUN_2c4f629c,176,65,1,2c4f629c_FUN_2c4f629c
0x2c4f6384,FUN_2c4f6384,40,16,1,2c4f6384_FUN_2c4f6384
0x2c4f63bc,FUN_2c4f63bc,104,36,1,2c4f63bc_FUN_2c4f63bc
0x2c4f6430,FUN_2c4f6430,256,99,1,2c4f6430_FUN_2c4f6430
0x2c4f6498,FUN_2c4f6498,112,46,1,2c4f6498_FUN_2c4f6498
0x2c4f6524,FUN_2c4f6524,126,48,1,2c4f6524_FUN_2c4f6524
0x2c4f667c,FUN_2c4f667c,146,54,1,2c4f667c_FUN_2c4f667c
0x2c4f6728,FUN_2c4f6728,42,17,1,2c4f6728_FUN_2c4f6728
0x2c4f67d8,FUN_2c4f67d8,48,20,1,2c4f67d8_FUN_2c4f67d8
0x2c4f68e2,FUN_2c4f68e2,94,37,1,2c4f68e2_FUN_2c4f68e2
0x2c4f699c,FUN_2c4f699c,130,50,1,2c4f699c_FUN_2c4f699c
0x2c4f6a28,FUN_2c4f6a28,136,50,1,2c4f6a28_FUN_2c4f6a28
0x2c4f6ab8,FUN_2c4f6ab8,198,76,1,2c4f6ab8_FUN_2c4f6ab8
0x2c4f6b88,FUN_2c4f6b88,44,16,1,2c4f6b88_FUN_2c4f6b88
0x2c4f6bb8,FUN_2c4f6bb8,82,33,1,2c4f6bb8_FUN_2c4f6bb8
0x2c4f6cfa,FUN_2c4f6cfa,14,5,1,2c4f6cfa_FUN_2c4f6cfa
0x2c4f6e10,FUN_2c4f6e10,168,63,1,2c4f6e10_FUN_2c4f6e10
0x2c4f6ee4,FUN_2c4f6ee4,244,92,1,2c4f6ee4_FUN_2c4f6ee4
0x2c4f700c,FUN_2c4f700c,74,32,1,2c4f700c_FUN_2c4f700c
0x2c4f7174,FUN_2c4f7174,70,24,1,2c4f7174_FUN_2c4f7174
0x2c4f71d8,FUN_2c4f71d8,62,24,1,2c4f71d8_FUN_2c4f71d8
0x2c4f7230,FUN_2c4f7230,80,32,1,2c4f7230_FUN_2c4f7230
0x2c4f72bc,FUN_2c4f72bc,20,9,1,2c4f72bc_FUN_2c4f72bc
0x2c4f7308,FUN_2c4f7308,184,69,1,2c4f7308_FUN_2c4f7308
0x2c4f73f0,FUN_2c4f73f0,106,38,1,2c4f73f0_FUN_2c4f73f0
0x2c4f7464,FUN_2c4f7464,62,23,1,2c4f7464_FUN_2c4f7464
0x2c4f76ac,FUN_2c4f76ac,28,12,1,2c4f76ac_FUN_2c4f76ac
0x2c4f7724,FUN_2c4f7724,30,13,1,2c4f7724_FUN_2c4f7724
0x2c4f77f0,FUN_2c4f77f0,10,4,1,2c4f77f0_FUN_2c4f77f0
0x2c4f7804,FUN_2c4f7804,378,164,1,2c4f7804_FUN_2c4f7804
0x2c4f79d4,FUN_2c4f79d4,146,60,1,2c4f79d4_FUN_2c4f79d4
0x2c4f7a78,FUN_2c4f7a78,380,149,1,2c4f7a78_FUN_2c4f7a78
0x2c4f7c30,FUN_2c4f7c30,58,26,1,2c4f7c30_FUN_2c4f7c30
0x2c4f7c98,FUN_2c4f7c98,8,3,1,2c4f7c98_FUN_2c4f7c98
0x2c4f7ca8,FUN_2c4f7ca8,8,3,1,2c4f7ca8_FUN_2c4f7ca8
0x2c4f7cb4,FUN_2c4f7cb4,194,72,1,2c4f7cb4_FUN_2c4f7cb4
0x2c4f7e68,FUN_2c4f7e68,434,169,1,2c4f7e68_FUN_2c4f7e68
0x2c4f7fd0,FUN_2c4f7fd0,12,5,1,2c4f7fd0_FUN_2c4f7fd0
0x2c4f7ff8,FUN_2c4f7ff8,20,10,1,2c4f7ff8_FUN_2c4f7ff8
0x2c4f8158,FUN_2c4f8158,12,6,1,2c4f8158_FUN_2c4f8158
0x2c4f81f4,FUN_2c4f81f4,12,6,1,2c4f81f4_FUN_2c4f81f4
0x2c4f8208,FUN_2c4f8208,30,12,1,2c4f8208_FUN_2c4f8208
0x2c4f8268,FUN_2c4f8268,8,4,1,2c4f8268_FUN_2c4f8268
0x2c4f8278,FUN_2c4f8278,26,10,1,2c4f8278_FUN_2c4f8278
0x2c4f82c8,FUN_2c4f82c8,40,17,1,2c4f82c8_FUN_2c4f82c8
0x2c4f83ec,FUN_2c4f83ec,60,28,1,2c4f83ec_FUN_2c4f83ec
0x2c4f843c,FUN_2c4f843c,136,53,1,2c4f843c_FUN_2c4f843c
0x2c4f85d0,FUN_2c4f85d0,12,6,1,2c4f85d0_FUN_2c4f85d0
0x2c4f860c,FUN_2c4f860c,36,15,1,2c4f860c_FUN_2c4f860c
0x2c4f866a,FUN_2c4f866a,22,8,1,2c4f866a_FUN_2c4f866a
0x2c4f86ac,FUN_2c4f86ac,4,2,1,2c4f86ac_FUN_2c4f86ac
0x2c4f86b4,FUN_2c4f86b4,74,27,1,2c4f86b4_FUN_2c4f86b4
0x2c4f872c,FUN_2c4f872c,4,2,1,2c4f872c_FUN_2c4f872c
0x2c4f8730,FUN_2c4f8730,6,3,1,2c4f8730_FUN_2c4f8730
0x2c4f8760,FUN_2c4f8760,30,12,1,2c4f8760_FUN_2c4f8760
0x2c4f87b8,FUN_2c4f87b8,6,3,1,2c4f87b8_FUN_2c4f87b8
0x2c4f87d4,FUN_2c4f87d4,42,19,1,2c4f87d4_FUN_2c4f87d4
0x2c4f881c,FUN_2c4f881c,16,8,1,2c4f881c_FUN_2c4f881c
0x2c4f8848,FUN_2c4f8848,100,37,1,2c4f8848_FUN_2c4f8848
0x2c4f88a8,FUN_2c4f88a8,130,50,1,2c4f88a8_FUN_2c4f88a8
0x2c4f895c,FUN_2c4f895c,92,38,1,2c4f895c_FUN_2c4f895c
0x2c4f89d8,FUN_2c4f89d8,104,40,1,2c4f89d8_FUN_2c4f89d8
0x2c4f8a4c,FUN_2c4f8a4c,180,68,1,2c4f8a4c_FUN_2c4f8a4c
0x2c4f8bc8,FUN_2c4f8bc8,124,52,1,2c4f8bc8_FUN_2c4f8bc8
0x2c4f8c80,FUN_2c4f8c80,34,14,1,2c4f8c80_FUN_2c4f8c80
0x2c4f8cd8,FUN_2c4f8cd8,88,33,1,2c4f8cd8_FUN_2c4f8cd8
0x2c4f8d34,FUN_2c4f8d34,60,24,1,2c4f8d34_FUN_2c4f8d34
0x2c4f8d74,FUN_2c4f8d74,114,45,1,2c4f8d74_FUN_2c4f8d74
0x2c4f8f34,FUN_2c4f8f34,10,4,1,2c4f8f34_FUN_2c4f8f34
0x2c4f8f44,FUN_2c4f8f44,46,20,1,2c4f8f44_FUN_2c4f8f44
0x2c4f9004,FUN_2c4f9004,10,4,1,2c4f9004_FUN_2c4f9004
0x2c4f9014,FUN_2c4f9014,40,17,1,2c4f9014_FUN_2c4f9014
0x2c4f90d4,FUN_2c4f90d4,10,4,1,2c4f90d4_FUN_2c4f90d4
0x2c4f90f0,FUN_2c4f90f0,68,25,1,2c4f90f0_FUN_2c4f90f0
0x2c4f9138,FUN_2c4f9138,100,39,1,2c4f9138_FUN_2c4f9138
0x2c4f91ac,FUN_2c4f91ac,88,36,1,2c4f91ac_FUN_2c4f91ac
0x2c4f9224,FUN_2c4f9224,60,26,1,2c4f9224_FUN_2c4f9224
0x2c4f9430,FUN_2c4f9430,6,3,1,2c4f9430_FUN_2c4f9430
0x2c4f9450,FUN_2c4f9450,30,13,1,2c4f9450_FUN_2c4f9450
0x2c4f94ac,FUN_2c4f94ac,30,13,1,2c4f94ac_FUN_2c4f94ac
0x2c4f94ec,FUN_2c4f94ec,176,63,1,2c4f94ec_FUN_2c4f94ec
0x2c4f959c,FUN_2c4f959c,228,69,1,2c4f959c_FUN_2c4f959c
0x2c4f9684,FUN_2c4f9684,60,26,1,2c4f9684_FUN_2c4f9684
0x2c4f96c0,FUN_2c4f96c0,662,256,1,2c4f96c0_FUN_2c4f96c0
0x2c4f9958,FUN_2c4f9958,130,50,1,2c4f9958_FUN_2c4f9958
0x2c4f99e4,FUN_2c4f99e4,74,28,1,2c4f99e4_FUN_2c4f99e4
0x2c4f9a6c,FUN_2c4f9a6c,54,21,1,2c4f9a6c_FUN_2c4f9a6c
0x2c4f9aa8,FUN_2c4f9aa8,36,17,1,2c4f9aa8_FUN_2c4f9aa8
0x2c4f9ad8,FUN_2c4f9ad8,1124,435,1,2c4f9ad8_FUN_2c4f9ad8
0x2c4fa030,FUN_2c4fa030,290,125,1,2c4fa030_FUN_2c4fa030
0x2c4fa1cc,FUN_2c4fa1cc,8,3,1,2c4fa1cc_FUN_2c4fa1cc
0x2c4fa1d8,FUN_2c4fa1d8,150,56,1,2c4fa1d8_FUN_2c4fa1d8
0x2c4fa608,FUN_2c4fa608,34,14,1,2c4fa608_FUN_2c4fa608
0x2c4fa6d0,FUN_2c4fa6d0,6,3,1,2c4fa6d0_FUN_2c4fa6d0
0x2c4fa6dc,FUN_2c4fa6dc,30,12,1,2c4fa6dc_FUN_2c4fa6dc
0x2c4fa73c,FUN_2c4fa73c,808,301,1,2c4fa73c_FUN_2c4fa73c
0x2c4fab44,FUN_2c4fab44,6,3,1,2c4fab44_FUN_2c4fab44
0x2c4fab58,FUN_2c4fab58,26,10,1,2c4fab58_FUN_2c4fab58
0x2c4fab98,FUN_2c4fab98,86,34,1,2c4fab98_FUN_2c4fab98
0x2c4fac88,FUN_2c4fac88,6,2,1,2c4fac88_FUN_2c4fac88
0x2c4faf18,FUN_2c4faf18,30,12,1,2c4faf18_FUN_2c4faf18
0x2c4faf60,FUN_2c4faf60,40,14,1,2c4faf60_FUN_2c4faf60
0x2c4faf9e,FUN_2c4faf9e,6,2,1,2c4faf9e_FUN_2c4faf9e
0x2c4fb1c8,FUN_2c4fb1c8,234,89,1,2c4fb1c8_FUN_2c4fb1c8
0x2c4fb2e0,FUN_2c4fb2e0,156,66,1,2c4fb2e0_FUN_2c4fb2e0
0x2c4fb39c,FUN_2c4fb39c,50,22,1,2c4fb39c_FUN_2c4fb39c
0x2c4fb534,FUN_2c4fb534,24,10,1,2c4fb534_FUN_2c4fb534
0x2c4fb560,FUN_2c4fb560,16,7,1,2c4fb560_FUN_2c4fb560
0x2c4fb574,FUN_2c4fb574,28,12,1,2c4fb574_FUN_2c4fb574
0x2c4fb5c0,FUN_2c4fb5c0,28,12,1,2c4fb5c0_FUN_2c4fb5c0
0x2c4fb630,FUN_2c4fb630,28,12,1,2c4fb630_FUN_2c4fb630
0x2c4fb73c,FUN_2c4fb73c,6,3,1,2c4fb73c_FUN_2c4fb73c
0x2c4fb748,FUN_2c4fb748,40,17,1,2c4fb748_FUN_2c4fb748
0x2c4fb778,FUN_2c4fb778,12,6,1,2c4fb778_FUN_2c4fb778
0x2c4fb784,FUN_2c4fb784,54,24,1,2c4fb784_FUN_2c4fb784
0x2c4fb7cc,FUN_2c4fb7cc,94,39,1,2c4fb7cc_FUN_2c4fb7cc
0x2c4fb894,FUN_2c4fb894,204,76,1,2c4fb894_FUN_2c4fb894
0x2c4fb910,FUN_2c4fb910,26,11,1,2c4fb910_FUN_2c4fb910
0x2c4fbbdc,FUN_2c4fbbdc,30,12,1,2c4fbbdc_FUN_2c4fbbdc
0x2c4fbce4,FUN_2c4fbce4,62,25,1,2c4fbce4_FUN_2c4fbce4
0x2c4fbd30,FUN_2c4fbd30,62,25,1,2c4fbd30_FUN_2c4fbd30
0x2c4fbf24,FUN_2c4fbf24,24,10,1,2c4fbf24_FUN_2c4fbf24
0x2c4fbf7e,FUN_2c4fbf7e,108,41,1,2c4fbf7e_FUN_2c4fbf7e
0x2c4fc002,FUN_2c4fc002,30,12,1,2c4fc002_FUN_2c4fc002
0x2c4fc02c,FUN_2c4fc02c,4,2,1,2c4fc02c_FUN_2c4fc02c
0x2c4fc030,FUN_2c4fc030,4,2,1,2c4fc030_FUN_2c4fc030
0x2c4fc034,FUN_2c4fc034,1512,574,1,2c4fc034_FUN_2c4fc034
0x2c4fc750,FUN_2c4fc750,172,60,1,2c4fc750_FUN_2c4fc750
0x2c4fc7fc,FUN_2c4fc7fc,114,45,1,2c4fc7fc_FUN_2c4fc7fc
0x2c4fc870,FUN_2c4fc870,30,12,1,2c4fc870_FUN_2c4fc870
0x2c4fc8a8,FUN_2c4fc8a8,146,58,1,2c4fc8a8_FUN_2c4fc8a8
0x2c4fc948,FUN_2c4fc948,52,22,1,2c4fc948_FUN_2c4fc948
0x2c4fcb9c,FUN_2c4fcb9c,44,17,1,2c4fcb9c_FUN_2c4fcb9c
0x2c4fcc2c,FUN_2c4fcc2c,40,16,1,2c4fcc2c_FUN_2c4fcc2c
0x2c4fccb8,FUN_2c4fccb8,98,41,1,2c4fccb8_FUN_2c4fccb8
0x2c4fcdd4,FUN_2c4fcdd4,36,15,1,2c4fcdd4_FUN_2c4fcdd4
0x2c4fcdf8,FUN_2c4fcdf8,84,34,1,2c4fcdf8_FUN_2c4fcdf8
0x2c4fcea0,FUN_2c4fcea0,36,14,1,2c4fcea0_FUN_2c4fcea0
0x2c4fcf0c,FUN_2c4fcf0c,36,14,1,2c4fcf0c_FUN_2c4fcf0c
0x2c4fcf68,FUN_2c4fcf68,36,14,1,2c4fcf68_FUN_2c4fcf68
0x2c4fcfc4,FUN_2c4fcfc4,40,16,1,2c4fcfc4_FUN_2c4fcfc4
0x2c4fd034,FUN_2c4fd034,36,14,1,2c4fd034_FUN_2c4fd034
0x2c4fd090,FUN_2c4fd090,126,49,1,2c4fd090_FUN_2c4fd090
0x2c4fd166,FUN_2c4fd166,208,88,1,2c4fd166_FUN_2c4fd166
0x2c4fd2b0,FUN_2c4fd2b0,88,34,1,2c4fd2b0_FUN_2c4fd2b0
0x2c4fd30c,FUN_2c4fd30c,44,17,1,2c4fd30c_FUN_2c4fd30c
0x2c4fd344,FUN_2c4fd344,82,35,1,2c4fd344_FUN_2c4fd344
0x2c4fd448,FUN_2c4fd448,22,9,1,2c4fd448_FUN_2c4fd448
0x2c4fd464,FUN_2c4fd464,36,14,1,2c4fd464_FUN_2c4fd464
0x2c4fd554,FUN_2c4fd554,4,2,1,2c4fd554_FUN_2c4fd554
0x2c4fd558,FUN_2c4fd558,124,49,1,2c4fd558_FUN_2c4fd558
0x2c4fd5e4,FUN_2c4fd5e4,18,6,1,2c4fd5e4_FUN_2c4fd5e4
0x2c4fd60c,FUN_2c4fd60c,18,6,1,2c4fd60c_FUN_2c4fd60c
0x2c4fd644,FUN_2c4fd644,56,21,1,2c4fd644_FUN_2c4fd644
0x2c4fd684,FUN_2c4fd684,10,4,1,2c4fd684_FUN_2c4fd684
0x2c4fd690,FUN_2c4fd690,54,22,1,2c4fd690_FUN_2c4fd690
0x2c4fd6cc,FUN_2c4fd6cc,60,24,1,2c4fd6cc_FUN_2c4fd6cc
0x2c4fd70c,FUN_2c4fd70c,342,119,1,2c4fd70c_FUN_2c4fd70c
0x2c4fd928,FUN_2c4fd928,136,52,1,2c4fd928_FUN_2c4fd928
0x2c4fd9cc,FUN_2c4fd9cc,604,223,1,2c4fd9cc_FUN_2c4fd9cc
0x2c4fdc30,FUN_2c4fdc30,256,99,1,2c4fdc30_FUN_2c4fdc30
0x2c4fdd88,FUN_2c4fdd88,12,5,1,2c4fdd88_FUN_2c4fdd88
0x2c4fdd98,FUN_2c4fdd98,20,9,1,2c4fdd98_FUN_2c4fdd98
0x2c4fddbc,FUN_2c4fddbc,20,9,1,2c4fddbc_FUN_2c4fddbc
0x2c4fdde0,FUN_2c4fdde0,20,9,1,2c4fdde0_FUN_2c4fdde0
0x2c4fde04,FUN_2c4fde04,20,9,1,2c4fde04_FUN_2c4fde04
0x2c4fde28,FUN_2c4fde28,20,9,1,2c4fde28_FUN_2c4fde28
0x2c4fde4c,FUN_2c4fde4c,22,10,1,2c4fde4c_FUN_2c4fde4c
0x2c4fde9c,FUN_2c4fde9c,20,9,1,2c4fde9c_FUN_2c4fde9c
0x2c4fdec0,FUN_2c4fdec0,22,10,1,2c4fdec0_FUN_2c4fdec0
0x2c4fdf0c,FUN_2c4fdf0c,20,9,1,2c4fdf0c_FUN_2c4fdf0c
0x2c4fdf64,FUN_2c4fdf64,66,26,1,2c4fdf64_FUN_2c4fdf64
0x2c4fe020,FUN_2c4fe020,22,10,1,2c4fe020_FUN_2c4fe020
0x2c4fe050,FUN_2c4fe050,22,10,1,2c4fe050_FUN_2c4fe050
0x2c4fe0c4,FUN_2c4fe0c4,24,10,1,2c4fe0c4_FUN_2c4fe0c4
0x2c4fe108,FUN_2c4fe108,14,6,1,2c4fe108_FUN_2c4fe108
0x2c4fe118,FUN_2c4fe118,36,13,1,2c4fe118_FUN_2c4fe118
0x2c4fe140,FUN_2c4fe140,50,19,1,2c4fe140_FUN_2c4fe140
0x2c4fe158,FUN_2c4fe158,184,68,1,2c4fe158_FUN_2c4fe158
0x2c4fe168,FUN_2c4fe168,24,11,1,2c4fe168_FUN_2c4fe168
0x2c4fe1a6,FUN_2c4fe1a6,26,8,1,2c4fe1a6_FUN_2c4fe1a6
0x2c4fe1dc,FUN_2c4fe1dc,458,164,1,2c4fe1dc_FUN_2c4fe1dc
0x2c4fe23c,FUN_2c4fe23c,24,11,1,2c4fe23c_FUN_2c4fe23c
0x2c4fe26c,FUN_2c4fe26c,98,40,1,2c4fe26c_FUN_2c4fe26c
0x2c4fe2d8,FUN_2c4fe2d8,88,36,1,2c4fe2d8_FUN_2c4fe2d8
0x2c4fe33c,FUN_2c4fe33c,86,39,1,2c4fe33c_FUN_2c4fe33c
0x2c4fe394,FUN_2c4fe394,58,22,1,2c4fe394_FUN_2c4fe394
0x2c4fe3e8,FUN_2c4fe3e8,72,27,1,2c4fe3e8_FUN_2c4fe3e8
0x2c4fe430,FUN_2c4fe430,754,268,1,2c4fe430_FUN_2c4fe430
0x2c4fe758,FUN_2c4fe758,88,36,1,2c4fe758_FUN_2c4fe758
0x2c4fe7c8,FUN_2c4fe7c8,152,43,1,2c4fe7c8_FUN_2c4fe7c8
0x2c4fe870,FUN_2c4fe870,166,68,1,2c4fe870_FUN_2c4fe870
0x2c4fe930,FUN_2c4fe930,200,85,1,2c4fe930_FUN_2c4fe930
0x2c4fea1c,FUN_2c4fea1c,616,238,1,2c4fea1c_FUN_2c4fea1c
0x2c4fec8c,FUN_2c4fec8c,64,26,1,2c4fec8c_FUN_2c4fec8c
0x2c4fecec,FUN_2c4fecec,72,30,1,2c4fecec_FUN_2c4fecec
0x2c4feda4,FUN_2c4feda4,132,45,1,2c4feda4_FUN_2c4feda4
0x2c4fee2c,FUN_2c4fee2c,372,149,1,2c4fee2c_FUN_2c4fee2c
0x2c4fefa4,FUN_2c4fefa4,48,20,1,2c4fefa4_FUN_2c4fefa4
0x2c4fefe4,FUN_2c4fefe4,4,2,1,2c4fefe4_FUN_2c4fefe4
0x2c4fefe8,FUN_2c4fefe8,94,43,1,2c4fefe8_FUN_2c4fefe8
0x2c4ff052,FUN_2c4ff052,100,36,1,2c4ff052_FUN_2c4ff052
0x2c4ff0d6,FUN_2c4ff0d6,110,41,1,2c4ff0d6_FUN_2c4ff0d6
0x2c4ff14c,FUN_2c4ff14c,202,82,1,2c4ff14c_FUN_2c4ff14c
0x2c4ff234,FUN_2c4ff234,1238,471,1,2c4ff234_FUN_2c4ff234
0x2c4ff740,FUN_2c4ff740,28,11,1,2c4ff740_FUN_2c4ff740
0x2c4ff790,FUN_2c4ff790,188,65,1,2c4ff790_FUN_2c4ff790
0x2c4ff876,FUN_2c4ff876,26,10,1,2c4ff876_FUN_2c4ff876
0x2c4ff8bc,FUN_2c4ff8bc,222,81,1,2c4ff8bc_FUN_2c4ff8bc
0x2c4ffa18,FUN_2c4ffa18,26,11,1,2c4ffa18_FUN_2c4ffa18
0x2c4ffa74,FUN_2c4ffa74,28,11,1,2c4ffa74_FUN_2c4ffa74
0x2c4ffd4c,FUN_2c4ffd4c,26,11,1,2c4ffd4c_FUN_2c4ffd4c
0x2c4ffd94,FUN_2c4ffd94,26,11,1,2c4ffd94_FUN_2c4ffd94
0x2c4ffe28,FUN_2c4ffe28,28,11,1,2c4ffe28_FUN_2c4ffe28
0x2c4fffac,FUN_2c4fffac,28,11,1,2c4fffac_FUN_2c4fffac
0x2c5000a0,FUN_2c5000a0,26,11,1,2c5000a0_FUN_2c5000a0
0x2c500130,FUN_2c500130,30,12,1,2c500130_FUN_2c500130
0x2c500278,FUN_2c500278,30,13,1,2c500278_FUN_2c500278
0x2c5003a8,FUN_2c5003a8,54,18,1,2c5003a8_FUN_2c5003a8
0x2c500430,FUN_2c500430,156,59,1,2c500430_FUN_2c500430
0x2c500840,FUN_2c500840,16,5,1,2c500840_FUN_2c500840
0x2c500bcc,FUN_2c500bcc,142,52,1,2c500bcc_FUN_2c500bcc
0x2c501634,FUN_2c501634,26,10,1,2c501634_FUN_2c501634
0x2c50164c,FUN_2c50164c,26,11,1,2c50164c_FUN_2c50164c
0x2c5016dc,FUN_2c5016dc,16,7,1,2c5016dc_FUN_2c5016dc
0x2c5017b8,FUN_2c5017b8,14,6,1,2c5017b8_FUN_2c5017b8
0x2c5017e2,FUN_2c5017e2,26,11,1,2c5017e2_FUN_2c5017e2
0x2c501802,FUN_2c501802,98,41,1,2c501802_FUN_2c501802
0x2c5018d0,FUN_2c5018d0,70,27,1,2c5018d0_FUN_2c5018d0
0x2c501924,FUN_2c501924,14,6,1,2c501924_FUN_2c501924
0x2c501938,FUN_2c501938,22,7,1,2c501938_FUN_2c501938
0x2c50195e,FUN_2c50195e,22,9,1,2c50195e_FUN_2c50195e
0x2c501986,FUN_2c501986,22,9,1,2c501986_FUN_2c501986
0x2c501aa0,FUN_2c501aa0,14,6,1,2c501aa0_FUN_2c501aa0
0x2c501ac0,FUN_2c501ac0,24,7,1,2c501ac0_FUN_2c501ac0
0x2c501ae8,FUN_2c501ae8,24,7,1,2c501ae8_FUN_2c501ae8
0x2c501b0c,FUN_2c501b0c,46,16,1,2c501b0c_FUN_2c501b0c
0x2c501b48,FUN_2c501b48,46,16,1,2c501b48_FUN_2c501b48
0x2c501b88,FUN_2c501b88,90,32,1,2c501b88_FUN_2c501b88
0x2c501bf8,FUN_2c501bf8,38,15,1,2c501bf8_FUN_2c501bf8
0x2c501c24,FUN_2c501c24,58,21,1,2c501c24_FUN_2c501c24
0x2c501e54,FUN_2c501e54,102,33,1,2c501e54_FUN_2c501e54
0x2c501ec8,FUN_2c501ec8,44,19,1,2c501ec8_FUN_2c501ec8
0x2c501f8c,FUN_2c501f8c,32,13,1,2c501f8c_FUN_2c501f8c
0x2c502044,FUN_2c502044,28,11,1,2c502044_FUN_2c502044
0x2c50216c,FUN_2c50216c,26,11,1,2c50216c_FUN_2c50216c
0x2c502230,FUN_2c502230,64,22,1,2c502230_FUN_2c502230
0x2c502274,FUN_2c502274,40,14,1,2c502274_FUN_2c502274
0x2c5022c4,FUN_2c5022c4,58,21,1,2c5022c4_FUN_2c5022c4
0x2c502300,FUN_2c502300,60,22,1,2c502300_FUN_2c502300
0x2c50233c,FUN_2c50233c,102,39,1,2c50233c_FUN_2c50233c
0x2c5025bc,FUN_2c5025bc,28,11,1,2c5025bc_FUN_2c5025bc
0x2c502710,FUN_2c502710,28,11,1,2c502710_FUN_2c502710
0x2c502e34,FUN_2c502e34,52,20,1,2c502e34_FUN_2c502e34
0x2c5032f0,FUN_2c5032f0,66,24,1,2c5032f0_FUN_2c5032f0
0x2c503334,FUN_2c503334,28,11,1,2c503334_FUN_2c503334
0x2c5034c0,FUN_2c5034c0,30,12,1,2c5034c0_FUN_2c5034c0
0x2c5037fc,FUN_2c5037fc,226,77,1,2c5037fc_FUN_2c5037fc
0x2c503904,FUN_2c503904,14,6,1,2c503904_FUN_2c503904
0x2c503914,FUN_2c503914,36,13,1,2c503914_FUN_2c503914
0x2c50393c,FUN_2c50393c,110,41,1,2c50393c_FUN_2c50393c
0x2c5039aa,FUN_2c5039aa,36,14,1,2c5039aa_FUN_2c5039aa
0x2c5039b8,FUN_2c5039b8,56,24,1,2c5039b8_FUN_2c5039b8
0x2c503a18,FUN_2c503a18,94,43,1,2c503a18_FUN_2c503a18
0x2c503a80,FUN_2c503a80,116,52,1,2c503a80_FUN_2c503a80
0x2c503b16,FUN_2c503b16,32,13,1,2c503b16_FUN_2c503b16
0x2c503b4c,FUN_2c503b4c,14,6,1,2c503b4c_FUN_2c503b4c
0x2c503b5c,FUN_2c503b5c,22,10,1,2c503b5c_FUN_2c503b5c
0x2c503bac,FUN_2c503bac,22,10,1,2c503bac_FUN_2c503bac
0x2c503bfc,FUN_2c503bfc,22,10,1,2c503bfc_FUN_2c503bfc
0x2c503c4c,FUN_2c503c4c,22,10,1,2c503c4c_FUN_2c503c4c
0x2c503c9c,FUN_2c503c9c,22,10,1,2c503c9c_FUN_2c503c9c
0x2c503cec,FUN_2c503cec,22,10,1,2c503cec_FUN_2c503cec
0x2c503d3c,FUN_2c503d3c,22,10,1,2c503d3c_FUN_2c503d3c
0x2c503d8c,FUN_2c503d8c,22,10,1,2c503d8c_FUN_2c503d8c
0x2c503ddc,FUN_2c503ddc,22,10,1,2c503ddc_FUN_2c503ddc
0x2c503e2c,FUN_2c503e2c,22,10,1,2c503e2c_FUN_2c503e2c
0x2c503e7c,FUN_2c503e7c,24,11,1,2c503e7c_FUN_2c503e7c
0x2c503ed8,FUN_2c503ed8,4,2,1,2c503ed8_FUN_2c503ed8
0x2c503f24,FUN_2c503f24,50,23,1,2c503f24_FUN_2c503f24
0x2c504088,FUN_2c504088,6,3,1,2c504088_FUN_2c504088
0x2c5040e4,FUN_2c5040e4,12,5,1,2c5040e4_FUN_2c5040e4
0x2c504150,FUN_2c504150,58,29,1,2c504150_FUN_2c504150
0x2c504194,FUN_2c504194,28,14,1,2c504194_FUN_2c504194
0x2c5041cc,FUN_2c5041cc,42,20,1,2c5041cc_FUN_2c5041cc
0x2c504298,FUN_2c504298,30,12,1,2c504298_FUN_2c504298
0x2c5042c0,FUN_2c5042c0,62,30,1,2c5042c0_FUN_2c5042c0
0x2c504340,FUN_2c504340,146,69,1,2c504340_FUN_2c504340
0x2c5043e0,FUN_2c5043e0,18,7,1,2c5043e0_FUN_2c5043e0
0x2c5044bc,FUN_2c5044bc,16,5,1,2c5044bc_FUN_2c5044bc
0x2c5044cc,FUN_2c5044cc,20,8,1,2c5044cc_FUN_2c5044cc
0x2c5046ba,launcher_theme_init,296,110,1,2c5046ba_launcher_theme_init
0x2c5047e8,FUN_2c5047e8,106,40,1,2c5047e8_FUN_2c5047e8
0x2c50487c,FUN_2c50487c,70,30,1,2c50487c_FUN_2c50487c
0x2c5048c4,FUN_2c5048c4,26,11,1,2c5048c4_FUN_2c5048c4
0x2c5048e0,FUN_2c5048e0,76,31,1,2c5048e0_FUN_2c5048e0
0x2c504930,FUN_2c504930,94,38,1,2c504930_FUN_2c504930
0x2c504998,FUN_2c504998,6,3,1,2c504998_FUN_2c504998
0x2c504a0c,FUN_2c504a0c,26,9,1,2c504a0c_FUN_2c504a0c
0x2c504a28,FUN_2c504a28,26,9,1,2c504a28_FUN_2c504a28
0x2c504a44,FUN_2c504a44,98,38,1,2c504a44_FUN_2c504a44
0x2c504aac,FUN_2c504aac,28,11,1,2c504aac_FUN_2c504aac
0x2c504acc,FUN_2c504acc,34,13,1,2c504acc_FUN_2c504acc
0x2c504af0,FUN_2c504af0,30,11,1,2c504af0_FUN_2c504af0
0x2c504b10,FUN_2c504b10,56,20,1,2c504b10_FUN_2c504b10
0x2c504b54,FUN_2c504b54,4,2,1,2c504b54_FUN_2c504b54
0x2c504b5c,FUN_2c504b5c,62,24,1,2c504b5c_FUN_2c504b5c
0x2c504b9c,FUN_2c504b9c,48,22,1,2c504b9c_FUN_2c504b9c
0x2c504bcc,FUN_2c504bcc,190,73,1,2c504bcc_FUN_2c504bcc
0x2c504c98,FUN_2c504c98,64,29,1,2c504c98_FUN_2c504c98
0x2c504ce4,FUN_2c504ce4,18,7,1,2c504ce4_FUN_2c504ce4
0x2c504d00,FUN_2c504d00,24,9,1,2c504d00_FUN_2c504d00
0x2c504d1c,FUN_2c504d1c,220,85,1,2c504d1c_FUN_2c504d1c
0x2c504e0c,FUN_2c504e0c,24,9,1,2c504e0c_FUN_2c504e0c
0x2c504e24,FUN_2c504e24,186,73,1,2c504e24_FUN_2c504e24
0x2c504e4c,FUN_2c504e4c,36,14,1,2c504e4c_FUN_2c504e4c
0x2c504e70,FUN_2c504e70,40,15,1,2c504e70_FUN_2c504e70
0x2c504e98,FUN_2c504e98,28,12,1,2c504e98_FUN_2c504e98
0x2c504ed4,FUN_2c504ed4,60,24,1,2c504ed4_FUN_2c504ed4
0x2c505088,FUN_2c505088,146,48,1,2c505088_FUN_2c505088
0x2c505120,FUN_2c505120,18,7,1,2c505120_FUN_2c505120
0x2c505134,FUN_2c505134,40,16,1,2c505134_FUN_2c505134
0x2c505168,FUN_2c505168,140,48,1,2c505168_FUN_2c505168
0x2c5051f8,FUN_2c5051f8,28,11,1,2c5051f8_FUN_2c5051f8
0x2c505214,FUN_2c505214,30,12,1,2c505214_FUN_2c505214
0x2c505254,FUN_2c505254,1082,418,1,2c505254_FUN_2c505254
0x2c5056b4,theme_style_radius12_a,202,71,1,2c5056b4_theme_style_radius12_a
0x2c5057b0,FUN_2c5057b0,196,74,1,2c5057b0_FUN_2c5057b0
0x2c5059f0,FUN_2c5059f0,154,56,1,2c5059f0_FUN_2c5059f0
0x2c505a8c,FUN_2c505a8c,528,200,1,2c505a8c_FUN_2c505a8c
0x2c505b30,FUN_2c505b30,30,12,1,2c505b30_FUN_2c505b30
0x2c505c90,FUN_2c505c90,198,76,1,2c505c90_FUN_2c505c90
0x2c505d60,FUN_2c505d60,240,91,1,2c505d60_FUN_2c505d60
0x2c505e5c,FUN_2c505e5c,16,7,1,2c505e5c_FUN_2c505e5c
0x2c505e72,FUN_2c505e72,20,8,1,2c505e72_FUN_2c505e72
0x2c505e8c,FUN_2c505e8c,234,89,1,2c505e8c_FUN_2c505e8c
0x2c505f8c,FUN_2c505f8c,90,34,1,2c505f8c_FUN_2c505f8c
0x2c505fec,FUN_2c505fec,680,257,1,2c505fec_FUN_2c505fec
0x2c5062b4,FUN_2c5062b4,56,22,1,2c5062b4_FUN_2c5062b4
0x2c5062ec,FUN_2c5062ec,22,10,1,2c5062ec_FUN_2c5062ec
0x2c506330,FUN_2c506330,28,11,1,2c506330_FUN_2c506330
0x2c506368,FUN_2c506368,72,28,1,2c506368_FUN_2c506368
0x2c5063b0,FUN_2c5063b0,72,28,1,2c5063b0_FUN_2c5063b0
0x2c5063f8,FUN_2c5063f8,30,13,1,2c5063f8_FUN_2c5063f8
0x2c5064a4,FUN_2c5064a4,24,11,1,2c5064a4_FUN_2c5064a4
0x2c50652c,FUN_2c50652c,20,8,1,2c50652c_FUN_2c50652c
0x2c506544,FUN_2c506544,28,10,1,2c506544_FUN_2c506544
0x2c506590,FUN_2c506590,34,14,1,2c506590_FUN_2c506590
0x2c50664a,FUN_2c50664a,30,12,1,2c50664a_FUN_2c50664a
0x2c506688,FUN_2c506688,40,16,1,2c506688_FUN_2c506688
0x2c50671c,FUN_2c50671c,130,50,1,2c50671c_FUN_2c50671c
0x2c5067f4,FUN_2c5067f4,36,17,1,2c5067f4_FUN_2c5067f4
0x2c50681c,FUN_2c50681c,42,15,1,2c50681c_FUN_2c50681c
0x2c5068ac,FUN_2c5068ac,2,1,1,2c5068ac_FUN_2c5068ac
0x2c5068c8,FUN_2c5068c8,16,7,1,2c5068c8_FUN_2c5068c8
0x2c5068de,FUN_2c5068de,20,8,1,2c5068de_FUN_2c5068de
0x2c5068f8,FUN_2c5068f8,1778,675,1,2c5068f8_FUN_2c5068f8
0x2c50703c,FUN_2c50703c,50,19,1,2c50703c_FUN_2c50703c
0x2c507070,FUN_2c507070,24,10,1,2c507070_FUN_2c507070
0x2c5070d4,FUN_2c5070d4,24,10,1,2c5070d4_FUN_2c5070d4
0x2c507138,FUN_2c507138,26,11,1,2c507138_FUN_2c507138
0x2c50716c,FUN_2c50716c,78,29,1,2c50716c_FUN_2c50716c
0x2c5071c0,FUN_2c5071c0,48,19,1,2c5071c0_FUN_2c5071c0
0x2c5071f0,FUN_2c5071f0,32,13,1,2c5071f0_FUN_2c5071f0
0x2c507268,FUN_2c507268,34,13,1,2c507268_FUN_2c507268
0x2c507350,FUN_2c507350,24,10,1,2c507350_FUN_2c507350
0x2c5073c8,FUN_2c5073c8,20,8,1,2c5073c8_FUN_2c5073c8
0x2c5073e0,FUN_2c5073e0,28,10,1,2c5073e0_FUN_2c5073e0
0x2c507400,FUN_2c507400,26,11,1,2c507400_FUN_2c507400
0x2c507484,FUN_2c507484,88,34,1,2c507484_FUN_2c507484
0x2c5074dc,FUN_2c5074dc,86,33,1,2c5074dc_FUN_2c5074dc
0x2c507534,FUN_2c507534,458,169,1,2c507534_FUN_2c507534
0x2c507760,FUN_2c507760,30,12,1,2c507760_FUN_2c507760
0x2c507a08,FUN_2c507a08,24,10,1,2c507a08_FUN_2c507a08
0x2c507aca,FUN_2c507aca,154,51,1,2c507aca_FUN_2c507aca
0x2c507b70,FUN_2c507b70,18,7,1,2c507b70_FUN_2c507b70
0x2c507b84,FUN_2c507b84,68,24,1,2c507b84_FUN_2c507b84
0x2c507bcc,FUN_2c507bcc,142,48,1,2c507bcc_FUN_2c507bcc
0x2c507c68,FUN_2c507c68,40,14,1,2c507c68_FUN_2c507c68
0x2c507c90,FUN_2c507c90,48,19,1,2c507c90_FUN_2c507c90
0x2c507cc0,FUN_2c507cc0,14,6,1,2c507cc0_FUN_2c507cc0
0x2c507cd0,FUN_2c507cd0,46,19,1,2c507cd0_FUN_2c507cd0
0x2c507d34,FUN_2c507d34,26,11,1,2c507d34_FUN_2c507d34
0x2c507d88,FUN_2c507d88,102,41,1,2c507d88_FUN_2c507d88
0x2c507df8,FUN_2c507df8,22,8,1,2c507df8_FUN_2c507df8
0x2c507e10,FUN_2c507e10,492,186,1,2c507e10_FUN_2c507e10
0x2c508088,FUN_2c508088,16,7,1,2c508088_FUN_2c508088
0x2c50812e,FUN_2c50812e,34,13,1,2c50812e_FUN_2c50812e
0x2c5081a4,FUN_2c5081a4,104,40,1,2c5081a4_FUN_2c5081a4
0x2c50820c,FUN_2c50820c,80,33,1,2c50820c_FUN_2c50820c
0x2c50826c,FUN_2c50826c,1458,595,1,2c50826c_FUN_2c50826c
0x2c50885c,FUN_2c50885c,28,12,1,2c50885c_FUN_2c50885c
0x2c508910,FUN_2c508910,396,160,1,2c508910_FUN_2c508910
0x2c508c10,FUN_2c508c10,878,336,1,2c508c10_FUN_2c508c10
0x2c508e24,FUN_2c508e24,262,101,1,2c508e24_FUN_2c508e24
0x2c508f38,FUN_2c508f38,260,103,1,2c508f38_FUN_2c508f38
0x2c509040,FUN_2c509040,268,107,1,2c509040_FUN_2c509040
0x2c509150,FUN_2c509150,32,13,1,2c509150_FUN_2c509150
0x2c509324,FUN_2c509324,48,19,1,2c509324_FUN_2c509324
0x2c50935c,FUN_2c50935c,94,30,1,2c50935c_FUN_2c50935c
0x2c5093c0,FUN_2c5093c0,18,7,1,2c5093c0_FUN_2c5093c0
0x2c5093d4,FUN_2c5093d4,1224,442,1,2c5093d4_FUN_2c5093d4
0x2c5098d8,FUN_2c5098d8,198,73,1,2c5098d8_FUN_2c5098d8
0x2c5099a4,FUN_2c5099a4,104,42,1,2c5099a4_FUN_2c5099a4
0x2c509a0c,FUN_2c509a0c,34,13,1,2c509a0c_FUN_2c509a0c
0x2c509b0c,theme_style_radius12_b,96,34,1,2c509b0c_theme_style_radius12_b
0x2c509b9e,PATCH_radius12_b,48,16,1,2c509b9e_PATCH_radius12_b
0x2c509c08,FUN_2c509c08,130,53,1,2c509c08_FUN_2c509c08
0x2c509c8c,FUN_2c509c8c,130,53,1,2c509c8c_FUN_2c509c8c
0x2c509d10,FUN_2c509d10,142,55,1,2c509d10_FUN_2c509d10
0x2c509dec,FUN_2c509dec,114,42,1,2c509dec_FUN_2c509dec
0x2c509e60,FUN_2c509e60,64,26,1,2c509e60_FUN_2c509e60
0x2c509f98,FUN_2c509f98,82,25,1,2c509f98_FUN_2c509f98
0x2c509fec,FUN_2c509fec,132,52,1,2c509fec_FUN_2c509fec
0x2c50a07c,FUN_2c50a07c,34,13,1,2c50a07c_FUN_2c50a07c
0x2c50a190,FUN_2c50a190,30,12,1,2c50a190_FUN_2c50a190
0x2c50a2fc,FUN_2c50a2fc,140,46,1,2c50a2fc_FUN_2c50a2fc
0x2c50a38c,FUN_2c50a38c,18,7,1,2c50a38c_FUN_2c50a38c
0x2c50a3a0,FUN_2c50a3a0,38,13,1,2c50a3a0_FUN_2c50a3a0
0x2c50a3c8,FUN_2c50a3c8,144,50,1,2c50a3c8_FUN_2c50a3c8
0x2c50a45c,FUN_2c50a45c,28,11,1,2c50a45c_FUN_2c50a45c
0x2c50a484,FUN_2c50a484,1472,560,1,2c50a484_FUN_2c50a484
0x2c50ac58,FUN_2c50ac58,146,54,1,2c50ac58_FUN_2c50ac58
0x2c50acec,FUN_2c50acec,422,162,1,2c50acec_FUN_2c50acec
0x2c50ad88,FUN_2c50ad88,118,40,1,2c50ad88_FUN_2c50ad88
0x2c50ae00,FUN_2c50ae00,166,67,1,2c50ae00_FUN_2c50ae00
0x2c50aeb6,FUN_2c50aeb6,34,13,1,2c50aeb6_FUN_2c50aeb6
0x2c50af34,FUN_2c50af34,30,12,1,2c50af34_FUN_2c50af34
0x2c50b094,FUN_2c50b094,30,12,1,2c50b094_FUN_2c50b094
0x2c50b10c,FUN_2c50b10c,170,69,1,2c50b10c_FUN_2c50b10c
0x2c50b1bc,FUN_2c50b1bc,158,58,1,2c50b1bc_FUN_2c50b1bc
0x2c50b270,FUN_2c50b270,26,9,1,2c50b270_FUN_2c50b270
0x2c50b28c,FUN_2c50b28c,92,32,1,2c50b28c_FUN_2c50b28c
0x2c50b2ec,FUN_2c50b2ec,38,15,1,2c50b2ec_FUN_2c50b2ec
0x2c50b314,FUN_2c50b314,328,127,1,2c50b314_FUN_2c50b314
0x2c50b464,FUN_2c50b464,68,28,1,2c50b464_FUN_2c50b464
0x2c50b4b8,FUN_2c50b4b8,58,22,1,2c50b4b8_FUN_2c50b4b8
0x2c50b500,FUN_2c50b500,52,21,1,2c50b500_FUN_2c50b500
0x2c50b53c,FUN_2c50b53c,32,13,1,2c50b53c_FUN_2c50b53c
0x2c50b5c8,FUN_2c50b5c8,142,53,1,2c50b5c8_FUN_2c50b5c8
0x2c50b658,FUN_2c50b658,142,52,1,2c50b658_FUN_2c50b658
0x2c50b6e8,FUN_2c50b6e8,136,55,1,2c50b6e8_FUN_2c50b6e8
0x2c50b774,FUN_2c50b774,254,86,1,2c50b774_FUN_2c50b774
0x2c50b880,FUN_2c50b880,18,7,1,2c50b880_FUN_2c50b880
0x2c50b894,FUN_2c50b894,1088,407,1,2c50b894_FUN_2c50b894
0x2c50bd60,FUN_2c50bd60,108,44,1,2c50bd60_FUN_2c50bd60
0x2c50bdd4,FUN_2c50bdd4,30,12,1,2c50bdd4_FUN_2c50bdd4
0x2c50bf28,FUN_2c50bf28,70,28,1,2c50bf28_FUN_2c50bf28
0x2c50bfdc,FUN_2c50bfdc,198,76,1,2c50bfdc_FUN_2c50bfdc
0x2c50c0ac,FUN_2c50c0ac,258,96,1,2c50c0ac_FUN_2c50c0ac
0x2c50c540,FUN_2c50c540,60,21,1,2c50c540_FUN_2c50c540
0x2c50c584,FUN_2c50c584,18,7,1,2c50c584_FUN_2c50c584
0x2c50c598,FUN_2c50c598,38,15,1,2c50c598_FUN_2c50c598
0x2c50c5cc,FUN_2c50c5cc,28,11,1,2c50c5cc_FUN_2c50c5cc
0x2c50c604,FUN_2c50c604,110,43,1,2c50c604_FUN_2c50c604
0x2c50c67c,FUN_2c50c67c,138,53,1,2c50c67c_FUN_2c50c67c
0x2c50c70c,FUN_2c50c70c,72,28,1,2c50c70c_FUN_2c50c70c
0x2c50c754,FUN_2c50c754,72,28,1,2c50c754_FUN_2c50c754
0x2c50c79c,FUN_2c50c79c,30,13,1,2c50c79c_FUN_2c50c79c
0x2c50c808,theme_style_radius12_c,304,122,1,2c50c808_theme_style_radius12_c
0x2c50c96c,FUN_2c50c96c,312,108,1,2c50c96c_FUN_2c50c96c
0x2c50caac,FUN_2c50caac,556,207,1,2c50caac_FUN_2c50caac
0x2c50cd4c,FUN_2c50cd4c,90,34,1,2c50cd4c_FUN_2c50cd4c
0x2c50cda8,FUN_2c50cda8,314,122,1,2c50cda8_FUN_2c50cda8
0x2c50cf00,FUN_2c50cf00,76,31,1,2c50cf00_FUN_2c50cf00
0x2c50cf90,FUN_2c50cf90,36,14,1,2c50cf90_FUN_2c50cf90
0x2c50d04e,FUN_2c50d04e,32,13,1,2c50d04e_FUN_2c50d04e
0x2c50d090,FUN_2c50d090,186,85,1,2c50d090_FUN_2c50d090
0x2c50d1c0,FUN_2c50d1c0,46,17,1,2c50d1c0_FUN_2c50d1c0
0x2c50d1f4,FUN_2c50d1f4,106,43,1,2c50d1f4_FUN_2c50d1f4
0x2c50d268,FUN_2c50d268,74,28,1,2c50d268_FUN_2c50d268
0x2c50d2b8,FUN_2c50d2b8,802,309,1,2c50d2b8_FUN_2c50d2b8
0x2c50d5f8,FUN_2c50d5f8,30,11,1,2c50d5f8_FUN_2c50d5f8
0x2c50d618,FUN_2c50d618,38,15,1,2c50d618_FUN_2c50d618
0x2c50d640,FUN_2c50d640,52,19,1,2c50d640_FUN_2c50d640
0x2c50d6b0,FUN_2c50d6b0,110,42,1,2c50d6b0_FUN_2c50d6b0
0x2c50d722,FUN_2c50d722,30,12,1,2c50d722_FUN_2c50d722
0x2c50d794,FUN_2c50d794,28,12,1,2c50d794_FUN_2c50d794
0x2c50d7f0,FUN_2c50d7f0,108,51,1,2c50d7f0_FUN_2c50d7f0
0x2c50d868,FUN_2c50d868,18,7,1,2c50d868_FUN_2c50d868
0x2c50d884,FUN_2c50d884,24,9,1,2c50d884_FUN_2c50d884
0x2c50d8a0,FUN_2c50d8a0,24,9,1,2c50d8a0_FUN_2c50d8a0
0x2c50d8b8,FUN_2c50d8b8,180,71,1,2c50d8b8_FUN_2c50d8b8
0x2c50d8e0,FUN_2c50d8e0,36,14,1,2c50d8e0_FUN_2c50d8e0
0x2c50d904,FUN_2c50d904,40,15,1,2c50d904_FUN_2c50d904
0x2c50d948,FUN_2c50d948,102,43,1,2c50d948_FUN_2c50d948
0x2c50d9d4,FUN_2c50d9d4,210,81,1,2c50d9d4_FUN_2c50d9d4
0x2c50dab8,FUN_2c50dab8,28,12,1,2c50dab8_FUN_2c50dab8
0x2c50db04,FUN_2c50db04,64,25,1,2c50db04_FUN_2c50db04
0x2c50dc98,FUN_2c50dc98,46,17,1,2c50dc98_FUN_2c50dc98
0x2c50dccc,FUN_2c50dccc,106,43,1,2c50dccc_FUN_2c50dccc
0x2c50dd40,FUN_2c50dd40,84,32,1,2c50dd40_FUN_2c50dd40
0x2c50dd98,FUN_2c50dd98,748,288,1,2c50dd98_FUN_2c50dd98
0x2c50e0e0,FUN_2c50e0e0,30,11,1,2c50e0e0_FUN_2c50e0e0
0x2c50e10c,FUN_2c50e10c,38,15,1,2c50e10c_FUN_2c50e10c
0x2c50e134,FUN_2c50e134,52,19,1,2c50e134_FUN_2c50e134
0x2c50e21a,FUN_2c50e21a,30,12,1,2c50e21a_FUN_2c50e21a
0x2c50e298,FUN_2c50e298,28,12,1,2c50e298_FUN_2c50e298
0x2c50e2f4,FUN_2c50e2f4,136,63,1,2c50e2f4_FUN_2c50e2f4
0x2c50e384,FUN_2c50e384,20,9,1,2c50e384_FUN_2c50e384
0x2c50e398,FUN_2c50e398,650,226,1,2c50e398_FUN_2c50e398
0x2c50e69c,FUN_2c50e69c,28,12,1,2c50e69c_FUN_2c50e69c
0x2c50e6ec,FUN_2c50e6ec,28,12,1,2c50e6ec_FUN_2c50e6ec
0x2c50e708,FUN_2c50e708,72,30,1,2c50e708_FUN_2c50e708
0x2c50e758,FUN_2c50e758,90,29,1,2c50e758_FUN_2c50e758
0x2c50eb88,FUN_2c50eb88,144,60,1,2c50eb88_FUN_2c50eb88
0x2c50ec40,FUN_2c50ec40,24,10,1,2c50ec40_FUN_2c50ec40
0x2c50ec60,FUN_2c50ec60,52,20,1,2c50ec60_FUN_2c50ec60
0x2c50ec98,FUN_2c50ec98,52,20,1,2c50ec98_FUN_2c50ec98
0x2c50ece8,FUN_2c50ece8,52,20,1,2c50ece8_FUN_2c50ece8
0x2c50ed20,FUN_2c50ed20,52,20,1,2c50ed20_FUN_2c50ed20
0x2c50ed7c,FUN_2c50ed7c,30,12,1,2c50ed7c_FUN_2c50ed7c
0x2c50eda4,FUN_2c50eda4,80,31,1,2c50eda4_FUN_2c50eda4
0x2c50edf4,FUN_2c50edf4,94,27,1,2c50edf4_FUN_2c50edf4
0x2c50ee58,FUN_2c50ee58,94,27,1,2c50ee58_FUN_2c50ee58
0x2c50eec8,FUN_2c50eec8,112,42,1,2c50eec8_FUN_2c50eec8
0x2c50ef24,FUN_2c50ef24,14,6,1,2c50ef24_FUN_2c50ef24
0x2c50ef34,FUN_2c50ef34,36,13,1,2c50ef34_FUN_2c50ef34
0x2c50ef5c,FUN_2c50ef5c,86,35,1,2c50ef5c_FUN_2c50ef5c
0x2c50ef74,FUN_2c50ef74,22,10,1,2c50ef74_FUN_2c50ef74
0x2c50efa8,FUN_2c50efa8,24,11,1,2c50efa8_FUN_2c50efa8
0x2c50f010,FUN_2c50f010,98,36,1,2c50f010_FUN_2c50f010
0x2c50f078,FUN_2c50f078,24,11,1,2c50f078_FUN_2c50f078
0x2c50f0bc,FUN_2c50f0bc,88,36,1,2c50f0bc_FUN_2c50f0bc
0x2c50f11c,FUN_2c50f11c,138,50,1,2c50f11c_FUN_2c50f11c
0x2c50f1d4,FUN_2c50f1d4,1002,368,1,2c50f1d4_FUN_2c50f1d4
0x2c50f5d8,FUN_2c50f5d8,98,38,1,2c50f5d8_FUN_2c50f5d8
0x2c50f64c,FUN_2c50f64c,184,59,1,2c50f64c_FUN_2c50f64c
0x2c50f70c,FUN_2c50f70c,290,88,1,2c50f70c_FUN_2c50f70c
0x2c50f860,FUN_2c50f860,170,61,1,2c50f860_FUN_2c50f860
0x2c50f920,FUN_2c50f920,68,26,1,2c50f920_FUN_2c50f920
0x2c50f968,FUN_2c50f968,70,31,1,2c50f968_FUN_2c50f968
0x2c50f9b8,FUN_2c50f9b8,686,250,1,2c50f9b8_FUN_2c50f9b8
0x2c50fc84,FUN_2c50fc84,136,47,1,2c50fc84_FUN_2c50fc84
0x2c50fd0c,FUN_2c50fd0c,198,70,1,2c50fd0c_FUN_2c50fd0c
0x2c50fde8,FUN_2c50fde8,384,139,1,2c50fde8_FUN_2c50fde8
0x2c50ff9c,FUN_2c50ff9c,140,50,1,2c50ff9c_FUN_2c50ff9c
0x2c51003c,FUN_2c51003c,756,293,1,2c51003c_FUN_2c51003c
0x2c51035c,FUN_2c51035c,572,213,1,2c51035c_FUN_2c51035c
0x2c5105c8,FUN_2c5105c8,16,6,1,2c5105c8_FUN_2c5105c8
0x2c5105dc,FUN_2c5105dc,122,38,1,2c5105dc_FUN_2c5105dc
0x2c51065c,FUN_2c51065c,190,69,1,2c51065c_FUN_2c51065c
0x2c510738,FUN_2c510738,88,36,1,2c510738_FUN_2c510738
0x2c510790,FUN_2c510790,668,237,1,2c510790_FUN_2c510790
0x2c510a30,FUN_2c510a30,68,26,1,2c510a30_FUN_2c510a30
0x2c510a74,FUN_2c510a74,192,67,1,2c510a74_FUN_2c510a74
0x2c510b40,FUN_2c510b40,140,45,1,2c510b40_FUN_2c510b40
0x2c510bcc,FUN_2c510bcc,1452,496,1,2c510bcc_FUN_2c510bcc
0x2c5111ec,FUN_2c5111ec,264,95,1,2c5111ec_FUN_2c5111ec
0x2c511308,FUN_2c511308,72,28,1,2c511308_FUN_2c511308
0x2c51136c,FUN_2c51136c,24,11,1,2c51136c_FUN_2c51136c
0x2c5113b4,FUN_2c5113b4,24,11,1,2c5113b4_FUN_2c5113b4
0x2c5113e0,FUN_2c5113e0,238,96,1,2c5113e0_FUN_2c5113e0
0x2c51154c,FUN_2c51154c,34,13,1,2c51154c_FUN_2c51154c
0x2c5115bc,FUN_2c5115bc,4,2,1,2c5115bc_FUN_2c5115bc
0x2c5115d4,FUN_2c5115d4,8,3,1,2c5115d4_FUN_2c5115d4
0x2c5115ec,FUN_2c5115ec,52,18,1,2c5115ec_FUN_2c5115ec
0x2c5116b8,FUN_2c5116b8,92,34,1,2c5116b8_FUN_2c5116b8
0x2c511740,FUN_2c511740,98,36,1,2c511740_FUN_2c511740
0x2c5117d0,FUN_2c5117d0,64,26,1,2c5117d0_FUN_2c5117d0
0x2c5118c8,FUN_2c5118c8,24,11,1,2c5118c8_FUN_2c5118c8
0x2c5118fc,FUN_2c5118fc,34,15,1,2c5118fc_FUN_2c5118fc
0x2c511a5c,FUN_2c511a5c,24,11,1,2c511a5c_FUN_2c511a5c
0x2c511a9c,FUN_2c511a9c,40,14,1,2c511a9c_FUN_2c511a9c
0x2c511cf0,FUN_2c511cf0,40,14,1,2c511cf0_FUN_2c511cf0
0x2c511d8c,FUN_2c511d8c,26,11,1,2c511d8c_FUN_2c511d8c
0x2c511dc4,FUN_2c511dc4,26,11,1,2c511dc4_FUN_2c511dc4
0x2c511dfc,FUN_2c511dfc,24,11,1,2c511dfc_FUN_2c511dfc
0x2c511e30,FUN_2c511e30,24,11,1,2c511e30_FUN_2c511e30
0x2c511e8c,FUN_2c511e8c,22,10,1,2c511e8c_FUN_2c511e8c
0x2c511eb4,FUN_2c511eb4,24,10,1,2c511eb4_FUN_2c511eb4
0x2c511edc,FUN_2c511edc,18,7,1,2c511edc_FUN_2c511edc
0x2c511ef2,FUN_2c511ef2,114,46,1,2c511ef2_FUN_2c511ef2
0x2c511f90,FUN_2c511f90,4,2,1,2c511f90_FUN_2c511f90
0x2c511fd4,FUN_2c511fd4,22,10,1,2c511fd4_FUN_2c511fd4
0x2c512000,FUN_2c512000,24,11,1,2c512000_FUN_2c512000
0x2c512048,FUN_2c512048,24,11,1,2c512048_FUN_2c512048
0x2c512090,FUN_2c512090,24,11,1,2c512090_FUN_2c512090
0x2c5120dc,FUN_2c5120dc,24,11,1,2c5120dc_FUN_2c5120dc
0x2c512128,FUN_2c512128,24,11,1,2c512128_FUN_2c512128
0x2c51218c,FUN_2c51218c,120,50,1,2c51218c_FUN_2c51218c
0x2c512210,FUN_2c512210,24,11,1,2c512210_FUN_2c512210
0x2c51225c,FUN_2c51225c,24,11,1,2c51225c_FUN_2c51225c
0x2c5122a8,FUN_2c5122a8,24,11,1,2c5122a8_FUN_2c5122a8
0x2c512304,FUN_2c512304,24,11,1,2c512304_FUN_2c512304
0x2c512360,FUN_2c512360,30,12,1,2c512360_FUN_2c512360
0x2c512488,FUN_2c512488,28,11,1,2c512488_FUN_2c512488
0x2c5124b8,FUN_2c5124b8,26,11,1,2c5124b8_FUN_2c5124b8
0x2c5124e8,FUN_2c5124e8,28,11,1,2c5124e8_FUN_2c5124e8
0x2c512518,FUN_2c512518,26,11,1,2c512518_FUN_2c512518
0x2c512548,FUN_2c512548,28,11,1,2c512548_FUN_2c512548
0x2c5125e0,FUN_2c5125e0,44,18,1,2c5125e0_FUN_2c5125e0
0x2c51260c,FUN_2c51260c,28,11,1,2c51260c_FUN_2c51260c
0x2c512714,FUN_2c512714,6,3,1,2c512714_FUN_2c512714
0x2c512784,FUN_2c512784,52,19,1,2c512784_FUN_2c512784
0x2c5127f8,FUN_2c5127f8,66,23,1,2c5127f8_FUN_2c5127f8
0x2c512aec,FUN_2c512aec,28,12,1,2c512aec_FUN_2c512aec
0x2c512b74,FUN_2c512b74,22,10,1,2c512b74_FUN_2c512b74
0x2c512ba4,FUN_2c512ba4,22,10,1,2c512ba4_FUN_2c512ba4
0x2c512bd4,FUN_2c512bd4,22,10,1,2c512bd4_FUN_2c512bd4
0x2c512c04,FUN_2c512c04,22,10,1,2c512c04_FUN_2c512c04
0x2c512c34,FUN_2c512c34,24,11,1,2c512c34_FUN_2c512c34
0x2c512cd8,FUN_2c512cd8,24,11,1,2c512cd8_FUN_2c512cd8
0x2c512d04,FUN_2c512d04,42,18,1,2c512d04_FUN_2c512d04
0x2c512e64,FUN_2c512e64,132,50,1,2c512e64_FUN_2c512e64
0x2c5131b8,FUN_2c5131b8,30,14,1,2c5131b8_FUN_2c5131b8
0x2c513288,FUN_2c513288,24,11,1,2c513288_FUN_2c513288
0x2c5132c4,FUN_2c5132c4,28,10,1,2c5132c4_FUN_2c5132c4
0x2c5132e8,FUN_2c5132e8,224,82,1,2c5132e8_FUN_2c5132e8
0x2c51340c,FUN_2c51340c,50,21,1,2c51340c_FUN_2c51340c
0x2c513448,FUN_2c513448,4,2,1,2c513448_FUN_2c513448
0x2c513458,FUN_2c513458,4,2,1,2c513458_FUN_2c513458
0x2c513460,FUN_2c513460,4,2,1,2c513460_FUN_2c513460
0x2c513468,FUN_2c513468,4,2,1,2c513468_FUN_2c513468
0x2c513480,FUN_2c513480,30,12,1,2c513480_FUN_2c513480
0x2c5134b0,FUN_2c5134b0,30,12,1,2c5134b0_FUN_2c5134b0
0x2c5134e0,FUN_2c5134e0,126,48,1,2c5134e0_FUN_2c5134e0
0x2c513568,FUN_2c513568,126,48,1,2c513568_FUN_2c513568
0x2c5135f0,FUN_2c5135f0,24,10,1,2c5135f0_FUN_2c5135f0
0x2c513628,FUN_2c513628,120,47,1,2c513628_FUN_2c513628
0x2c5136c0,FUN_2c5136c0,26,12,1,2c5136c0_FUN_2c5136c0
0x2c513710,FUN_2c513710,26,12,1,2c513710_FUN_2c513710
0x2c513760,FUN_2c513760,26,12,1,2c513760_FUN_2c513760
0x2c5137b0,FUN_2c5137b0,26,12,1,2c5137b0_FUN_2c5137b0
0x2c513800,FUN_2c513800,26,12,1,2c513800_FUN_2c513800
0x2c513850,FUN_2c513850,26,12,1,2c513850_FUN_2c513850
0x2c5138a8,FUN_2c5138a8,26,12,1,2c5138a8_FUN_2c5138a8
0x2c513900,FUN_2c513900,26,12,1,2c513900_FUN_2c513900
0x2c513958,FUN_2c513958,26,12,1,2c513958_FUN_2c513958
0x2c5139b0,FUN_2c5139b0,28,12,1,2c5139b0_FUN_2c5139b0
0x2c513a14,FUN_2c513a14,20,8,1,2c513a14_FUN_2c513a14
0x2c513a28,FUN_2c513a28,26,12,1,2c513a28_FUN_2c513a28
0x2c513a80,FUN_2c513a80,26,12,1,2c513a80_FUN_2c513a80
0x2c513af0,FUN_2c513af0,26,12,1,2c513af0_FUN_2c513af0
0x2c513b68,FUN_2c513b68,28,12,1,2c513b68_FUN_2c513b68
0x2c513c14,FUN_2c513c14,30,12,1,2c513c14_FUN_2c513c14
0x2c513c44,FUN_2c513c44,30,12,1,2c513c44_FUN_2c513c44
0x2c513c74,FUN_2c513c74,30,12,1,2c513c74_FUN_2c513c74
0x2c513ca4,FUN_2c513ca4,30,12,1,2c513ca4_FUN_2c513ca4
0x2c513cd4,FUN_2c513cd4,32,13,1,2c513cd4_FUN_2c513cd4
0x2c513d0c,FUN_2c513d0c,32,13,1,2c513d0c_FUN_2c513d0c
0x2c513d44,FUN_2c513d44,32,13,1,2c513d44_FUN_2c513d44
0x2c513d7c,FUN_2c513d7c,32,13,1,2c513d7c_FUN_2c513d7c
0x2c513db4,FUN_2c513db4,32,13,1,2c513db4_FUN_2c513db4
0x2c513dfc,FUN_2c513dfc,32,13,1,2c513dfc_FUN_2c513dfc
0x2c513e40,FUN_2c513e40,32,13,1,2c513e40_FUN_2c513e40
0x2c513e8c,FUN_2c513e8c,32,13,1,2c513e8c_FUN_2c513e8c
0x2c513ed8,FUN_2c513ed8,24,10,1,2c513ed8_FUN_2c513ed8
0x2c514098,FUN_2c514098,24,11,1,2c514098_FUN_2c514098
0x2c5140f0,FUN_2c5140f0,204,83,1,2c5140f0_FUN_2c5140f0
0x2c5141c0,FUN_2c5141c0,194,77,1,2c5141c0_FUN_2c5141c0
0x2c514288,FUN_2c514288,28,11,1,2c514288_FUN_2c514288
0x2c5142f4,FUN_2c5142f4,26,11,1,2c5142f4_FUN_2c5142f4
0x2c514358,FUN_2c514358,26,11,1,2c514358_FUN_2c514358
0x2c5143e8,FUN_2c5143e8,162,59,1,2c5143e8_FUN_2c5143e8
0x2c514738,FUN_2c514738,608,253,1,2c514738_FUN_2c514738
0x2c5149bc,FUN_2c5149bc,26,11,1,2c5149bc_FUN_2c5149bc
0x2c5149f8,FUN_2c5149f8,172,63,1,2c5149f8_FUN_2c5149f8
0x2c514ab4,FUN_2c514ab4,288,107,1,2c514ab4_FUN_2c514ab4
0x2c514bec,FUN_2c514bec,212,77,1,2c514bec_FUN_2c514bec
0x2c514ca4,FUN_2c514ca4,124,42,1,2c514ca4_FUN_2c514ca4
0x2c514d20,FUN_2c514d20,66,23,1,2c514d20_FUN_2c514d20
0x2c514d44,FUN_2c514d44,190,73,1,2c514d44_FUN_2c514d44
0x2c514d9c,FUN_2c514d9c,32,13,1,2c514d9c_FUN_2c514d9c
0x2c514e14,FUN_2c514e14,418,170,1,2c514e14_FUN_2c514e14
0x2c514fd4,FUN_2c514fd4,28,11,1,2c514fd4_FUN_2c514fd4
0x2c515020,FUN_2c515020,32,13,1,2c515020_FUN_2c515020
0x2c515248,FUN_2c515248,24,11,1,2c515248_FUN_2c515248
0x2c515288,FUN_2c515288,24,11,1,2c515288_FUN_2c515288
0x2c5152d4,FUN_2c5152d4,32,13,1,2c5152d4_FUN_2c5152d4
0x2c5153e0,FUN_2c5153e0,28,12,1,2c5153e0_FUN_2c5153e0
0x2c515458,FUN_2c515458,26,11,1,2c515458_FUN_2c515458
0x2c5154d0,FUN_2c5154d0,28,11,1,2c5154d0_FUN_2c5154d0
0x2c5155a4,FUN_2c5155a4,40,15,1,2c5155a4_FUN_2c5155a4
0x2c515728,FUN_2c515728,82,34,1,2c515728_FUN_2c515728
0x2c515780,FUN_2c515780,592,230,1,2c515780_FUN_2c515780
0x2c515800,FUN_2c515800,24,11,1,2c515800_FUN_2c515800
0x2c515858,FUN_2c515858,26,11,1,2c515858_FUN_2c515858
0x2c5158d0,FUN_2c5158d0,38,15,1,2c5158d0_FUN_2c5158d0
0x2c515b0c,FUN_2c515b0c,82,31,1,2c515b0c_FUN_2c515b0c
0x2c515b60,FUN_2c515b60,26,11,1,2c515b60_FUN_2c515b60
0x2c515bf8,FUN_2c515bf8,28,11,1,2c515bf8_FUN_2c515bf8
0x2c515d20,FUN_2c515d20,360,135,1,2c515d20_FUN_2c515d20
0x2c515ea4,FUN_2c515ea4,28,12,1,2c515ea4_FUN_2c515ea4
0x2c515f18,FUN_2c515f18,32,14,1,2c515f18_FUN_2c515f18
0x2c516238,FUN_2c516238,100,39,1,2c516238_FUN_2c516238
0x2c516308,FUN_2c516308,6,3,1,2c516308_FUN_2c516308
0x2c51630e,FUN_2c51630e,22,8,1,2c51630e_FUN_2c51630e
0x2c516620,FUN_2c516620,46,17,1,2c516620_FUN_2c516620
0x2c516690,FUN_2c516690,44,17,1,2c516690_FUN_2c516690
0x2c5166bc,FUN_2c5166bc,6,2,1,2c5166bc_FUN_2c5166bc
0x2c5166cc,FUN_2c5166cc,28,11,1,2c5166cc_FUN_2c5166cc
0x2c516704,FUN_2c516704,90,34,1,2c516704_FUN_2c516704
0x2c516734,FUN_2c516734,50,18,1,2c516734_FUN_2c516734
0x2c5167b8,FUN_2c5167b8,60,22,1,2c5167b8_FUN_2c5167b8
0x2c5167fc,FUN_2c5167fc,32,12,1,2c5167fc_FUN_2c5167fc
0x2c51681c,FUN_2c51681c,32,12,1,2c51681c_FUN_2c51681c
0x2c51683c,FUN_2c51683c,28,11,1,2c51683c_FUN_2c51683c
0x2c51685a,FUN_2c51685a,14,5,1,2c51685a_FUN_2c51685a
0x2c516868,FUN_2c516868,38,14,1,2c516868_FUN_2c516868
0x2c516894,FUN_2c516894,22,10,1,2c516894_FUN_2c516894
0x2c5169a8,FUN_2c5169a8,28,11,1,2c5169a8_FUN_2c5169a8
0x2c516a34,FUN_2c516a34,28,11,1,2c516a34_FUN_2c516a34
0x2c516a50,FUN_2c516a50,28,11,1,2c516a50_FUN_2c516a50
0x2c516c08,FUN_2c516c08,228,83,1,2c516c08_FUN_2c516c08
0x2c51715c,FUN_2c51715c,22,10,1,2c51715c_FUN_2c51715c
0x2c517184,FUN_2c517184,26,11,1,2c517184_FUN_2c517184
0x2c5171dc,FUN_2c5171dc,18,9,1,2c5171dc_FUN_2c5171dc
0x2c517244,FUN_2c517244,264,93,1,2c517244_FUN_2c517244
0x2c517354,FUN_2c517354,68,25,1,2c517354_FUN_2c517354
0x2c517420,FUN_2c517420,36,13,1,2c517420_FUN_2c517420
0x2c517448,FUN_2c517448,160,59,1,2c517448_FUN_2c517448
0x2c517504,FUN_2c517504,24,10,1,2c517504_FUN_2c517504
0x2c517580,FUN_2c517580,406,142,1,2c517580_FUN_2c517580
0x2c5178ec,FUN_2c5178ec,94,34,1,2c5178ec_FUN_2c5178ec
0x2c517950,FUN_2c517950,66,24,1,2c517950_FUN_2c517950
0x2c517998,FUN_2c517998,14,6,1,2c517998_FUN_2c517998
0x2c5179ac,FUN_2c5179ac,24,11,1,2c5179ac_FUN_2c5179ac
0x2c517a10,FUN_2c517a10,14,6,1,2c517a10_FUN_2c517a10
0x2c517a24,FUN_2c517a24,36,13,1,2c517a24_FUN_2c517a24
0x2c517b80,FUN_2c517b80,14,6,1,2c517b80_FUN_2c517b80
0x2c517ba0,FUN_2c517ba0,24,11,1,2c517ba0_FUN_2c517ba0
0x2c517c04,FUN_2c517c04,14,6,1,2c517c04_FUN_2c517c04
0x2c517c18,FUN_2c517c18,24,11,1,2c517c18_FUN_2c517c18
0x2c517c7c,FUN_2c517c7c,14,6,1,2c517c7c_FUN_2c517c7c
0x2c517c90,FUN_2c517c90,24,11,1,2c517c90_FUN_2c517c90
0x2c517cf4,FUN_2c517cf4,14,6,1,2c517cf4_FUN_2c517cf4
0x2c517d08,FUN_2c517d08,24,11,1,2c517d08_FUN_2c517d08
0x2c517d6c,FUN_2c517d6c,14,6,1,2c517d6c_FUN_2c517d6c
0x2c517d80,FUN_2c517d80,24,11,1,2c517d80_FUN_2c517d80
0x2c517de4,FUN_2c517de4,14,6,1,2c517de4_FUN_2c517de4
0x2c517df8,FUN_2c517df8,66,24,1,2c517df8_FUN_2c517df8
0x2c517e40,FUN_2c517e40,14,6,1,2c517e40_FUN_2c517e40
0x2c517e50,FUN_2c517e50,34,14,1,2c517e50_FUN_2c517e50
0x2c517ebc,FUN_2c517ebc,20,9,1,2c517ebc_FUN_2c517ebc
0x2c517ed4,FUN_2c517ed4,28,12,1,2c517ed4_FUN_2c517ed4
0x2c517ef4,FUN_2c517ef4,82,32,1,2c517ef4_FUN_2c517ef4
0x2c518028,FUN_2c518028,20,9,1,2c518028_FUN_2c518028
0x2c518040,FUN_2c518040,28,12,1,2c518040_FUN_2c518040
0x2c518060,FUN_2c518060,24,11,1,2c518060_FUN_2c518060
0x2c518090,FUN_2c518090,20,9,1,2c518090_FUN_2c518090
0x2c5180a8,FUN_2c5180a8,28,12,1,2c5180a8_FUN_2c5180a8
0x2c5180c8,FUN_2c5180c8,30,12,1,2c5180c8_FUN_2c5180c8
0x2c5181ec,FUN_2c5181ec,20,9,1,2c5181ec_FUN_2c5181ec
0x2c518204,FUN_2c518204,28,12,1,2c518204_FUN_2c518204
0x2c518224,FUN_2c518224,24,11,1,2c518224_FUN_2c518224
0x2c518254,FUN_2c518254,20,9,1,2c518254_FUN_2c518254
0x2c51826c,FUN_2c51826c,28,12,1,2c51826c_FUN_2c51826c
0x2c51828c,FUN_2c51828c,28,12,1,2c51828c_FUN_2c51828c
0x2c5182f8,FUN_2c5182f8,20,9,1,2c5182f8_FUN_2c5182f8
0x2c518310,FUN_2c518310,28,12,1,2c518310_FUN_2c518310
0x2c518330,FUN_2c518330,82,32,1,2c518330_FUN_2c518330
0x2c518450,FUN_2c518450,20,9,1,2c518450_FUN_2c518450
0x2c518468,FUN_2c518468,28,12,1,2c518468_FUN_2c518468
0x2c518488,FUN_2c518488,184,78,1,2c518488_FUN_2c518488
0x2c518590,FUN_2c518590,20,9,1,2c518590_FUN_2c518590
0x2c5185a8,FUN_2c5185a8,28,12,1,2c5185a8_FUN_2c5185a8
0x2c5185c8,FUN_2c5185c8,24,11,1,2c5185c8_FUN_2c5185c8
0x2c5185f8,FUN_2c5185f8,20,9,1,2c5185f8_FUN_2c5185f8
0x2c518610,FUN_2c518610,28,12,1,2c518610_FUN_2c518610
0x2c518630,FUN_2c518630,28,12,1,2c518630_FUN_2c518630
0x2c51869c,FUN_2c51869c,20,9,1,2c51869c_FUN_2c51869c
0x2c5186b4,FUN_2c5186b4,28,12,1,2c5186b4_FUN_2c5186b4
0x2c5186d4,FUN_2c5186d4,30,12,1,2c5186d4_FUN_2c5186d4
0x2c5187b4,FUN_2c5187b4,20,9,1,2c5187b4_FUN_2c5187b4
0x2c5187cc,FUN_2c5187cc,28,12,1,2c5187cc_FUN_2c5187cc
0x2c5187ec,FUN_2c5187ec,18,8,1,2c5187ec_FUN_2c5187ec
0x2c518808,FUN_2c518808,106,52,1,2c518808_FUN_2c518808
0x2c51890c,FUN_2c51890c,20,9,1,2c51890c_FUN_2c51890c
0x2c518a74,FUN_2c518a74,20,9,1,2c518a74_FUN_2c518a74
0x2c518ae4,FUN_2c518ae4,14,6,1,2c518ae4_FUN_2c518ae4
0x2c518af4,FUN_2c518af4,36,13,1,2c518af4_FUN_2c518af4
0x2c518b1c,FUN_2c518b1c,72,27,1,2c518b1c_FUN_2c518b1c
0x2c518b6c,FUN_2c518b6c,46,20,1,2c518b6c_FUN_2c518b6c
0x2c518ba0,FUN_2c518ba0,56,24,1,2c518ba0_FUN_2c518ba0
0x2c518c02,FUN_2c518c02,36,16,1,2c518c02_FUN_2c518c02
0x2c518c64,FUN_2c518c64,26,11,1,2c518c64_FUN_2c518c64
0x2c518cb0,FUN_2c518cb0,48,21,1,2c518cb0_FUN_2c518cb0
0x2c518d04,FUN_2c518d04,66,23,1,2c518d04_FUN_2c518d04
0x2c518d4c,FUN_2c518d4c,16,6,1,2c518d4c_FUN_2c518d4c
0x2c518d5c,FUN_2c518d5c,198,62,1,2c518d5c_FUN_2c518d5c
0x2c518e30,FUN_2c518e30,130,45,1,2c518e30_FUN_2c518e30
0x2c518ec4,FUN_2c518ec4,16,6,1,2c518ec4_FUN_2c518ec4
0x2c518ed8,FUN_2c518ed8,408,144,1,2c518ed8_FUN_2c518ed8
0x2c519074,FUN_2c519074,398,150,1,2c519074_FUN_2c519074
0x2c519338,FUN_2c519338,34,13,1,2c519338_FUN_2c519338
0x2c519374,FUN_2c519374,30,11,1,2c519374_FUN_2c519374
0x2c519398,FUN_2c519398,16,6,1,2c519398_FUN_2c519398
0x2c5193ac,FUN_2c5193ac,404,144,1,2c5193ac_FUN_2c5193ac
0x2c519544,FUN_2c519544,672,252,1,2c519544_FUN_2c519544
0x2c519834,FUN_2c519834,24,8,1,2c519834_FUN_2c519834
0x2c519874,FUN_2c519874,50,24,1,2c519874_FUN_2c519874
0x2c5198b0,FUN_2c5198b0,106,53,1,2c5198b0_FUN_2c5198b0
0x2c51992c,FUN_2c51992c,80,39,1,2c51992c_FUN_2c51992c
0x2c51998c,FUN_2c51998c,46,19,1,2c51998c_FUN_2c51998c
0x2c5199cc,FUN_2c5199cc,16,6,1,2c5199cc_FUN_2c5199cc
0x2c5199e0,FUN_2c5199e0,26,12,1,2c5199e0_FUN_2c5199e0
0x2c519ab0,FUN_2c519ab0,34,15,1,2c519ab0_FUN_2c519ab0
0x2c519b0c,FUN_2c519b0c,34,15,1,2c519b0c_FUN_2c519b0c
0x2c519b68,FUN_2c519b68,34,15,1,2c519b68_FUN_2c519b68
0x2c519bc4,FUN_2c519bc4,34,15,1,2c519bc4_FUN_2c519bc4
0x2c519c20,FUN_2c519c20,34,15,1,2c519c20_FUN_2c519c20
0x2c519c7c,FUN_2c519c7c,36,15,1,2c519c7c_FUN_2c519c7c
0x2c519cdc,FUN_2c519cdc,36,15,1,2c519cdc_FUN_2c519cdc
0x2c519d42,FUN_2c519d42,150,66,1,2c519d42_FUN_2c519d42
0x2c519de4,FUN_2c519de4,18,7,1,2c519de4_FUN_2c519de4
0x2c519df8,FUN_2c519df8,52,22,1,2c519df8_FUN_2c519df8
0x2c519e6c,FUN_2c519e6c,22,9,1,2c519e6c_FUN_2c519e6c
0x2c519e84,FUN_2c519e84,74,31,1,2c519e84_FUN_2c519e84
0x2c519eec,FUN_2c519eec,16,5,1,2c519eec_FUN_2c519eec
0x2c519efc,FUN_2c519efc,40,15,1,2c519efc_FUN_2c519efc
0x2c519f64,FUN_2c519f64,20,8,1,2c519f64_FUN_2c519f64
0x2c519f8c,FUN_2c519f8c,22,9,1,2c519f8c_FUN_2c519f8c
0x2c519fa4,FUN_2c519fa4,40,15,1,2c519fa4_FUN_2c519fa4
0x2c519fd0,FUN_2c519fd0,166,65,1,2c519fd0_FUN_2c519fd0
0x2c51a078,FUN_2c51a078,408,160,1,2c51a078_FUN_2c51a078
0x2c51a260,FUN_2c51a260,16,7,1,2c51a260_FUN_2c51a260
0x2c51a276,FUN_2c51a276,20,8,1,2c51a276_FUN_2c51a276
0x2c51a290,FUN_2c51a290,56,21,1,2c51a290_FUN_2c51a290
0x2c51a2c8,FUN_2c51a2c8,86,36,1,2c51a2c8_FUN_2c51a2c8
0x2c51a324,FUN_2c51a324,68,26,1,2c51a324_FUN_2c51a324
0x2c51a350,FUN_2c51a350,796,300,1,2c51a350_FUN_2c51a350
0x2c51a694,FUN_2c51a694,32,13,1,2c51a694_FUN_2c51a694
0x2c51a6b8,FUN_2c51a6b8,742,283,1,2c51a6b8_FUN_2c51a6b8
0x2c51a9fc,FUN_2c51a9fc,54,20,1,2c51a9fc_FUN_2c51a9fc
0x2c51aa34,FUN_2c51aa34,22,10,1,2c51aa34_FUN_2c51aa34
0x2c51aa64,FUN_2c51aa64,28,12,1,2c51aa64_FUN_2c51aa64
0x2c51ab14,FUN_2c51ab14,84,31,1,2c51ab14_FUN_2c51ab14
0x2c51ab70,FUN_2c51ab70,44,19,1,2c51ab70_FUN_2c51ab70
0x2c51acc0,FUN_2c51acc0,56,21,1,2c51acc0_FUN_2c51acc0
0x2c51acf8,FUN_2c51acf8,60,23,1,2c51acf8_FUN_2c51acf8
0x2c51ad34,FUN_2c51ad34,22,10,1,2c51ad34_FUN_2c51ad34
0x2c51ae4c,FUN_2c51ae4c,28,11,1,2c51ae4c_FUN_2c51ae4c
0x2c51ae8c,FUN_2c51ae8c,30,13,1,2c51ae8c_FUN_2c51ae8c
0x2c51aed0,FUN_2c51aed0,72,28,1,2c51aed0_FUN_2c51aed0
0x2c51af18,FUN_2c51af18,72,28,1,2c51af18_FUN_2c51af18
0x2c51af60,FUN_2c51af60,102,38,1,2c51af60_FUN_2c51af60
0x2c51afe8,FUN_2c51afe8,46,19,1,2c51afe8_FUN_2c51afe8
0x2c51b040,FUN_2c51b040,52,21,1,2c51b040_FUN_2c51b040
0x2c51b094,FUN_2c51b094,46,16,1,2c51b094_FUN_2c51b094
0x2c51b0c8,FUN_2c51b0c8,26,10,1,2c51b0c8_FUN_2c51b0c8
0x2c51b17c,FUN_2c51b17c,884,330,1,2c51b17c_FUN_2c51b17c
0x2c51b52c,FUN_2c51b52c,24,10,1,2c51b52c_FUN_2c51b52c
0x2c51b58c,FUN_2c51b58c,88,40,1,2c51b58c_FUN_2c51b58c
0x2c51b618,FUN_2c51b618,26,10,1,2c51b618_FUN_2c51b618
0x2c51b648,FUN_2c51b648,76,30,1,2c51b648_FUN_2c51b648
0x2c51b6b0,FUN_2c51b6b0,28,13,1,2c51b6b0_FUN_2c51b6b0
0x2c51b6f4,FUN_2c51b6f4,46,19,1,2c51b6f4_FUN_2c51b6f4
0x2c51b734,FUN_2c51b734,26,11,1,2c51b734_FUN_2c51b734
0x2c51b774,FUN_2c51b774,22,10,1,2c51b774_FUN_2c51b774
0x2c51b7ec,FUN_2c51b7ec,72,28,1,2c51b7ec_FUN_2c51b7ec
0x2c51b834,FUN_2c51b834,72,28,1,2c51b834_FUN_2c51b834
0x2c51b87c,FUN_2c51b87c,68,27,1,2c51b87c_FUN_2c51b87c
0x2c51b8e0,FUN_2c51b8e0,44,19,1,2c51b8e0_FUN_2c51b8e0
0x2c51b938,FUN_2c51b938,50,21,1,2c51b938_FUN_2c51b938
0x2c51b98c,FUN_2c51b98c,32,12,1,2c51b98c_FUN_2c51b98c
0x2c51b9b0,FUN_2c51b9b0,24,10,1,2c51b9b0_FUN_2c51b9b0
0x2c51ba5c,FUN_2c51ba5c,378,145,1,2c51ba5c_FUN_2c51ba5c
0x2c51bbf4,FUN_2c51bbf4,22,10,1,2c51bbf4_FUN_2c51bbf4
0x2c51bc50,FUN_2c51bc50,88,40,1,2c51bc50_FUN_2c51bc50
0x2c51bce0,FUN_2c51bce0,26,10,1,2c51bce0_FUN_2c51bce0
0x2c51bd0c,FUN_2c51bd0c,16,7,1,2c51bd0c_FUN_2c51bd0c
0x2c51bd22,FUN_2c51bd22,20,8,1,2c51bd22_FUN_2c51bd22
0x2c51bd3c,FUN_2c51bd3c,24,9,1,2c51bd3c_FUN_2c51bd3c
0x2c51bd54,FUN_2c51bd54,30,12,1,2c51bd54_FUN_2c51bd54
0x2c51be20,FUN_2c51be20,30,13,1,2c51be20_FUN_2c51be20
0x2c51be40,FUN_2c51be40,376,141,1,2c51be40_FUN_2c51be40
0x2c51bfcc,FUN_2c51bfcc,22,9,1,2c51bfcc_FUN_2c51bfcc
0x2c51bfe8,FUN_2c51bfe8,256,98,1,2c51bfe8_FUN_2c51bfe8
0x2c51c110,FUN_2c51c110,30,11,1,2c51c110_FUN_2c51c110
0x2c51c130,FUN_2c51c130,28,12,1,2c51c130_FUN_2c51c130
0x2c51c1c4,FUN_2c51c1c4,16,7,1,2c51c1c4_FUN_2c51c1c4
0x2c51c1da,FUN_2c51c1da,20,8,1,2c51c1da_FUN_2c51c1da
0x2c51c1f4,FUN_2c51c1f4,1418,518,1,2c51c1f4_FUN_2c51c1f4
0x2c51c7c4,FUN_2c51c7c4,76,29,1,2c51c7c4_FUN_2c51c7c4
0x2c51c810,FUN_2c51c810,72,28,1,2c51c810_FUN_2c51c810
0x2c51c858,FUN_2c51c858,60,19,1,2c51c858_FUN_2c51c858
0x2c51c898,FUN_2c51c898,268,102,1,2c51c898_FUN_2c51c898
0x2c51c9bc,FUN_2c51c9bc,130,49,1,2c51c9bc_FUN_2c51c9bc
0x2c51d114,FUN_2c51d114,24,10,1,2c51d114_FUN_2c51d114
0x2c51d17c,FUN_2c51d17c,30,12,1,2c51d17c_FUN_2c51d17c
0x2c51d234,FUN_2c51d234,44,19,1,2c51d234_FUN_2c51d234
0x2c51d424,FUN_2c51d424,128,50,1,2c51d424_FUN_2c51d424
0x2c51d4b0,FUN_2c51d4b0,60,22,1,2c51d4b0_FUN_2c51d4b0
0x2c51d4ec,FUN_2c51d4ec,22,10,1,2c51d4ec_FUN_2c51d4ec
0x2c51d59c,FUN_2c51d59c,26,11,1,2c51d59c_FUN_2c51d59c
0x2c51d5dc,FUN_2c51d5dc,72,28,1,2c51d5dc_FUN_2c51d5dc
0x2c51d624,FUN_2c51d624,72,28,1,2c51d624_FUN_2c51d624
0x2c51d674,FUN_2c51d674,58,24,1,2c51d674_FUN_2c51d674
0x2c51d6f8,FUN_2c51d6f8,44,19,1,2c51d6f8_FUN_2c51d6f8
0x2c51d750,FUN_2c51d750,50,21,1,2c51d750_FUN_2c51d750
0x2c51d7a4,FUN_2c51d7a4,86,33,1,2c51d7a4_FUN_2c51d7a4
0x2c51d81c,FUN_2c51d81c,42,15,1,2c51d81c_FUN_2c51d81c
0x2c51d84c,FUN_2c51d84c,24,10,1,2c51d84c_FUN_2c51d84c
0x2c51d8fc,FUN_2c51d8fc,662,250,1,2c51d8fc_FUN_2c51d8fc
0x2c51dbbc,FUN_2c51dbbc,22,10,1,2c51dbbc_FUN_2c51dbbc
0x2c51dc18,FUN_2c51dc18,26,10,1,2c51dc18_FUN_2c51dc18
0x2c51dc38,FUN_2c51dc38,216,89,1,2c51dc38_FUN_2c51dc38
0x2c51dd94,FUN_2c51dd94,118,49,1,2c51dd94_FUN_2c51dd94
0x2c51de54,FUN_2c51de54,28,11,1,2c51de54_FUN_2c51de54
0x2c51de94,FUN_2c51de94,22,10,1,2c51de94_FUN_2c51de94
0x2c51df0c,FUN_2c51df0c,112,45,1,2c51df0c_FUN_2c51df0c
0x2c51e028,FUN_2c51e028,70,26,1,2c51e028_FUN_2c51e028
0x2c51e070,FUN_2c51e070,72,28,1,2c51e070_FUN_2c51e070
0x2c51e0b8,FUN_2c51e0b8,72,28,1,2c51e0b8_FUN_2c51e0b8
0x2c51e100,FUN_2c51e100,78,31,1,2c51e100_FUN_2c51e100
0x2c51e1c8,FUN_2c51e1c8,78,31,1,2c51e1c8_FUN_2c51e1c8
0x2c51e284,FUN_2c51e284,18,8,1,2c51e284_FUN_2c51e284
0x2c51e30c,FUN_2c51e30c,46,19,1,2c51e30c_FUN_2c51e30c
0x2c51e364,FUN_2c51e364,52,21,1,2c51e364_FUN_2c51e364
0x2c51e3b8,FUN_2c51e3b8,40,14,1,2c51e3b8_FUN_2c51e3b8
0x2c51e3e4,FUN_2c51e3e4,24,10,1,2c51e3e4_FUN_2c51e3e4
0x2c51e44c,FUN_2c51e44c,118,48,1,2c51e44c_FUN_2c51e44c
0x2c51e4b4,FUN_2c51e4b4,84,32,1,2c51e4b4_FUN_2c51e4b4
0x2c51e508,FUN_2c51e508,26,10,1,2c51e508_FUN_2c51e508
0x2c51e5bc,FUN_2c51e5bc,686,255,1,2c51e5bc_FUN_2c51e5bc
0x2c51e898,FUN_2c51e898,24,10,1,2c51e898_FUN_2c51e898
0x2c51e8f8,FUN_2c51e8f8,144,66,1,2c51e8f8_FUN_2c51e8f8
0x2c51e9f0,FUN_2c51e9f0,26,10,1,2c51e9f0_FUN_2c51e9f0
0x2c51ea10,FUN_2c51ea10,16,6,1,2c51ea10_FUN_2c51ea10
0x2c51ea24,FUN_2c51ea24,2,1,1,2c51ea24_FUN_2c51ea24
0x2c51ea4c,FUN_2c51ea4c,28,12,1,2c51ea4c_FUN_2c51ea4c
0x2c51ea6c,FUN_2c51ea6c,334,127,1,2c51ea6c_FUN_2c51ea6c
0x2c51ec88,FUN_2c51ec88,56,22,1,2c51ec88_FUN_2c51ec88
0x2c51ecc0,FUN_2c51ecc0,48,18,1,2c51ecc0_FUN_2c51ecc0
0x2c51ecf0,FUN_2c51ecf0,22,10,1,2c51ecf0_FUN_2c51ecf0
0x2c51ed88,FUN_2c51ed88,50,22,1,2c51ed88_FUN_2c51ed88
0x2c51edd4,FUN_2c51edd4,34,14,1,2c51edd4_FUN_2c51edd4
0x2c51edfc,FUN_2c51edfc,52,19,1,2c51edfc_FUN_2c51edfc
0x2c51ee38,FUN_2c51ee38,48,22,1,2c51ee38_FUN_2c51ee38
0x2c51ee84,FUN_2c51ee84,48,19,1,2c51ee84_FUN_2c51ee84
0x2c51eedc,FUN_2c51eedc,132,52,1,2c51eedc_FUN_2c51eedc
0x2c51ef78,FUN_2c51ef78,102,39,1,2c51ef78_FUN_2c51ef78
0x2c51eff4,FUN_2c51eff4,46,20,1,2c51eff4_FUN_2c51eff4
0x2c51f050,FUN_2c51f050,84,34,1,2c51f050_FUN_2c51f050
0x2c51f0e4,FUN_2c51f0e4,24,10,1,2c51f0e4_FUN_2c51f0e4
0x2c51f12c,FUN_2c51f12c,34,14,1,2c51f12c_FUN_2c51f12c
0x2c51f154,FUN_2c51f154,336,124,1,2c51f154_FUN_2c51f154
0x2c51f2bc,FUN_2c51f2bc,42,17,1,2c51f2bc_FUN_2c51f2bc
0x2c51f2e8,FUN_2c51f2e8,22,10,1,2c51f2e8_FUN_2c51f2e8
0x2c51f338,FUN_2c51f338,24,11,1,2c51f338_FUN_2c51f338
0x2c51f3bc,FUN_2c51f3bc,44,20,1,2c51f3bc_FUN_2c51f3bc
0x2c51f446,FUN_2c51f446,44,20,1,2c51f446_FUN_2c51f446
0x2c51f49c,FUN_2c51f49c,46,18,1,2c51f49c_FUN_2c51f49c
0x2c51f4cc,FUN_2c51f4cc,40,16,1,2c51f4cc_FUN_2c51f4cc
0x2c51f4f8,FUN_2c51f4f8,46,17,1,2c51f4f8_FUN_2c51f4f8
0x2c51f530,FUN_2c51f530,22,10,1,2c51f530_FUN_2c51f530
0x2c51f57c,FUN_2c51f57c,22,10,1,2c51f57c_FUN_2c51f57c
0x2c51f604,FUN_2c51f604,92,33,1,2c51f604_FUN_2c51f604
0x2c51f660,FUN_2c51f660,60,23,1,2c51f660_FUN_2c51f660
0x2c51f69c,FUN_2c51f69c,60,23,1,2c51f69c_FUN_2c51f69c
0x2c51f6d8,FUN_2c51f6d8,56,25,1,2c51f6d8_FUN_2c51f6d8
0x2c51f730,FUN_2c51f730,28,11,1,2c51f730_FUN_2c51f730
0x2c51f750,FUN_2c51f750,144,45,1,2c51f750_FUN_2c51f750
0x2c51f7e4,FUN_2c51f7e4,34,13,1,2c51f7e4_FUN_2c51f7e4
0x2c51f80c,FUN_2c51f80c,70,22,1,2c51f80c_FUN_2c51f80c
0x2c51f858,FUN_2c51f858,112,44,1,2c51f858_FUN_2c51f858
0x2c51f8d4,FUN_2c51f8d4,24,10,1,2c51f8d4_FUN_2c51f8d4
0x2c51f9c8,FUN_2c51f9c8,208,77,1,2c51f9c8_FUN_2c51f9c8
0x2c51fb9c,FUN_2c51fb9c,384,148,1,2c51fb9c_FUN_2c51fb9c
0x2c51fef0,FUN_2c51fef0,22,10,1,2c51fef0_FUN_2c51fef0
0x2c51ff5c,FUN_2c51ff5c,1432,513,1,2c51ff5c_FUN_2c51ff5c
0x2c520530,FUN_2c520530,24,11,1,2c520530_FUN_2c520530
0x2c520590,FUN_2c520590,24,11,1,2c520590_FUN_2c520590
0x2c5205f0,FUN_2c5205f0,24,11,1,2c5205f0_FUN_2c5205f0
0x2c520650,FUN_2c520650,24,11,1,2c520650_FUN_2c520650
0x2c5206b0,FUN_2c5206b0,32,13,1,2c5206b0_FUN_2c5206b0
0x2c5207a0,FUN_2c5207a0,66,26,1,2c5207a0_FUN_2c5207a0
0x2c5207e8,FUN_2c5207e8,70,23,1,2c5207e8_FUN_2c5207e8
0x2c520834,FUN_2c520834,64,21,1,2c520834_FUN_2c520834
0x2c520878,FUN_2c520878,64,21,1,2c520878_FUN_2c520878
0x2c5208bc,FUN_2c5208bc,28,11,1,2c5208bc_FUN_2c5208bc
0x2c520958,FUN_2c520958,294,104,1,2c520958_FUN_2c520958
0x2c520a94,FUN_2c520a94,110,46,1,2c520a94_FUN_2c520a94
0x2c520bac,FUN_2c520bac,76,30,1,2c520bac_FUN_2c520bac
0x2c520bfc,FUN_2c520bfc,76,30,1,2c520bfc_FUN_2c520bfc
0x2c520c48,FUN_2c520c48,32,13,1,2c520c48_FUN_2c520c48
0x2c520ea0,FUN_2c520ea0,96,39,1,2c520ea0_FUN_2c520ea0
0x2c520f1c,FUN_2c520f1c,40,16,1,2c520f1c_FUN_2c520f1c
0x2c520f4c,FUN_2c520f4c,52,23,1,2c520f4c_FUN_2c520f4c
0x2c520f9c,FUN_2c520f9c,90,36,1,2c520f9c_FUN_2c520f9c
0x2c521004,FUN_2c521004,66,28,1,2c521004_FUN_2c521004
0x2c521054,FUN_2c521054,72,31,1,2c521054_FUN_2c521054
0x2c5210a8,FUN_2c5210a8,4,2,1,2c5210a8_FUN_2c5210a8
0x2c5210ec,FUN_2c5210ec,6,3,1,2c5210ec_FUN_2c5210ec
0x2c5210fc,FUN_2c5210fc,26,11,1,2c5210fc_FUN_2c5210fc
0x2c521168,FUN_2c521168,26,11,1,2c521168_FUN_2c521168
0x2c521230,FUN_2c521230,42,16,1,2c521230_FUN_2c521230
0x2c521420,FUN_2c521420,26,10,1,2c521420_FUN_2c521420
0x2c521458,FUN_2c521458,174,67,1,2c521458_FUN_2c521458
0x2c52156c,FUN_2c52156c,40,16,1,2c52156c_FUN_2c52156c
0x2c521644,FUN_2c521644,30,12,1,2c521644_FUN_2c521644
0x2c5216e8,FUN_2c5216e8,40,16,1,2c5216e8_FUN_2c5216e8
0x2c5218a4,FUN_2c5218a4,4,2,1,2c5218a4_FUN_2c5218a4
0x2c52199c,FUN_2c52199c,24,9,1,2c52199c_FUN_2c52199c
0x2c5219b8,FUN_2c5219b8,22,9,1,2c5219b8_FUN_2c5219b8
0x2c521b08,FUN_2c521b08,28,11,1,2c521b08_FUN_2c521b08
0x2c521c58,FUN_2c521c58,26,11,1,2c521c58_FUN_2c521c58
0x2c521cac,FUN_2c521cac,26,11,1,2c521cac_FUN_2c521cac
0x2c521d04,FUN_2c521d04,204,80,1,2c521d04_FUN_2c521d04
0x2c521e10,FUN_2c521e10,134,49,1,2c521e10_FUN_2c521e10
0x2c521ec4,FUN_2c521ec4,102,41,1,2c521ec4_FUN_2c521ec4
0x2c521f34,FUN_2c521f34,64,26,1,2c521f34_FUN_2c521f34
0x2c522084,FUN_2c522084,22,10,1,2c522084_FUN_2c522084
0x2c5221d4,FUN_2c5221d4,24,11,1,2c5221d4_FUN_2c5221d4
0x2c5222d6,FUN_2c5222d6,22,9,1,2c5222d6_FUN_2c5222d6
0x2c5222fc,FUN_2c5222fc,24,10,1,2c5222fc_FUN_2c5222fc
0x2c522354,FUN_2c522354,58,24,1,2c522354_FUN_2c522354
0x2c5224f8,FUN_2c5224f8,38,16,1,2c5224f8_FUN_2c5224f8
0x2c5225d4,FUN_2c5225d4,28,12,1,2c5225d4_FUN_2c5225d4
0x2c522634,FUN_2c522634,6,2,1,2c522634_FUN_2c522634
0x2c52263c,FUN_2c52263c,204,76,1,2c52263c_FUN_2c52263c
0x2c52270c,FUN_2c52270c,398,156,1,2c52270c_FUN_2c52270c
0x2c5228a0,FUN_2c5228a0,26,11,1,2c5228a0_FUN_2c5228a0
0x2c52290c,FUN_2c52290c,208,77,1,2c52290c_FUN_2c52290c
0x2c5229e8,FUN_2c5229e8,4,2,1,2c5229e8_FUN_2c5229e8
0x2c522a2c,FUN_2c522a2c,24,10,1,2c522a2c_FUN_2c522a2c
0x2c522ae8,FUN_2c522ae8,4,2,1,2c522ae8_FUN_2c522ae8
0x2c522b34,FUN_2c522b34,256,93,1,2c522b34_FUN_2c522b34
0x2c522c44,FUN_2c522c44,144,60,1,2c522c44_FUN_2c522c44
0x2c522cec,FUN_2c522cec,186,74,1,2c522cec_FUN_2c522cec
0x2c522e38,FUN_2c522e38,104,39,1,2c522e38_FUN_2c522e38
0x2c52324c,FUN_2c52324c,28,11,1,2c52324c_FUN_2c52324c
0x2c523454,FUN_2c523454,26,11,1,2c523454_FUN_2c523454
0x2c5234d4,FUN_2c5234d4,26,11,1,2c5234d4_FUN_2c5234d4
0x2c523548,FUN_2c523548,26,11,1,2c523548_FUN_2c523548
0x2c523584,FUN_2c523584,26,11,1,2c523584_FUN_2c523584
0x2c5235c0,FUN_2c5235c0,28,12,1,2c5235c0_FUN_2c5235c0
0x2c52364c,FUN_2c52364c,22,10,1,2c52364c_FUN_2c52364c
0x2c523698,FUN_2c523698,22,10,1,2c523698_FUN_2c523698
0x2c523748,FUN_2c523748,22,10,1,2c523748_FUN_2c523748
0x2c5237e8,FUN_2c5237e8,22,10,1,2c5237e8_FUN_2c5237e8
0x2c523818,FUN_2c523818,22,10,1,2c523818_FUN_2c523818
0x2c523848,FUN_2c523848,22,9,1,2c523848_FUN_2c523848
0x2c523888,FUN_2c523888,22,9,1,2c523888_FUN_2c523888
0x2c52396c,FUN_2c52396c,38,14,1,2c52396c_FUN_2c52396c
0x2c523ab0,FUN_2c523ab0,22,9,1,2c523ab0_FUN_2c523ab0
0x2c523ae0,FUN_2c523ae0,24,11,1,2c523ae0_FUN_2c523ae0
0x2c523b34,FUN_2c523b34,100,39,1,2c523b34_FUN_2c523b34
0x2c523bfc,FUN_2c523bfc,30,13,1,2c523bfc_FUN_2c523bfc
0x2c523c60,FUN_2c523c60,32,12,1,2c523c60_FUN_2c523c60
0x2c523d4c,FUN_2c523d4c,40,16,1,2c523d4c_FUN_2c523d4c
0x2c523e00,FUN_2c523e00,32,15,1,2c523e00_FUN_2c523e00
0x2c523e8c,FUN_2c523e8c,48,19,1,2c523e8c_FUN_2c523e8c
0x2c5241bc,FUN_2c5241bc,26,11,1,2c5241bc_FUN_2c5241bc
0x2c5242e0,FUN_2c5242e0,46,19,1,2c5242e0_FUN_2c5242e0
0x2c5245b0,FUN_2c5245b0,30,11,1,2c5245b0_FUN_2c5245b0
0x2c5247b0,FUN_2c5247b0,42,17,1,2c5247b0_FUN_2c5247b0
0x2c524860,FUN_2c524860,54,22,1,2c524860_FUN_2c524860
0x2c524924,FUN_2c524924,30,13,1,2c524924_FUN_2c524924
0x2c52498c,FUN_2c52498c,30,12,1,2c52498c_FUN_2c52498c
0x2c5249e0,FUN_2c5249e0,44,17,1,2c5249e0_FUN_2c5249e0
0x2c524bd8,FUN_2c524bd8,28,11,1,2c524bd8_FUN_2c524bd8
0x2c524c50,FUN_2c524c50,30,12,1,2c524c50_FUN_2c524c50
0x2c524cb4,FUN_2c524cb4,12,5,1,2c524cb4_FUN_2c524cb4
0x2c524cc4,FUN_2c524cc4,36,13,1,2c524cc4_FUN_2c524cc4
0x2c524cec,FUN_2c524cec,22,10,1,2c524cec_FUN_2c524cec
0x2c524d44,FUN_2c524d44,22,10,1,2c524d44_FUN_2c524d44
0x2c524d88,FUN_2c524d88,20,9,1,2c524d88_FUN_2c524d88
0x2c524e3c,FUN_2c524e3c,20,9,1,2c524e3c_FUN_2c524e3c
0x2c524e7c,FUN_2c524e7c,918,384,1,2c524e7c_FUN_2c524e7c
0x2c525228,FUN_2c525228,210,104,1,2c525228_FUN_2c525228
0x2c525308,FUN_2c525308,854,343,1,2c525308_FUN_2c525308
0x2c525698,FUN_2c525698,38,14,1,2c525698_FUN_2c525698
0x2c52576c,FUN_2c52576c,50,16,1,2c52576c_FUN_2c52576c
0x2c5257a4,FUN_2c5257a4,110,43,1,2c5257a4_FUN_2c5257a4
0x2c525822,FUN_2c525822,34,15,1,2c525822_FUN_2c525822
0x2c525874,FUN_2c525874,4,2,1,2c525874_FUN_2c525874
0x2c5259c0,FUN_2c5259c0,4,2,1,2c5259c0_FUN_2c5259c0
0x2c5259cc,FUN_2c5259cc,4,2,1,2c5259cc_FUN_2c5259cc
0x2c5259d6,FUN_2c5259d6,220,87,1,2c5259d6_FUN_2c5259d6
0x2c525a34,FUN_2c525a34,24,10,1,2c525a34_FUN_2c525a34
0x2c525a58,FUN_2c525a58,22,10,1,2c525a58_FUN_2c525a58
0x2c525ac0,FUN_2c525ac0,28,11,1,2c525ac0_FUN_2c525ac0
0x2c525b74,FUN_2c525b74,130,53,1,2c525b74_FUN_2c525b74
0x2c525cac,FUN_2c525cac,22,10,1,2c525cac_FUN_2c525cac
0x2c525cec,FUN_2c525cec,22,9,1,2c525cec_FUN_2c525cec
0x2c525d14,FUN_2c525d14,24,11,1,2c525d14_FUN_2c525d14
0x2c525d4c,FUN_2c525d4c,24,11,1,2c525d4c_FUN_2c525d4c
0x2c525d84,FUN_2c525d84,24,11,1,2c525d84_FUN_2c525d84
0x2c525dbc,FUN_2c525dbc,24,11,1,2c525dbc_FUN_2c525dbc
0x2c525df4,FUN_2c525df4,24,11,1,2c525df4_FUN_2c525df4
0x2c525e2c,FUN_2c525e2c,28,12,1,2c525e2c_FUN_2c525e2c
0x2c525e8c,FUN_2c525e8c,118,45,1,2c525e8c_FUN_2c525e8c
0x2c525f1c,FUN_2c525f1c,78,29,1,2c525f1c_FUN_2c525f1c
0x2c525f84,FUN_2c525f84,58,20,1,2c525f84_FUN_2c525f84
0x2c525fe2,FUN_2c525fe2,16,7,1,2c525fe2_FUN_2c525fe2
0x2c526018,FUN_2c526018,24,11,1,2c526018_FUN_2c526018
0x2c52606c,FUN_2c52606c,22,10,1,2c52606c_FUN_2c52606c
0x2c5260b4,FUN_2c5260b4,12,6,1,2c5260b4_FUN_2c5260b4
0x2c5260c4,FUN_2c5260c4,96,39,1,2c5260c4_FUN_2c5260c4
0x2c52613c,FUN_2c52613c,32,13,1,2c52613c_FUN_2c52613c
0x2c5261a8,FUN_2c5261a8,58,23,1,2c5261a8_FUN_2c5261a8
0x2c52620c,FUN_2c52620c,146,57,1,2c52620c_FUN_2c52620c
0x2c526500,FUN_2c526500,126,51,1,2c526500_FUN_2c526500
0x2c5265a4,FUN_2c5265a4,36,14,1,2c5265a4_FUN_2c5265a4
0x2c5265e0,FUN_2c5265e0,36,14,1,2c5265e0_FUN_2c5265e0
0x2c526620,FUN_2c526620,30,12,1,2c526620_FUN_2c526620
0x2c526654,FUN_2c526654,28,12,1,2c526654_FUN_2c526654
0x2c5266c8,FUN_2c5266c8,70,27,1,2c5266c8_FUN_2c5266c8
0x2c52674c,FUN_2c52674c,30,12,1,2c52674c_FUN_2c52674c
0x2c526780,FUN_2c526780,30,12,1,2c526780_FUN_2c526780
0x2c5267c0,FUN_2c5267c0,56,20,1,2c5267c0_FUN_2c5267c0
0x2c52680c,FUN_2c52680c,60,22,1,2c52680c_FUN_2c52680c
0x2c526cbc,FUN_2c526cbc,6,2,1,2c526cbc_FUN_2c526cbc
0x2c526cd0,FUN_2c526cd0,16,7,1,2c526cd0_FUN_2c526cd0
0x2c526cfc,FUN_2c526cfc,30,13,1,2c526cfc_FUN_2c526cfc
0x2c526d40,FUN_2c526d40,20,9,1,2c526d40_FUN_2c526d40
0x2c526da8,FUN_2c526da8,24,10,1,2c526da8_FUN_2c526da8
0x2c526e04,FUN_2c526e04,56,24,1,2c526e04_FUN_2c526e04
0x2c527008,FUN_2c527008,24,9,1,2c527008_FUN_2c527008
0x2c527024,FUN_2c527024,34,14,1,2c527024_FUN_2c527024
0x2c52704c,FUN_2c52704c,34,13,1,2c52704c_FUN_2c52704c
0x2c527078,FUN_2c527078,26,10,1,2c527078_FUN_2c527078
0x2c527144,FUN_2c527144,24,10,1,2c527144_FUN_2c527144
0x2c5271cc,FUN_2c5271cc,26,11,1,2c5271cc_FUN_2c5271cc
0x2c527320,FUN_2c527320,154,48,1,2c527320_FUN_2c527320
0x2c5273c0,FUN_2c5273c0,88,34,1,2c5273c0_FUN_2c5273c0
0x2c527494,FUN_2c527494,24,11,1,2c527494_FUN_2c527494
0x2c52751c,FUN_2c52751c,40,15,1,2c52751c_FUN_2c52751c
0x2c527564,FUN_2c527564,56,22,1,2c527564_FUN_2c527564
0x2c52761c,FUN_2c52761c,316,117,1,2c52761c_FUN_2c52761c
0x2c527770,FUN_2c527770,338,124,1,2c527770_FUN_2c527770
0x2c5278f4,FUN_2c5278f4,78,29,1,2c5278f4_FUN_2c5278f4
0x2c527948,FUN_2c527948,56,20,1,2c527948_FUN_2c527948
0x2c527a68,FUN_2c527a68,36,12,1,2c527a68_FUN_2c527a68
0x2c527aac,FUN_2c527aac,22,9,1,2c527aac_FUN_2c527aac
0x2c527b00,FUN_2c527b00,296,111,1,2c527b00_FUN_2c527b00
0x2c527fc8,FUN_2c527fc8,44,19,1,2c527fc8_FUN_2c527fc8
0x2c5280b8,FUN_2c5280b8,28,10,1,2c5280b8_FUN_2c5280b8
0x2c5280e4,FUN_2c5280e4,26,11,1,2c5280e4_FUN_2c5280e4
0x2c5281e8,FUN_2c5281e8,28,11,1,2c5281e8_FUN_2c5281e8
0x2c5282a0,FUN_2c5282a0,298,105,1,2c5282a0_FUN_2c5282a0
0x2c5283f4,FUN_2c5283f4,28,12,1,2c5283f4_FUN_2c5283f4
0x2c5284f8,FUN_2c5284f8,108,43,1,2c5284f8_FUN_2c5284f8
0x2c528582,FUN_2c528582,40,16,1,2c528582_FUN_2c528582
0x2c5285d4,FUN_2c5285d4,24,11,1,2c5285d4_FUN_2c5285d4
0x2c5285f0,FUN_2c5285f0,24,10,1,2c5285f0_FUN_2c5285f0
0x2c52865c,FUN_2c52865c,24,10,1,2c52865c_FUN_2c52865c
0x2c5286cc,FUN_2c5286cc,54,20,1,2c5286cc_FUN_2c5286cc
0x2c52890c,FUN_2c52890c,24,10,1,2c52890c_FUN_2c52890c
0x2c528aec,FUN_2c528aec,34,15,1,2c528aec_FUN_2c528aec
0x2c528b9c,FUN_2c528b9c,22,9,1,2c528b9c_FUN_2c528b9c
0x2c528bcc,FUN_2c528bcc,28,13,1,2c528bcc_FUN_2c528bcc
0x2c528c18,FUN_2c528c18,72,28,1,2c528c18_FUN_2c528c18
0x2c528c60,FUN_2c528c60,72,28,1,2c528c60_FUN_2c528c60
0x2c528ca8,FUN_2c528ca8,44,19,1,2c528ca8_FUN_2c528ca8
0x2c528d14,FUN_2c528d14,24,10,1,2c528d14_FUN_2c528d14
0x2c528d88,FUN_2c528d88,54,21,1,2c528d88_FUN_2c528d88
0x2c528e20,FUN_2c528e20,88,34,1,2c528e20_FUN_2c528e20
0x2c528e78,FUN_2c528e78,26,12,1,2c528e78_FUN_2c528e78
0x2c528ecc,FUN_2c528ecc,24,11,1,2c528ecc_FUN_2c528ecc
0x2c528f28,FUN_2c528f28,22,10,1,2c528f28_FUN_2c528f28
0x2c528f94,FUN_2c528f94,26,12,1,2c528f94_FUN_2c528f94
0x2c528fe4,FUN_2c528fe4,16,6,1,2c528fe4_FUN_2c528fe4
0x2c528ff8,FUN_2c528ff8,52,21,1,2c528ff8_FUN_2c528ff8
0x2c529044,FUN_2c529044,84,33,1,2c529044_FUN_2c529044
0x2c529098,FUN_2c529098,22,10,1,2c529098_FUN_2c529098
0x2c529390,FUN_2c529390,38,14,1,2c529390_FUN_2c529390
0x2c529478,FUN_2c529478,28,12,1,2c529478_FUN_2c529478
0x2c5294e0,FUN_2c5294e0,28,11,1,2c5294e0_FUN_2c5294e0
0x2c5295d8,FUN_2c5295d8,28,11,1,2c5295d8_FUN_2c5295d8
0x2c529660,FUN_2c529660,52,21,1,2c529660_FUN_2c529660
0x2c52981c,FUN_2c52981c,26,11,1,2c52981c_FUN_2c52981c
0x2c529870,FUN_2c529870,24,10,1,2c529870_FUN_2c529870
0x2c5298f4,FUN_2c5298f4,6,3,1,2c5298f4_FUN_2c5298f4
0x2c5298fc,FUN_2c5298fc,16,7,1,2c5298fc_FUN_2c5298fc
0x2c52990c,FUN_2c52990c,84,33,1,2c52990c_FUN_2c52990c
0x2c529960,FUN_2c529960,62,25,1,2c529960_FUN_2c529960
0x2c5299c8,FUN_2c5299c8,28,12,1,2c5299c8_FUN_2c5299c8
0x2c529a04,FUN_2c529a04,28,10,1,2c529a04_FUN_2c529a04
0x2c529a30,FUN_2c529a30,6,3,1,2c529a30_FUN_2c529a30
0x2c529a88,FUN_2c529a88,28,12,1,2c529a88_FUN_2c529a88
0x2c529acc,FUN_2c529acc,38,18,1,2c529acc_FUN_2c529acc
0x2c529b34,FUN_2c529b34,28,13,1,2c529b34_FUN_2c529b34
0x2c529be4,FUN_2c529be4,154,63,1,2c529be4_FUN_2c529be4
0x2c529cb8,FUN_2c529cb8,34,12,1,2c529cb8_FUN_2c529cb8
0x2c529d14,FUN_2c529d14,86,30,1,2c529d14_FUN_2c529d14
0x2c529d70,FUN_2c529d70,86,31,1,2c529d70_FUN_2c529d70
0x2c529dd2,FUN_2c529dd2,230,95,1,2c529dd2_FUN_2c529dd2
0x2c529efc,FUN_2c529efc,24,10,1,2c529efc_FUN_2c529efc
0x2c529f48,FUN_2c529f48,24,10,1,2c529f48_FUN_2c529f48
0x2c529f94,FUN_2c529f94,24,10,1,2c529f94_FUN_2c529f94
0x2c52a000,FUN_2c52a000,24,11,1,2c52a000_FUN_2c52a000
0x2c52a03c,FUN_2c52a03c,22,10,1,2c52a03c_FUN_2c52a03c
0x2c52a06c,FUN_2c52a06c,22,10,1,2c52a06c_FUN_2c52a06c
0x2c52a0a4,FUN_2c52a0a4,22,10,1,2c52a0a4_FUN_2c52a0a4
0x2c52a0d4,FUN_2c52a0d4,22,10,1,2c52a0d4_FUN_2c52a0d4
0x2c52a128,FUN_2c52a128,22,10,1,2c52a128_FUN_2c52a128
0x2c52a170,FUN_2c52a170,22,10,1,2c52a170_FUN_2c52a170
0x2c52a1c4,FUN_2c52a1c4,22,10,1,2c52a1c4_FUN_2c52a1c4
0x2c52a218,FUN_2c52a218,22,10,1,2c52a218_FUN_2c52a218
0x2c52a248,FUN_2c52a248,22,10,1,2c52a248_FUN_2c52a248
0x2c52a274,FUN_2c52a274,22,10,1,2c52a274_FUN_2c52a274
0x2c52a2a0,FUN_2c52a2a0,22,10,1,2c52a2a0_FUN_2c52a2a0
0x2c52a2cc,FUN_2c52a2cc,22,10,1,2c52a2cc_FUN_2c52a2cc
0x2c52a2f8,FUN_2c52a2f8,22,10,1,2c52a2f8_FUN_2c52a2f8
0x2c52a324,FUN_2c52a324,22,10,1,2c52a324_FUN_2c52a324
0x2c52a35c,FUN_2c52a35c,22,10,1,2c52a35c_FUN_2c52a35c
0x2c52a388,FUN_2c52a388,22,10,1,2c52a388_FUN_2c52a388
0x2c52a3b4,FUN_2c52a3b4,24,11,1,2c52a3b4_FUN_2c52a3b4
0x2c52a3e4,FUN_2c52a3e4,24,11,1,2c52a3e4_FUN_2c52a3e4
0x2c52a414,FUN_2c52a414,22,10,1,2c52a414_FUN_2c52a414
0x2c52a444,FUN_2c52a444,26,11,1,2c52a444_FUN_2c52a444
0x2c52a4ac,FUN_2c52a4ac,50,20,1,2c52a4ac_FUN_2c52a4ac
0x2c52a974,FUN_2c52a974,70,33,1,2c52a974_FUN_2c52a974
0x2c52abac,FUN_2c52abac,24,10,1,2c52abac_FUN_2c52abac
0x2c52ac30,FUN_2c52ac30,24,10,1,2c52ac30_FUN_2c52ac30
0x2c52accc,FUN_2c52accc,26,12,1,2c52accc_FUN_2c52accc
0x2c52ad08,FUN_2c52ad08,30,13,1,2c52ad08_FUN_2c52ad08
0x2c52ae28,FUN_2c52ae28,102,41,1,2c52ae28_FUN_2c52ae28
0x2c52ae98,FUN_2c52ae98,114,50,1,2c52ae98_FUN_2c52ae98
0x2c52af14,FUN_2c52af14,70,29,1,2c52af14_FUN_2c52af14
0x2c52b03c,FUN_2c52b03c,26,12,1,2c52b03c_FUN_2c52b03c
0x2c52b0b4,FUN_2c52b0b4,26,12,1,2c52b0b4_FUN_2c52b0b4
0x2c52b108,FUN_2c52b108,44,18,1,2c52b108_FUN_2c52b108
0x2c52b2a8,FUN_2c52b2a8,26,12,1,2c52b2a8_FUN_2c52b2a8
0x2c52b300,FUN_2c52b300,4,2,1,2c52b300_FUN_2c52b300
0x2c52b350,FUN_2c52b350,154,63,1,2c52b350_FUN_2c52b350
0x2c52b438,FUN_2c52b438,20,9,1,2c52b438_FUN_2c52b438
0x2c52b45c,FUN_2c52b45c,42,20,1,2c52b45c_FUN_2c52b45c
0x2c52b498,FUN_2c52b498,42,18,1,2c52b498_FUN_2c52b498
0x2c52b4ec,FUN_2c52b4ec,30,12,1,2c52b4ec_FUN_2c52b4ec
0x2c52b57c,FUN_2c52b57c,30,12,1,2c52b57c_FUN_2c52b57c
0x2c52b5c0,FUN_2c52b5c0,102,41,1,2c52b5c0_FUN_2c52b5c0
0x2c52b630,FUN_2c52b630,114,50,1,2c52b630_FUN_2c52b630
0x2c52b6ac,FUN_2c52b6ac,56,22,1,2c52b6ac_FUN_2c52b6ac
0x2c52b700,FUN_2c52b700,46,20,1,2c52b700_FUN_2c52b700
0x2c52b758,FUN_2c52b758,48,20,1,2c52b758_FUN_2c52b758
0x2c52b7a4,FUN_2c52b7a4,108,46,1,2c52b7a4_FUN_2c52b7a4
0x2c52b81e,FUN_2c52b81e,82,36,1,2c52b81e_FUN_2c52b81e
0x2c52b87e,FUN_2c52b87e,86,37,1,2c52b87e_FUN_2c52b87e
0x2c52b8e4,FUN_2c52b8e4,96,39,1,2c52b8e4_FUN_2c52b8e4
0x2c52b954,FUN_2c52b954,626,239,1,2c52b954_FUN_2c52b954
0x2c52bbd8,FUN_2c52bbd8,1068,430,1,2c52bbd8_FUN_2c52bbd8
0x2c52c020,FUN_2c52c020,46,17,1,2c52c020_FUN_2c52c020
0x2c52c9ac,FUN_2c52c9ac,162,64,1,2c52c9ac_FUN_2c52c9ac
0x2c52cb64,FUN_2c52cb64,404,157,1,2c52cb64_FUN_2c52cb64
0x2c52cd0c,FUN_2c52cd0c,50,19,1,2c52cd0c_FUN_2c52cd0c
0x2c52cf54,FUN_2c52cf54,54,19,1,2c52cf54_FUN_2c52cf54
0x2c52d3b8,FUN_2c52d3b8,86,34,1,2c52d3b8_FUN_2c52d3b8
0x2c52d414,FUN_2c52d414,398,156,1,2c52d414_FUN_2c52d414
0x2c52d5a8,FUN_2c52d5a8,42,16,1,2c52d5a8_FUN_2c52d5a8
0x2c52da98,FUN_2c52da98,40,16,1,2c52da98_FUN_2c52da98
0x2c52ddf8,FUN_2c52ddf8,56,21,1,2c52ddf8_FUN_2c52ddf8
0x2c52e3b4,FUN_2c52e3b4,374,157,1,2c52e3b4_FUN_2c52e3b4
0x2c52e5e0,FUN_2c52e5e0,22,10,1,2c52e5e0_FUN_2c52e5e0
0x2c52e610,FUN_2c52e610,22,10,1,2c52e610_FUN_2c52e610
0x2c52e63c,FUN_2c52e63c,22,10,1,2c52e63c_FUN_2c52e63c
0x2c52e69c,FUN_2c52e69c,22,10,1,2c52e69c_FUN_2c52e69c
0x2c52e6d0,FUN_2c52e6d0,22,10,1,2c52e6d0_FUN_2c52e6d0
0x2c52e6fc,FUN_2c52e6fc,28,12,1,2c52e6fc_FUN_2c52e6fc
0x2c52e750,FUN_2c52e750,22,10,1,2c52e750_FUN_2c52e750
0x2c52e77c,FUN_2c52e77c,22,10,1,2c52e77c_FUN_2c52e77c
0x2c52e7a8,FUN_2c52e7a8,22,10,1,2c52e7a8_FUN_2c52e7a8
0x2c52e7d4,FUN_2c52e7d4,46,21,1,2c52e7d4_FUN_2c52e7d4
0x2c52e808,FUN_2c52e808,6,3,1,2c52e808_FUN_2c52e808
0x2c52e868,FUN_2c52e868,40,18,1,2c52e868_FUN_2c52e868
0x2c52e890,FUN_2c52e890,6,3,1,2c52e890_FUN_2c52e890
0x2c52e8f0,FUN_2c52e8f0,62,27,1,2c52e8f0_FUN_2c52e8f0
0x2c52e934,FUN_2c52e934,300,127,1,2c52e934_FUN_2c52e934
0x2c52ea70,FUN_2c52ea70,8,4,1,2c52ea70_FUN_2c52ea70
0x2c52ec38,FUN_2c52ec38,24,10,1,2c52ec38_FUN_2c52ec38
0x2c52f004,FUN_2c52f004,24,10,1,2c52f004_FUN_2c52f004
0x2c52f238,FUN_2c52f238,18,8,1,2c52f238_FUN_2c52f238
0x2c52f2f4,FUN_2c52f2f4,6,3,1,2c52f2f4_FUN_2c52f2f4
0x2c52f3d0,FUN_2c52f3d0,28,11,1,2c52f3d0_FUN_2c52f3d0
0x2c52f554,FUN_2c52f554,64,27,1,2c52f554_FUN_2c52f554
0x2c52f5f4,FUN_2c52f5f4,174,71,1,2c52f5f4_FUN_2c52f5f4
0x2c52f6ac,FUN_2c52f6ac,200,72,1,2c52f6ac_FUN_2c52f6ac
0x2c52f780,FUN_2c52f780,98,33,1,2c52f780_FUN_2c52f780
0x2c52f854,FUN_2c52f854,200,72,1,2c52f854_FUN_2c52f854
0x2c52f928,FUN_2c52f928,204,80,1,2c52f928_FUN_2c52f928
0x2c52fa6c,FUN_2c52fa6c,46,18,1,2c52fa6c_FUN_2c52fa6c
0x2c52faa8,FUN_2c52faa8,14,6,1,2c52faa8_FUN_2c52faa8
0x2c52fab8,FUN_2c52fab8,14,6,1,2c52fab8_FUN_2c52fab8
0x2c52fad0,FUN_2c52fad0,14,6,1,2c52fad0_FUN_2c52fad0
0x2c52faec,FUN_2c52faec,24,10,1,2c52faec_FUN_2c52faec
0x2c52fb12,FUN_2c52fb12,28,12,1,2c52fb12_FUN_2c52fb12
0x2c52fb3e,FUN_2c52fb3e,40,18,1,2c52fb3e_FUN_2c52fb3e
0x2c52fb84,FUN_2c52fb84,20,9,1,2c52fb84_FUN_2c52fb84
0x2c52fbac,FUN_2c52fbac,94,46,1,2c52fbac_FUN_2c52fbac
0x2c52fc10,FUN_2c52fc10,94,46,1,2c52fc10_FUN_2c52fc10
0x2c52fc74,FUN_2c52fc74,94,46,1,2c52fc74_FUN_2c52fc74
0x2c52fcd8,FUN_2c52fcd8,94,46,1,2c52fcd8_FUN_2c52fcd8
0x2c52fd3c,FUN_2c52fd3c,98,47,1,2c52fd3c_FUN_2c52fd3c
0x2c52fda8,FUN_2c52fda8,98,47,1,2c52fda8_FUN_2c52fda8
0x2c52fe14,FUN_2c52fe14,98,47,1,2c52fe14_FUN_2c52fe14
0x2c52fe80,FUN_2c52fe80,98,47,1,2c52fe80_FUN_2c52fe80
0x2c52feec,FUN_2c52feec,182,81,1,2c52feec_FUN_2c52feec
0x2c52ffd0,FUN_2c52ffd0,180,81,1,2c52ffd0_FUN_2c52ffd0
0x2c5300b0,FUN_2c5300b0,118,54,1,2c5300b0_FUN_2c5300b0
0x2c530264,FUN_2c530264,690,302,1,2c530264_FUN_2c530264
0x2c5306ba,FUN_2c5306ba,110,48,1,2c5306ba_FUN_2c5306ba
0x2c530730,FUN_2c530730,28,14,1,2c530730_FUN_2c530730
0x2c530760,FUN_2c530760,98,44,1,2c530760_FUN_2c530760
0x2c5307ce,FUN_2c5307ce,122,53,1,2c5307ce_FUN_2c5307ce
0x2c53084c,FUN_2c53084c,34,14,1,2c53084c_FUN_2c53084c
0x2c530878,FUN_2c530878,24,10,1,2c530878_FUN_2c530878
0x2c530a6c,FUN_2c530a6c,4,2,1,2c530a6c_FUN_2c530a6c
0x2c530a70,FUN_2c530a70,94,38,1,2c530a70_FUN_2c530a70
0x2c530c70,FUN_2c530c70,4,2,1,2c530c70_FUN_2c530c70
0x2c530c7c,FUN_2c530c7c,172,81,1,2c530c7c_FUN_2c530c7c
0x2c530d48,FUN_2c530d48,4,2,1,2c530d48_FUN_2c530d48
0x2c530d50,FUN_2c530d50,140,61,1,2c530d50_FUN_2c530d50
0x2c530df4,FUN_2c530df4,84,34,1,2c530df4_FUN_2c530df4
0x2c530e4c,FUN_2c530e4c,12,4,1,2c530e4c_FUN_2c530e4c
0x2c530e58,FUN_2c530e58,188,74,1,2c530e58_FUN_2c530e58
0x2c530f1c,FUN_2c530f1c,190,73,1,2c530f1c_FUN_2c530f1c
0x2c530fe8,FUN_2c530fe8,40,16,1,2c530fe8_FUN_2c530fe8
0x2c531450,FUN_2c531450,154,63,1,2c531450_FUN_2c531450
0x2c531520,FUN_2c531520,68,28,1,2c531520_FUN_2c531520
0x2c531566,FUN_2c531566,50,20,1,2c531566_FUN_2c531566
0x2c53159c,FUN_2c53159c,66,27,1,2c53159c_FUN_2c53159c
0x2c5315e0,FUN_2c5315e0,50,20,1,2c5315e0_FUN_2c5315e0
0x2c53165c,FUN_2c53165c,58,21,1,2c53165c_FUN_2c53165c
0x2c531698,FUN_2c531698,104,37,1,2c531698_FUN_2c531698
0x2c531704,FUN_2c531704,212,83,1,2c531704_FUN_2c531704
0x2c53180c,FUN_2c53180c,122,47,1,2c53180c_FUN_2c53180c
0x2c5318a8,FUN_2c5318a8,74,29,1,2c5318a8_FUN_2c5318a8
0x2c531908,FUN_2c531908,22,10,1,2c531908_FUN_2c531908
0x2c53195c,FUN_2c53195c,40,18,1,2c53195c_FUN_2c53195c
0x2c531984,FUN_2c531984,180,77,1,2c531984_FUN_2c531984
0x2c531abc,FUN_2c531abc,60,26,1,2c531abc_FUN_2c531abc
0x2c531b04,FUN_2c531b04,174,74,1,2c531b04_FUN_2c531b04
0x2c531bec,FUN_2c531bec,76,31,1,2c531bec_FUN_2c531bec
0x2c531c44,FUN_2c531c44,156,59,1,2c531c44_FUN_2c531c44
0x2c531d8c,FUN_2c531d8c,828,313,1,2c531d8c_FUN_2c531d8c
0x2c5320ec,FUN_2c5320ec,184,70,1,2c5320ec_FUN_2c5320ec
0x2c5321c4,FUN_2c5321c4,336,131,1,2c5321c4_FUN_2c5321c4
0x2c532340,FUN_2c532340,154,63,1,2c532340_FUN_2c532340
0x2c532414,FUN_2c532414,62,23,1,2c532414_FUN_2c532414
0x2c532454,FUN_2c532454,594,233,1,2c532454_FUN_2c532454
0x2c5326a8,FUN_2c5326a8,260,111,1,2c5326a8_FUN_2c5326a8
0x2c5327c0,FUN_2c5327c0,4,2,1,2c5327c0_FUN_2c5327c0
0x2c5327c8,FUN_2c5327c8,174,60,1,2c5327c8_FUN_2c5327c8
0x2c53287c,FUN_2c53287c,6,3,1,2c53287c_FUN_2c53287c
0x2c532918,FUN_2c532918,36,16,1,2c532918_FUN_2c532918
0x2c5329f8,FUN_2c5329f8,82,38,1,2c5329f8_FUN_2c5329f8
0x2c532a4c,FUN_2c532a4c,64,23,1,2c532a4c_FUN_2c532a4c
0x2c532a8c,FUN_2c532a8c,28,12,1,2c532a8c_FUN_2c532a8c
0x2c532c00,FUN_2c532c00,302,119,1,2c532c00_FUN_2c532c00
0x2c532e0c,FUN_2c532e0c,28,12,1,2c532e0c_FUN_2c532e0c
0x2c532f74,FUN_2c532f74,34,14,1,2c532f74_FUN_2c532f74
0x2c533108,FUN_2c533108,28,10,1,2c533108_FUN_2c533108
0x2c533128,FUN_2c533128,414,158,1,2c533128_FUN_2c533128
0x2c5332dc,FUN_2c5332dc,386,175,1,2c5332dc_FUN_2c5332dc
0x2c533484,FUN_2c533484,150,59,1,2c533484_FUN_2c533484
0x2c533558,FUN_2c533558,172,67,1,2c533558_FUN_2c533558
0x2c533644,FUN_2c533644,150,59,1,2c533644_FUN_2c533644
0x2c533720,FUN_2c533720,86,33,1,2c533720_FUN_2c533720
0x2c5337a4,FUN_2c5337a4,40,16,1,2c5337a4_FUN_2c5337a4
0x2c5346b0,FUN_2c5346b0,18,6,1,2c5346b0_FUN_2c5346b0
0x2c5346c4,FUN_2c5346c4,36,15,1,2c5346c4_FUN_2c5346c4
0x2c53478c,FUN_2c53478c,6,3,1,2c53478c_FUN_2c53478c
0x2c534844,FUN_2c534844,204,80,1,2c534844_FUN_2c534844
0x2c534964,FUN_2c534964,102,41,1,2c534964_FUN_2c534964
0x2c5349d4,FUN_2c5349d4,32,14,1,2c5349d4_FUN_2c5349d4
0x2c5349f8,FUN_2c5349f8,36,15,1,2c5349f8_FUN_2c5349f8
0x2c534a24,FUN_2c534a24,20,8,1,2c534a24_FUN_2c534a24
0x2c534cd0,FUN_2c534cd0,4,2,1,2c534cd0_FUN_2c534cd0
0x2c534d1c,FUN_2c534d1c,18,8,1,2c534d1c_FUN_2c534d1c
0x2c534d98,FUN_2c534d98,6,3,1,2c534d98_FUN_2c534d98
0x2c534e60,FUN_2c534e60,240,88,1,2c534e60_FUN_2c534e60
0x2c534f6c,FUN_2c534f6c,242,89,1,2c534f6c_FUN_2c534f6c
0x2c535078,FUN_2c535078,650,249,1,2c535078_FUN_2c535078
0x2c535784,FUN_2c535784,328,129,1,2c535784_FUN_2c535784
0x2c535904,FUN_2c535904,14,6,1,2c535904_FUN_2c535904
0x2c53591c,FUN_2c53591c,16,7,1,2c53591c_FUN_2c53591c
0x2c535932,FUN_2c535932,18,7,1,2c535932_FUN_2c535932
0x2c53594c,FUN_2c53594c,102,41,1,2c53594c_FUN_2c53594c
0x2c5359c4,FUN_2c5359c4,24,9,1,2c5359c4_FUN_2c5359c4
0x2c5359e8,FUN_2c5359e8,24,9,1,2c5359e8_FUN_2c5359e8
0x2c535a0c,FUN_2c535a0c,24,9,1,2c535a0c_FUN_2c535a0c
0x2c535a28,FUN_2c535a28,122,57,1,2c535a28_FUN_2c535a28
0x2c535aac,FUN_2c535aac,516,204,1,2c535aac_FUN_2c535aac
0x2c535cc8,FUN_2c535cc8,616,258,1,2c535cc8_FUN_2c535cc8
0x2c535f34,FUN_2c535f34,256,104,1,2c535f34_FUN_2c535f34
0x2c5360a8,FUN_2c5360a8,78,33,1,2c5360a8_FUN_2c5360a8
0x2c5360f8,FUN_2c5360f8,22,10,1,2c5360f8_FUN_2c5360f8
0x2c5361cc,FUN_2c5361cc,318,101,1,2c5361cc_FUN_2c5361cc
0x2c536314,FUN_2c536314,4,2,1,2c536314_FUN_2c536314
0x2c536358,FUN_2c536358,4,2,1,2c536358_FUN_2c536358
0x2c5363a4,FUN_2c5363a4,6,3,1,2c5363a4_FUN_2c5363a4
0x2c536440,FUN_2c536440,36,15,1,2c536440_FUN_2c536440
0x2c536510,FUN_2c536510,20,9,1,2c536510_FUN_2c536510
0x2c53653c,FUN_2c53653c,28,11,1,2c53653c_FUN_2c53653c
0x2c5367a8,FUN_2c5367a8,116,44,1,2c5367a8_FUN_2c5367a8
0x2c536824,FUN_2c536824,32,12,1,2c536824_FUN_2c536824
0x2c5368f4,FUN_2c5368f4,34,12,1,2c5368f4_FUN_2c5368f4
0x2c536a24,FUN_2c536a24,118,44,1,2c536a24_FUN_2c536a24
0x2c536aa8,FUN_2c536aa8,66,26,1,2c536aa8_FUN_2c536aa8
0x2c536af4,FUN_2c536af4,28,11,1,2c536af4_FUN_2c536af4
0x2c536b9c,FUN_2c536b9c,26,11,1,2c536b9c_FUN_2c536b9c
0x2c536c74,FUN_2c536c74,6,3,1,2c536c74_FUN_2c536c74
0x2c536ccc,FUN_2c536ccc,28,11,1,2c536ccc_FUN_2c536ccc
0x2c536db4,FUN_2c536db4,6,3,1,2c536db4_FUN_2c536db4
0x2c536e0c,FUN_2c536e0c,100,39,1,2c536e0c_FUN_2c536e0c
0x2c536e78,FUN_2c536e78,28,11,1,2c536e78_FUN_2c536e78
0x2c536f88,FUN_2c536f88,6,3,1,2c536f88_FUN_2c536f88
0x2c536fe0,FUN_2c536fe0,36,15,1,2c536fe0_FUN_2c536fe0
0x2c537110,FUN_2c537110,6,3,1,2c537110_FUN_2c537110
0x2c537168,FUN_2c537168,310,121,1,2c537168_FUN_2c537168
0x2c53731c,FUN_2c53731c,32,14,1,2c53731c_FUN_2c53731c
0x2c537464,FUN_2c537464,6,3,1,2c537464_FUN_2c537464
0x2c5374bc,FUN_2c5374bc,48,20,1,2c5374bc_FUN_2c5374bc
0x2c5377d0,FUN_2c5377d0,90,33,1,2c5377d0_FUN_2c5377d0
0x2c5379a6,FUN_2c5379a6,86,30,1,2c5379a6_FUN_2c5379a6
0x2c537a08,FUN_2c537a08,36,13,1,2c537a08_FUN_2c537a08
0x2c537a8c,FUN_2c537a8c,108,38,1,2c537a8c_FUN_2c537a8c
0x2c537b28,FUN_2c537b28,122,46,1,2c537b28_FUN_2c537b28
0x2c537d5c,FUN_2c537d5c,40,14,1,2c537d5c_FUN_2c537d5c
0x2c538014,FUN_2c538014,130,48,1,2c538014_FUN_2c538014
0x2c5380c4,FUN_2c5380c4,178,63,1,2c5380c4_FUN_2c5380c4
0x2c5381b4,FUN_2c5381b4,28,11,1,2c5381b4_FUN_2c5381b4
0x2c538274,FUN_2c538274,28,11,1,2c538274_FUN_2c538274
0x2c538338,FUN_2c538338,36,15,1,2c538338_FUN_2c538338
0x2c5383b4,FUN_2c5383b4,36,15,1,2c5383b4_FUN_2c5383b4
0x2c538430,FUN_2c538430,28,11,1,2c538430_FUN_2c538430
0x2c5384e0,FUN_2c5384e0,36,14,1,2c5384e0_FUN_2c5384e0
0x2c5385f4,FUN_2c5385f4,4,2,1,2c5385f4_FUN_2c5385f4
0x2c538644,FUN_2c538644,16,5,1,2c538644_FUN_2c538644
0x2c5386a0,FUN_2c5386a0,16,5,1,2c5386a0_FUN_2c5386a0
0x2c5386fc,FUN_2c5386fc,28,11,1,2c5386fc_FUN_2c5386fc
0x2c538790,FUN_2c538790,42,18,1,2c538790_FUN_2c538790
0x2c5388f8,FUN_2c5388f8,28,11,1,2c5388f8_FUN_2c5388f8
0x2c53898c,FUN_2c53898c,42,18,1,2c53898c_FUN_2c53898c
0x2c538ad0,FUN_2c538ad0,28,11,1,2c538ad0_FUN_2c538ad0
0x2c538b64,FUN_2c538b64,44,19,1,2c538b64_FUN_2c538b64
0x2c538cac,FUN_2c538cac,28,11,1,2c538cac_FUN_2c538cac
0x2c538d40,FUN_2c538d40,50,21,1,2c538d40_FUN_2c538d40
0x2c538e94,FUN_2c538e94,62,26,1,2c538e94_FUN_2c538e94
0x2c538fa4,FUN_2c538fa4,126,49,1,2c538fa4_FUN_2c538fa4
0x2c539040,FUN_2c539040,30,12,1,2c539040_FUN_2c539040
0x2c5390c0,FUN_2c5390c0,108,43,1,2c5390c0_FUN_2c5390c0
0x2c53914c,FUN_2c53914c,126,51,1,2c53914c_FUN_2c53914c
0x2c5392d4,FUN_2c5392d4,28,10,1,2c5392d4_FUN_2c5392d4
0x2c5392f4,FUN_2c5392f4,82,36,1,2c5392f4_FUN_2c5392f4
0x2c539348,FUN_2c539348,402,159,1,2c539348_FUN_2c539348
0x2c5394e0,FUN_2c5394e0,524,204,1,2c5394e0_FUN_2c5394e0
0x2c539718,FUN_2c539718,110,47,1,2c539718_FUN_2c539718
0x2c5398dc,FUN_2c5398dc,94,37,1,2c5398dc_FUN_2c5398dc
0x2c5399b0,FUN_2c5399b0,28,11,1,2c5399b0_FUN_2c5399b0
0x2c539b44,FUN_2c539b44,30,11,1,2c539b44_FUN_2c539b44
0x2c539c42,FUN_2c539c42,298,102,1,2c539c42_FUN_2c539c42
0x2c539d76,FUN_2c539d76,252,91,1,2c539d76_FUN_2c539d76
0x2c539e7c,FUN_2c539e7c,680,246,1,2c539e7c_FUN_2c539e7c
0x2c53a160,FUN_2c53a160,42,15,1,2c53a160_FUN_2c53a160
0x2c53a29c,FUN_2c53a29c,30,13,1,2c53a29c_FUN_2c53a29c
0x2c53b640,FUN_2c53b640,204,80,1,2c53b640_FUN_2c53b640
0x2c53b78c,FUN_2c53b78c,22,10,1,2c53b78c_FUN_2c53b78c
0x2c53b7f4,FUN_2c53b7f4,24,10,1,2c53b7f4_FUN_2c53b7f4
0x2c53b858,FUN_2c53b858,12,5,1,2c53b858_FUN_2c53b858
0x2c53b868,FUN_2c53b868,12,5,1,2c53b868_FUN_2c53b868
0x2c53b878,FUN_2c53b878,12,5,1,2c53b878_FUN_2c53b878
0x2c53b888,FUN_2c53b888,12,5,1,2c53b888_FUN_2c53b888
0x2c53b898,FUN_2c53b898,12,5,1,2c53b898_FUN_2c53b898
0x2c53b8a8,FUN_2c53b8a8,12,5,1,2c53b8a8_FUN_2c53b8a8
0x2c53b8b8,FUN_2c53b8b8,12,5,1,2c53b8b8_FUN_2c53b8b8
0x2c53b8c8,FUN_2c53b8c8,26,10,1,2c53b8c8_FUN_2c53b8c8
0x2c53b918,FUN_2c53b918,34,13,1,2c53b918_FUN_2c53b918
0x2c53ba20,FUN_2c53ba20,34,13,1,2c53ba20_FUN_2c53ba20
0x2c53bb18,FUN_2c53bb18,28,12,1,2c53bb18_FUN_2c53bb18
0x2c53bb74,FUN_2c53bb74,38,14,1,2c53bb74_FUN_2c53bb74
0x2c53bb9c,FUN_2c53bb9c,56,25,1,2c53bb9c_FUN_2c53bb9c
0x2c53bc88,FUN_2c53bc88,34,13,1,2c53bc88_FUN_2c53bc88
0x2c53be48,FUN_2c53be48,64,27,1,2c53be48_FUN_2c53be48
0x2c53be94,FUN_2c53be94,64,27,1,2c53be94_FUN_2c53be94
0x2c53bee0,FUN_2c53bee0,104,41,1,2c53bee0_FUN_2c53bee0
0x2c53bf66,FUN_2c53bf66,20,9,1,2c53bf66_FUN_2c53bf66
0x2c53c04c,FUN_2c53c04c,22,11,1,2c53c04c_FUN_2c53c04c
0x2c53c064,FUN_2c53c064,34,15,1,2c53c064_FUN_2c53c064
0x2c53c088,FUN_2c53c088,50,23,1,2c53c088_FUN_2c53c088
0x2c53c0f0,FUN_2c53c0f0,30,13,1,2c53c0f0_FUN_2c53c0f0
0x2c53c110,FUN_2c53c110,22,10,1,2c53c110_FUN_2c53c110
0x2c53c180,FUN_2c53c180,28,11,1,2c53c180_FUN_2c53c180
0x2c53c19c,FUN_2c53c19c,22,8,1,2c53c19c_FUN_2c53c19c
0x2c53c21c,FUN_2c53c21c,34,13,1,2c53c21c_FUN_2c53c21c
0x2c53c328,FUN_2c53c328,32,13,1,2c53c328_FUN_2c53c328
0x2c53c43c,FUN_2c53c43c,34,13,1,2c53c43c_FUN_2c53c43c
0x2c53c578,FUN_2c53c578,34,13,1,2c53c578_FUN_2c53c578
0x2c53c6f8,FUN_2c53c6f8,6,2,1,2c53c6f8_FUN_2c53c6f8
0x2c53c700,FUN_2c53c700,58,22,1,2c53c700_FUN_2c53c700
0x2c53c73c,FUN_2c53c73c,46,19,1,2c53c73c_FUN_2c53c73c
0x2c53c76c,FUN_2c53c76c,222,88,1,2c53c76c_FUN_2c53c76c
0x2c53c868,FUN_2c53c868,38,15,1,2c53c868_FUN_2c53c868
0x2c53c8a4,FUN_2c53c8a4,38,15,1,2c53c8a4_FUN_2c53c8a4
0x2c53c8e0,FUN_2c53c8e0,38,15,1,2c53c8e0_FUN_2c53c8e0
0x2c53c91c,FUN_2c53c91c,32,13,1,2c53c91c_FUN_2c53c91c
0x2c53c988,FUN_2c53c988,32,13,1,2c53c988_FUN_2c53c988
0x2c53ca1c,FUN_2c53ca1c,144,62,1,2c53ca1c_FUN_2c53ca1c
0x2c53cac4,FUN_2c53cac4,32,13,1,2c53cac4_FUN_2c53cac4
0x2c53cb5a,FUN_2c53cb5a,64,29,1,2c53cb5a_FUN_2c53cb5a
0x2c53cbcc,FUN_2c53cbcc,36,15,1,2c53cbcc_FUN_2c53cbcc
0x2c53cf24,FUN_2c53cf24,84,35,1,2c53cf24_FUN_2c53cf24
0x2c53cf8c,FUN_2c53cf8c,84,38,1,2c53cf8c_FUN_2c53cf8c
0x2c53cff4,FUN_2c53cff4,84,38,1,2c53cff4_FUN_2c53cff4
0x2c53d05c,FUN_2c53d05c,24,11,1,2c53d05c_FUN_2c53d05c
0x2c53d108,FUN_2c53d108,70,29,1,2c53d108_FUN_2c53d108
0x2c53d154,FUN_2c53d154,124,48,1,2c53d154_FUN_2c53d154
0x2c53d1f4,FUN_2c53d1f4,8,4,1,2c53d1f4_FUN_2c53d1f4
0x2c53d3f4,FUN_2c53d3f4,38,15,1,2c53d3f4_FUN_2c53d3f4
0x2c53d46c,FUN_2c53d46c,8,4,1,2c53d46c_FUN_2c53d46c
0x2c53d6b0,FUN_2c53d6b0,102,41,1,2c53d6b0_FUN_2c53d6b0
0x2c53d720,FUN_2c53d720,114,50,1,2c53d720_FUN_2c53d720
0x2c53d79c,FUN_2c53d79c,426,156,1,2c53d79c_FUN_2c53d79c
0x2c53d948,FUN_2c53d948,426,156,1,2c53d948_FUN_2c53d948
0x2c53daf4,FUN_2c53daf4,146,59,1,2c53daf4_FUN_2c53daf4
0x2c53db8c,FUN_2c53db8c,16,6,1,2c53db8c_FUN_2c53db8c
0x2c53dbd8,FUN_2c53dbd8,102,42,1,2c53dbd8_FUN_2c53dbd8
0x2c53dc50,FUN_2c53dc50,110,46,1,2c53dc50_FUN_2c53dc50
0x2c53dcc0,FUN_2c53dcc0,278,107,1,2c53dcc0_FUN_2c53dcc0
0x2c53dde0,FUN_2c53dde0,176,71,1,2c53dde0_FUN_2c53dde0
0x2c53de90,FUN_2c53de90,330,131,1,2c53de90_FUN_2c53de90
0x2c53dfe0,FUN_2c53dfe0,232,92,1,2c53dfe0_FUN_2c53dfe0
0x2c53e0cc,FUN_2c53e0cc,1286,491,1,2c53e0cc_FUN_2c53e0cc
0x2c53e632,FUN_2c53e632,530,183,1,2c53e632_FUN_2c53e632
0x2c53e864,FUN_2c53e864,44,17,1,2c53e864_FUN_2c53e864
0x2c53e890,FUN_2c53e890,56,20,1,2c53e890_FUN_2c53e890
0x2c53ea20,FUN_2c53ea20,56,20,1,2c53ea20_FUN_2c53ea20
0x2c53ea6c,FUN_2c53ea6c,96,38,1,2c53ea6c_FUN_2c53ea6c
0x2c53eaec,FUN_2c53eaec,96,38,1,2c53eaec_FUN_2c53eaec
0x2c53eb84,FUN_2c53eb84,434,150,1,2c53eb84_FUN_2c53eb84
0x2c53ed3c,FUN_2c53ed3c,2954,999,1,2c53ed3c_FUN_2c53ed3c
0x2c53f8dc,FUN_2c53f8dc,148,57,1,2c53f8dc_FUN_2c53f8dc
0x2c53f998,FUN_2c53f998,922,306,1,2c53f998_FUN_2c53f998
0x2c53fd4c,FUN_2c53fd4c,518,162,1,2c53fd4c_FUN_2c53fd4c
0x2c53ff6c,FUN_2c53ff6c,1350,455,1,2c53ff6c_FUN_2c53ff6c
0x2c54062a,FUN_2c54062a,1498,504,1,2c54062a_FUN_2c54062a
0x2c540c32,FUN_2c540c32,40,15,1,2c540c32_FUN_2c540c32
0x2c540f04,FUN_2c540f04,78,31,1,2c540f04_FUN_2c540f04
0x2c540f68,FUN_2c540f68,32,13,1,2c540f68_FUN_2c540f68
0x2c540f88,FUN_2c540f88,62,25,1,2c540f88_FUN_2c540f88
0x2c540fd2,FUN_2c540fd2,22,9,1,2c540fd2_FUN_2c540fd2
0x2c540fe8,FUN_2c540fe8,126,52,1,2c540fe8_FUN_2c540fe8
0x2c541070,FUN_2c541070,158,63,1,2c541070_FUN_2c541070
0x2c541158,FUN_2c541158,20,9,1,2c541158_FUN_2c541158
0x2c541188,FUN_2c541188,124,56,1,2c541188_FUN_2c541188
0x2c541214,FUN_2c541214,26,11,1,2c541214_FUN_2c541214
0x2c541238,FUN_2c541238,30,12,1,2c541238_FUN_2c541238
0x2c541260,FUN_2c541260,34,15,1,2c541260_FUN_2c541260
0x2c54133c,FUN_2c54133c,34,15,1,2c54133c_FUN_2c54133c
0x2c541418,FUN_2c541418,102,45,1,2c541418_FUN_2c541418
0x2c541490,FUN_2c541490,204,80,1,2c541490_FUN_2c541490
0x2c54159c,FUN_2c54159c,18,7,1,2c54159c_FUN_2c54159c
0x2c5415b0,FUN_2c5415b0,102,41,1,2c5415b0_FUN_2c5415b0
0x2c541620,FUN_2c541620,114,50,1,2c541620_FUN_2c541620
0x2c54169c,FUN_2c54169c,114,50,1,2c54169c_FUN_2c54169c
0x2c54171c,FUN_2c54171c,26,11,1,2c54171c_FUN_2c54171c
0x2c541740,FUN_2c541740,30,12,1,2c541740_FUN_2c541740
0x2c541768,FUN_2c541768,94,42,1,2c541768_FUN_2c541768
0x2c5417cc,FUN_2c5417cc,44,18,1,2c5417cc_FUN_2c5417cc
0x2c541de4,FUN_2c541de4,104,45,1,2c541de4_FUN_2c541de4
0x2c541e5c,FUN_2c541e5c,108,41,1,2c541e5c_FUN_2c541e5c
0x2c541ed4,FUN_2c541ed4,104,39,1,2c541ed4_FUN_2c541ed4
0x2c541f44,FUN_2c541f44,34,14,1,2c541f44_FUN_2c541f44
0x2c54241c,FUN_2c54241c,4,2,1,2c54241c_FUN_2c54241c
0x2c542570,FUN_2c542570,8,4,1,2c542570_FUN_2c542570
0x2c54257c,FUN_2c54257c,204,80,1,2c54257c_FUN_2c54257c
0x2c54268c,FUN_2c54268c,18,7,1,2c54268c_FUN_2c54268c
0x2c5426a0,FUN_2c5426a0,102,41,1,2c5426a0_FUN_2c5426a0
0x2c542710,FUN_2c542710,72,28,1,2c542710_FUN_2c542710
0x2c542800,FUN_2c542800,114,50,1,2c542800_FUN_2c542800
0x2c542880,FUN_2c542880,26,11,1,2c542880_FUN_2c542880
0x2c5428a4,FUN_2c5428a4,30,12,1,2c5428a4_FUN_2c5428a4
0x2c5428cc,FUN_2c5428cc,32,14,1,2c5428cc_FUN_2c5428cc
0x2c542a70,FUN_2c542a70,102,45,1,2c542a70_FUN_2c542a70
0x2c542ae8,FUN_2c542ae8,204,80,1,2c542ae8_FUN_2c542ae8
0x2c542bf8,FUN_2c542bf8,34,13,1,2c542bf8_FUN_2c542bf8
0x2c542c20,FUN_2c542c20,18,7,1,2c542c20_FUN_2c542c20
0x2c542c34,FUN_2c542c34,102,41,1,2c542c34_FUN_2c542c34
0x2c542ca4,FUN_2c542ca4,114,50,1,2c542ca4_FUN_2c542ca4
0x2c542d20,FUN_2c542d20,114,50,1,2c542d20_FUN_2c542d20
0x2c542da0,FUN_2c542da0,26,11,1,2c542da0_FUN_2c542da0
0x2c542dc4,FUN_2c542dc4,30,12,1,2c542dc4_FUN_2c542dc4
0x2c542dec,FUN_2c542dec,104,45,1,2c542dec_FUN_2c542dec
0x2c542e64,FUN_2c542e64,398,156,1,2c542e64_FUN_2c542e64
0x2c542ff8,FUN_2c542ff8,84,33,1,2c542ff8_FUN_2c542ff8
0x2c5431ac,FUN_2c5431ac,42,17,1,2c5431ac_FUN_2c5431ac
0x2c5432f4,FUN_2c5432f4,204,80,1,2c5432f4_FUN_2c5432f4
0x2c543404,FUN_2c543404,26,10,1,2c543404_FUN_2c543404
0x2c543420,FUN_2c543420,24,11,1,2c543420_FUN_2c543420
0x2c54345c,FUN_2c54345c,102,41,1,2c54345c_FUN_2c54345c
0x2c5434cc,FUN_2c5434cc,114,50,1,2c5434cc_FUN_2c5434cc
0x2c54354c,FUN_2c54354c,26,11,1,2c54354c_FUN_2c54354c
0x2c543570,FUN_2c543570,30,12,1,2c543570_FUN_2c543570
0x2c543598,FUN_2c543598,38,16,1,2c543598_FUN_2c543598
0x2c5436bc,FUN_2c5436bc,110,47,1,2c5436bc_FUN_2c5436bc
0x2c54373c,FUN_2c54373c,42,17,1,2c54373c_FUN_2c54373c
0x2c54392c,FUN_2c54392c,444,182,1,2c54392c_FUN_2c54392c
0x2c543af4,FUN_2c543af4,630,248,1,2c543af4_FUN_2c543af4
0x2c543d78,FUN_2c543d78,276,109,1,2c543d78_FUN_2c543d78
0x2c543e98,FUN_2c543e98,1278,485,1,2c543e98_FUN_2c543e98
0x2c5447a4,FUN_2c5447a4,20,9,1,2c5447a4_FUN_2c5447a4
0x2c5447c8,FUN_2c5447c8,22,10,1,2c5447c8_FUN_2c5447c8
0x2c5447f0,FUN_2c5447f0,108,49,1,2c5447f0_FUN_2c5447f0
0x2c54487c,FUN_2c54487c,26,11,1,2c54487c_FUN_2c54487c
0x2c5448a0,FUN_2c5448a0,30,12,1,2c5448a0_FUN_2c5448a0
0x2c5448c8,FUN_2c5448c8,36,15,1,2c5448c8_FUN_2c5448c8
0x2c544984,FUN_2c544984,102,45,1,2c544984_FUN_2c544984
0x2c5449fc,FUN_2c5449fc,38,16,1,2c5449fc_FUN_2c5449fc
0x2c544b08,FUN_2c544b08,18,7,1,2c544b08_FUN_2c544b08
0x2c544b1c,FUN_2c544b1c,102,41,1,2c544b1c_FUN_2c544b1c
0x2c544b8c,FUN_2c544b8c,114,50,1,2c544b8c_FUN_2c544b8c
0x2c544c0c,FUN_2c544c0c,26,11,1,2c544c0c_FUN_2c544c0c
0x2c544c30,FUN_2c544c30,30,12,1,2c544c30_FUN_2c544c30
0x2c544c58,FUN_2c544c58,94,42,1,2c544c58_FUN_2c544c58
0x2c544cbc,FUN_2c544cbc,32,14,1,2c544cbc_FUN_2c544cbc
0x2c544dc4,FUN_2c544dc4,742,297,1,2c544dc4_FUN_2c544dc4
0x2c545124,FUN_2c545124,104,45,1,2c545124_FUN_2c545124
0x2c54519c,FUN_2c54519c,204,80,1,2c54519c_FUN_2c54519c
0x2c5452b4,FUN_2c5452b4,24,11,1,2c5452b4_FUN_2c5452b4
0x2c5452fc,FUN_2c5452fc,26,10,1,2c5452fc_FUN_2c5452fc
0x2c5453c0,FUN_2c5453c0,124,56,1,2c5453c0_FUN_2c5453c0
0x2c54544c,FUN_2c54544c,26,11,1,2c54544c_FUN_2c54544c
0x2c545470,FUN_2c545470,30,12,1,2c545470_FUN_2c545470
0x2c545498,FUN_2c545498,104,45,1,2c545498_FUN_2c545498
0x2c545514,FUN_2c545514,18,7,1,2c545514_FUN_2c545514
0x2c545528,FUN_2c545528,42,17,1,2c545528_FUN_2c545528
0x2c545554,FUN_2c545554,124,56,1,2c545554_FUN_2c545554
0x2c5455e0,FUN_2c5455e0,26,11,1,2c5455e0_FUN_2c5455e0
0x2c545604,FUN_2c545604,30,12,1,2c545604_FUN_2c545604
0x2c54562c,FUN_2c54562c,32,14,1,2c54562c_FUN_2c54562c
0x2c5456f4,FUN_2c5456f4,104,45,1,2c5456f4_FUN_2c5456f4
0x2c545778,FUN_2c545778,22,10,1,2c545778_FUN_2c545778
0x2c5457a0,FUN_2c5457a0,22,9,1,2c5457a0_FUN_2c5457a0
0x2c545864,FUN_2c545864,124,56,1,2c545864_FUN_2c545864
0x2c5458f0,FUN_2c5458f0,24,10,1,2c5458f0_FUN_2c5458f0
0x2c545914,FUN_2c545914,26,11,1,2c545914_FUN_2c545914
0x2c54593c,FUN_2c54593c,102,45,1,2c54593c_FUN_2c54593c
0x2c5459bc,FUN_2c5459bc,22,10,1,2c5459bc_FUN_2c5459bc
0x2c5459e4,FUN_2c5459e4,22,10,1,2c5459e4_FUN_2c5459e4
0x2c545a24,FUN_2c545a24,124,56,1,2c545a24_FUN_2c545a24
0x2c545ab0,FUN_2c545ab0,26,11,1,2c545ab0_FUN_2c545ab0
0x2c545ad4,FUN_2c545ad4,30,12,1,2c545ad4_FUN_2c545ad4
0x2c545afc,FUN_2c545afc,24,11,1,2c545afc_FUN_2c545afc
0x2c545b30,FUN_2c545b30,24,11,1,2c545b30_FUN_2c545b30
0x2c545b80,FUN_2c545b80,32,14,1,2c545b80_FUN_2c545b80
0x2c545c40,FUN_2c545c40,108,47,1,2c545c40_FUN_2c545c40
0x2c545cbc,FUN_2c545cbc,36,13,1,2c545cbc_FUN_2c545cbc
0x2c545cdc,FUN_2c545cdc,102,41,1,2c545cdc_FUN_2c545cdc
0x2c545d4c,FUN_2c545d4c,114,50,1,2c545d4c_FUN_2c545d4c
0x2c545dcc,FUN_2c545dcc,26,11,1,2c545dcc_FUN_2c545dcc
0x2c545df0,FUN_2c545df0,30,12,1,2c545df0_FUN_2c545df0
0x2c545e18,FUN_2c545e18,318,127,1,2c545e18_FUN_2c545e18
0x2c545f76,FUN_2c545f76,98,32,1,2c545f76_FUN_2c545f76
0x2c545fe4,FUN_2c545fe4,26,11,1,2c545fe4_FUN_2c545fe4
0x2c546050,FUN_2c546050,398,156,1,2c546050_FUN_2c546050
0x2c5461e4,FUN_2c5461e4,20,8,1,2c5461e4_FUN_2c5461e4
0x2c5465ec,FUN_2c5465ec,38,15,1,2c5465ec_FUN_2c5465ec
0x2c546a50,FUN_2c546a50,20,8,1,2c546a50_FUN_2c546a50
0x2c546a64,FUN_2c546a64,204,80,1,2c546a64_FUN_2c546a64
0x2c546b70,FUN_2c546b70,154,63,1,2c546b70_FUN_2c546b70
0x2c546c40,FUN_2c546c40,154,63,1,2c546c40_FUN_2c546c40
0x2c546d10,FUN_2c546d10,176,88,1,2c546d10_FUN_2c546d10
0x2c546dc4,FUN_2c546dc4,16,6,1,2c546dc4_FUN_2c546dc4
0x2c546dd8,FUN_2c546dd8,400,160,1,2c546dd8_FUN_2c546dd8
0x2c546fa4,FUN_2c546fa4,204,89,1,2c546fa4_FUN_2c546fa4
0x2c5470b4,FUN_2c5470b4,102,41,1,2c5470b4_FUN_2c5470b4
0x2c547124,FUN_2c547124,46,19,1,2c547124_FUN_2c547124
0x2c547158,FUN_2c547158,22,10,1,2c547158_FUN_2c547158
0x2c5471c8,FUN_2c5471c8,24,10,1,2c5471c8_FUN_2c5471c8
0x2c547250,FUN_2c547250,18,7,1,2c547250_FUN_2c547250
0x2c54731c,FUN_2c54731c,514,175,1,2c54731c_FUN_2c54731c
0x2c54794c,FUN_2c54794c,136,50,1,2c54794c_FUN_2c54794c
0x2c5479e0,FUN_2c5479e0,12,5,1,2c5479e0_FUN_2c5479e0
0x2c5479ec,FUN_2c5479ec,32,14,1,2c5479ec_FUN_2c5479ec
0x2c547aec,FUN_2c547aec,22,10,1,2c547aec_FUN_2c547aec
0x2c547b70,FUN_2c547b70,4,2,1,2c547b70_FUN_2c547b70
0x2c547b74,FUN_2c547b74,82,34,1,2c547b74_FUN_2c547b74
0x2c547bd8,FUN_2c547bd8,14,6,1,2c547bd8_FUN_2c547bd8
0x2c547be8,FUN_2c547be8,46,20,1,2c547be8_FUN_2c547be8
0x2c547c38,FUN_2c547c38,54,22,1,2c547c38_FUN_2c547c38
0x2c547d00,FUN_2c547d00,54,21,1,2c547d00_FUN_2c547d00
0x2c547d50,FUN_2c547d50,56,21,1,2c547d50_FUN_2c547d50
0x2c547da4,FUN_2c547da4,48,20,1,2c547da4_FUN_2c547da4
0x2c547df4,FUN_2c547df4,48,20,1,2c547df4_FUN_2c547df4
0x2c547e44,FUN_2c547e44,60,22,1,2c547e44_FUN_2c547e44
0x2c547e94,FUN_2c547e94,54,20,1,2c547e94_FUN_2c547e94
0x2c547edc,FUN_2c547edc,6,3,1,2c547edc_FUN_2c547edc
0x2c547f34,FUN_2c547f34,26,11,1,2c547f34_FUN_2c547f34
0x2c547f70,FUN_2c547f70,4,2,1,2c547f70_FUN_2c547f70
0x2c547fb8,FUN_2c547fb8,84,41,1,2c547fb8_FUN_2c547fb8
0x2c54800c,FUN_2c54800c,674,270,1,2c54800c_FUN_2c54800c
0x2c548154,FUN_2c548154,28,10,1,2c548154_FUN_2c548154
0x2c548170,FUN_2c548170,6,2,1,2c548170_FUN_2c548170
0x2c548178,FUN_2c548178,8,3,1,2c548178_FUN_2c548178
0x2c548188,FUN_2c548188,6,2,1,2c548188_FUN_2c548188
0x2c5481d8,FUN_2c5481d8,4,2,1,2c5481d8_FUN_2c5481d8
0x2c548220,FUN_2c548220,112,52,1,2c548220_FUN_2c548220
0x2c5482b4,FUN_2c5482b4,22,9,1,2c5482b4_FUN_2c5482b4
0x2c548310,FUN_2c548310,190,73,1,2c548310_FUN_2c548310
0x2c5483dc,FUN_2c5483dc,28,11,1,2c5483dc_FUN_2c5483dc
0x2c54842c,FUN_2c54842c,146,48,1,2c54842c_FUN_2c54842c
0x2c5484c0,FUN_2c5484c0,204,80,1,2c5484c0_FUN_2c5484c0
0x2c5485d2,FUN_2c5485d2,312,110,1,2c5485d2_FUN_2c5485d2
0x2c5487d8,FUN_2c5487d8,44,17,1,2c5487d8_FUN_2c5487d8
0x2c548804,FUN_2c548804,56,20,1,2c548804_FUN_2c548804
0x2c54884c,FUN_2c54884c,42,17,1,2c54884c_FUN_2c54884c
0x2c548884,FUN_2c548884,60,24,1,2c548884_FUN_2c548884
0x2c5488c4,FUN_2c5488c4,64,25,1,2c5488c4_FUN_2c5488c4
0x2c548940,FUN_2c548940,56,20,1,2c548940_FUN_2c548940
0x2c548988,FUN_2c548988,114,40,1,2c548988_FUN_2c548988
0x2c548a1c,FUN_2c548a1c,60,24,1,2c548a1c_FUN_2c548a1c
0x2c548a5c,FUN_2c548a5c,64,25,1,2c548a5c_FUN_2c548a5c
0x2c548aa4,FUN_2c548aa4,108,37,1,2c548aa4_FUN_2c548aa4
0x2c548b14,FUN_2c548b14,82,30,1,2c548b14_FUN_2c548b14
0x2c548b80,FUN_2c548b80,60,24,1,2c548b80_FUN_2c548b80
0x2c548bc0,FUN_2c548bc0,64,25,1,2c548bc0_FUN_2c548bc0
0x2c548c08,FUN_2c548c08,124,49,1,2c548c08_FUN_2c548c08
0x2c548ca2,FUN_2c548ca2,124,50,1,2c548ca2_FUN_2c548ca2
0x2c548df4,FUN_2c548df4,56,20,1,2c548df4_FUN_2c548df4
0x2c548e42,FUN_2c548e42,600,217,1,2c548e42_FUN_2c548e42
0x2c5490c4,FUN_2c5490c4,44,17,1,2c5490c4_FUN_2c5490c4
0x2c5490f0,FUN_2c5490f0,56,20,1,2c5490f0_FUN_2c5490f0
0x2c549138,FUN_2c549138,112,39,1,2c549138_FUN_2c549138
0x2c5491b8,FUN_2c5491b8,26,11,1,2c5491b8_FUN_2c5491b8
0x2c5491dc,FUN_2c5491dc,22,10,1,2c5491dc_FUN_2c5491dc
0x2c5491fe,FUN_2c5491fe,42,17,1,2c5491fe_FUN_2c5491fe
0x2c549238,FUN_2c549238,56,20,1,2c549238_FUN_2c549238
0x2c549280,FUN_2c549280,82,32,1,2c549280_FUN_2c549280
0x2c5492e0,FUN_2c5492e0,48,18,1,2c5492e0_FUN_2c5492e0
0x2c549310,FUN_2c549310,56,20,1,2c549310_FUN_2c549310
0x2c549358,FUN_2c549358,72,28,1,2c549358_FUN_2c549358
0x2c5493ac,FUN_2c5493ac,56,20,1,2c5493ac_FUN_2c5493ac
0x2c5493f4,FUN_2c5493f4,56,20,1,2c5493f4_FUN_2c5493f4
0x2c549442,FUN_2c549442,340,125,1,2c549442_FUN_2c549442
0x2c5495b0,FUN_2c5495b0,44,17,1,2c5495b0_FUN_2c5495b0
0x2c5495dc,FUN_2c5495dc,56,20,1,2c5495dc_FUN_2c5495dc
0x2c549624,FUN_2c549624,412,147,1,2c549624_FUN_2c549624
0x2c5497d4,FUN_2c5497d4,44,17,1,2c5497d4_FUN_2c5497d4
0x2c549800,FUN_2c549800,56,20,1,2c549800_FUN_2c549800
0x2c549848,FUN_2c549848,94,37,1,2c549848_FUN_2c549848
0x2c5498b0,FUN_2c5498b0,102,41,1,2c5498b0_FUN_2c5498b0
0x2c549924,FUN_2c549924,26,11,1,2c549924_FUN_2c549924
0x2c549944,FUN_2c549944,36,15,1,2c549944_FUN_2c549944
0x2c549970,FUN_2c549970,30,12,1,2c549970_FUN_2c549970
0x2c549998,FUN_2c549998,40,16,1,2c549998_FUN_2c549998
0x2c5499c8,FUN_2c5499c8,394,153,1,2c5499c8_FUN_2c5499c8
0x2c549b64,FUN_2c549b64,44,17,1,2c549b64_FUN_2c549b64
0x2c549b90,FUN_2c549b90,62,25,1,2c549b90_FUN_2c549b90
0x2c549be4,FUN_2c549be4,64,23,1,2c549be4_FUN_2c549be4
0x2c549c34,FUN_2c549c34,44,18,1,2c549c34_FUN_2c549c34
0x2c549c64,FUN_2c549c64,50,20,1,2c549c64_FUN_2c549c64
0x2c549c9c,FUN_2c549c9c,48,19,1,2c549c9c_FUN_2c549c9c
0x2c549cd4,FUN_2c549cd4,54,21,1,2c549cd4_FUN_2c549cd4
0x2c549d14,FUN_2c549d14,92,36,1,2c549d14_FUN_2c549d14
0x2c549d74,FUN_2c549d74,98,38,1,2c549d74_FUN_2c549d74
0x2c549ddc,FUN_2c549ddc,128,54,1,2c549ddc_FUN_2c549ddc
0x2c549e60,FUN_2c549e60,134,56,1,2c549e60_FUN_2c549e60
0x2c549eec,FUN_2c549eec,132,55,1,2c549eec_FUN_2c549eec
0x2c549f78,FUN_2c549f78,138,57,1,2c549f78_FUN_2c549f78
0x2c54a00c,FUN_2c54a00c,96,37,1,2c54a00c_FUN_2c54a00c
0x2c54a074,FUN_2c54a074,102,39,1,2c54a074_FUN_2c54a074
0x2c54a0e4,FUN_2c54a0e4,1198,448,1,2c54a0e4_FUN_2c54a0e4
0x2c54a5cc,FUN_2c54a5cc,88,35,1,2c54a5cc_FUN_2c54a5cc
0x2c54a634,FUN_2c54a634,106,42,1,2c54a634_FUN_2c54a634
0x2c54a6b4,FUN_2c54a6b4,546,217,1,2c54a6b4_FUN_2c54a6b4
0x2c54a8e8,FUN_2c54a8e8,888,315,1,2c54a8e8_FUN_2c54a8e8
0x2c54ac88,FUN_2c54ac88,1662,571,1,2c54ac88_FUN_2c54ac88
0x2c54b330,FUN_2c54b330,998,379,1,2c54b330_FUN_2c54b330
0x2c54b74c,FUN_2c54b74c,44,17,1,2c54b74c_FUN_2c54b74c
0x2c54b778,FUN_2c54b778,334,111,1,2c54b778_FUN_2c54b778
0x2c54b9c8,FUN_2c54b9c8,42,16,1,2c54b9c8_FUN_2c54b9c8
0x2c54b9fc,FUN_2c54b9fc,110,42,1,2c54b9fc_FUN_2c54b9fc
0x2c54ba70,FUN_2c54ba70,116,44,1,2c54ba70_FUN_2c54ba70
0x2c54bae8,FUN_2c54bae8,46,21,1,2c54bae8_FUN_2c54bae8
0x2c54bb54,FUN_2c54bb54,50,22,1,2c54bb54_FUN_2c54bb54
0x2c54bb90,FUN_2c54bb90,56,24,1,2c54bb90_FUN_2c54bb90
0x2c54bbd0,FUN_2c54bbd0,66,29,1,2c54bbd0_FUN_2c54bbd0
0x2c54bc1c,FUN_2c54bc1c,72,31,1,2c54bc1c_FUN_2c54bc1c
0x2c54bc6c,FUN_2c54bc6c,70,30,1,2c54bc6c_FUN_2c54bc6c
0x2c54bcc0,FUN_2c54bcc0,76,32,1,2c54bcc0_FUN_2c54bcc0
0x2c54bd18,FUN_2c54bd18,114,43,1,2c54bd18_FUN_2c54bd18
0x2c54bd94,FUN_2c54bd94,120,45,1,2c54bd94_FUN_2c54bd94
0x2c54be1a,FUN_2c54be1a,514,171,1,2c54be1a_FUN_2c54be1a
0x2c54c028,FUN_2c54c028,456,171,1,2c54c028_FUN_2c54c028
0x2c54c25c,FUN_2c54c25c,156,63,1,2c54c25c_FUN_2c54c25c
0x2c54c308,FUN_2c54c308,946,312,1,2c54c308_FUN_2c54c308
0x2c54c6de,FUN_2c54c6de,240,85,1,2c54c6de_FUN_2c54c6de
0x2c54c7f0,FUN_2c54c7f0,28,10,1,2c54c7f0_FUN_2c54c7f0
0x2c54c810,FUN_2c54c810,90,32,1,2c54c810_FUN_2c54c810
0x2c54c884,FUN_2c54c884,12,5,1,2c54c884_FUN_2c54c884
0x2c54c894,FUN_2c54c894,20,8,1,2c54c894_FUN_2c54c894
0x2c54c8ac,FUN_2c54c8ac,138,54,1,2c54c8ac_FUN_2c54c8ac
0x2c54c940,FUN_2c54c940,42,16,1,2c54c940_FUN_2c54c940
0x2c54c974,FUN_2c54c974,62,25,1,2c54c974_FUN_2c54c974
0x2c54c9b8,FUN_2c54c9b8,68,27,1,2c54c9b8_FUN_2c54c9b8
0x2c54ca00,FUN_2c54ca00,46,21,1,2c54ca00_FUN_2c54ca00
0x2c54ca34,FUN_2c54ca34,52,23,1,2c54ca34_FUN_2c54ca34
0x2c54ca6c,FUN_2c54ca6c,66,26,1,2c54ca6c_FUN_2c54ca6c
0x2c54cab8,FUN_2c54cab8,72,28,1,2c54cab8_FUN_2c54cab8
0x2c54cb08,FUN_2c54cb08,50,22,1,2c54cb08_FUN_2c54cb08
0x2c54cb44,FUN_2c54cb44,56,24,1,2c54cb44_FUN_2c54cb44
0x2c54cb84,FUN_2c54cb84,80,32,1,2c54cb84_FUN_2c54cb84
0x2c54cbdc,FUN_2c54cbdc,86,34,1,2c54cbdc_FUN_2c54cbdc
0x2c54cc3c,FUN_2c54cc3c,66,29,1,2c54cc3c_FUN_2c54cc3c
0x2c54cc88,FUN_2c54cc88,72,31,1,2c54cc88_FUN_2c54cc88
0x2c54ccd8,FUN_2c54ccd8,84,33,1,2c54ccd8_FUN_2c54ccd8
0x2c54cd38,FUN_2c54cd38,90,35,1,2c54cd38_FUN_2c54cd38
0x2c54cda0,FUN_2c54cda0,70,30,1,2c54cda0_FUN_2c54cda0
0x2c54cdf4,FUN_2c54cdf4,76,32,1,2c54cdf4_FUN_2c54cdf4
0x2c54ce4c,FUN_2c54ce4c,190,65,1,2c54ce4c_FUN_2c54ce4c
0x2c54cf40,FUN_2c54cf40,196,76,1,2c54cf40_FUN_2c54cf40
0x2c54d03c,FUN_2c54d03c,524,186,1,2c54d03c_FUN_2c54d03c
0x2c54d264,FUN_2c54d264,1088,379,1,2c54d264_FUN_2c54d264
0x2c54d6d6,FUN_2c54d6d6,220,77,1,2c54d6d6_FUN_2c54d6d6
0x2c54d7cc,FUN_2c54d7cc,138,50,1,2c54d7cc_FUN_2c54d7cc
0x2c54d884,FUN_2c54d884,138,54,1,2c54d884_FUN_2c54d884
0x2c54d918,FUN_2c54d918,42,16,1,2c54d918_FUN_2c54d918
0x2c54d94c,FUN_2c54d94c,46,21,1,2c54d94c_FUN_2c54d94c
0x2c54d980,FUN_2c54d980,52,23,1,2c54d980_FUN_2c54d980
0x2c54d9b8,FUN_2c54d9b8,50,22,1,2c54d9b8_FUN_2c54d9b8
0x2c54d9f4,FUN_2c54d9f4,56,24,1,2c54d9f4_FUN_2c54d9f4
0x2c54da34,FUN_2c54da34,66,29,1,2c54da34_FUN_2c54da34
0x2c54da80,FUN_2c54da80,72,31,1,2c54da80_FUN_2c54da80
0x2c54dad0,FUN_2c54dad0,70,30,1,2c54dad0_FUN_2c54dad0
0x2c54db24,FUN_2c54db24,76,32,1,2c54db24_FUN_2c54db24
0x2c54db7c,FUN_2c54db7c,164,60,1,2c54db7c_FUN_2c54db7c
0x2c54dc24,FUN_2c54dc24,170,62,1,2c54dc24_FUN_2c54dc24
0x2c54dcd4,FUN_2c54dcd4,168,61,1,2c54dcd4_FUN_2c54dcd4
0x2c54dd84,FUN_2c54dd84,174,63,1,2c54dd84_FUN_2c54dd84
0x2c54de42,FUN_2c54de42,204,80,1,2c54de42_FUN_2c54de42
0x2c54df44,FUN_2c54df44,700,232,1,2c54df44_FUN_2c54df44
0x2c54e2c8,FUN_2c54e2c8,1778,567,1,2c54e2c8_FUN_2c54e2c8
0x2c54e9dc,FUN_2c54e9dc,314,100,1,2c54e9dc_FUN_2c54e9dc
0x2c54eb28,FUN_2c54eb28,72,29,1,2c54eb28_FUN_2c54eb28
0x2c54eb78,FUN_2c54eb78,102,41,1,2c54eb78_FUN_2c54eb78
0x2c54ebe8,FUN_2c54ebe8,28,12,1,2c54ebe8_FUN_2c54ebe8
0x2c54ec08,FUN_2c54ec08,34,14,1,2c54ec08_FUN_2c54ec08
0x2c54ec30,FUN_2c54ec30,32,13,1,2c54ec30_FUN_2c54ec30
0x2c54ec58,FUN_2c54ec58,38,15,1,2c54ec58_FUN_2c54ec58
0x2c54ec88,FUN_2c54ec88,350,138,1,2c54ec88_FUN_2c54ec88
0x2c54edf8,FUN_2c54edf8,44,17,1,2c54edf8_FUN_2c54edf8
0x2c54ee24,FUN_2c54ee24,108,46,1,2c54ee24_FUN_2c54ee24
0x2c54ee98,FUN_2c54ee98,118,48,1,2c54ee98_FUN_2c54ee98
0x2c54ef58,FUN_2c54ef58,398,156,1,2c54ef58_FUN_2c54ef58
0x2c54f0ec,FUN_2c54f0ec,82,34,1,2c54f0ec_FUN_2c54f0ec
0x2c54f150,FUN_2c54f150,82,33,1,2c54f150_FUN_2c54f150
0x2c54f1c0,FUN_2c54f1c0,86,31,1,2c54f1c0_FUN_2c54f1c0
0x2c54f230,FUN_2c54f230,12,5,1,2c54f230_FUN_2c54f230
0x2c54f240,FUN_2c54f240,20,8,1,2c54f240_FUN_2c54f240
0x2c54f258,FUN_2c54f258,44,18,1,2c54f258_FUN_2c54f258
0x2c54f288,FUN_2c54f288,50,20,1,2c54f288_FUN_2c54f288
0x2c54f2c0,FUN_2c54f2c0,48,19,1,2c54f2c0_FUN_2c54f2c0
0x2c54f2f8,FUN_2c54f2f8,54,21,1,2c54f2f8_FUN_2c54f2f8
0x2c54f340,FUN_2c54f340,142,59,1,2c54f340_FUN_2c54f340
0x2c54f3f4,FUN_2c54f3f4,44,17,1,2c54f3f4_FUN_2c54f3f4
0x2c54f420,FUN_2c54f420,98,39,1,2c54f420_FUN_2c54f420
0x2c54f490,FUN_2c54f490,114,45,1,2c54f490_FUN_2c54f490
0x2c54f538,FUN_2c54f538,102,41,1,2c54f538_FUN_2c54f538
0x2c54f5a8,FUN_2c54f5a8,130,51,1,2c54f5a8_FUN_2c54f5a8
0x2c54f638,FUN_2c54f638,294,116,1,2c54f638_FUN_2c54f638
0x2c54f774,FUN_2c54f774,64,28,1,2c54f774_FUN_2c54f774
0x2c54f7b8,FUN_2c54f7b8,70,30,1,2c54f7b8_FUN_2c54f7b8
0x2c54f804,FUN_2c54f804,62,27,1,2c54f804_FUN_2c54f804
0x2c54f848,FUN_2c54f848,68,29,1,2c54f848_FUN_2c54f848
0x2c54f890,FUN_2c54f890,68,29,1,2c54f890_FUN_2c54f890
0x2c54f8dc,FUN_2c54f8dc,74,31,1,2c54f8dc_FUN_2c54f8dc
0x2c54f930,FUN_2c54f930,66,28,1,2c54f930_FUN_2c54f930
0x2c54f97c,FUN_2c54f97c,72,30,1,2c54f97c_FUN_2c54f97c
0x2c54f9cc,FUN_2c54f9cc,108,42,1,2c54f9cc_FUN_2c54f9cc
0x2c54fa3c,FUN_2c54fa3c,114,44,1,2c54fa3c_FUN_2c54fa3c
0x2c54fab4,FUN_2c54fab4,112,43,1,2c54fab4_FUN_2c54fab4
0x2c54fb2c,FUN_2c54fb2c,118,45,1,2c54fb2c_FUN_2c54fb2c
0x2c54fbac,FUN_2c54fbac,162,63,1,2c54fbac_FUN_2c54fbac
0x2c54fc54,FUN_2c54fc54,168,65,1,2c54fc54_FUN_2c54fc54
0x2c54fd00,FUN_2c54fd00,166,64,1,2c54fd00_FUN_2c54fd00
0x2c54fdb0,FUN_2c54fdb0,172,66,1,2c54fdb0_FUN_2c54fdb0
0x2c54fe64,FUN_2c54fe64,320,135,1,2c54fe64_FUN_2c54fe64
0x2c54ffa8,FUN_2c54ffa8,208,85,1,2c54ffa8_FUN_2c54ffa8
0x2c550082,FUN_2c550082,108,43,1,2c550082_FUN_2c550082
0x2c55010c,FUN_2c55010c,332,145,1,2c55010c_FUN_2c55010c
0x2c550258,FUN_2c550258,64,27,1,2c550258_FUN_2c550258
0x2c550298,FUN_2c550298,116,50,1,2c550298_FUN_2c550298
0x2c550314,FUN_2c550314,1496,536,1,2c550314_FUN_2c550314
0x2c550910,FUN_2c550910,586,223,1,2c550910_FUN_2c550910
0x2c550b6c,FUN_2c550b6c,380,141,1,2c550b6c_FUN_2c550b6c
0x2c550cf8,FUN_2c550cf8,722,242,1,2c550cf8_FUN_2c550cf8
0x2c550fe0,FUN_2c550fe0,644,217,1,2c550fe0_FUN_2c550fe0
0x2c551284,FUN_2c551284,1266,464,1,2c551284_FUN_2c551284
0x2c5517a8,FUN_2c5517a8,1464,485,1,2c5517a8_FUN_2c5517a8
0x2c551d80,FUN_2c551d80,354,127,1,2c551d80_FUN_2c551d80
0x2c551ef4,FUN_2c551ef4,66,27,1,2c551ef4_FUN_2c551ef4
0x2c551f3c,FUN_2c551f3c,2060,713,1,2c551f3c_FUN_2c551f3c
0x2c552774,FUN_2c552774,308,122,1,2c552774_FUN_2c552774
0x2c5528b4,FUN_2c5528b4,308,122,1,2c5528b4_FUN_2c5528b4
0x2c5529f4,FUN_2c5529f4,836,334,1,2c5529f4_FUN_2c5529f4
0x2c552d48,FUN_2c552d48,1632,624,1,2c552d48_FUN_2c552d48
0x2c5533c8,FUN_2c5533c8,388,152,1,2c5533c8_FUN_2c5533c8
0x2c553554,FUN_2c553554,2126,813,1,2c553554_FUN_2c553554
0x2c553dd0,FUN_2c553dd0,1950,743,1,2c553dd0_FUN_2c553dd0
0x2c5545a0,FUN_2c5545a0,1760,683,1,2c5545a0_FUN_2c5545a0
0x2c554cc4,FUN_2c554cc4,1076,421,1,2c554cc4_FUN_2c554cc4
0x2c555138,FUN_2c555138,48,19,1,2c555138_FUN_2c555138
0x2c555174,FUN_2c555174,30,12,1,2c555174_FUN_2c555174
0x2c55519c,FUN_2c55519c,40,16,1,2c55519c_FUN_2c55519c
0x2c5551d0,FUN_2c5551d0,26,11,1,2c5551d0_FUN_2c5551d0
0x2c5551f0,FUN_2c5551f0,36,15,1,2c5551f0_FUN_2c5551f0
0x2c5552ac,FUN_2c5552ac,32,13,1,2c5552ac_FUN_2c5552ac
0x2c5552d4,FUN_2c5552d4,38,15,1,2c5552d4_FUN_2c5552d4
0x2c555304,FUN_2c555304,28,12,1,2c555304_FUN_2c555304
0x2c555324,FUN_2c555324,34,14,1,2c555324_FUN_2c555324
0x2c555352,FUN_2c555352,58,24,1,2c555352_FUN_2c555352
0x2c5553a0,FUN_2c5553a0,44,17,1,2c5553a0_FUN_2c5553a0
0x2c5553cc,FUN_2c5553cc,42,17,1,2c5553cc_FUN_2c5553cc
0x2c555404,FUN_2c555404,60,24,1,2c555404_FUN_2c555404
0x2c555444,FUN_2c555444,66,26,1,2c555444_FUN_2c555444
0x2c55548c,FUN_2c55548c,64,25,1,2c55548c_FUN_2c55548c
0x2c5554d4,FUN_2c5554d4,70,27,1,2c5554d4_FUN_2c5554d4
0x2c555524,FUN_2c555524,64,23,1,2c555524_FUN_2c555524
0x2c555574,FUN_2c555574,54,21,1,2c555574_FUN_2c555574
0x2c5555bc,FUN_2c5555bc,46,19,1,2c5555bc_FUN_2c5555bc
0x2c5555f0,FUN_2c5555f0,52,21,1,2c5555f0_FUN_2c5555f0
0x2c555628,FUN_2c555628,46,19,1,2c555628_FUN_2c555628
0x2c55565c,FUN_2c55565c,52,21,1,2c55565c_FUN_2c55565c
0x2c555694,FUN_2c555694,50,20,1,2c555694_FUN_2c555694
0x2c5556d0,FUN_2c5556d0,56,22,1,2c5556d0_FUN_2c5556d0
0x2c555710,FUN_2c555710,50,20,1,2c555710_FUN_2c555710
0x2c55574c,FUN_2c55574c,56,22,1,2c55574c_FUN_2c55574c
0x2c55578c,FUN_2c55578c,88,35,1,2c55578c_FUN_2c55578c
0x2c5557f4,FUN_2c5557f4,44,17,1,2c5557f4_FUN_2c5557f4
0x2c555820,FUN_2c555820,64,26,1,2c555820_FUN_2c555820
0x2c555870,FUN_2c555870,102,41,1,2c555870_FUN_2c555870
0x2c5558e0,FUN_2c5558e0,44,18,1,2c5558e0_FUN_2c5558e0
0x2c555910,FUN_2c555910,50,20,1,2c555910_FUN_2c555910
0x2c555948,FUN_2c555948,48,19,1,2c555948_FUN_2c555948
0x2c555980,FUN_2c555980,54,21,1,2c555980_FUN_2c555980
0x2c5559c0,FUN_2c5559c0,346,141,1,2c5559c0_FUN_2c5559c0
0x2c555b34,FUN_2c555b34,44,17,1,2c555b34_FUN_2c555b34
0x2c555b60,FUN_2c555b60,154,63,1,2c555b60_FUN_2c555b60
0x2c555c30,FUN_2c555c30,82,31,1,2c555c30_FUN_2c555c30
0x2c555c98,FUN_2c555c98,60,24,1,2c555c98_FUN_2c555c98
0x2c555cd8,FUN_2c555cd8,66,26,1,2c555cd8_FUN_2c555cd8
0x2c555d20,FUN_2c555d20,64,25,1,2c555d20_FUN_2c555d20
0x2c555d68,FUN_2c555d68,70,27,1,2c555d68_FUN_2c555d68
0x2c555db8,FUN_2c555db8,142,58,1,2c555db8_FUN_2c555db8
0x2c555e8c,FUN_2c555e8c,70,27,1,2c555e8c_FUN_2c555e8c
0x2c555ee8,FUN_2c555ee8,244,97,1,2c555ee8_FUN_2c555ee8
0x2c556010,FUN_2c556010,88,33,1,2c556010_FUN_2c556010
0x2c556080,FUN_2c556080,28,12,1,2c556080_FUN_2c556080
0x2c5560a0,FUN_2c5560a0,34,14,1,2c5560a0_FUN_2c5560a0
0x2c5560c8,FUN_2c5560c8,32,13,1,2c5560c8_FUN_2c5560c8
0x2c5560f0,FUN_2c5560f0,38,15,1,2c5560f0_FUN_2c5560f0
0x2c556120,FUN_2c556120,140,58,1,2c556120_FUN_2c556120
0x2c5561c4,FUN_2c5561c4,44,17,1,2c5561c4_FUN_2c5561c4
0x2c5561f0,FUN_2c5561f0,72,29,1,2c5561f0_FUN_2c5561f0
0x2c55623c,FUN_2c55623c,134,50,1,2c55623c_FUN_2c55623c
0x2c5562c8,FUN_2c5562c8,140,52,1,2c5562c8_FUN_2c5562c8
0x2c556358,FUN_2c556358,138,51,1,2c556358_FUN_2c556358
0x2c5563ec,FUN_2c5563ec,144,53,1,2c5563ec_FUN_2c5563ec
0x2c556484,FUN_2c556484,198,72,1,2c556484_FUN_2c556484
0x2c556558,FUN_2c556558,204,74,1,2c556558_FUN_2c556558
0x2c556630,FUN_2c556630,202,73,1,2c556630_FUN_2c556630
0x2c55670c,FUN_2c55670c,208,75,1,2c55670c_FUN_2c55670c
0x2c5567ec,FUN_2c5567ec,102,41,1,2c5567ec_FUN_2c5567ec
0x2c55685c,FUN_2c55685c,70,28,1,2c55685c_FUN_2c55685c
0x2c5568b0,FUN_2c5568b0,70,28,1,2c5568b0_FUN_2c5568b0
0x2c556904,FUN_2c556904,850,313,1,2c556904_FUN_2c556904
0x2c556ccc,FUN_2c556ccc,102,41,1,2c556ccc_FUN_2c556ccc
0x2c556d3c,FUN_2c556d3c,108,46,1,2c556d3c_FUN_2c556d3c
0x2c556db0,FUN_2c556db0,126,50,1,2c556db0_FUN_2c556db0
0x2c556e34,FUN_2c556e34,64,25,1,2c556e34_FUN_2c556e34
0x2c556e78,FUN_2c556e78,398,156,1,2c556e78_FUN_2c556e78
0x2c55700c,FUN_2c55700c,82,34,1,2c55700c_FUN_2c55700c
0x2c557060,FUN_2c557060,104,44,1,2c557060_FUN_2c557060
0x2c5570cc,FUN_2c5570cc,36,16,1,2c5570cc_FUN_2c5570cc
0x2c557290,FUN_2c557290,320,131,1,2c557290_FUN_2c557290
0x2c5573e8,FUN_2c5573e8,126,45,1,2c5573e8_FUN_2c5573e8
0x2c55748c,FUN_2c55748c,96,37,1,2c55748c_FUN_2c55748c
0x2c5574f4,FUN_2c5574f4,92,36,1,2c5574f4_FUN_2c5574f4
0x2c557554,FUN_2c557554,24,10,1,2c557554_FUN_2c557554
0x2c557570,FUN_2c557570,68,26,1,2c557570_FUN_2c557570
0x2c5575c2,FUN_2c5575c2,268,102,1,2c5575c2_FUN_2c5575c2
0x2c5576d4,FUN_2c5576d4,18,8,1,2c5576d4_FUN_2c5576d4
0x2c55792c,FUN_2c55792c,18,8,1,2c55792c_FUN_2c55792c
0x2c557a58,FUN_2c557a58,234,90,1,2c557a58_FUN_2c557a58
0x2c557b60,FUN_2c557b60,78,32,1,2c557b60_FUN_2c557b60
0x2c557bb4,FUN_2c557bb4,54,26,1,2c557bb4_FUN_2c557bb4
0x2c557bf4,FUN_2c557bf4,50,25,1,2c557bf4_FUN_2c557bf4
0x2c557c2c,FUN_2c557c2c,92,38,1,2c557c2c_FUN_2c557c2c
0x2c557c88,FUN_2c557c88,92,40,1,2c557c88_FUN_2c557c88
0x2c557d60,FUN_2c557d60,480,154,1,2c557d60_FUN_2c557d60
0x2c557f50,FUN_2c557f50,102,41,1,2c557f50_FUN_2c557f50
0x2c557fc0,FUN_2c557fc0,120,52,1,2c557fc0_FUN_2c557fc0
0x2c558040,FUN_2c558040,120,48,1,2c558040_FUN_2c558040
0x2c5580bc,FUN_2c5580bc,226,85,1,2c5580bc_FUN_2c5580bc
0x2c5581ac,FUN_2c5581ac,384,151,1,2c5581ac_FUN_2c5581ac
0x2c55833c,FUN_2c55833c,26,11,1,2c55833c_FUN_2c55833c
0x2c5583f0,FUN_2c5583f0,30,11,1,2c5583f0_FUN_2c5583f0
0x2c558594,FUN_2c558594,30,11,1,2c558594_FUN_2c558594
0x2c55875c,FUN_2c55875c,30,12,1,2c55875c_FUN_2c55875c
0x2c558790,FUN_2c558790,26,11,1,2c558790_FUN_2c558790
0x2c5587c0,FUN_2c5587c0,14,5,1,2c5587c0_FUN_2c5587c0
0x2c5587d6,FUN_2c5587d6,6,3,1,2c5587d6_FUN_2c5587d6
0x2c558840,FUN_2c558840,42,18,1,2c558840_FUN_2c558840
0x2c558870,FUN_2c558870,702,249,1,2c558870_FUN_2c558870
0x2c558b50,FUN_2c558b50,190,73,1,2c558b50_FUN_2c558b50
0x2c558c1c,FUN_2c558c1c,38,15,1,2c558c1c_FUN_2c558c1c
0x2c558d40,FUN_2c558d40,38,15,1,2c558d40_FUN_2c558d40
0x2c5591c8,FUN_2c5591c8,52,21,1,2c5591c8_FUN_2c5591c8
0x2c5598cc,FUN_2c5598cc,190,73,1,2c5598cc_FUN_2c5598cc
0x2c559998,FUN_2c559998,508,202,1,2c559998_FUN_2c559998
0x2c559bbc,FUN_2c559bbc,104,47,1,2c559bbc_FUN_2c559bbc
0x2c559c38,FUN_2c559c38,176,71,1,2c559c38_FUN_2c559c38
0x2c559d20,FUN_2c559d20,40,15,1,2c559d20_FUN_2c559d20
0x2c559e94,FUN_2c559e94,36,15,1,2c559e94_FUN_2c559e94
0x2c559f3c,FUN_2c559f3c,604,223,1,2c559f3c_FUN_2c559f3c
0x2c55a1a0,FUN_2c55a1a0,7740,3037,1,2c55a1a0_FUN_2c55a1a0
0x2c55c6a0,FUN_2c55c6a0,204,80,1,2c55c6a0_FUN_2c55c6a0
0x2c55c7ac,FUN_2c55c7ac,132,54,1,2c55c7ac_FUN_2c55c7ac
0x2c55c848,FUN_2c55c848,54,26,1,2c55c848_FUN_2c55c848
0x2c55c888,FUN_2c55c888,58,27,1,2c55c888_FUN_2c55c888
0x2c55c8e4,FUN_2c55c8e4,60,29,1,2c55c8e4_FUN_2c55c8e4
0x2c55c928,FUN_2c55c928,100,43,1,2c55c928_FUN_2c55c928
0x2c55c9a4,FUN_2c55c9a4,112,47,1,2c55c9a4_FUN_2c55c9a4
0x2c55ca28,FUN_2c55ca28,680,217,1,2c55ca28_FUN_2c55ca28
0x2c55ccfe,FUN_2c55ccfe,92,37,1,2c55ccfe_FUN_2c55ccfe
0x2c55cd64,FUN_2c55cd64,166,60,1,2c55cd64_FUN_2c55cd64
0x2c55ced0,FUN_2c55ced0,80,29,1,2c55ced0_FUN_2c55ced0
0x2c55cf24,FUN_2c55cf24,100,38,1,2c55cf24_FUN_2c55cf24
0x2c55cf90,FUN_2c55cf90,16,6,1,2c55cf90_FUN_2c55cf90
0x2c55cfa4,FUN_2c55cfa4,442,165,1,2c55cfa4_FUN_2c55cfa4
0x2c55d16c,FUN_2c55d16c,204,80,1,2c55d16c_FUN_2c55d16c
0x2c55d2a0,FUN_2c55d2a0,132,54,1,2c55d2a0_FUN_2c55d2a0
0x2c55d33c,FUN_2c55d33c,54,26,1,2c55d33c_FUN_2c55d33c
0x2c55d37c,FUN_2c55d37c,58,27,1,2c55d37c_FUN_2c55d37c
0x2c55d3d8,FUN_2c55d3d8,60,29,1,2c55d3d8_FUN_2c55d3d8
0x2c55d41c,FUN_2c55d41c,100,43,1,2c55d41c_FUN_2c55d41c
0x2c55d498,FUN_2c55d498,112,47,1,2c55d498_FUN_2c55d498
0x2c55d51c,FUN_2c55d51c,288,117,1,2c55d51c_FUN_2c55d51c
0x2c55d644,FUN_2c55d644,132,54,1,2c55d644_FUN_2c55d644
0x2c55d6e0,FUN_2c55d6e0,54,26,1,2c55d6e0_FUN_2c55d6e0
0x2c55d720,FUN_2c55d720,58,27,1,2c55d720_FUN_2c55d720
0x2c55d77c,FUN_2c55d77c,60,29,1,2c55d77c_FUN_2c55d77c
0x2c55d7c0,FUN_2c55d7c0,100,43,1,2c55d7c0_FUN_2c55d7c0
0x2c55d83c,FUN_2c55d83c,112,47,1,2c55d83c_FUN_2c55d83c
0x2c55d8c0,FUN_2c55d8c0,300,123,1,2c55d8c0_FUN_2c55d8c0
0x2c55da14,FUN_2c55da14,14,6,1,2c55da14_FUN_2c55da14
0x2c55da24,FUN_2c55da24,14,6,1,2c55da24_FUN_2c55da24
0x2c55da5c,FUN_2c55da5c,24,10,1,2c55da5c_FUN_2c55da5c
0x2c55da90,FUN_2c55da90,26,11,1,2c55da90_FUN_2c55da90
0x2c55dac8,FUN_2c55dac8,34,12,1,2c55dac8_FUN_2c55dac8
0x2c55daf8,FUN_2c55daf8,32,13,1,2c55daf8_FUN_2c55daf8
0x2c55db6c,FUN_2c55db6c,184,89,1,2c55db6c_FUN_2c55db6c
0x2c55dc28,FUN_2c55dc28,16,6,1,2c55dc28_FUN_2c55dc28
0x2c55dc3c,FUN_2c55dc3c,1434,591,1,2c55dc3c_FUN_2c55dc3c
0x2c55e1f4,FUN_2c55e1f4,368,148,1,2c55e1f4_FUN_2c55e1f4
0x2c55e384,FUN_2c55e384,36,15,1,2c55e384_FUN_2c55e384
0x2c55e3b0,FUN_2c55e3b0,34,15,1,2c55e3b0_FUN_2c55e3b0
0x2c55e518,FUN_2c55e518,38,16,1,2c55e518_FUN_2c55e518
0x2c55e6d4,FUN_2c55e6d4,38,15,1,2c55e6d4_FUN_2c55e6d4
0x2c55e788,FUN_2c55e788,38,15,1,2c55e788_FUN_2c55e788
0x2c55e854,FUN_2c55e854,36,15,1,2c55e854_FUN_2c55e854
0x2c55e8cc,FUN_2c55e8cc,14,6,1,2c55e8cc_FUN_2c55e8cc
0x2c55e9f4,FUN_2c55e9f4,204,80,1,2c55e9f4_FUN_2c55e9f4
0x2c55eb00,FUN_2c55eb00,132,54,1,2c55eb00_FUN_2c55eb00
0x2c55eb9c,FUN_2c55eb9c,54,26,1,2c55eb9c_FUN_2c55eb9c
0x2c55ebdc,FUN_2c55ebdc,58,27,1,2c55ebdc_FUN_2c55ebdc
0x2c55ec38,FUN_2c55ec38,60,29,1,2c55ec38_FUN_2c55ec38
0x2c55ec7c,FUN_2c55ec7c,100,43,1,2c55ec7c_FUN_2c55ec7c
0x2c55ecf8,FUN_2c55ecf8,112,47,1,2c55ecf8_FUN_2c55ecf8
0x2c55ed7c,FUN_2c55ed7c,810,286,1,2c55ed7c_FUN_2c55ed7c
0x2c55f0bc,FUN_2c55f0bc,32,11,1,2c55f0bc_FUN_2c55f0bc
0x2c55f0dc,FUN_2c55f0dc,44,20,1,2c55f0dc_FUN_2c55f0dc
0x2c55f108,FUN_2c55f108,62,23,1,2c55f108_FUN_2c55f108
0x2c55f150,FUN_2c55f150,58,22,1,2c55f150_FUN_2c55f150
0x2c55f190,FUN_2c55f190,204,80,1,2c55f190_FUN_2c55f190
0x2c55f2a8,FUN_2c55f2a8,52,20,1,2c55f2a8_FUN_2c55f2a8
0x2c55f2fc,FUN_2c55f2fc,436,163,1,2c55f2fc_FUN_2c55f2fc
0x2c55f4b8,FUN_2c55f4b8,312,126,1,2c55f4b8_FUN_2c55f4b8
0x2c55f5fc,FUN_2c55f5fc,22,10,1,2c55f5fc_FUN_2c55f5fc
0x2c55f6a0,FUN_2c55f6a0,4,2,1,2c55f6a0_FUN_2c55f6a0
0x2c55f6a4,FUN_2c55f6a4,204,80,1,2c55f6a4_FUN_2c55f6a4
0x2c55f7b0,FUN_2c55f7b0,204,80,1,2c55f7b0_FUN_2c55f7b0
0x2c55f8d8,FUN_2c55f8d8,102,41,1,2c55f8d8_FUN_2c55f8d8
0x2c55f948,FUN_2c55f948,114,50,1,2c55f948_FUN_2c55f948
0x2c55f9c4,FUN_2c55f9c4,90,34,1,2c55f9c4_FUN_2c55f9c4
0x2c55fa24,FUN_2c55fa24,94,35,1,2c55fa24_FUN_2c55fa24
0x2c55fa94,FUN_2c55fa94,66,26,1,2c55fa94_FUN_2c55fa94
0x2c55fad8,FUN_2c55fad8,14,6,1,2c55fad8_FUN_2c55fad8
0x2c55fae8,FUN_2c55fae8,270,105,1,2c55fae8_FUN_2c55fae8
0x2c55fc04,FUN_2c55fc04,24,10,1,2c55fc04_FUN_2c55fc04
0x2c55fddc,FUN_2c55fddc,94,37,1,2c55fddc_FUN_2c55fddc
0x2c55fe40,FUN_2c55fe40,90,36,1,2c55fe40_FUN_2c55fe40
0x2c55fea0,FUN_2c55fea0,88,35,1,2c55fea0_FUN_2c55fea0
0x2c55fefc,FUN_2c55fefc,736,284,1,2c55fefc_FUN_2c55fefc
0x2c5601f0,FUN_2c5601f0,204,80,1,2c5601f0_FUN_2c5601f0
0x2c560300,FUN_2c560300,222,81,1,2c560300_FUN_2c560300
0x2c5603e4,FUN_2c5603e4,28,12,1,2c5603e4_FUN_2c5603e4
0x2c56041c,FUN_2c56041c,24,11,1,2c56041c_FUN_2c56041c
0x2c56044c,FUN_2c56044c,24,10,1,2c56044c_FUN_2c56044c
0x2c560484,FUN_2c560484,24,10,1,2c560484_FUN_2c560484
0x2c5604bc,FUN_2c5604bc,70,32,1,2c5604bc_FUN_2c5604bc
0x2c560508,FUN_2c560508,74,33,1,2c560508_FUN_2c560508
0x2c56055c,FUN_2c56055c,24,11,1,2c56055c_FUN_2c56055c
0x2c5605c0,FUN_2c5605c0,24,11,1,2c5605c0_FUN_2c5605c0
0x2c560624,FUN_2c560624,24,11,1,2c560624_FUN_2c560624
0x2c560668,FUN_2c560668,22,10,1,2c560668_FUN_2c560668
0x2c560680,FUN_2c560680,24,11,1,2c560680_FUN_2c560680
0x2c560710,FUN_2c560710,24,11,1,2c560710_FUN_2c560710
0x2c56078c,FUN_2c56078c,24,11,1,2c56078c_FUN_2c56078c
0x2c560808,FUN_2c560808,30,13,1,2c560808_FUN_2c560808
0x2c560908,FUN_2c560908,24,11,1,2c560908_FUN_2c560908
0x2c560950,FUN_2c560950,26,11,1,2c560950_FUN_2c560950
0x2c560a34,FUN_2c560a34,26,11,1,2c560a34_FUN_2c560a34
0x2c560aa0,FUN_2c560aa0,204,80,1,2c560aa0_FUN_2c560aa0
0x2c560bac,FUN_2c560bac,102,41,1,2c560bac_FUN_2c560bac
0x2c560c1c,FUN_2c560c1c,40,18,1,2c560c1c_FUN_2c560c1c
0x2c560c44,FUN_2c560c44,120,52,1,2c560c44_FUN_2c560c44
0x2c560cc4,FUN_2c560cc4,40,16,1,2c560cc4_FUN_2c560cc4
0x2c5612c4,FUN_2c5612c4,36,15,1,2c5612c4_FUN_2c5612c4
0x2c561434,FUN_2c561434,24,11,1,2c561434_FUN_2c561434
0x2c561464,FUN_2c561464,62,27,1,2c561464_FUN_2c561464
0x2c5618d4,FUN_2c5618d4,28,11,1,2c5618d4_FUN_2c5618d4
0x2c5619c8,FUN_2c5619c8,40,17,1,2c5619c8_FUN_2c5619c8
0x2c561d78,FUN_2c561d78,650,249,1,2c561d78_FUN_2c561d78
0x2c562010,FUN_2c562010,1446,506,1,2c562010_FUN_2c562010
0x2c5625e8,FUN_2c5625e8,40,16,1,2c5625e8_FUN_2c5625e8
0x2c562e6c,FUN_2c562e6c,948,354,1,2c562e6c_FUN_2c562e6c
0x2c563244,FUN_2c563244,228,95,1,2c563244_FUN_2c563244
0x2c563dc8,FUN_2c563dc8,3338,1225,1,2c563dc8_FUN_2c563dc8
0x2c564b2c,FUN_2c564b2c,2244,854,1,2c564b2c_FUN_2c564b2c
0x2c56542c,FUN_2c56542c,1870,702,1,2c56542c_FUN_2c56542c
0x2c565bac,FUN_2c565bac,2830,1071,1,2c565bac_FUN_2c565bac
0x2c566704,FUN_2c566704,276,107,1,2c566704_FUN_2c566704
0x2c56687c,FUN_2c56687c,22,10,1,2c56687c_FUN_2c56687c
0x2c5668a4,FUN_2c5668a4,22,10,1,2c5668a4_FUN_2c5668a4
0x2c5668cc,FUN_2c5668cc,22,10,1,2c5668cc_FUN_2c5668cc
0x2c5668f4,FUN_2c5668f4,30,13,1,2c5668f4_FUN_2c5668f4
0x2c566974,FUN_2c566974,40,18,1,2c566974_FUN_2c566974
0x2c56699c,FUN_2c56699c,28,12,1,2c56699c_FUN_2c56699c
0x2c5669bc,FUN_2c5669bc,32,13,1,2c5669bc_FUN_2c5669bc
0x2c5669e4,FUN_2c5669e4,30,13,1,2c5669e4_FUN_2c5669e4
0x2c566b90,FUN_2c566b90,204,80,1,2c566b90_FUN_2c566b90
0x2c566c9c,FUN_2c566c9c,44,18,1,2c566c9c_FUN_2c566c9c
0x2c566cd4,FUN_2c566cd4,102,41,1,2c566cd4_FUN_2c566cd4
0x2c566d44,FUN_2c566d44,140,55,1,2c566d44_FUN_2c566d44
0x2c566dd8,FUN_2c566dd8,144,56,1,2c566dd8_FUN_2c566dd8
0x2c566e74,FUN_2c566e74,710,272,1,2c566e74_FUN_2c566e74
0x2c567150,FUN_2c567150,450,177,1,2c567150_FUN_2c567150
0x2c567324,FUN_2c567324,56,20,1,2c567324_FUN_2c567324
0x2c56736c,FUN_2c56736c,26,11,1,2c56736c_FUN_2c56736c
0x2c567398,FUN_2c567398,24,10,1,2c567398_FUN_2c567398
0x2c5673c0,FUN_2c5673c0,28,12,1,2c5673c0_FUN_2c5673c0
0x2c567400,FUN_2c567400,62,17,1,2c567400_FUN_2c567400
0x2c567440,FUN_2c567440,22,8,1,2c567440_FUN_2c567440
0x2c56745c,FUN_2c56745c,4,2,1,2c56745c_FUN_2c56745c
0x2c5674ac,FUN_2c5674ac,102,41,1,2c5674ac_FUN_2c5674ac
0x2c56751c,FUN_2c56751c,40,18,1,2c56751c_FUN_2c56751c
0x2c567544,FUN_2c567544,28,12,1,2c567544_FUN_2c567544
0x2c567564,FUN_2c567564,32,13,1,2c567564_FUN_2c567564
0x2c567590,FUN_2c567590,44,17,1,2c567590_FUN_2c567590
0x2c567690,FUN_2c567690,402,160,1,2c567690_FUN_2c567690
0x2c567854,FUN_2c567854,170,67,1,2c567854_FUN_2c567854
0x2c567918,FUN_2c567918,218,87,1,2c567918_FUN_2c567918
0x2c567a40,FUN_2c567a40,118,48,1,2c567a40_FUN_2c567a40
0x2c567b74,FUN_2c567b74,196,76,1,2c567b74_FUN_2c567b74
0x2c568010,FUN_2c568010,146,58,1,2c568010_FUN_2c568010
0x2c5680b8,FUN_2c5680b8,1072,406,1,2c5680b8_FUN_2c5680b8
0x2c5684f4,FUN_2c5684f4,40,18,1,2c5684f4_FUN_2c5684f4
0x2c5687e0,FUN_2c5687e0,332,144,1,2c5687e0_FUN_2c5687e0
0x2c5689f0,FUN_2c5689f0,116,46,1,2c5689f0_FUN_2c5689f0
0x2c568a7c,FUN_2c568a7c,218,83,1,2c568a7c_FUN_2c568a7c
0x2c568b64,FUN_2c568b64,56,20,1,2c568b64_FUN_2c568b64
0x2c568bac,FUN_2c568bac,22,10,1,2c568bac_FUN_2c568bac
0x2c568bd4,FUN_2c568bd4,22,10,1,2c568bd4_FUN_2c568bd4
0x2c568bfc,FUN_2c568bfc,22,10,1,2c568bfc_FUN_2c568bfc
0x2c568c24,FUN_2c568c24,22,10,1,2c568c24_FUN_2c568c24
0x2c568c4c,FUN_2c568c4c,22,10,1,2c568c4c_FUN_2c568c4c
0x2c568c74,FUN_2c568c74,22,10,1,2c568c74_FUN_2c568c74
0x2c568c9c,FUN_2c568c9c,22,10,1,2c568c9c_FUN_2c568c9c
0x2c568cc4,FUN_2c568cc4,22,10,1,2c568cc4_FUN_2c568cc4
0x2c568cec,FUN_2c568cec,22,10,1,2c568cec_FUN_2c568cec
0x2c568d14,FUN_2c568d14,22,10,1,2c568d14_FUN_2c568d14
0x2c568d3c,FUN_2c568d3c,32,13,1,2c568d3c_FUN_2c568d3c
0x2c568d64,FUN_2c568d64,38,16,1,2c568d64_FUN_2c568d64
0x2c568d94,FUN_2c568d94,36,14,1,2c568d94_FUN_2c568d94
0x2c568dc4,FUN_2c568dc4,42,17,1,2c568dc4_FUN_2c568dc4
0x2c568dfc,FUN_2c568dfc,288,113,1,2c568dfc_FUN_2c568dfc
0x2c568f30,FUN_2c568f30,40,17,1,2c568f30_FUN_2c568f30
0x2c56914c,FUN_2c56914c,212,83,1,2c56914c_FUN_2c56914c
0x2c569288,FUN_2c569288,8,3,1,2c569288_FUN_2c569288
0x2c569298,FUN_2c569298,10,4,1,2c569298_FUN_2c569298
0x2c5692f0,FUN_2c5692f0,18,6,1,2c5692f0_FUN_2c5692f0
0x2c569308,FUN_2c569308,8,3,1,2c569308_FUN_2c569308
0x2c569360,FUN_2c569360,8,3,1,2c569360_FUN_2c569360
0x2c5693cc,FUN_2c5693cc,154,60,1,2c5693cc_FUN_2c5693cc
0x2c5693e0,FUN_2c5693e0,80,31,1,2c5693e0_FUN_2c5693e0
0x2c569444,FUN_2c569444,22,10,1,2c569444_FUN_2c569444
0x2c56946c,FUN_2c56946c,22,10,1,2c56946c_FUN_2c56946c
0x2c569494,FUN_2c569494,26,11,1,2c569494_FUN_2c569494
0x2c5694c8,FUN_2c5694c8,102,41,1,2c5694c8_FUN_2c5694c8
0x2c569538,FUN_2c569538,314,125,1,2c569538_FUN_2c569538
0x2c56967c,FUN_2c56967c,28,12,1,2c56967c_FUN_2c56967c
0x2c56969c,FUN_2c56969c,32,13,1,2c56969c_FUN_2c56969c
0x2c5696c4,FUN_2c5696c4,118,48,1,2c5696c4_FUN_2c5696c4
0x2c569800,FUN_2c569800,262,102,1,2c569800_FUN_2c569800
0x2c56991c,FUN_2c56991c,294,118,1,2c56991c_FUN_2c56991c
0x2c569a54,FUN_2c569a54,28,12,1,2c569a54_FUN_2c569a54
0x2c569c08,FUN_2c569c08,44,20,1,2c569c08_FUN_2c569c08
0x2c569c34,FUN_2c569c34,46,20,1,2c569c34_FUN_2c569c34
0x2c569cf0,FUN_2c569cf0,398,156,1,2c569cf0_FUN_2c569cf0
0x2c569e84,FUN_2c569e84,408,167,1,2c569e84_FUN_2c569e84
0x2c56a02c,FUN_2c56a02c,90,36,1,2c56a02c_FUN_2c56a02c
0x2c56a088,FUN_2c56a088,372,147,1,2c56a088_FUN_2c56a088
0x2c56a20c,FUN_2c56a20c,66,26,1,2c56a20c_FUN_2c56a20c
0x2c56a6b8,FUN_2c56a6b8,54,22,1,2c56a6b8_FUN_2c56a6b8
0x2c56a81c,FUN_2c56a81c,366,148,1,2c56a81c_FUN_2c56a81c
0x2c56a99c,FUN_2c56a99c,352,141,1,2c56a99c_FUN_2c56a99c
0x2c56ab08,FUN_2c56ab08,64,25,1,2c56ab08_FUN_2c56ab08
0x2c56af08,FUN_2c56af08,56,23,1,2c56af08_FUN_2c56af08
0x2c56b5a0,FUN_2c56b5a0,42,17,1,2c56b5a0_FUN_2c56b5a0
0x2c56bab4,FUN_2c56bab4,40,16,1,2c56bab4_FUN_2c56bab4
0x2c56bf60,FUN_2c56bf60,468,212,1,2c56bf60_FUN_2c56bf60
0x2c56c280,FUN_2c56c280,636,229,1,2c56c280_FUN_2c56c280
0x2c56c50c,FUN_2c56c50c,1178,439,1,2c56c50c_FUN_2c56c50c
0x2c56c9cc,FUN_2c56c9cc,102,41,1,2c56c9cc_FUN_2c56c9cc
0x2c56ca3c,FUN_2c56ca3c,40,18,1,2c56ca3c_FUN_2c56ca3c
0x2c56ca64,FUN_2c56ca64,176,65,1,2c56ca64_FUN_2c56ca64
0x2c56cb34,FUN_2c56cb34,16,6,1,2c56cb34_FUN_2c56cb34
0x2c56cb48,FUN_2c56cb48,24,9,1,2c56cb48_FUN_2c56cb48
0x2c56cb64,FUN_2c56cb64,204,88,1,2c56cb64_FUN_2c56cb64
0x2c56cc66,FUN_2c56cc66,148,63,1,2c56cc66_FUN_2c56cc66
0x2c56ccec,FUN_2c56ccec,68,23,1,2c56ccec_FUN_2c56ccec
0x2c56cd34,FUN_2c56cd34,398,156,1,2c56cd34_FUN_2c56cd34
0x2c56cec8,FUN_2c56cec8,34,15,1,2c56cec8_FUN_2c56cec8
0x2c56ceec,FUN_2c56ceec,722,295,1,2c56ceec_FUN_2c56ceec
0x2c56d258,FUN_2c56d258,544,200,1,2c56d258_FUN_2c56d258
0x2c56d49c,FUN_2c56d49c,202,79,1,2c56d49c_FUN_2c56d49c
0x2c56d5a8,FUN_2c56d5a8,98,43,1,2c56d5a8_FUN_2c56d5a8
0x2c56d618,FUN_2c56d618,102,41,1,2c56d618_FUN_2c56d618
0x2c56d688,FUN_2c56d688,40,18,1,2c56d688_FUN_2c56d688
0x2c56d6c4,FUN_2c56d6c4,114,50,1,2c56d6c4_FUN_2c56d6c4
0x2c56d740,FUN_2c56d740,370,146,1,2c56d740_FUN_2c56d740
0x2c56d8c8,FUN_2c56d8c8,148,57,1,2c56d8c8_FUN_2c56d8c8
0x2c56d960,FUN_2c56d960,156,58,1,2c56d960_FUN_2c56d960
0x2c56da00,FUN_2c56da00,152,58,1,2c56da00_FUN_2c56da00
0x2c56daa0,FUN_2c56daa0,158,59,1,2c56daa0_FUN_2c56daa0
0x2c56db48,FUN_2c56db48,398,156,1,2c56db48_FUN_2c56db48
0x2c56dcdc,FUN_2c56dcdc,34,15,1,2c56dcdc_FUN_2c56dcdc
0x2c56dd00,FUN_2c56dd00,722,295,1,2c56dd00_FUN_2c56dd00
0x2c56e06c,FUN_2c56e06c,52,20,1,2c56e06c_FUN_2c56e06c
0x2c56e2d0,FUN_2c56e2d0,24,10,1,2c56e2d0_FUN_2c56e2d0
0x2c56e2f8,FUN_2c56e2f8,24,10,1,2c56e2f8_FUN_2c56e2f8
0x2c56e320,FUN_2c56e320,102,41,1,2c56e320_FUN_2c56e320
0x2c56e390,FUN_2c56e390,114,50,1,2c56e390_FUN_2c56e390
0x2c56e40c,FUN_2c56e40c,222,87,1,2c56e40c_FUN_2c56e40c
0x2c56e4fc,FUN_2c56e4fc,224,88,1,2c56e4fc_FUN_2c56e4fc
0x2c56e5f4,FUN_2c56e5f4,1240,435,1,2c56e5f4_FUN_2c56e5f4
0x2c56eaf0,FUN_2c56eaf0,8,3,1,2c56eaf0_FUN_2c56eaf0
0x2c56ec08,FUN_2c56ec08,26,11,1,2c56ec08_FUN_2c56ec08
0x2c56ec3c,FUN_2c56ec3c,334,111,1,2c56ec3c_FUN_2c56ec3c
0x2c56ee20,FUN_2c56ee20,564,198,1,2c56ee20_FUN_2c56ee20
0x2c56f070,FUN_2c56f070,704,265,1,2c56f070_FUN_2c56f070
0x2c56f350,FUN_2c56f350,78,29,1,2c56f350_FUN_2c56f350
0x2c56fd20,FUN_2c56fd20,204,80,1,2c56fd20_FUN_2c56fd20
0x2c56fe2c,FUN_2c56fe2c,56,20,1,2c56fe2c_FUN_2c56fe2c
0x2c56fe74,FUN_2c56fe74,24,10,1,2c56fe74_FUN_2c56fe74
0x2c56fe9c,FUN_2c56fe9c,26,11,1,2c56fe9c_FUN_2c56fe9c
0x2c56fee4,FUN_2c56fee4,86,35,1,2c56fee4_FUN_2c56fee4
0x2c56ff28,FUN_2c56ff28,62,26,1,2c56ff28_FUN_2c56ff28
0x2c56ff74,FUN_2c56ff74,102,41,1,2c56ff74_FUN_2c56ff74
0x2c56ffe4,FUN_2c56ffe4,28,12,1,2c56ffe4_FUN_2c56ffe4
0x2c570004,FUN_2c570004,32,13,1,2c570004_FUN_2c570004
0x2c5700d0,FUN_2c5700d0,38,16,1,2c5700d0_FUN_2c5700d0
0x2c57027c,FUN_2c57027c,118,50,1,2c57027c_FUN_2c57027c
0x2c570310,FUN_2c570310,976,383,1,2c570310_FUN_2c570310
0x2c570738,FUN_2c570738,164,62,1,2c570738_FUN_2c570738
0x2c5708bc,FUN_2c5708bc,40,18,1,2c5708bc_FUN_2c5708bc
0x2c570b10,FUN_2c570b10,44,18,1,2c570b10_FUN_2c570b10
0x2c570f78,FUN_2c570f78,268,112,1,2c570f78_FUN_2c570f78
0x2c57110c,FUN_2c57110c,22,11,1,2c57110c_FUN_2c57110c
0x2c571128,FUN_2c571128,16,7,1,2c571128_FUN_2c571128
0x2c571138,FUN_2c571138,102,41,1,2c571138_FUN_2c571138
0x2c5711a8,FUN_2c5711a8,114,50,1,2c5711a8_FUN_2c5711a8
0x2c571224,FUN_2c571224,114,50,1,2c571224_FUN_2c571224
0x2c5712a0,FUN_2c5712a0,26,12,1,2c5712a0_FUN_2c5712a0
0x2c5712c4,FUN_2c5712c4,730,276,1,2c5712c4_FUN_2c5712c4
0x2c5715d0,FUN_2c5715d0,268,105,1,2c5715d0_FUN_2c5715d0
0x2c57173c,FUN_2c57173c,32,12,1,2c57173c_FUN_2c57173c
0x2c57177c,FUN_2c57177c,28,11,1,2c57177c_FUN_2c57177c
0x2c571794,FUN_2c571794,8,4,1,2c571794_FUN_2c571794
0x2c57179c,FUN_2c57179c,4,2,1,2c57179c_FUN_2c57179c
0x2c5717a0,FUN_2c5717a0,204,80,1,2c5717a0_FUN_2c5717a0
0x2c5718b0,FUN_2c5718b0,28,10,1,2c5718b0_FUN_2c5718b0
0x2c5718d0,FUN_2c5718d0,12,5,1,2c5718d0_FUN_2c5718d0
0x2c5718e0,FUN_2c5718e0,66,27,1,2c5718e0_FUN_2c5718e0
0x2c5719a0,FUN_2c5719a0,102,41,1,2c5719a0_FUN_2c5719a0
0x2c571a10,FUN_2c571a10,50,22,1,2c571a10_FUN_2c571a10
0x2c571a48,FUN_2c571a48,16,6,1,2c571a48_FUN_2c571a48
0x2c571a5c,FUN_2c571a5c,106,37,1,2c571a5c_FUN_2c571a5c
0x2c571ae0,FUN_2c571ae0,28,12,1,2c571ae0_FUN_2c571ae0
0x2c571b00,FUN_2c571b00,32,13,1,2c571b00_FUN_2c571b00
0x2c571b28,FUN_2c571b28,418,168,1,2c571b28_FUN_2c571b28
0x2c571ce0,FUN_2c571ce0,124,48,1,2c571ce0_FUN_2c571ce0
0x2c571d78,FUN_2c571d78,46,19,1,2c571d78_FUN_2c571d78
0x2c571dcc,FUN_2c571dcc,10,4,1,2c571dcc_FUN_2c571dcc
0x2c571dd8,FUN_2c571dd8,4,2,1,2c571dd8_FUN_2c571dd8
0x2c571de0,FUN_2c571de0,22,8,1,2c571de0_FUN_2c571de0
0x2c571dfc,FUN_2c571dfc,190,73,1,2c571dfc_FUN_2c571dfc
0x2c571ec8,FUN_2c571ec8,218,86,1,2c571ec8_FUN_2c571ec8
0x2c571fc4,FUN_2c571fc4,1056,370,1,2c571fc4_FUN_2c571fc4
0x2c572424,FUN_2c572424,800,309,1,2c572424_FUN_2c572424
0x2c572770,FUN_2c572770,568,192,1,2c572770_FUN_2c572770
0x2c5729b0,FUN_2c5729b0,398,156,1,2c5729b0_FUN_2c5729b0
0x2c572b44,FUN_2c572b44,410,158,1,2c572b44_FUN_2c572b44
0x2c572e70,FUN_2c572e70,96,43,1,2c572e70_FUN_2c572e70
0x2c572ed0,FUN_2c572ed0,728,282,1,2c572ed0_FUN_2c572ed0
0x2c5731f4,FUN_2c5731f4,204,89,1,2c5731f4_FUN_2c5731f4
0x2c573300,FUN_2c573300,102,41,1,2c573300_FUN_2c573300
0x2c573370,FUN_2c573370,654,238,1,2c573370_FUN_2c573370
0x2c57360c,FUN_2c57360c,122,52,1,2c57360c_FUN_2c57360c
0x2c573690,FUN_2c573690,250,92,1,2c573690_FUN_2c573690
0x2c5737f0,FUN_2c5737f0,198,74,1,2c5737f0_FUN_2c5737f0
0x2c5738c0,FUN_2c5738c0,198,74,1,2c5738c0_FUN_2c5738c0
0x2c573990,FUN_2c573990,90,36,1,2c573990_FUN_2c573990
0x2c5739f0,FUN_2c5739f0,96,38,1,2c5739f0_FUN_2c5739f0
0x2c573a54,FUN_2c573a54,510,188,1,2c573a54_FUN_2c573a54
0x2c573c68,FUN_2c573c68,16,7,1,2c573c68_FUN_2c573c68
0x2c573ca0,FUN_2c573ca0,160,59,1,2c573ca0_FUN_2c573ca0
0x2c573d48,FUN_2c573d48,190,73,1,2c573d48_FUN_2c573d48
0x2c573e14,FUN_2c573e14,1514,477,1,2c573e14_FUN_2c573e14
0x2c574420,FUN_2c574420,446,140,1,2c574420_FUN_2c574420
0x2c5745f2,FUN_2c5745f2,734,229,1,2c5745f2_FUN_2c5745f2
0x2c5748dc,FUN_2c5748dc,542,196,1,2c5748dc_FUN_2c5748dc
0x2c574c92,FUN_2c574c92,44,19,1,2c574c92_FUN_2c574c92
0x2c574cc4,FUN_2c574cc4,154,63,1,2c574cc4_FUN_2c574cc4
0x2c574d98,FUN_2c574d98,22,10,1,2c574d98_FUN_2c574d98
0x2c574dc0,FUN_2c574dc0,24,11,1,2c574dc0_FUN_2c574dc0
0x2c574e20,FUN_2c574e20,24,11,1,2c574e20_FUN_2c574e20
0x2c574e6c,FUN_2c574e6c,24,11,1,2c574e6c_FUN_2c574e6c
0x2c574ec4,FUN_2c574ec4,28,12,1,2c574ec4_FUN_2c574ec4
0x2c574ee4,FUN_2c574ee4,32,13,1,2c574ee4_FUN_2c574ee4
0x2c574f0c,FUN_2c574f0c,44,17,1,2c574f0c_FUN_2c574f0c
0x2c57531c,FUN_2c57531c,154,62,1,2c57531c_FUN_2c57531c
0x2c575494,FUN_2c575494,42,17,1,2c575494_FUN_2c575494
0x2c575530,FUN_2c575530,38,16,1,2c575530_FUN_2c575530
0x2c5757a0,FUN_2c5757a0,42,18,1,2c5757a0_FUN_2c5757a0
0x2c575a7c,FUN_2c575a7c,278,125,1,2c575a7c_FUN_2c575a7c
0x2c575c24,FUN_2c575c24,16,7,1,2c575c24_FUN_2c575c24
0x2c575c34,FUN_2c575c34,30,12,1,2c575c34_FUN_2c575c34
0x2c575c8c,FUN_2c575c8c,16,6,1,2c575c8c_FUN_2c575c8c
0x2c575ca0,FUN_2c575ca0,102,41,1,2c575ca0_FUN_2c575ca0
0x2c575d10,FUN_2c575d10,114,50,1,2c575d10_FUN_2c575d10
0x2c575d8c,FUN_2c575d8c,44,18,1,2c575d8c_FUN_2c575d8c
0x2c5760cc,FUN_2c5760cc,42,16,1,2c5760cc_FUN_2c5760cc
0x2c5762d4,FUN_2c5762d4,42,16,1,2c5762d4_FUN_2c5762d4
0x2c576690,FUN_2c576690,28,11,1,2c576690_FUN_2c576690
0x2c5766c8,FUN_2c5766c8,36,14,1,2c5766c8_FUN_2c5766c8
0x2c5766e8,FUN_2c5766e8,32,12,1,2c5766e8_FUN_2c5766e8
0x2c576708,FUN_2c576708,24,9,1,2c576708_FUN_2c576708
0x2c576724,FUN_2c576724,204,80,1,2c576724_FUN_2c576724
0x2c576830,FUN_2c576830,22,10,1,2c576830_FUN_2c576830
0x2c576858,FUN_2c576858,22,10,1,2c576858_FUN_2c576858
0x2c576880,FUN_2c576880,102,41,1,2c576880_FUN_2c576880
0x2c5768f0,FUN_2c5768f0,20,10,1,2c5768f0_FUN_2c5768f0
0x2c576950,FUN_2c576950,172,61,1,2c576950_FUN_2c576950
0x2c576a0c,FUN_2c576a0c,174,62,1,2c576a0c_FUN_2c576a0c
0x2c576ad0,FUN_2c576ad0,374,141,1,2c576ad0_FUN_2c576ad0
0x2c576d04,FUN_2c576d04,1160,424,1,2c576d04_FUN_2c576d04
0x2c5771ac,FUN_2c5771ac,18,8,1,2c5771ac_FUN_2c5771ac
0x2c577380,FUN_2c577380,204,80,1,2c577380_FUN_2c577380
0x2c57748c,FUN_2c57748c,80,29,1,2c57748c_FUN_2c57748c
0x2c5774e0,FUN_2c5774e0,124,56,1,2c5774e0_FUN_2c5774e0
0x2c577568,FUN_2c577568,148,52,1,2c577568_FUN_2c577568
0x2c577608,FUN_2c577608,16,6,1,2c577608_FUN_2c577608
0x2c57761c,FUN_2c57761c,394,144,1,2c57761c_FUN_2c57761c
0x2c5777b0,FUN_2c5777b0,266,101,1,2c5777b0_FUN_2c5777b0
0x2c5778c8,FUN_2c5778c8,204,80,1,2c5778c8_FUN_2c5778c8
0x2c5779d4,FUN_2c5779d4,24,11,1,2c5779d4_FUN_2c5779d4
0x2c577a0c,FUN_2c577a0c,24,11,1,2c577a0c_FUN_2c577a0c
0x2c577a44,FUN_2c577a44,24,11,1,2c577a44_FUN_2c577a44
0x2c577a7c,FUN_2c577a7c,102,41,1,2c577a7c_FUN_2c577a7c
0x2c577aec,FUN_2c577aec,150,59,1,2c577aec_FUN_2c577aec
0x2c577b94,FUN_2c577b94,154,60,1,2c577b94_FUN_2c577b94
0x2c577c44,FUN_2c577c44,44,18,1,2c577c44_FUN_2c577c44
0x2c577d9c,FUN_2c577d9c,26,12,1,2c577d9c_FUN_2c577d9c
0x2c577ee8,FUN_2c577ee8,42,18,1,2c577ee8_FUN_2c577ee8
0x2c57807c,FUN_2c57807c,24,11,1,2c57807c_FUN_2c57807c
0x2c57817c,FUN_2c57817c,42,17,1,2c57817c_FUN_2c57817c
0x2c5783c8,FUN_2c5783c8,212,83,1,2c5783c8_FUN_2c5783c8
0x2c5784e8,FUN_2c5784e8,24,11,1,2c5784e8_FUN_2c5784e8
0x2c578520,FUN_2c578520,30,13,1,2c578520_FUN_2c578520
0x2c578574,FUN_2c578574,102,41,1,2c578574_FUN_2c578574
0x2c5785e4,FUN_2c5785e4,106,41,1,2c5785e4_FUN_2c5785e4
0x2c578650,FUN_2c578650,114,50,1,2c578650_FUN_2c578650
0x2c5786cc,FUN_2c5786cc,24,11,1,2c5786cc_FUN_2c5786cc
0x2c5787ac,FUN_2c5787ac,6,3,1,2c5787ac_FUN_2c5787ac
0x2c5788ec,FUN_2c5788ec,40,17,1,2c5788ec_FUN_2c5788ec
0x2c5789b0,FUN_2c5789b0,26,11,1,2c5789b0_FUN_2c5789b0
0x2c578a80,FUN_2c578a80,24,11,1,2c578a80_FUN_2c578a80
0x2c578ac8,FUN_2c578ac8,28,12,1,2c578ac8_FUN_2c578ac8
0x2c578bb4,FUN_2c578bb4,24,11,1,2c578bb4_FUN_2c578bb4
0x2c578c48,FUN_2c578c48,24,11,1,2c578c48_FUN_2c578c48
0x2c578cbc,FUN_2c578cbc,24,11,1,2c578cbc_FUN_2c578cbc
0x2c578cf4,FUN_2c578cf4,24,11,1,2c578cf4_FUN_2c578cf4
0x2c578d2c,FUN_2c578d2c,24,11,1,2c578d2c_FUN_2c578d2c
0x2c578d98,FUN_2c578d98,36,16,1,2c578d98_FUN_2c578d98
0x2c578e6c,FUN_2c578e6c,6,3,1,2c578e6c_FUN_2c578e6c
0x2c578f88,FUN_2c578f88,48,20,1,2c578f88_FUN_2c578f88
0x2c579188,FUN_2c579188,40,16,1,2c579188_FUN_2c579188
0x2c579374,FUN_2c579374,26,11,1,2c579374_FUN_2c579374
0x2c5793d8,FUN_2c5793d8,24,11,1,2c5793d8_FUN_2c5793d8
0x2c57943c,FUN_2c57943c,36,15,1,2c57943c_FUN_2c57943c
0x2c5794c0,FUN_2c5794c0,24,11,1,2c5794c0_FUN_2c5794c0
0x2c579538,FUN_2c579538,46,18,1,2c579538_FUN_2c579538
0x2c5797a4,FUN_2c5797a4,26,11,1,2c5797a4_FUN_2c5797a4
0x2c5797fc,FUN_2c5797fc,42,16,1,2c5797fc_FUN_2c5797fc
0x2c579c38,FUN_2c579c38,226,90,1,2c579c38_FUN_2c579c38
0x2c579d64,FUN_2c579d64,204,80,1,2c579d64_FUN_2c579d64
0x2c579e70,FUN_2c579e70,204,80,1,2c579e70_FUN_2c579e70
0x2c579f7c,FUN_2c579f7c,22,10,1,2c579f7c_FUN_2c579f7c
0x2c579fa4,FUN_2c579fa4,102,41,1,2c579fa4_FUN_2c579fa4
0x2c57a014,FUN_2c57a014,26,12,1,2c57a014_FUN_2c57a014
0x2c57a06c,FUN_2c57a06c,26,11,1,2c57a06c_FUN_2c57a06c
0x2c57a25c,FUN_2c57a25c,34,14,1,2c57a25c_FUN_2c57a25c
0x2c57a2b0,FUN_2c57a2b0,26,11,1,2c57a2b0_FUN_2c57a2b0
0x2c57a2f8,FUN_2c57a2f8,24,11,1,2c57a2f8_FUN_2c57a2f8
0x2c57a368,FUN_2c57a368,26,11,1,2c57a368_FUN_2c57a368
0x2c57a3f0,FUN_2c57a3f0,24,11,1,2c57a3f0_FUN_2c57a3f0
0x2c57a430,FUN_2c57a430,24,11,1,2c57a430_FUN_2c57a430
0x2c57a478,FUN_2c57a478,24,11,1,2c57a478_FUN_2c57a478
0x2c57a4b4,FUN_2c57a4b4,28,12,1,2c57a4b4_FUN_2c57a4b4
0x2c57a644,FUN_2c57a644,28,12,1,2c57a644_FUN_2c57a644
0x2c57a688,FUN_2c57a688,26,12,1,2c57a688_FUN_2c57a688
0x2c57a71c,FUN_2c57a71c,42,18,1,2c57a71c_FUN_2c57a71c
0x2c57a8c8,FUN_2c57a8c8,204,80,1,2c57a8c8_FUN_2c57a8c8
0x2c57a9d4,FUN_2c57a9d4,40,18,1,2c57a9d4_FUN_2c57a9d4
0x2c57a9fc,FUN_2c57a9fc,102,41,1,2c57a9fc_FUN_2c57a9fc
0x2c57aa6c,FUN_2c57aa6c,114,50,1,2c57aa6c_FUN_2c57aa6c
0x2c57aae8,FUN_2c57aae8,206,77,1,2c57aae8_FUN_2c57aae8
0x2c57abc4,FUN_2c57abc4,262,99,1,2c57abc4_FUN_2c57abc4
0x2c57acd8,FUN_2c57acd8,36,16,1,2c57acd8_FUN_2c57acd8
0x2c57ae1c,FUN_2c57ae1c,10,4,1,2c57ae1c_FUN_2c57ae1c
0x2c57ae2c,FUN_2c57ae2c,84,33,1,2c57ae2c_FUN_2c57ae2c
0x2c57ae84,FUN_2c57ae84,48,20,1,2c57ae84_FUN_2c57ae84
0x2c57af10,FUN_2c57af10,506,199,1,2c57af10_FUN_2c57af10
0x2c57b124,FUN_2c57b124,110,43,1,2c57b124_FUN_2c57b124
0x2c57b1a4,FUN_2c57b1a4,270,101,1,2c57b1a4_FUN_2c57b1a4
0x2c57b2e0,FUN_2c57b2e0,150,58,1,2c57b2e0_FUN_2c57b2e0
0x2c57b380,FUN_2c57b380,398,156,1,2c57b380_FUN_2c57b380
0x2c57b514,FUN_2c57b514,44,17,1,2c57b514_FUN_2c57b514
0x2c57b710,FUN_2c57b710,204,80,1,2c57b710_FUN_2c57b710
0x2c57b828,FUN_2c57b828,102,41,1,2c57b828_FUN_2c57b828
0x2c57b898,FUN_2c57b898,206,79,1,2c57b898_FUN_2c57b898
0x2c57b974,FUN_2c57b974,342,124,1,2c57b974_FUN_2c57b974
0x2c57bae0,FUN_2c57bae0,344,125,1,2c57bae0_FUN_2c57bae0
0x2c57bc54,FUN_2c57bc54,28,12,1,2c57bc54_FUN_2c57bc54
0x2c57be48,FUN_2c57be48,52,23,1,2c57be48_FUN_2c57be48
0x2c57c000,FUN_2c57c000,26,11,1,2c57c000_FUN_2c57c000
0x2c57c1bc,FUN_2c57c1bc,486,201,1,2c57c1bc_FUN_2c57c1bc
0x2c57c468,FUN_2c57c468,44,18,1,2c57c468_FUN_2c57c468
0x2c57c6bc,FUN_2c57c6bc,296,116,1,2c57c6bc_FUN_2c57c6bc
0x2c57c7f8,FUN_2c57c7f8,306,118,1,2c57c7f8_FUN_2c57c7f8
0x2c57c940,FUN_2c57c940,46,18,1,2c57c940_FUN_2c57c940
0x2c57ca64,FUN_2c57ca64,558,218,1,2c57ca64_FUN_2c57ca64
0x2c57cce0,FUN_2c57cce0,40,16,1,2c57cce0_FUN_2c57cce0
0x2c57d6f0,FUN_2c57d6f0,236,96,1,2c57d6f0_FUN_2c57d6f0
0x2c57d85c,FUN_2c57d85c,102,41,1,2c57d85c_FUN_2c57d85c
0x2c57d8cc,FUN_2c57d8cc,36,14,1,2c57d8cc_FUN_2c57d8cc
0x2c57dc74,FUN_2c57dc74,4,2,1,2c57dc74_FUN_2c57dc74
0x2c57dd0c,FUN_2c57dd0c,106,38,1,2c57dd0c_FUN_2c57dd0c
0x2c57dd80,FUN_2c57dd80,16,6,1,2c57dd80_FUN_2c57dd80
0x2c57dd94,FUN_2c57dd94,606,222,1,2c57dd94_FUN_2c57dd94
0x2c57e018,FUN_2c57e018,228,85,1,2c57e018_FUN_2c57e018
0x2c57e198,FUN_2c57e198,204,80,1,2c57e198_FUN_2c57e198
0x2c57e398,FUN_2c57e398,344,123,1,2c57e398_FUN_2c57e398
0x2c57e4f8,FUN_2c57e4f8,82,34,1,2c57e4f8_FUN_2c57e4f8
0x2c57e564,FUN_2c57e564,30,13,1,2c57e564_FUN_2c57e564
0x2c57e598,FUN_2c57e598,80,32,1,2c57e598_FUN_2c57e598
0x2c57e5ac,FUN_2c57e5ac,204,80,1,2c57e5ac_FUN_2c57e5ac
0x2c57e6c0,FUN_2c57e6c0,26,11,1,2c57e6c0_FUN_2c57e6c0
0x2c57e794,FUN_2c57e794,34,15,1,2c57e794_FUN_2c57e794
0x2c57e9a8,FUN_2c57e9a8,24,11,1,2c57e9a8_FUN_2c57e9a8
0x2c57eac0,FUN_2c57eac0,34,15,1,2c57eac0_FUN_2c57eac0
0x2c57eb30,FUN_2c57eb30,42,18,1,2c57eb30_FUN_2c57eb30
0x2c57ec48,FUN_2c57ec48,46,17,1,2c57ec48_FUN_2c57ec48
0x2c57ec78,FUN_2c57ec78,38,16,1,2c57ec78_FUN_2c57ec78
0x2c57ecf0,FUN_2c57ecf0,26,12,1,2c57ecf0_FUN_2c57ecf0
0x2c57edf8,FUN_2c57edf8,10,4,1,2c57edf8_FUN_2c57edf8
0x2c57ee04,FUN_2c57ee04,10,4,1,2c57ee04_FUN_2c57ee04
0x2c57ee10,FUN_2c57ee10,36,15,1,2c57ee10_FUN_2c57ee10
0x2c57f20c,FUN_2c57f20c,34,15,1,2c57f20c_FUN_2c57f20c
0x2c57f4f0,FUN_2c57f4f0,16,7,1,2c57f4f0_FUN_2c57f4f0
0x2c57f500,FUN_2c57f500,30,12,1,2c57f500_FUN_2c57f500
0x2c57f558,FUN_2c57f558,16,6,1,2c57f558_FUN_2c57f558
0x2c57f56c,FUN_2c57f56c,102,41,1,2c57f56c_FUN_2c57f56c
0x2c57f5dc,FUN_2c57f5dc,114,50,1,2c57f5dc_FUN_2c57f5dc
0x2c57f658,FUN_2c57f658,42,18,1,2c57f658_FUN_2c57f658
0x2c57f8b4,FUN_2c57f8b4,42,16,1,2c57f8b4_FUN_2c57f8b4
0x2c57fabc,FUN_2c57fabc,38,16,1,2c57fabc_FUN_2c57fabc
0x2c57fd4c,FUN_2c57fd4c,40,16,1,2c57fd4c_FUN_2c57fd4c
0x2c57fd74,FUN_2c57fd74,40,16,1,2c57fd74_FUN_2c57fd74
0x2c57fd9c,FUN_2c57fd9c,36,15,1,2c57fd9c_FUN_2c57fd9c
0x2c57fdbc,FUN_2c57fdbc,204,89,1,2c57fdbc_FUN_2c57fdbc
0x2c57fec8,FUN_2c57fec8,102,41,1,2c57fec8_FUN_2c57fec8
0x2c57ff38,FUN_2c57ff38,838,311,1,2c57ff38_FUN_2c57ff38
0x2c580298,FUN_2c580298,122,52,1,2c580298_FUN_2c580298
0x2c58031c,FUN_2c58031c,16,7,1,2c58031c_FUN_2c58031c
0x2c580354,FUN_2c580354,216,78,1,2c580354_FUN_2c580354
0x2c580434,FUN_2c580434,190,73,1,2c580434_FUN_2c580434
0x2c580500,FUN_2c580500,1746,544,1,2c580500_FUN_2c580500
0x2c580bf0,FUN_2c580bf0,402,131,1,2c580bf0_FUN_2c580bf0
0x2c580d96,FUN_2c580d96,520,174,1,2c580d96_FUN_2c580d96
0x2c580fb4,FUN_2c580fb4,496,186,1,2c580fb4_FUN_2c580fb4
0x2c581366,FUN_2c581366,44,19,1,2c581366_FUN_2c581366
0x2c581398,FUN_2c581398,154,63,1,2c581398_FUN_2c581398
0x2c58146c,FUN_2c58146c,24,10,1,2c58146c_FUN_2c58146c
0x2c581494,FUN_2c581494,26,11,1,2c581494_FUN_2c581494
0x2c5814f8,FUN_2c5814f8,26,11,1,2c5814f8_FUN_2c5814f8
0x2c581548,FUN_2c581548,26,11,1,2c581548_FUN_2c581548
0x2c5815a4,FUN_2c5815a4,38,16,1,2c5815a4_FUN_2c5815a4
0x2c5816e8,FUN_2c5816e8,28,12,1,2c5816e8_FUN_2c5816e8
0x2c581708,FUN_2c581708,32,13,1,2c581708_FUN_2c581708
0x2c581730,FUN_2c581730,42,17,1,2c581730_FUN_2c581730
0x2c5817ec,FUN_2c5817ec,380,147,1,2c5817ec_FUN_2c5817ec
0x2c58197a,FUN_2c58197a,312,128,1,2c58197a_FUN_2c58197a
0x2c581ac4,FUN_2c581ac4,44,17,1,2c581ac4_FUN_2c581ac4
0x2c581c7c,FUN_2c581c7c,38,16,1,2c581c7c_FUN_2c581c7c
0x2c581efc,FUN_2c581efc,154,62,1,2c581efc_FUN_2c581efc
0x2c582074,FUN_2c582074,44,18,1,2c582074_FUN_2c582074
0x2c5824f0,FUN_2c5824f0,276,116,1,2c5824f0_FUN_2c5824f0
0x2c5826a0,FUN_2c5826a0,102,41,1,2c5826a0_FUN_2c5826a0
0x2c582710,FUN_2c582710,114,50,1,2c582710_FUN_2c582710
0x2c58278c,FUN_2c58278c,90,34,1,2c58278c_FUN_2c58278c
0x2c5827ec,FUN_2c5827ec,94,35,1,2c5827ec_FUN_2c5827ec
0x2c582854,FUN_2c582854,22,11,1,2c582854_FUN_2c582854
0x2c582870,FUN_2c582870,26,12,1,2c582870_FUN_2c582870
0x2c582894,FUN_2c582894,366,140,1,2c582894_FUN_2c582894
0x2c582a14,FUN_2c582a14,342,133,1,2c582a14_FUN_2c582a14
0x2c582bec,FUN_2c582bec,20,9,1,2c582bec_FUN_2c582bec
0x2c582c18,FUN_2c582c18,20,9,1,2c582c18_FUN_2c582c18
0x2c582c44,FUN_2c582c44,20,9,1,2c582c44_FUN_2c582c44
0x2c582c70,FUN_2c582c70,20,9,1,2c582c70_FUN_2c582c70
0x2c582ca2,FUN_2c582ca2,20,9,1,2c582ca2_FUN_2c582ca2
0x2c582cc8,FUN_2c582cc8,20,10,1,2c582cc8_FUN_2c582cc8
0x2c582ce8,FUN_2c582ce8,204,80,1,2c582ce8_FUN_2c582ce8
0x2c582dfc,FUN_2c582dfc,24,10,1,2c582dfc_FUN_2c582dfc
0x2c582e20,FUN_2c582e20,14,6,1,2c582e20_FUN_2c582e20
0x2c582e38,FUN_2c582e38,28,12,1,2c582e38_FUN_2c582e38
0x2c582e74,FUN_2c582e74,28,12,1,2c582e74_FUN_2c582e74
0x2c582eb0,FUN_2c582eb0,20,7,1,2c582eb0_FUN_2c582eb0
0x2c582ec8,FUN_2c582ec8,102,41,1,2c582ec8_FUN_2c582ec8
0x2c582f38,FUN_2c582f38,28,12,1,2c582f38_FUN_2c582f38
0x2c582fc4,FUN_2c582fc4,72,34,1,2c582fc4_FUN_2c582fc4
0x2c583014,FUN_2c583014,76,35,1,2c583014_FUN_2c583014
0x2c58306c,FUN_2c58306c,32,14,1,2c58306c_FUN_2c58306c
0x2c583148,FUN_2c583148,56,24,1,2c583148_FUN_2c583148
0x2c5832b4,FUN_2c5832b4,408,165,1,2c5832b4_FUN_2c5832b4
0x2c583464,FUN_2c583464,64,24,1,2c583464_FUN_2c583464
0x2c58360c,FUN_2c58360c,50,19,1,2c58360c_FUN_2c58360c
0x2c5836cc,FUN_2c5836cc,172,64,1,2c5836cc_FUN_2c5836cc
0x2c583944,FUN_2c583944,50,19,1,2c583944_FUN_2c583944
0x2c58424c,FUN_2c58424c,252,104,1,2c58424c_FUN_2c58424c
0x2c5843c4,FUN_2c5843c4,204,80,1,2c5843c4_FUN_2c5843c4
0x2c5844d0,FUN_2c5844d0,204,80,1,2c5844d0_FUN_2c5844d0
0x2c584616,FUN_2c584616,46,18,1,2c584616_FUN_2c584616
0x2c58465c,FUN_2c58465c,100,31,1,2c58465c_FUN_2c58465c
0x2c5846e8,FUN_2c5846e8,24,10,1,2c5846e8_FUN_2c5846e8
0x2c584820,FUN_2c584820,20,7,1,2c584820_FUN_2c584820
0x2c58483c,FUN_2c58483c,190,73,1,2c58483c_FUN_2c58483c
0x2c584908,FUN_2c584908,190,73,1,2c584908_FUN_2c584908
0x2c5849d4,FUN_2c5849d4,280,108,1,2c5849d4_FUN_2c5849d4
0x2c584af4,FUN_2c584af4,576,236,1,2c584af4_FUN_2c584af4
0x2c584e18,FUN_2c584e18,28,13,1,2c584e18_FUN_2c584e18
0x2c584ee4,FUN_2c584ee4,62,24,1,2c584ee4_FUN_2c584ee4
0x2c584f34,FUN_2c584f34,62,24,1,2c584f34_FUN_2c584f34
0x2c584f84,FUN_2c584f84,66,26,1,2c584f84_FUN_2c584f84
0x2c584fd8,FUN_2c584fd8,48,19,1,2c584fd8_FUN_2c584fd8
0x2c585358,FUN_2c585358,54,22,1,2c585358_FUN_2c585358
0x2c5854a0,FUN_2c5854a0,638,247,1,2c5854a0_FUN_2c5854a0
0x2c585734,FUN_2c585734,336,130,1,2c585734_FUN_2c585734
0x2c5858e4,FUN_2c5858e4,276,116,1,2c5858e4_FUN_2c5858e4
0x2c585a8c,FUN_2c585a8c,24,10,1,2c585a8c_FUN_2c585a8c
0x2c585ab4,FUN_2c585ab4,18,5,1,2c585ab4_FUN_2c585ab4
0x2c585ac8,FUN_2c585ac8,18,5,1,2c585ac8_FUN_2c585ac8
0x2c585adc,FUN_2c585adc,18,5,1,2c585adc_FUN_2c585adc
0x2c585af8,FUN_2c585af8,30,12,1,2c585af8_FUN_2c585af8
0x2c585bcc,FUN_2c585bcc,42,19,1,2c585bcc_FUN_2c585bcc
0x2c585e54,FUN_2c585e54,102,41,1,2c585e54_FUN_2c585e54
0x2c585ec4,FUN_2c585ec4,114,50,1,2c585ec4_FUN_2c585ec4
0x2c585f40,FUN_2c585f40,28,12,1,2c585f40_FUN_2c585f40
0x2c585f60,FUN_2c585f60,32,13,1,2c585f60_FUN_2c585f60
0x2c585f88,FUN_2c585f88,40,17,1,2c585f88_FUN_2c585f88
0x2c586214,FUN_2c586214,118,47,1,2c586214_FUN_2c586214
0x2c586298,FUN_2c586298,40,17,1,2c586298_FUN_2c586298
0x2c586584,FUN_2c586584,26,11,1,2c586584_FUN_2c586584
0x2c586618,FUN_2c586618,44,16,1,2c586618_FUN_2c586618
0x2c58665c,FUN_2c58665c,48,19,1,2c58665c_FUN_2c58665c
0x2c586b50,FUN_2c586b50,678,262,1,2c586b50_FUN_2c586b50
0x2c587028,FUN_2c587028,38,16,1,2c587028_FUN_2c587028
0x2c5874bc,FUN_2c5874bc,308,132,1,2c5874bc_FUN_2c5874bc
0x2c5876a4,FUN_2c5876a4,22,10,1,2c5876a4_FUN_2c5876a4
0x2c5876cc,FUN_2c5876cc,22,10,1,2c5876cc_FUN_2c5876cc
0x2c5876f4,FUN_2c5876f4,124,56,1,2c5876f4_FUN_2c5876f4
0x2c58777c,FUN_2c58777c,28,12,1,2c58777c_FUN_2c58777c
0x2c58779c,FUN_2c58779c,32,13,1,2c58779c_FUN_2c58779c
0x2c5877c4,FUN_2c5877c4,44,18,1,2c5877c4_FUN_2c5877c4
0x2c587a04,FUN_2c587a04,228,92,1,2c587a04_FUN_2c587a04
0x2c587b4c,FUN_2c587b4c,124,56,1,2c587b4c_FUN_2c587b4c
0x2c587bd4,FUN_2c587bd4,28,12,1,2c587bd4_FUN_2c587bd4
0x2c587bf4,FUN_2c587bf4,32,13,1,2c587bf4_FUN_2c587bf4
0x2c587c1c,FUN_2c587c1c,38,17,1,2c587c1c_FUN_2c587c1c
0x2c587eac,FUN_2c587eac,236,96,1,2c587eac_FUN_2c587eac
0x2c588000,FUN_2c588000,102,41,1,2c588000_FUN_2c588000
0x2c588070,FUN_2c588070,40,18,1,2c588070_FUN_2c588070
0x2c588098,FUN_2c588098,76,30,1,2c588098_FUN_2c588098
0x2c5880e8,FUN_2c5880e8,80,31,1,2c5880e8_FUN_2c5880e8
0x2c588140,FUN_2c588140,398,156,1,2c588140_FUN_2c588140
0x2c5882d4,FUN_2c5882d4,282,110,1,2c5882d4_FUN_2c5882d4
0x2c588404,FUN_2c588404,198,77,1,2c588404_FUN_2c588404
0x2c5884e0,FUN_2c5884e0,56,20,1,2c5884e0_FUN_2c5884e0
0x2c588528,FUN_2c588528,24,10,1,2c588528_FUN_2c588528
0x2c588550,FUN_2c588550,22,10,1,2c588550_FUN_2c588550
0x2c588578,FUN_2c588578,22,10,1,2c588578_FUN_2c588578
0x2c5885a0,FUN_2c5885a0,20,7,1,2c5885a0_FUN_2c5885a0
0x2c5885b8,FUN_2c5885b8,28,12,1,2c5885b8_FUN_2c5885b8
0x2c5885d8,FUN_2c5885d8,32,13,1,2c5885d8_FUN_2c5885d8
0x2c588600,FUN_2c588600,248,96,1,2c588600_FUN_2c588600
0x2c588724,FUN_2c588724,46,19,1,2c588724_FUN_2c588724
0x2c588b9c,FUN_2c588b9c,244,100,1,2c588b9c_FUN_2c588b9c
0x2c588d04,FUN_2c588d04,28,12,1,2c588d04_FUN_2c588d04
0x2c588d24,FUN_2c588d24,32,13,1,2c588d24_FUN_2c588d24
0x2c588d4c,FUN_2c588d4c,40,17,1,2c588d4c_FUN_2c588d4c
0x2c588f20,FUN_2c588f20,204,80,1,2c588f20_FUN_2c588f20
0x2c58902c,FUN_2c58902c,22,10,1,2c58902c_FUN_2c58902c
0x2c589054,FUN_2c589054,22,10,1,2c589054_FUN_2c589054
0x2c58907c,FUN_2c58907c,22,10,1,2c58907c_FUN_2c58907c
0x2c5890a4,FUN_2c5890a4,22,10,1,2c5890a4_FUN_2c5890a4
0x2c5890cc,FUN_2c5890cc,28,12,1,2c5890cc_FUN_2c5890cc
0x2c5890ec,FUN_2c5890ec,32,13,1,2c5890ec_FUN_2c5890ec
0x2c589114,FUN_2c589114,204,80,1,2c589114_FUN_2c589114
0x2c589220,FUN_2c589220,20,9,1,2c589220_FUN_2c589220
0x2c589254,FUN_2c589254,24,10,1,2c589254_FUN_2c589254
0x2c58927c,FUN_2c58927c,24,10,1,2c58927c_FUN_2c58927c
0x2c5892a4,FUN_2c5892a4,26,11,1,2c5892a4_FUN_2c5892a4
0x2c5892e4,FUN_2c5892e4,20,9,1,2c5892e4_FUN_2c5892e4
0x2c589318,FUN_2c589318,20,9,1,2c589318_FUN_2c589318
0x2c58934c,FUN_2c58934c,62,17,1,2c58934c_FUN_2c58934c
0x2c58938c,FUN_2c58938c,54,22,1,2c58938c_FUN_2c58938c
0x2c5893a8,FUN_2c5893a8,102,41,1,2c5893a8_FUN_2c5893a8
0x2c589418,FUN_2c589418,314,125,1,2c589418_FUN_2c589418
0x2c58955c,FUN_2c58955c,58,22,1,2c58955c_FUN_2c58955c
0x2c5896a4,FUN_2c5896a4,58,22,1,2c5896a4_FUN_2c5896a4
0x2c5897e4,FUN_2c5897e4,50,18,1,2c5897e4_FUN_2c5897e4
0x2c589890,FUN_2c589890,38,13,1,2c589890_FUN_2c589890
0x2c5898c8,FUN_2c5898c8,44,16,1,2c5898c8_FUN_2c5898c8
0x2c58990c,FUN_2c58990c,350,140,1,2c58990c_FUN_2c58990c
0x2c589a80,FUN_2c589a80,170,67,1,2c589a80_FUN_2c589a80
0x2c589b28,FUN_2c589b28,44,17,1,2c589b28_FUN_2c589b28
0x2c589c2a,FUN_2c589c2a,52,20,1,2c589c2a_FUN_2c589c2a
0x2c589c6a,FUN_2c589c6a,56,21,1,2c589c6a_FUN_2c589c6a
0x2c589cb0,FUN_2c589cb0,398,156,1,2c589cb0_FUN_2c589cb0
0x2c589e44,FUN_2c589e44,182,67,1,2c589e44_FUN_2c589e44
0x2c58a088,FUN_2c58a088,300,121,1,2c58a088_FUN_2c58a088
0x2c58a1c4,FUN_2c58a1c4,374,147,1,2c58a1c4_FUN_2c58a1c4
0x2c58a34c,FUN_2c58a34c,124,50,1,2c58a34c_FUN_2c58a34c
0x2c58a65c,FUN_2c58a65c,42,17,1,2c58a65c_FUN_2c58a65c
0x2c58b9b0,FUN_2c58b9b0,476,215,1,2c58b9b0_FUN_2c58b9b0
0x2c58bd90,FUN_2c58bd90,102,41,1,2c58bd90_FUN_2c58bd90
0x2c58be00,FUN_2c58be00,28,12,1,2c58be00_FUN_2c58be00
0x2c58be20,FUN_2c58be20,34,14,1,2c58be20_FUN_2c58be20
0x2c58be48,FUN_2c58be48,32,13,1,2c58be48_FUN_2c58be48
0x2c58be70,FUN_2c58be70,38,15,1,2c58be70_FUN_2c58be70
0x2c58bea0,FUN_2c58bea0,414,166,1,2c58bea0_FUN_2c58bea0
0x2c58c058,FUN_2c58c058,44,17,1,2c58c058_FUN_2c58c058
0x2c58c084,FUN_2c58c084,50,19,1,2c58c084_FUN_2c58c084
0x2c58c08c,FUN_2c58c08c,50,19,1,2c58c08c_FUN_2c58c08c
0x2c58c094,FUN_2c58c094,214,92,1,2c58c094_FUN_2c58c094
0x2c58c174,FUN_2c58c174,100,39,1,2c58c174_FUN_2c58c174
0x2c58c1e0,FUN_2c58c1e0,204,80,1,2c58c1e0_FUN_2c58c1e0
0x2c58c310,FUN_2c58c310,68,28,1,2c58c310_FUN_2c58c310
0x2c58c354,FUN_2c58c354,22,9,1,2c58c354_FUN_2c58c354
0x2c58c370,FUN_2c58c370,28,12,1,2c58c370_FUN_2c58c370
0x2c58c390,FUN_2c58c390,124,56,1,2c58c390_FUN_2c58c390
0x2c58c418,FUN_2c58c418,28,12,1,2c58c418_FUN_2c58c418
0x2c58c558,FUN_2c58c558,64,28,1,2c58c558_FUN_2c58c558
0x2c58c608,FUN_2c58c608,70,29,1,2c58c608_FUN_2c58c608
0x2c58c664,FUN_2c58c664,26,12,1,2c58c664_FUN_2c58c664
0x2c58c6d4,FUN_2c58c6d4,62,25,1,2c58c6d4_FUN_2c58c6d4
0x2c58c7f4,FUN_2c58c7f4,34,14,1,2c58c7f4_FUN_2c58c7f4
0x2c58c890,FUN_2c58c890,204,80,1,2c58c890_FUN_2c58c890
0x2c58c99c,FUN_2c58c99c,34,16,1,2c58c99c_FUN_2c58c99c
0x2c58c9c0,FUN_2c58c9c0,22,9,1,2c58c9c0_FUN_2c58c9c0
0x2c58c9d8,FUN_2c58c9d8,228,93,1,2c58c9d8_FUN_2c58c9d8
0x2c58cac8,FUN_2c58cac8,70,28,1,2c58cac8_FUN_2c58cac8
0x2c58cb1c,FUN_2c58cb1c,166,65,1,2c58cb1c_FUN_2c58cb1c
0x2c58cbd0,FUN_2c58cbd0,264,107,1,2c58cbd0_FUN_2c58cbd0
0x2c58cd5c,FUN_2c58cd5c,70,28,1,2c58cd5c_FUN_2c58cd5c
0x2c58cdb0,FUN_2c58cdb0,338,129,1,2c58cdb0_FUN_2c58cdb0
0x2c58cf34,FUN_2c58cf34,652,241,1,2c58cf34_FUN_2c58cf34
0x2c58d1f0,FUN_2c58d1f0,44,17,1,2c58d1f0_FUN_2c58d1f0
0x2c58d21c,FUN_2c58d21c,56,20,1,2c58d21c_FUN_2c58d21c
0x2c58d264,FUN_2c58d264,74,31,1,2c58d264_FUN_2c58d264
0x2c58d2b0,FUN_2c58d2b0,60,25,1,2c58d2b0_FUN_2c58d2b0
0x2c58d2fc,FUN_2c58d2fc,262,105,1,2c58d2fc_FUN_2c58d2fc
0x2c58d410,FUN_2c58d410,26,12,1,2c58d410_FUN_2c58d410
0x2c58d450,FUN_2c58d450,302,151,1,2c58d450_FUN_2c58d450
0x2c58d584,FUN_2c58d584,16,6,1,2c58d584_FUN_2c58d584
0x2c58d6c0,FUN_2c58d6c0,102,41,1,2c58d6c0_FUN_2c58d6c0
0x2c58d730,FUN_2c58d730,40,18,1,2c58d730_FUN_2c58d730
0x2c58d758,FUN_2c58d758,144,58,1,2c58d758_FUN_2c58d758
0x2c58d800,FUN_2c58d800,674,262,1,2c58d800_FUN_2c58d800
0x2c58dab8,FUN_2c58dab8,710,257,1,2c58dab8_FUN_2c58dab8
0x2c58de2c,FUN_2c58de2c,280,121,1,2c58de2c_FUN_2c58de2c
0x2c58de64,FUN_2c58de64,60,24,1,2c58de64_FUN_2c58de64
0x2c58df6c,FUN_2c58df6c,4,2,1,2c58df6c_FUN_2c58df6c
0x2c58df70,FUN_2c58df70,8,4,1,2c58df70_FUN_2c58df70
0x2c58df7a,FUN_2c58df7a,294,109,1,2c58df7a_FUN_2c58df7a
0x2c58e14c,FUN_2c58e14c,46,17,1,2c58e14c_FUN_2c58e14c
0x2c58e644,FUN_2c58e644,4,2,1,2c58e644_FUN_2c58e644
0x2c58e6d0,FUN_2c58e6d0,4,2,1,2c58e6d0_FUN_2c58e6d0
0x2c58e978,FUN_2c58e978,26,11,1,2c58e978_FUN_2c58e978
0x2c58e9ac,FUN_2c58e9ac,4,2,1,2c58e9ac_FUN_2c58e9ac
0x2c58ea4c,FUN_2c58ea4c,4,2,1,2c58ea4c_FUN_2c58ea4c
0x2c58eaa4,FUN_2c58eaa4,28,11,1,2c58eaa4_FUN_2c58eaa4
0x2c58eadc,FUN_2c58eadc,4,2,1,2c58eadc_FUN_2c58eadc
0x2c58eb30,FUN_2c58eb30,20,8,1,2c58eb30_FUN_2c58eb30
0x2c58ec10,FUN_2c58ec10,222,85,1,2c58ec10_FUN_2c58ec10
0x2c58ed00,FUN_2c58ed00,26,11,1,2c58ed00_FUN_2c58ed00
0x2c58ed40,FUN_2c58ed40,1566,598,1,2c58ed40_FUN_2c58ed40
0x2c58f4c8,FUN_2c58f4c8,592,210,1,2c58f4c8_FUN_2c58f4c8
0x2c58f734,FUN_2c58f734,592,210,1,2c58f734_FUN_2c58f734
0x2c58f9a0,FUN_2c58f9a0,924,334,1,2c58f9a0_FUN_2c58f9a0
0x2c58fd6c,FUN_2c58fd6c,358,132,1,2c58fd6c_FUN_2c58fd6c
0x2c58fee4,FUN_2c58fee4,398,156,1,2c58fee4_FUN_2c58fee4
0x2c59007c,FUN_2c59007c,860,319,1,2c59007c_FUN_2c59007c
0x2c590438,FUN_2c590438,1664,637,1,2c590438_FUN_2c590438
0x2c590f14,FUN_2c590f14,40,17,1,2c590f14_FUN_2c590f14
0x2c591218,FUN_2c591218,54,19,1,2c591218_FUN_2c591218
0x2c59175c,FUN_2c59175c,128,47,1,2c59175c_FUN_2c59175c
0x2c5917dc,FUN_2c5917dc,240,89,1,2c5917dc_FUN_2c5917dc
0x2c591b8c,FUN_2c591b8c,238,93,1,2c591b8c_FUN_2c591b8c
0x2c591d30,FUN_2c591d30,28,11,1,2c591d30_FUN_2c591d30
0x2c591d68,FUN_2c591d68,102,41,1,2c591d68_FUN_2c591d68
0x2c591dd8,FUN_2c591dd8,226,96,1,2c591dd8_FUN_2c591dd8
0x2c591ec8,FUN_2c591ec8,626,236,1,2c591ec8_FUN_2c591ec8
0x2c592144,FUN_2c592144,4,2,1,2c592144_FUN_2c592144
0x2c5921a0,FUN_2c5921a0,28,13,1,2c5921a0_FUN_2c5921a0
0x2c592210,FUN_2c592210,36,16,1,2c592210_FUN_2c592210
0x2c5922c4,FUN_2c5922c4,252,104,1,2c5922c4_FUN_2c5922c4
0x2c5923c8,FUN_2c5923c8,16,7,1,2c5923c8_FUN_2c5923c8
0x2c592424,FUN_2c592424,4,2,1,2c592424_FUN_2c592424
0x2c592470,FUN_2c592470,4,2,1,2c592470_FUN_2c592470
0x2c5924cc,FUN_2c5924cc,14,5,1,2c5924cc_FUN_2c5924cc
0x2c5924d4,FUN_2c5924d4,10,4,1,2c5924d4_FUN_2c5924d4
0x2c5924dc,FUN_2c5924dc,32,13,1,2c5924dc_FUN_2c5924dc
0x2c5924e4,FUN_2c5924e4,6,2,1,2c5924e4_FUN_2c5924e4
0x2c5924ec,FUN_2c5924ec,76,26,1,2c5924ec_FUN_2c5924ec
0x2c5924fc,FUN_2c5924fc,28,11,1,2c5924fc_FUN_2c5924fc
0x2c592560,FUN_2c592560,142,59,1,2c592560_FUN_2c592560
0x2c59262c,FUN_2c59262c,16,7,1,2c59262c_FUN_2c59262c
0x2c592634,FUN_2c592634,16,7,1,2c592634_FUN_2c592634
0x2c592760,FUN_2c592760,222,90,1,2c592760_FUN_2c592760
0x2c5928e8,FUN_2c5928e8,26,10,1,2c5928e8_FUN_2c5928e8
0x2c592b00,FUN_2c592b00,1300,504,1,2c592b00_FUN_2c592b00
0x2c5931e0,FUN_2c5931e0,98,40,1,2c5931e0_FUN_2c5931e0
0x2c59324c,FUN_2c59324c,166,62,1,2c59324c_FUN_2c59324c
0x2c593300,FUN_2c593300,456,169,1,2c593300_FUN_2c593300
0x2c5934d8,FUN_2c5934d8,304,115,1,2c5934d8_FUN_2c5934d8
0x2c593614,FUN_2c593614,182,65,1,2c593614_FUN_2c593614
0x2c593758,FUN_2c593758,304,113,1,2c593758_FUN_2c593758
0x2c593890,FUN_2c593890,178,63,1,2c593890_FUN_2c593890
0x2c5939c8,FUN_2c5939c8,272,98,1,2c5939c8_FUN_2c5939c8
0x2c593ae0,FUN_2c593ae0,318,119,1,2c593ae0_FUN_2c593ae0
0x2c593c2c,FUN_2c593c2c,170,67,1,2c593c2c_FUN_2c593c2c
0x2c593ce8,FUN_2c593ce8,60,22,1,2c593ce8_FUN_2c593ce8
0x2c593d30,FUN_2c593d30,84,34,1,2c593d30_FUN_2c593d30
0x2c593d90,FUN_2c593d90,346,133,1,2c593d90_FUN_2c593d90
0x2c593efc,FUN_2c593efc,220,88,1,2c593efc_FUN_2c593efc
0x2c59402c,FUN_2c59402c,22,10,1,2c59402c_FUN_2c59402c
0x2c594054,FUN_2c594054,22,10,1,2c594054_FUN_2c594054
0x2c59407c,FUN_2c59407c,26,11,1,2c59407c_FUN_2c59407c
0x2c5940b0,FUN_2c5940b0,28,11,1,2c5940b0_FUN_2c5940b0
0x2c5940e4,FUN_2c5940e4,28,12,1,2c5940e4_FUN_2c5940e4
0x2c594104,FUN_2c594104,32,13,1,2c594104_FUN_2c594104
0x2c59412c,FUN_2c59412c,204,80,1,2c59412c_FUN_2c59412c
0x2c594238,FUN_2c594238,18,8,1,2c594238_FUN_2c594238
0x2c594264,FUN_2c594264,24,10,1,2c594264_FUN_2c594264
0x2c5942bc,FUN_2c5942bc,22,10,1,2c5942bc_FUN_2c5942bc
0x2c5942ec,FUN_2c5942ec,28,12,1,2c5942ec_FUN_2c5942ec
0x2c59431c,FUN_2c59431c,4,2,1,2c59431c_FUN_2c59431c
0x2c594324,FUN_2c594324,28,12,1,2c594324_FUN_2c594324
0x2c59437c,FUN_2c59437c,12,5,1,2c59437c_FUN_2c59437c
0x2c59438c,FUN_2c59438c,28,12,1,2c59438c_FUN_2c59438c
0x2c59446c,FUN_2c59446c,204,80,1,2c59446c_FUN_2c59446c
0x2c594588,FUN_2c594588,28,12,1,2c594588_FUN_2c594588
0x2c5945b8,FUN_2c5945b8,14,6,1,2c5945b8_FUN_2c5945b8
0x2c5945c8,FUN_2c5945c8,28,12,1,2c5945c8_FUN_2c5945c8
0x2c5945f8,FUN_2c5945f8,28,12,1,2c5945f8_FUN_2c5945f8
0x2c594634,FUN_2c594634,20,9,1,2c594634_FUN_2c594634
0x2c59465c,FUN_2c59465c,24,10,1,2c59465c_FUN_2c59465c
0x2c594678,FUN_2c594678,16,6,1,2c594678_FUN_2c594678
0x2c594690,FUN_2c594690,28,11,1,2c594690_FUN_2c594690
0x2c594718,FUN_2c594718,32,13,1,2c594718_FUN_2c594718
0x2c594794,FUN_2c594794,26,11,1,2c594794_FUN_2c594794
0x2c5947c8,FUN_2c5947c8,28,11,1,2c5947c8_FUN_2c5947c8
0x2c594808,FUN_2c594808,102,41,1,2c594808_FUN_2c594808
0x2c594878,FUN_2c594878,212,91,1,2c594878_FUN_2c594878
0x2c594954,FUN_2c594954,22,10,1,2c594954_FUN_2c594954
0x2c5949c0,FUN_2c5949c0,34,13,1,2c5949c0_FUN_2c5949c0
0x2c5949f4,FUN_2c5949f4,456,185,1,2c5949f4_FUN_2c5949f4
0x2c594bf4,FUN_2c594bf4,6,3,1,2c594bf4_FUN_2c594bf4
0x2c594c60,FUN_2c594c60,24,11,1,2c594c60_FUN_2c594c60
0x2c594cd4,FUN_2c594cd4,26,12,1,2c594cd4_FUN_2c594cd4
0x2c594d50,FUN_2c594d50,24,11,1,2c594d50_FUN_2c594d50
0x2c594dd0,FUN_2c594dd0,36,14,1,2c594dd0_FUN_2c594dd0
0x2c594ecc,FUN_2c594ecc,32,13,1,2c594ecc_FUN_2c594ecc
0x2c594fb4,FUN_2c594fb4,88,34,1,2c594fb4_FUN_2c594fb4
0x2c59501c,FUN_2c59501c,52,19,1,2c59501c_FUN_2c59501c
0x2c595208,FUN_2c595208,36,14,1,2c595208_FUN_2c595208
0x2c595474,FUN_2c595474,32,14,1,2c595474_FUN_2c595474
0x2c5957a4,FUN_2c5957a4,26,11,1,2c5957a4_FUN_2c5957a4
0x2c5958dc,FUN_2c5958dc,24,11,1,2c5958dc_FUN_2c5958dc
0x2c59594c,FUN_2c59594c,24,11,1,2c59594c_FUN_2c59594c
0x2c5959c0,FUN_2c5959c0,30,13,1,2c5959c0_FUN_2c5959c0
0x2c595aac,FUN_2c595aac,24,11,1,2c595aac_FUN_2c595aac
0x2c595b20,FUN_2c595b20,4,2,1,2c595b20_FUN_2c595b20
0x2c595b74,FUN_2c595b74,38,14,1,2c595b74_FUN_2c595b74
0x2c595cd8,FUN_2c595cd8,28,11,1,2c595cd8_FUN_2c595cd8
0x2c595cf4,FUN_2c595cf4,30,12,1,2c595cf4_FUN_2c595cf4
0x2c595d48,FUN_2c595d48,28,12,1,2c595d48_FUN_2c595d48
0x2c595dc0,FUN_2c595dc0,38,15,1,2c595dc0_FUN_2c595dc0
0x2c595ffc,FUN_2c595ffc,26,11,1,2c595ffc_FUN_2c595ffc
0x2c596030,FUN_2c596030,80,30,1,2c596030_FUN_2c596030
0x2c596078,FUN_2c596078,6,3,1,2c596078_FUN_2c596078
0x2c5960d4,FUN_2c5960d4,6,3,1,2c5960d4_FUN_2c5960d4
0x2c596130,FUN_2c596130,6,3,1,2c596130_FUN_2c596130
0x2c59618c,FUN_2c59618c,28,12,1,2c59618c_FUN_2c59618c
0x2c596398,FUN_2c596398,34,13,1,2c596398_FUN_2c596398
0x2c596404,FUN_2c596404,36,14,1,2c596404_FUN_2c596404
0x2c5964e4,FUN_2c5964e4,118,42,1,2c5964e4_FUN_2c5964e4
0x2c59655c,FUN_2c59655c,278,108,1,2c59655c_FUN_2c59655c
0x2c59663c,FUN_2c59663c,36,15,1,2c59663c_FUN_2c59663c
0x2c596680,FUN_2c596680,26,11,1,2c596680_FUN_2c596680
0x2c5966d4,FUN_2c5966d4,58,24,1,2c5966d4_FUN_2c5966d4
0x2c5966f4,FUN_2c5966f4,26,9,1,2c5966f4_FUN_2c5966f4
0x2c596720,FUN_2c596720,144,55,1,2c596720_FUN_2c596720
0x2c596858,FUN_2c596858,16,6,1,2c596858_FUN_2c596858
0x2c596868,FUN_2c596868,98,35,1,2c596868_FUN_2c596868
0x2c596c5c,FUN_2c596c5c,46,20,1,2c596c5c_FUN_2c596c5c
0x2c596e74,FUN_2c596e74,70,28,1,2c596e74_FUN_2c596e74
0x2c596ed0,FUN_2c596ed0,38,15,1,2c596ed0_FUN_2c596ed0
0x2c5970f0,FUN_2c5970f0,44,18,1,2c5970f0_FUN_2c5970f0
0x2c5972c4,FUN_2c5972c4,164,57,1,2c5972c4_FUN_2c5972c4
0x2c597520,FUN_2c597520,12,6,1,2c597520_FUN_2c597520
0x2c5975bc,FUN_2c5975bc,778,294,1,2c5975bc_FUN_2c5975bc
0x2c5979c8,FUN_2c5979c8,66,25,1,2c5979c8_FUN_2c5979c8
0x2c597be0,FUN_2c597be0,80,29,1,2c597be0_FUN_2c597be0
0x2c597cdc,FUN_2c597cdc,46,18,1,2c597cdc_FUN_2c597cdc
0x2c598e90,FUN_2c598e90,22,9,1,2c598e90_FUN_2c598e90
0x2c598f74,FUN_2c598f74,36,14,1,2c598f74_FUN_2c598f74
0x2c599544,FUN_2c599544,38,15,1,2c599544_FUN_2c599544
0x2c599a64,FUN_2c599a64,42,17,1,2c599a64_FUN_2c599a64
0x2c59a218,FUN_2c59a218,204,80,1,2c59a218_FUN_2c59a218
0x2c59a324,FUN_2c59a324,28,12,1,2c59a324_FUN_2c59a324
0x2c59a394,FUN_2c59a394,20,9,1,2c59a394_FUN_2c59a394
0x2c59a3c4,FUN_2c59a3c4,22,10,1,2c59a3c4_FUN_2c59a3c4
0x2c59a428,FUN_2c59a428,26,11,1,2c59a428_FUN_2c59a428
0x2c59a46c,FUN_2c59a46c,22,10,1,2c59a46c_FUN_2c59a46c
0x2c59a4a8,FUN_2c59a4a8,22,10,1,2c59a4a8_FUN_2c59a4a8
0x2c59a4e0,FUN_2c59a4e0,22,10,1,2c59a4e0_FUN_2c59a4e0
0x2c59a5b4,FUN_2c59a5b4,34,14,1,2c59a5b4_FUN_2c59a5b4
0x2c59a684,FUN_2c59a684,22,10,1,2c59a684_FUN_2c59a684
0x2c59a6b0,FUN_2c59a6b0,32,14,1,2c59a6b0_FUN_2c59a6b0
0x2c59a6fa,FUN_2c59a6fa,30,13,1,2c59a6fa_FUN_2c59a6fa
0x2c59a73c,FUN_2c59a73c,26,12,1,2c59a73c_FUN_2c59a73c
0x2c59a770,FUN_2c59a770,204,80,1,2c59a770_FUN_2c59a770
0x2c59a8c4,FUN_2c59a8c4,36,17,1,2c59a8c4_FUN_2c59a8c4
0x2c59a8f8,FUN_2c59a8f8,38,18,1,2c59a8f8_FUN_2c59a8f8
0x2c59a930,FUN_2c59a930,36,17,1,2c59a930_FUN_2c59a930
0x2c59a964,FUN_2c59a964,46,19,1,2c59a964_FUN_2c59a964
0x2c59a9ac,FUN_2c59a9ac,112,52,1,2c59a9ac_FUN_2c59a9ac
0x2c59aa20,FUN_2c59aa20,46,18,1,2c59aa20_FUN_2c59aa20
0x2c59aa54,FUN_2c59aa54,50,20,1,2c59aa54_FUN_2c59aa54
0x2c59aa8c,FUN_2c59aa8c,36,15,1,2c59aa8c_FUN_2c59aa8c
0x2c59aab4,FUN_2c59aab4,22,10,1,2c59aab4_FUN_2c59aab4
0x2c59aad0,FUN_2c59aad0,30,13,1,2c59aad0_FUN_2c59aad0
0x2c59aaf4,FUN_2c59aaf4,26,11,1,2c59aaf4_FUN_2c59aaf4
0x2c59ab24,FUN_2c59ab24,26,11,1,2c59ab24_FUN_2c59ab24
0x2c59ab54,FUN_2c59ab54,26,11,1,2c59ab54_FUN_2c59ab54
0x2c59ab84,FUN_2c59ab84,26,11,1,2c59ab84_FUN_2c59ab84
0x2c59abb4,FUN_2c59abb4,26,11,1,2c59abb4_FUN_2c59abb4
0x2c59abe4,FUN_2c59abe4,26,11,1,2c59abe4_FUN_2c59abe4
0x2c59ac14,FUN_2c59ac14,22,10,1,2c59ac14_FUN_2c59ac14
0x2c59ac68,FUN_2c59ac68,32,13,1,2c59ac68_FUN_2c59ac68
0x2c59acdc,FUN_2c59acdc,28,12,1,2c59acdc_FUN_2c59acdc
0x2c59ad3c,FUN_2c59ad3c,82,34,1,2c59ad3c_FUN_2c59ad3c
0x2c59adaa,FUN_2c59adaa,34,13,1,2c59adaa_FUN_2c59adaa
0x2c59add4,FUN_2c59add4,14,6,1,2c59add4_FUN_2c59add4
0x2c59adf0,FUN_2c59adf0,18,7,1,2c59adf0_FUN_2c59adf0
0x2c59ae10,FUN_2c59ae10,28,12,1,2c59ae10_FUN_2c59ae10
0x2c59ae34,FUN_2c59ae34,16,5,1,2c59ae34_FUN_2c59ae34
0x2c59ae48,FUN_2c59ae48,26,10,1,2c59ae48_FUN_2c59ae48
0x2c59af48,FUN_2c59af48,42,18,1,2c59af48_FUN_2c59af48
0x2c59af8a,FUN_2c59af8a,28,12,1,2c59af8a_FUN_2c59af8a
0x2c59afb4,FUN_2c59afb4,4,2,1,2c59afb4_FUN_2c59afb4
0x2c59affc,FUN_2c59affc,30,13,1,2c59affc_FUN_2c59affc
0x2c59b168,FUN_2c59b168,20,9,1,2c59b168_FUN_2c59b168
0x2c59b258,FUN_2c59b258,34,14,1,2c59b258_FUN_2c59b258
0x2c59b3e0,FUN_2c59b3e0,122,44,1,2c59b3e0_FUN_2c59b3e0
0x2c59b474,FUN_2c59b474,24,10,1,2c59b474_FUN_2c59b474
0x2c59b528,FUN_2c59b528,166,60,1,2c59b528_FUN_2c59b528
0x2c59b600,FUN_2c59b600,36,13,1,2c59b600_FUN_2c59b600
0x2c59b6f8,FUN_2c59b6f8,38,15,1,2c59b6f8_FUN_2c59b6f8
0x2c59b9e4,FUN_2c59b9e4,26,10,1,2c59b9e4_FUN_2c59b9e4
0x2c59ba28,FUN_2c59ba28,128,48,1,2c59ba28_FUN_2c59ba28
0x2c59baa8,FUN_2c59baa8,144,54,1,2c59baa8_FUN_2c59baa8
0x2c59bb40,FUN_2c59bb40,240,90,1,2c59bb40_FUN_2c59bb40
0x2c59bc4c,FUN_2c59bc4c,134,49,1,2c59bc4c_FUN_2c59bc4c
0x2c59bcd8,FUN_2c59bcd8,116,43,1,2c59bcd8_FUN_2c59bcd8
0x2c59bd54,FUN_2c59bd54,32,13,1,2c59bd54_FUN_2c59bd54
0x2c59bde6,FUN_2c59bde6,46,18,1,2c59bde6_FUN_2c59bde6
0x2c59be14,FUN_2c59be14,26,11,1,2c59be14_FUN_2c59be14
0x2c59bf2c,FUN_2c59bf2c,40,15,1,2c59bf2c_FUN_2c59bf2c
0x2c59c168,FUN_2c59c168,38,15,1,2c59c168_FUN_2c59c168
0x2c59c248,FUN_2c59c248,28,11,1,2c59c248_FUN_2c59c248
0x2c59c284,FUN_2c59c284,42,19,1,2c59c284_FUN_2c59c284
0x2c59c2d4,FUN_2c59c2d4,46,22,1,2c59c2d4_FUN_2c59c2d4
0x2c59c32c,FUN_2c59c32c,38,14,1,2c59c32c_FUN_2c59c32c
0x2c59c3d4,FUN_2c59c3d4,68,28,1,2c59c3d4_FUN_2c59c3d4
0x2c59c418,FUN_2c59c418,452,166,1,2c59c418_FUN_2c59c418
0x2c59c5dc,FUN_2c59c5dc,452,166,1,2c59c5dc_FUN_2c59c5dc
0x2c59c7a0,FUN_2c59c7a0,452,166,1,2c59c7a0_FUN_2c59c7a0
0x2c59c964,FUN_2c59c964,360,141,1,2c59c964_FUN_2c59c964
0x2c59cacc,FUN_2c59cacc,1204,499,1,2c59cacc_FUN_2c59cacc
0x2c59d0b8,FUN_2c59d0b8,4,2,1,2c59d0b8_FUN_2c59d0b8
0x2c59d0fc,FUN_2c59d0fc,28,12,1,2c59d0fc_FUN_2c59d0fc
0x2c59d1c4,FUN_2c59d1c4,76,28,1,2c59d1c4_FUN_2c59d1c4
0x2c59d214,FUN_2c59d214,28,11,1,2c59d214_FUN_2c59d214
0x2c59d260,FUN_2c59d260,50,21,1,2c59d260_FUN_2c59d260
0x2c59d294,FUN_2c59d294,28,12,1,2c59d294_FUN_2c59d294
0x2c59d3c0,FUN_2c59d3c0,54,22,1,2c59d3c0_FUN_2c59d3c0
0x2c59d4a4,FUN_2c59d4a4,30,12,1,2c59d4a4_FUN_2c59d4a4
0x2c59d564,FUN_2c59d564,30,12,1,2c59d564_FUN_2c59d564
0x2c59d6c8,FUN_2c59d6c8,30,12,1,2c59d6c8_FUN_2c59d6c8
0x2c59d7ac,FUN_2c59d7ac,94,40,1,2c59d7ac_FUN_2c59d7ac
0x2c59d834,FUN_2c59d834,84,32,1,2c59d834_FUN_2c59d834
0x2c59d894,FUN_2c59d894,264,98,1,2c59d894_FUN_2c59d894
0x2c59d99c,FUN_2c59d99c,28,12,1,2c59d99c_FUN_2c59d99c
0x2c59db68,FUN_2c59db68,90,36,1,2c59db68_FUN_2c59db68
0x2c59dc84,FUN_2c59dc84,24,10,1,2c59dc84_FUN_2c59dc84
0x2c59dd18,FUN_2c59dd18,40,16,1,2c59dd18_FUN_2c59dd18
0x2c59df0c,FUN_2c59df0c,118,47,1,2c59df0c_FUN_2c59df0c
0x2c59df62,FUN_2c59df62,22,9,1,2c59df62_FUN_2c59df62
0x2c59dfe4,FUN_2c59dfe4,46,19,1,2c59dfe4_FUN_2c59dfe4
0x2c59e06c,FUN_2c59e06c,30,13,1,2c59e06c_FUN_2c59e06c
0x2c59e228,FUN_2c59e228,116,49,1,2c59e228_FUN_2c59e228
0x2c59e29c,FUN_2c59e29c,116,49,1,2c59e29c_FUN_2c59e29c
0x2c59e310,FUN_2c59e310,218,85,1,2c59e310_FUN_2c59e310
0x2c59e3f0,FUN_2c59e3f0,58,23,1,2c59e3f0_FUN_2c59e3f0
0x2c59e550,FUN_2c59e550,176,71,1,2c59e550_FUN_2c59e550
0x2c59e600,FUN_2c59e600,424,167,1,2c59e600_FUN_2c59e600
0x2c59e7b0,FUN_2c59e7b0,176,71,1,2c59e7b0_FUN_2c59e7b0
0x2c59e860,FUN_2c59e860,176,71,1,2c59e860_FUN_2c59e860
0x2c59e910,FUN_2c59e910,330,131,1,2c59e910_FUN_2c59e910
0x2c59ea60,FUN_2c59ea60,296,118,1,2c59ea60_FUN_2c59ea60
0x2c59eb90,FUN_2c59eb90,166,68,1,2c59eb90_FUN_2c59eb90
0x2c59ec3c,FUN_2c59ec3c,258,101,1,2c59ec3c_FUN_2c59ec3c
0x2c59ee08,FUN_2c59ee08,304,121,1,2c59ee08_FUN_2c59ee08
0x2c59ef40,FUN_2c59ef40,244,98,1,2c59ef40_FUN_2c59ef40
0x2c59f038,FUN_2c59f038,176,71,1,2c59f038_FUN_2c59f038
0x2c59f0e8,FUN_2c59f0e8,330,131,1,2c59f0e8_FUN_2c59f0e8
0x2c59f238,FUN_2c59f238,298,118,1,2c59f238_FUN_2c59f238
0x2c59f36c,FUN_2c59f36c,564,225,1,2c59f36c_FUN_2c59f36c
0x2c59f64a,FUN_2c59f64a,58,23,1,2c59f64a_FUN_2c59f64a
0x2c59fb6a,FUN_2c59fb6a,60,22,1,2c59fb6a_FUN_2c59fb6a
0x2c59fdf4,FUN_2c59fdf4,246,98,1,2c59fdf4_FUN_2c59fdf4
0x2c59fef0,FUN_2c59fef0,106,36,1,2c59fef0_FUN_2c59fef0
0x2c5a0410,FUN_2c5a0410,38,15,1,2c5a0410_FUN_2c5a0410
0x2c5a0504,FUN_2c5a0504,330,131,1,2c5a0504_FUN_2c5a0504
0x2c5a0654,FUN_2c5a0654,322,127,1,2c5a0654_FUN_2c5a0654
0x2c5a07a0,FUN_2c5a07a0,90,32,1,2c5a07a0_FUN_2c5a07a0
0x2c5a08e0,FUN_2c5a08e0,40,15,1,2c5a08e0_FUN_2c5a08e0
0x2c5a0a84,FUN_2c5a0a84,38,15,1,2c5a0a84_FUN_2c5a0a84
0x2c5a0da0,FUN_2c5a0da0,562,206,1,2c5a0da0_FUN_2c5a0da0
0x2c5a10c0,FUN_2c5a10c0,24,12,1,2c5a10c0_FUN_2c5a10c0
0x2c5a10dc,FUN_2c5a10dc,38,16,1,2c5a10dc_FUN_2c5a10dc
0x2c5a118c,FUN_2c5a118c,330,131,1,2c5a118c_FUN_2c5a118c
0x2c5a12dc,FUN_2c5a12dc,298,118,1,2c5a12dc_FUN_2c5a12dc
0x2c5a1410,FUN_2c5a1410,212,75,1,2c5a1410_FUN_2c5a1410
0x2c5a16a8,FUN_2c5a16a8,4,2,1,2c5a16a8_FUN_2c5a16a8
0x2c5a20f8,FUN_2c5a20f8,22,10,1,2c5a20f8_FUN_2c5a20f8
0x2c5a21c8,FUN_2c5a21c8,48,19,1,2c5a21c8_FUN_2c5a21c8
0x2c5a2218,FUN_2c5a2218,370,140,1,2c5a2218_FUN_2c5a2218
0x2c5a2398,FUN_2c5a2398,4,2,1,2c5a2398_FUN_2c5a2398
0x2c5a23dc,FUN_2c5a23dc,126,43,1,2c5a23dc_FUN_2c5a23dc
0x2c5a23ec,FUN_2c5a23ec,62,23,1,2c5a23ec_FUN_2c5a23ec
0x2c5a2408,FUN_2c5a2408,4,2,1,2c5a2408_FUN_2c5a2408
0x2c5a240c,FUN_2c5a240c,4,2,1,2c5a240c_FUN_2c5a240c
0x2c5a241c,FUN_2c5a241c,38,17,1,2c5a241c_FUN_2c5a241c
0x2c5a2448,FUN_2c5a2448,26,12,1,2c5a2448_FUN_2c5a2448
0x2c5a24b8,FUN_2c5a24b8,6,3,1,2c5a24b8_FUN_2c5a24b8
0x2c5a2584,FUN_2c5a2584,28,10,1,2c5a2584_FUN_2c5a2584
0x2c5a25bc,FUN_2c5a25bc,46,19,1,2c5a25bc_FUN_2c5a25bc
0x2c5a25f4,FUN_2c5a25f4,4,2,1,2c5a25f4_FUN_2c5a25f4
0x2c5a25f8,FUN_2c5a25f8,34,12,1,2c5a25f8_FUN_2c5a25f8
0x2c5a26d0,FUN_2c5a26d0,24,10,1,2c5a26d0_FUN_2c5a26d0
0x2c5a2784,FUN_2c5a2784,16,7,1,2c5a2784_FUN_2c5a2784
0x2c5a27bc,FUN_2c5a27bc,18,5,1,2c5a27bc_FUN_2c5a27bc
0x2c5a27d0,FUN_2c5a27d0,28,11,1,2c5a27d0_FUN_2c5a27d0
0x2c5a2800,FUN_2c5a2800,28,11,1,2c5a2800_FUN_2c5a2800
0x2c5a2830,FUN_2c5a2830,28,11,1,2c5a2830_FUN_2c5a2830
0x2c5a2860,FUN_2c5a2860,32,14,1,2c5a2860_FUN_2c5a2860
0x2c5a2894,FUN_2c5a2894,22,9,1,2c5a2894_FUN_2c5a2894
0x2c5a2974,FUN_2c5a2974,28,12,1,2c5a2974_FUN_2c5a2974
0x2c5a29a4,FUN_2c5a29a4,28,11,1,2c5a29a4_FUN_2c5a29a4
0x2c5a29da,FUN_2c5a29da,62,25,1,2c5a29da_FUN_2c5a29da
0x2c5a2c24,FUN_2c5a2c24,28,12,1,2c5a2c24_FUN_2c5a2c24
0x2c5a2c54,FUN_2c5a2c54,28,11,1,2c5a2c54_FUN_2c5a2c54
0x2c5a2c84,FUN_2c5a2c84,204,80,1,2c5a2c84_FUN_2c5a2c84
0x2c5a2db0,FUN_2c5a2db0,12,5,1,2c5a2db0_FUN_2c5a2db0
0x2c5a2dc0,FUN_2c5a2dc0,36,13,1,2c5a2dc0_FUN_2c5a2dc0
0x2c5a2de8,FUN_2c5a2de8,20,9,1,2c5a2de8_FUN_2c5a2de8
0x2c5a2e0c,FUN_2c5a2e0c,20,9,1,2c5a2e0c_FUN_2c5a2e0c
0x2c5a2e30,FUN_2c5a2e30,20,9,1,2c5a2e30_FUN_2c5a2e30
0x2c5a2e8c,FUN_2c5a2e8c,20,9,1,2c5a2e8c_FUN_2c5a2e8c
0x2c5a2edc,FUN_2c5a2edc,20,9,1,2c5a2edc_FUN_2c5a2edc
0x2c5a2f38,FUN_2c5a2f38,158,53,1,2c5a2f38_FUN_2c5a2f38
0x2c5a2f9c,FUN_2c5a2f9c,22,10,1,2c5a2f9c_FUN_2c5a2f9c
0x2c5a2fd4,FUN_2c5a2fd4,22,10,1,2c5a2fd4_FUN_2c5a2fd4
0x2c5a3084,FUN_2c5a3084,24,10,1,2c5a3084_FUN_2c5a3084
0x2c5a3150,FUN_2c5a3150,24,10,1,2c5a3150_FUN_2c5a3150
0x2c5a3240,FUN_2c5a3240,24,10,1,2c5a3240_FUN_2c5a3240
0x2c5a348c,FUN_2c5a348c,146,62,1,2c5a348c_FUN_2c5a348c
0x2c5a35be,FUN_2c5a35be,22,9,1,2c5a35be_FUN_2c5a35be
0x2c5a35fa,FUN_2c5a35fa,22,9,1,2c5a35fa_FUN_2c5a35fa
0x2c5a3636,FUN_2c5a3636,22,9,1,2c5a3636_FUN_2c5a3636
0x2c5a3660,FUN_2c5a3660,730,277,1,2c5a3660_FUN_2c5a3660
0x2c5a3980,FUN_2c5a3980,98,40,1,2c5a3980_FUN_2c5a3980
0x2c5a3a0e,FUN_2c5a3a0e,22,9,1,2c5a3a0e_FUN_2c5a3a0e
0x2c5a3a34,FUN_2c5a3a34,38,14,1,2c5a3a34_FUN_2c5a3a34
0x2c5a3af8,FUN_2c5a3af8,38,14,1,2c5a3af8_FUN_2c5a3af8
0x2c5a3bd8,FUN_2c5a3bd8,50,20,1,2c5a3bd8_FUN_2c5a3bd8
0x2c5a3c50,FUN_2c5a3c50,62,22,1,2c5a3c50_FUN_2c5a3c50
0x2c5a3d60,FUN_2c5a3d60,98,33,1,2c5a3d60_FUN_2c5a3d60
0x2c5a3db0,FUN_2c5a3db0,98,33,1,2c5a3db0_FUN_2c5a3db0
0x2c5a3e10,FUN_2c5a3e10,22,9,1,2c5a3e10_FUN_2c5a3e10
0x2c5a3e3c,FUN_2c5a3e3c,142,58,1,2c5a3e3c_FUN_2c5a3e3c
0x2c5a3ee4,FUN_2c5a3ee4,142,59,1,2c5a3ee4_FUN_2c5a3ee4
0x2c5a3f9c,FUN_2c5a3f9c,114,46,1,2c5a3f9c_FUN_2c5a3f9c
0x2c5a4034,FUN_2c5a4034,28,12,1,2c5a4034_FUN_2c5a4034
0x2c5a4068,FUN_2c5a4068,2,1,1,2c5a4068_FUN_2c5a4068
0x2c5a406c,FUN_2c5a406c,84,32,1,2c5a406c_FUN_2c5a406c
0x2c5a40e4,FUN_2c5a40e4,298,117,1,2c5a40e4_FUN_2c5a40e4
0x2c5a4198,FUN_2c5a4198,32,13,1,2c5a4198_FUN_2c5a4198
0x2c5a41dc,FUN_2c5a41dc,58,20,1,2c5a41dc_FUN_2c5a41dc
0x2c5a431c,FUN_2c5a431c,30,13,1,2c5a431c_FUN_2c5a431c
0x2c5a43a0,FUN_2c5a43a0,28,12,1,2c5a43a0_FUN_2c5a43a0
0x2c5a4448,FUN_2c5a4448,26,11,1,2c5a4448_FUN_2c5a4448
0x2c5a4558,FUN_2c5a4558,24,10,1,2c5a4558_FUN_2c5a4558
0x2c5a45b0,FUN_2c5a45b0,24,10,1,2c5a45b0_FUN_2c5a45b0
0x2c5a4644,FUN_2c5a4644,36,14,1,2c5a4644_FUN_2c5a4644
0x2c5a469c,FUN_2c5a469c,22,10,1,2c5a469c_FUN_2c5a469c
0x2c5a4888,FUN_2c5a4888,22,10,1,2c5a4888_FUN_2c5a4888
0x2c5a49b0,FUN_2c5a49b0,26,12,1,2c5a49b0_FUN_2c5a49b0
0x2c5a49fc,FUN_2c5a49fc,102,41,1,2c5a49fc_FUN_2c5a49fc
0x2c5a4a6c,FUN_2c5a4a6c,66,25,1,2c5a4a6c_FUN_2c5a4a6c
0x2c5a4b40,FUN_2c5a4b40,16,7,1,2c5a4b40_FUN_2c5a4b40
0x2c5a4b50,FUN_2c5a4b50,26,12,1,2c5a4b50_FUN_2c5a4b50
0x2c5a4bc8,FUN_2c5a4bc8,150,57,1,2c5a4bc8_FUN_2c5a4bc8
0x2c5a4c98,FUN_2c5a4c98,100,38,1,2c5a4c98_FUN_2c5a4c98
0x2c5a4d28,FUN_2c5a4d28,68,28,1,2c5a4d28_FUN_2c5a4d28
0x2c5a4d98,FUN_2c5a4d98,30,12,1,2c5a4d98_FUN_2c5a4d98
0x2c5a4ea0,FUN_2c5a4ea0,30,12,1,2c5a4ea0_FUN_2c5a4ea0
0x2c5a4f90,FUN_2c5a4f90,30,12,1,2c5a4f90_FUN_2c5a4f90
0x2c5a507c,FUN_2c5a507c,36,14,1,2c5a507c_FUN_2c5a507c
0x2c5a5378,FUN_2c5a5378,1508,528,1,2c5a5378_FUN_2c5a5378
0x2c5a59bc,FUN_2c5a59bc,24,10,1,2c5a59bc_FUN_2c5a59bc
0x2c5a5ae4,FUN_2c5a5ae4,24,10,1,2c5a5ae4_FUN_2c5a5ae4
0x2c5a5be0,FUN_2c5a5be0,4,2,1,2c5a5be0_FUN_2c5a5be0
0x2c5a5be8,FUN_2c5a5be8,28,12,1,2c5a5be8_FUN_2c5a5be8
0x2c5a5c1c,FUN_2c5a5c1c,30,12,1,2c5a5c1c_FUN_2c5a5c1c
0x2c5a5c6c,FUN_2c5a5c6c,24,10,1,2c5a5c6c_FUN_2c5a5c6c
0x2c5a5da4,FUN_2c5a5da4,54,21,1,2c5a5da4_FUN_2c5a5da4
0x2c5a5e70,FUN_2c5a5e70,36,15,1,2c5a5e70_FUN_2c5a5e70
0x2c5a5f28,FUN_2c5a5f28,42,17,1,2c5a5f28_FUN_2c5a5f28
0x2c5a646c,FUN_2c5a646c,24,10,1,2c5a646c_FUN_2c5a646c
0x2c5a6518,FUN_2c5a6518,24,10,1,2c5a6518_FUN_2c5a6518
0x2c5a65d4,FUN_2c5a65d4,26,10,1,2c5a65d4_FUN_2c5a65d4
0x2c5a6608,FUN_2c5a6608,30,12,1,2c5a6608_FUN_2c5a6608
0x2c5a6710,FUN_2c5a6710,30,12,1,2c5a6710_FUN_2c5a6710
0x2c5a67ec,FUN_2c5a67ec,42,16,1,2c5a67ec_FUN_2c5a67ec
0x2c5a6830,FUN_2c5a6830,140,45,1,2c5a6830_FUN_2c5a6830
0x2c5a68b8,FUN_2c5a68b8,260,101,1,2c5a68b8_FUN_2c5a68b8
0x2c5a6a44,FUN_2c5a6a44,26,12,1,2c5a6a44_FUN_2c5a6a44
0x2c5a6a84,FUN_2c5a6a84,32,13,1,2c5a6a84_FUN_2c5a6a84
0x2c5a6acc,FUN_2c5a6acc,100,36,1,2c5a6acc_FUN_2c5a6acc
0x2c5a6bb0,FUN_2c5a6bb0,64,25,1,2c5a6bb0_FUN_2c5a6bb0
0x2c5a6c4c,FUN_2c5a6c4c,20,9,1,2c5a6c4c_FUN_2c5a6c4c
0x2c5a6ca4,FUN_2c5a6ca4,26,12,1,2c5a6ca4_FUN_2c5a6ca4
0x2c5a6dac,FUN_2c5a6dac,76,30,1,2c5a6dac_FUN_2c5a6dac
0x2c5a6f48,FUN_2c5a6f48,16,7,1,2c5a6f48_FUN_2c5a6f48
0x2c5a6f58,FUN_2c5a6f58,24,10,1,2c5a6f58_FUN_2c5a6f58
0x2c5a6fb8,FUN_2c5a6fb8,44,19,1,2c5a6fb8_FUN_2c5a6fb8
0x2c5a72a8,FUN_2c5a72a8,36,14,1,2c5a72a8_FUN_2c5a72a8
0x2c5a72ec,FUN_2c5a72ec,52,21,1,2c5a72ec_FUN_2c5a72ec
0x2c5a7378,FUN_2c5a7378,4,2,1,2c5a7378_FUN_2c5a7378
0x2c5a737c,FUN_2c5a737c,4,2,1,2c5a737c_FUN_2c5a737c
0x2c5a73be,FUN_2c5a73be,8,3,1,2c5a73be_FUN_2c5a73be
0x2c5a73c8,FUN_2c5a73c8,52,20,1,2c5a73c8_FUN_2c5a73c8
0x2c5a7400,FUN_2c5a7400,56,21,1,2c5a7400_FUN_2c5a7400
0x2c5a7444,FUN_2c5a7444,12,5,1,2c5a7444_FUN_2c5a7444
0x2c5a745c,FUN_2c5a745c,72,28,1,2c5a745c_FUN_2c5a745c
0x2c5a74a4,FUN_2c5a74a4,72,28,1,2c5a74a4_FUN_2c5a74a4
0x2c5a7500,FUN_2c5a7500,166,50,1,2c5a7500_FUN_2c5a7500
0x2c5a7598,FUN_2c5a7598,176,55,1,2c5a7598_FUN_2c5a7598
0x2c5a766e,FUN_2c5a766e,20,9,1,2c5a766e_FUN_2c5a766e
0x2c5a76b2,FUN_2c5a76b2,20,9,1,2c5a76b2_FUN_2c5a76b2
0x2c5a76e0,FUN_2c5a76e0,42,18,1,2c5a76e0_FUN_2c5a76e0
0x2c5a78c4,FUN_2c5a78c4,42,18,1,2c5a78c4_FUN_2c5a78c4
0x2c5a7988,FUN_2c5a7988,26,12,1,2c5a7988_FUN_2c5a7988
0x2c5a7a5c,FUN_2c5a7a5c,32,14,1,2c5a7a5c_FUN_2c5a7a5c
0x2c5a7b24,FUN_2c5a7b24,32,14,1,2c5a7b24_FUN_2c5a7b24
0x2c5a7bec,FUN_2c5a7bec,40,16,1,2c5a7bec_FUN_2c5a7bec
0x2c5a7cbc,FUN_2c5a7cbc,26,12,1,2c5a7cbc_FUN_2c5a7cbc
0x2c5a7dc8,FUN_2c5a7dc8,26,12,1,2c5a7dc8_FUN_2c5a7dc8
0x2c5a7e64,FUN_2c5a7e64,22,10,1,2c5a7e64_FUN_2c5a7e64
0x2c5a7eb0,FUN_2c5a7eb0,40,17,1,2c5a7eb0_FUN_2c5a7eb0
0x2c5a7fa0,FUN_2c5a7fa0,34,15,1,2c5a7fa0_FUN_2c5a7fa0
0x2c5a8000,FUN_2c5a8000,40,16,1,2c5a8000_FUN_2c5a8000
0x2c5a80d8,FUN_2c5a80d8,28,12,1,2c5a80d8_FUN_2c5a80d8
0x2c5a8198,FUN_2c5a8198,28,12,1,2c5a8198_FUN_2c5a8198
0x2c5a822c,FUN_2c5a822c,28,12,1,2c5a822c_FUN_2c5a822c
0x2c5a82a0,FUN_2c5a82a0,28,12,1,2c5a82a0_FUN_2c5a82a0
0x2c5a8314,FUN_2c5a8314,22,10,1,2c5a8314_FUN_2c5a8314
0x2c5a832c,FUN_2c5a832c,24,10,1,2c5a832c_FUN_2c5a832c
0x2c5a8380,FUN_2c5a8380,12,5,1,2c5a8380_FUN_2c5a8380
0x2c5a8390,FUN_2c5a8390,6,3,1,2c5a8390_FUN_2c5a8390
0x2c5a83b0,FUN_2c5a83b0,102,41,1,2c5a83b0_FUN_2c5a83b0
0x2c5a8420,FUN_2c5a8420,30,13,1,2c5a8420_FUN_2c5a8420
0x2c5a8448,FUN_2c5a8448,30,12,1,2c5a8448_FUN_2c5a8448
0x2c5a8470,FUN_2c5a8470,116,45,1,2c5a8470_FUN_2c5a8470
0x2c5a84f0,FUN_2c5a84f0,16,6,1,2c5a84f0_FUN_2c5a84f0
0x2c5a856c,FUN_2c5a856c,4,2,1,2c5a856c_FUN_2c5a856c
0x2c5a8570,FUN_2c5a8570,578,227,1,2c5a8570_FUN_2c5a8570
0x2c5a87d0,FUN_2c5a87d0,150,64,1,2c5a87d0_FUN_2c5a87d0
0x2c5a8874,FUN_2c5a8874,398,156,1,2c5a8874_FUN_2c5a8874
0x2c5a8a08,FUN_2c5a8a08,278,112,1,2c5a8a08_FUN_2c5a8a08
0x2c5a8b34,FUN_2c5a8b34,36,15,1,2c5a8b34_FUN_2c5a8b34
0x2c5a8b58,FUN_2c5a8b58,36,15,1,2c5a8b58_FUN_2c5a8b58
0x2c5a8b80,FUN_2c5a8b80,56,22,1,2c5a8b80_FUN_2c5a8b80
0x2c5a8c6c,FUN_2c5a8c6c,26,10,1,2c5a8c6c_FUN_2c5a8c6c
0x2c5a8ce8,FUN_2c5a8ce8,22,9,1,2c5a8ce8_FUN_2c5a8ce8
0x2c5a8e80,FUN_2c5a8e80,128,38,1,2c5a8e80_FUN_2c5a8e80
0x2c5a93dc,FUN_2c5a93dc,106,42,1,2c5a93dc_FUN_2c5a93dc
0x2c5a94d4,FUN_2c5a94d4,24,10,1,2c5a94d4_FUN_2c5a94d4
0x2c5a954c,FUN_2c5a954c,24,10,1,2c5a954c_FUN_2c5a954c
0x2c5a95bc,FUN_2c5a95bc,28,12,1,2c5a95bc_FUN_2c5a95bc
0x2c5a981c,FUN_2c5a981c,42,17,1,2c5a981c_FUN_2c5a981c
0x2c5a98e8,FUN_2c5a98e8,24,10,1,2c5a98e8_FUN_2c5a98e8
0x2c5a9a04,FUN_2c5a9a04,80,32,1,2c5a9a04_FUN_2c5a9a04
0x2c5a9f64,FUN_2c5a9f64,24,10,1,2c5a9f64_FUN_2c5a9f64
0x2c5a9fc0,FUN_2c5a9fc0,24,10,1,2c5a9fc0_FUN_2c5a9fc0
0x2c5aa01c,OtaMsgModel_event_TRACE_set_sn,56,22,1,2c5aa01c_OtaMsgModel_event_TRACE_set_sn
0x2c5aa114,FUN_2c5aa114,24,10,1,2c5aa114_FUN_2c5aa114
0x2c5aa180,FUN_2c5aa180,28,12,1,2c5aa180_FUN_2c5aa180
0x2c5aa204,FUN_2c5aa204,30,11,1,2c5aa204_FUN_2c5aa204
0x2c5aa32c,FUN_2c5aa32c,28,11,1,2c5aa32c_FUN_2c5aa32c
0x2c5aa568,FUN_2c5aa568,30,13,1,2c5aa568_FUN_2c5aa568
0x2c5aa5bc,FUN_2c5aa5bc,24,9,1,2c5aa5bc_FUN_2c5aa5bc
0x2c5aa5d4,FUN_2c5aa5d4,28,11,1,2c5aa5d4_FUN_2c5aa5d4
0x2c5aa63c,FUN_2c5aa63c,60,25,1,2c5aa63c_FUN_2c5aa63c
0x2c5aa704,FUN_2c5aa704,16,6,1,2c5aa704_FUN_2c5aa704
0x2c5aa718,FUN_2c5aa718,50,21,1,2c5aa718_FUN_2c5aa718
0x2c5aa768,FUN_2c5aa768,16,6,1,2c5aa768_FUN_2c5aa768
0x2c5aa77c,FUN_2c5aa77c,28,11,1,2c5aa77c_FUN_2c5aa77c
0x2c5aa894,FUN_2c5aa894,110,42,1,2c5aa894_FUN_2c5aa894
0x2c5aa904,FUN_2c5aa904,146,55,1,2c5aa904_FUN_2c5aa904
0x2c5aa9bc,FUN_2c5aa9bc,50,20,1,2c5aa9bc_FUN_2c5aa9bc
0x2c5aaa0e,FUN_2c5aaa0e,22,9,1,2c5aaa0e_FUN_2c5aaa0e
0x2c5aaa34,FUN_2c5aaa34,28,11,1,2c5aaa34_FUN_2c5aaa34
0x2c5aab14,FUN_2c5aab14,22,9,1,2c5aab14_FUN_2c5aab14
0x2c5aab48,FUN_2c5aab48,24,10,1,2c5aab48_FUN_2c5aab48
0x2c5aab80,FUN_2c5aab80,24,10,1,2c5aab80_FUN_2c5aab80
0x2c5aac30,FUN_2c5aac30,40,16,1,2c5aac30_FUN_2c5aac30
0x2c5aaf84,FUN_2c5aaf84,28,12,1,2c5aaf84_FUN_2c5aaf84
0x2c5ab064,FUN_2c5ab064,22,10,1,2c5ab064_FUN_2c5ab064
0x2c5ab25c,FUN_2c5ab25c,12,5,1,2c5ab25c_FUN_2c5ab25c
0x2c5ab26c,FUN_2c5ab26c,20,9,1,2c5ab26c_FUN_2c5ab26c
0x2c5ab29c,FUN_2c5ab29c,44,15,1,2c5ab29c_FUN_2c5ab29c
0x2c5ab2c8,FUN_2c5ab2c8,22,7,1,2c5ab2c8_FUN_2c5ab2c8
0x2c5ab2e0,FUN_2c5ab2e0,14,4,1,2c5ab2e0_FUN_2c5ab2e0
0x2c5ab2f0,FUN_2c5ab2f0,64,23,1,2c5ab2f0_FUN_2c5ab2f0
0x2c5ab300,FUN_2c5ab300,50,18,1,2c5ab300_FUN_2c5ab300
0x2c5ab310,FUN_2c5ab310,38,15,1,2c5ab310_FUN_2c5ab310
0x2c5ab358,FUN_2c5ab358,24,10,1,2c5ab358_FUN_2c5ab358
0x2c5ab38c,FUN_2c5ab38c,22,8,1,2c5ab38c_FUN_2c5ab38c
0x2c5ab3a4,FUN_2c5ab3a4,108,41,1,2c5ab3a4_FUN_2c5ab3a4
0x2c5ab3bc,FUN_2c5ab3bc,10,4,1,2c5ab3bc_FUN_2c5ab3bc
0x2c5ab3c8,FUN_2c5ab3c8,90,32,1,2c5ab3c8_FUN_2c5ab3c8
0x2c5ab3e0,FUN_2c5ab3e0,204,80,1,2c5ab3e0_FUN_2c5ab3e0
0x2c5ab4ec,FUN_2c5ab4ec,4,2,1,2c5ab4ec_FUN_2c5ab4ec
0x2c5ab57c,FUN_2c5ab57c,12,5,1,2c5ab57c_FUN_2c5ab57c
0x2c5ab58c,FUN_2c5ab58c,28,12,1,2c5ab58c_FUN_2c5ab58c
0x2c5ab5e0,FUN_2c5ab5e0,34,13,1,2c5ab5e0_FUN_2c5ab5e0
0x2c5ab720,FUN_2c5ab720,30,13,1,2c5ab720_FUN_2c5ab720
0x2c5ab7a8,FUN_2c5ab7a8,34,13,1,2c5ab7a8_FUN_2c5ab7a8
0x2c5aba2c,FUN_2c5aba2c,48,21,1,2c5aba2c_FUN_2c5aba2c
0x2c5aba84,FUN_2c5aba84,42,14,1,2c5aba84_FUN_2c5aba84
0x2c5abab8,FUN_2c5abab8,38,13,1,2c5abab8_FUN_2c5abab8
0x2c5abadc,FUN_2c5abadc,26,11,1,2c5abadc_FUN_2c5abadc
0x2c5abb50,FUN_2c5abb50,26,12,1,2c5abb50_FUN_2c5abb50
0x2c5abbb4,FUN_2c5abbb4,204,80,1,2c5abbb4_FUN_2c5abbb4
0x2c5abcc0,FUN_2c5abcc0,26,11,1,2c5abcc0_FUN_2c5abcc0
0x2c5abcf0,FUN_2c5abcf0,24,10,1,2c5abcf0_FUN_2c5abcf0
0x2c5abd2c,FUN_2c5abd2c,56,21,1,2c5abd2c_FUN_2c5abd2c
0x2c5abd68,FUN_2c5abd68,24,10,1,2c5abd68_FUN_2c5abd68
0x2c5abde0,FUN_2c5abde0,102,41,1,2c5abde0_FUN_2c5abde0
0x2c5abe50,FUN_2c5abe50,40,18,1,2c5abe50_FUN_2c5abe50
0x2c5abe78,FUN_2c5abe78,214,68,1,2c5abe78_FUN_2c5abe78
0x2c5abf68,FUN_2c5abf68,4,2,1,2c5abf68_FUN_2c5abf68
0x2c5abfac,FUN_2c5abfac,86,31,1,2c5abfac_FUN_2c5abfac
0x2c5abfe8,FUN_2c5abfe8,40,16,1,2c5abfe8_FUN_2c5abfe8
0x2c5ac0ac,FUN_2c5ac0ac,24,10,1,2c5ac0ac_FUN_2c5ac0ac
0x2c5ac0ec,FUN_2c5ac0ec,28,12,1,2c5ac0ec_FUN_2c5ac0ec
0x2c5ac180,FUN_2c5ac180,18,7,1,2c5ac180_FUN_2c5ac180
0x2c5ac3d0,FUN_2c5ac3d0,10,4,1,2c5ac3d0_FUN_2c5ac3d0
0x2c5ac3dc,FUN_2c5ac3dc,10,4,1,2c5ac3dc_FUN_2c5ac3dc
0x2c5ac3fc,FUN_2c5ac3fc,28,13,1,2c5ac3fc_FUN_2c5ac3fc
0x2c5ac4b0,FUN_2c5ac4b0,148,61,1,2c5ac4b0_FUN_2c5ac4b0
0x2c5ac4f4,FUN_2c5ac4f4,190,72,1,2c5ac4f4_FUN_2c5ac4f4
0x2c5ac530,FUN_2c5ac530,64,24,1,2c5ac530_FUN_2c5ac530
0x2c5ac61c,FUN_2c5ac61c,32,12,1,2c5ac61c_FUN_2c5ac61c
0x2c5ac6ec,FUN_2c5ac6ec,50,19,1,2c5ac6ec_FUN_2c5ac6ec
0x2c5ac704,FUN_2c5ac704,48,18,1,2c5ac704_FUN_2c5ac704
0x2c5ac750,FUN_2c5ac750,66,24,1,2c5ac750_FUN_2c5ac750
0x2c5ac880,FUN_2c5ac880,34,14,1,2c5ac880_FUN_2c5ac880
0x2c5ac948,FUN_2c5ac948,62,25,1,2c5ac948_FUN_2c5ac948
0x2c5aca3c,FUN_2c5aca3c,26,11,1,2c5aca3c_FUN_2c5aca3c
0x2c5aca7c,FUN_2c5aca7c,202,72,1,2c5aca7c_FUN_2c5aca7c
0x2c5acb6c,FUN_2c5acb6c,38,15,1,2c5acb6c_FUN_2c5acb6c
0x2c5ace8e,FUN_2c5ace8e,28,9,1,2c5ace8e_FUN_2c5ace8e
0x2c5aceac,FUN_2c5aceac,106,41,1,2c5aceac_FUN_2c5aceac
0x2c5acf1c,FUN_2c5acf1c,42,15,1,2c5acf1c_FUN_2c5acf1c
0x2c5acf48,FUN_2c5acf48,64,24,1,2c5acf48_FUN_2c5acf48
0x2c5ad2ac,FUN_2c5ad2ac,204,80,1,2c5ad2ac_FUN_2c5ad2ac
0x2c5ad3bc,FUN_2c5ad3bc,12,5,1,2c5ad3bc_FUN_2c5ad3bc
0x2c5ad3cc,FUN_2c5ad3cc,22,9,1,2c5ad3cc_FUN_2c5ad3cc
0x2c5ad402,FUN_2c5ad402,14,6,1,2c5ad402_FUN_2c5ad402
0x2c5ad418,FUN_2c5ad418,18,7,1,2c5ad418_FUN_2c5ad418
0x2c5ad436,FUN_2c5ad436,18,7,1,2c5ad436_FUN_2c5ad436
0x2c5ad450,FUN_2c5ad450,102,41,1,2c5ad450_FUN_2c5ad450
0x2c5ad4c0,FUN_2c5ad4c0,114,50,1,2c5ad4c0_FUN_2c5ad4c0
0x2c5ad53c,FUN_2c5ad53c,32,14,1,2c5ad53c_FUN_2c5ad53c
0x2c5ad5c8,FUN_2c5ad5c8,30,13,1,2c5ad5c8_FUN_2c5ad5c8
0x2c5ad63c,FUN_2c5ad63c,332,122,1,2c5ad63c_FUN_2c5ad63c
0x2c5ad7a4,FUN_2c5ad7a4,132,50,1,2c5ad7a4_FUN_2c5ad7a4
0x2c5adb78,FUN_2c5adb78,58,23,1,2c5adb78_FUN_2c5adb78
0x2c5adbf4,FUN_2c5adbf4,288,117,1,2c5adbf4_FUN_2c5adbf4
0x2c5add9c,FUN_2c5add9c,116,47,1,2c5add9c_FUN_2c5add9c
0x2c5ade3c,FUN_2c5ade3c,50,20,1,2c5ade3c_FUN_2c5ade3c
0x2c5ade94,FUN_2c5ade94,48,18,1,2c5ade94_FUN_2c5ade94
0x2c5adf28,FUN_2c5adf28,32,13,1,2c5adf28_FUN_2c5adf28
0x2c5adf88,FUN_2c5adf88,54,21,1,2c5adf88_FUN_2c5adf88
0x2c5adfd4,FUN_2c5adfd4,128,48,1,2c5adfd4_FUN_2c5adfd4
0x2c5ae070,FUN_2c5ae070,66,23,1,2c5ae070_FUN_2c5ae070
0x2c5ae0d0,FUN_2c5ae0d0,108,42,1,2c5ae0d0_FUN_2c5ae0d0
0x2c5ae12c,FUN_2c5ae12c,22,9,1,2c5ae12c_FUN_2c5ae12c
0x2c5ae168,FUN_2c5ae168,62,25,1,2c5ae168_FUN_2c5ae168
0x2c5ae300,FUN_2c5ae300,140,53,1,2c5ae300_FUN_2c5ae300
0x2c5ae394,FUN_2c5ae394,66,27,1,2c5ae394_FUN_2c5ae394
0x2c5ae3e8,FUN_2c5ae3e8,48,19,1,2c5ae3e8_FUN_2c5ae3e8
0x2c5ae440,FUN_2c5ae440,398,156,1,2c5ae440_FUN_2c5ae440
0x2c5ae5d4,FUN_2c5ae5d4,186,68,1,2c5ae5d4_FUN_2c5ae5d4
0x2c5ae6a8,FUN_2c5ae6a8,170,59,1,2c5ae6a8_FUN_2c5ae6a8
0x2c5ae864,FUN_2c5ae864,740,299,1,2c5ae864_FUN_2c5ae864
0x2c5aeda0,FUN_2c5aeda0,64,26,1,2c5aeda0_FUN_2c5aeda0
0x2c5aee00,FUN_2c5aee00,204,80,1,2c5aee00_FUN_2c5aee00
0x2c5aef10,FUN_2c5aef10,12,5,1,2c5aef10_FUN_2c5aef10
0x2c5aef20,FUN_2c5aef20,82,35,1,2c5aef20_FUN_2c5aef20
0x2c5af03c,FUN_2c5af03c,4,2,1,2c5af03c_FUN_2c5af03c
0x2c5af0d4,FUN_2c5af0d4,32,14,1,2c5af0d4_FUN_2c5af0d4
0x2c5af138,FUN_2c5af138,32,14,1,2c5af138_FUN_2c5af138
0x2c5af1d0,FUN_2c5af1d0,34,15,1,2c5af1d0_FUN_2c5af1d0
0x2c5af290,FUN_2c5af290,34,15,1,2c5af290_FUN_2c5af290
0x2c5af350,FUN_2c5af350,102,46,1,2c5af350_FUN_2c5af350
0x2c5af424,FUN_2c5af424,30,13,1,2c5af424_FUN_2c5af424
0x2c5af458,FUN_2c5af458,68,29,1,2c5af458_FUN_2c5af458
0x2c5af4b4,FUN_2c5af4b4,80,32,1,2c5af4b4_FUN_2c5af4b4
0x2c5af548,FUN_2c5af548,68,31,1,2c5af548_FUN_2c5af548
0x2c5af680,FUN_2c5af680,32,14,1,2c5af680_FUN_2c5af680
0x2c5af6e8,FUN_2c5af6e8,16,6,1,2c5af6e8_FUN_2c5af6e8
0x2c5af778,FUN_2c5af778,40,18,1,2c5af778_FUN_2c5af778
0x2c5af7b4,FUN_2c5af7b4,82,31,1,2c5af7b4_FUN_2c5af7b4
0x2c5af81c,FUN_2c5af81c,152,60,1,2c5af81c_FUN_2c5af81c
0x2c5af8c0,FUN_2c5af8c0,84,32,1,2c5af8c0_FUN_2c5af8c0
0x2c5af930,FUN_2c5af930,204,80,1,2c5af930_FUN_2c5af930
0x2c5afa4c,FUN_2c5afa4c,102,41,1,2c5afa4c_FUN_2c5afa4c
0x2c5afabc,FUN_2c5afabc,114,50,1,2c5afabc_FUN_2c5afabc
0x2c5afb38,FUN_2c5afb38,32,12,1,2c5afb38_FUN_2c5afb38
0x2c5afb88,FUN_2c5afb88,84,28,1,2c5afb88_FUN_2c5afb88
0x2c5afbe4,FUN_2c5afbe4,138,53,1,2c5afbe4_FUN_2c5afbe4
0x2c5afc94,FUN_2c5afc94,130,50,1,2c5afc94_FUN_2c5afc94
0x2c5afd38,FUN_2c5afd38,106,41,1,2c5afd38_FUN_2c5afd38
0x2c5afdbc,FUN_2c5afdbc,84,32,1,2c5afdbc_FUN_2c5afdbc
0x2c5afe20,FUN_2c5afe20,138,57,1,2c5afe20_FUN_2c5afe20
0x2c5aff28,FUN_2c5aff28,28,12,1,2c5aff28_FUN_2c5aff28
0x2c5aff78,FUN_2c5aff78,90,34,1,2c5aff78_FUN_2c5aff78
0x2c5affbc,FUN_2c5affbc,26,10,1,2c5affbc_FUN_2c5affbc
0x2c5b0000,FUN_2c5b0000,26,10,1,2c5b0000_FUN_2c5b0000
0x2c5b0044,FUN_2c5b0044,26,10,1,2c5b0044_FUN_2c5b0044
0x2c5b0088,FUN_2c5b0088,28,11,1,2c5b0088_FUN_2c5b0088
0x2c5b0104,FUN_2c5b0104,28,12,1,2c5b0104_FUN_2c5b0104
0x2c5b0190,FUN_2c5b0190,28,12,1,2c5b0190_FUN_2c5b0190
0x2c5b0220,FUN_2c5b0220,24,10,1,2c5b0220_FUN_2c5b0220
0x2c5b026c,FUN_2c5b026c,332,124,1,2c5b026c_FUN_2c5b026c
0x2c5b0544,FUN_2c5b0544,24,10,1,2c5b0544_FUN_2c5b0544
0x2c5b05a4,FUN_2c5b05a4,58,24,1,2c5b05a4_FUN_2c5b05a4
0x2c5b05e4,FUN_2c5b05e4,74,31,1,2c5b05e4_FUN_2c5b05e4
0x2c5b063c,FUN_2c5b063c,24,10,1,2c5b063c_FUN_2c5b063c
0x2c5b0696,FUN_2c5b0696,52,20,1,2c5b0696_FUN_2c5b0696
0x2c5b06d0,FUN_2c5b06d0,100,41,1,2c5b06d0_FUN_2c5b06d0
0x2c5b0754,FUN_2c5b0754,146,59,1,2c5b0754_FUN_2c5b0754
0x2c5b08e4,FUN_2c5b08e4,96,38,1,2c5b08e4_FUN_2c5b08e4
0x2c5b0ac4,FUN_2c5b0ac4,228,84,1,2c5b0ac4_FUN_2c5b0ac4
0x2c5b0bb6,FUN_2c5b0bb6,142,43,1,2c5b0bb6_FUN_2c5b0bb6
0x2c5b0c4c,FUN_2c5b0c4c,24,10,1,2c5b0c4c_FUN_2c5b0c4c
0x2c5b0cb4,FUN_2c5b0cb4,40,16,1,2c5b0cb4_FUN_2c5b0cb4
0x2c5b10b8,FUN_2c5b10b8,3324,1268,1,2c5b10b8_FUN_2c5b10b8
0x2c5b1e68,FUN_2c5b1e68,726,272,1,2c5b1e68_FUN_2c5b1e68
0x2c5b2184,FUN_2c5b2184,68,27,1,2c5b2184_FUN_2c5b2184
0x2c5b21c8,FUN_2c5b21c8,204,80,1,2c5b21c8_FUN_2c5b21c8
0x2c5b22d4,FUN_2c5b22d4,22,10,1,2c5b22d4_FUN_2c5b22d4
0x2c5b2310,FUN_2c5b2310,30,12,1,2c5b2310_FUN_2c5b2310
0x2c5b2434,FUN_2c5b2434,624,232,1,2c5b2434_FUN_2c5b2434
0x2c5b26cc,FUN_2c5b26cc,90,36,1,2c5b26cc_FUN_2c5b26cc
0x2c5b2744,FUN_2c5b2744,58,23,1,2c5b2744_FUN_2c5b2744
0x2c5b27a0,FUN_2c5b27a0,72,30,1,2c5b27a0_FUN_2c5b27a0
0x2c5b27a8,FUN_2c5b27a8,140,52,1,2c5b27a8_FUN_2c5b27a8
0x2c5b27dc,FUN_2c5b27dc,8,4,1,2c5b27dc_FUN_2c5b27dc
0x2c5b2834,FUN_2c5b2834,674,240,1,2c5b2834_FUN_2c5b2834
0x2c5b2b4c,FUN_2c5b2b4c,28,11,1,2c5b2b4c_FUN_2c5b2b4c
0x2c5b2b7c,FUN_2c5b2b7c,30,11,1,2c5b2b7c_FUN_2c5b2b7c
0x2c5b2ba4,FUN_2c5b2ba4,98,37,1,2c5b2ba4_FUN_2c5b2ba4
0x2c5b2c1c,FUN_2c5b2c1c,146,56,1,2c5b2c1c_FUN_2c5b2c1c
0x2c5b2c82,FUN_2c5b2c82,22,9,1,2c5b2c82_FUN_2c5b2c82
0x2c5b2de0,FUN_2c5b2de0,204,80,1,2c5b2de0_FUN_2c5b2de0
0x2c5b2eec,FUN_2c5b2eec,116,39,1,2c5b2eec_FUN_2c5b2eec
0x2c5b2f6e,FUN_2c5b2f6e,14,6,1,2c5b2f6e_FUN_2c5b2f6e
0x2c5b2f82,FUN_2c5b2f82,18,7,1,2c5b2f82_FUN_2c5b2f82
0x2c5b2f9c,FUN_2c5b2f9c,272,98,1,2c5b2f9c_FUN_2c5b2f9c
0x2c5b3132,FUN_2c5b3132,18,7,1,2c5b3132_FUN_2c5b3132
0x2c5b314c,FUN_2c5b314c,30,13,1,2c5b314c_FUN_2c5b314c
0x2c5b317c,FUN_2c5b317c,48,21,1,2c5b317c_FUN_2c5b317c
0x2c5b32c4,FUN_2c5b32c4,132,54,1,2c5b32c4_FUN_2c5b32c4
0x2c5b33a0,FUN_2c5b33a0,58,22,1,2c5b33a0_FUN_2c5b33a0
0x2c5b33fa,FUN_2c5b33fa,22,9,1,2c5b33fa_FUN_2c5b33fa
0x2c5b3420,FUN_2c5b3420,166,65,1,2c5b3420_FUN_2c5b3420
0x2c5b34c8,FUN_2c5b34c8,106,42,1,2c5b34c8_FUN_2c5b34c8
0x2c5b35b4,FUN_2c5b35b4,150,59,1,2c5b35b4_FUN_2c5b35b4
0x2c5b364c,FUN_2c5b364c,156,60,1,2c5b364c_FUN_2c5b364c
0x2c5b36e8,FUN_2c5b36e8,218,86,1,2c5b36e8_FUN_2c5b36e8
0x2c5b37d4,FUN_2c5b37d4,24,10,1,2c5b37d4_FUN_2c5b37d4
0x2c5b3834,FUN_2c5b3834,26,11,1,2c5b3834_FUN_2c5b3834
0x2c5b3850,FUN_2c5b3850,110,42,1,2c5b3850_FUN_2c5b3850
0x2c5b394c,FUN_2c5b394c,82,34,1,2c5b394c_FUN_2c5b394c
0x2c5b3a24,FUN_2c5b3a24,128,47,1,2c5b3a24_FUN_2c5b3a24
0x2c5b3ab8,FUN_2c5b3ab8,34,12,1,2c5b3ab8_FUN_2c5b3ab8
0x2c5b3ae0,FUN_2c5b3ae0,22,10,1,2c5b3ae0_FUN_2c5b3ae0
0x2c5b3b4a,FUN_2c5b3b4a,14,6,1,2c5b3b4a_FUN_2c5b3b4a
0x2c5b3b5e,FUN_2c5b3b5e,22,9,1,2c5b3b5e_FUN_2c5b3b5e
0x2c5b3b78,FUN_2c5b3b78,28,11,1,2c5b3b78_FUN_2c5b3b78
0x2c5b3c98,FUN_2c5b3c98,24,11,1,2c5b3c98_FUN_2c5b3c98
0x2c5b3ce6,FUN_2c5b3ce6,24,11,1,2c5b3ce6_FUN_2c5b3ce6
0x2c5b3d48,FUN_2c5b3d48,154,60,1,2c5b3d48_FUN_2c5b3d48
0x2c5b3de4,FUN_2c5b3de4,114,47,1,2c5b3de4_FUN_2c5b3de4
0x2c5b3e6c,FUN_2c5b3e6c,194,70,1,2c5b3e6c_FUN_2c5b3e6c
0x2c5b3fc4,FUN_2c5b3fc4,82,31,1,2c5b3fc4_FUN_2c5b3fc4
0x2c5b4024,FUN_2c5b4024,472,174,1,2c5b4024_FUN_2c5b4024
0x2c5b418c,FUN_2c5b418c,168,66,1,2c5b418c_FUN_2c5b418c
0x2c5b4300,FUN_2c5b4300,24,10,1,2c5b4300_FUN_2c5b4300
0x2c5b434c,FUN_2c5b434c,20,7,1,2c5b434c_FUN_2c5b434c
0x2c5b4360,FUN_2c5b4360,204,80,1,2c5b4360_FUN_2c5b4360
0x2c5b44a0,FUN_2c5b44a0,128,50,1,2c5b44a0_FUN_2c5b44a0
0x2c5b4528,FUN_2c5b4528,40,16,1,2c5b4528_FUN_2c5b4528
0x2c5b4594,FUN_2c5b4594,398,156,1,2c5b4594_FUN_2c5b4594
0x2c5b4728,FUN_2c5b4728,374,151,1,2c5b4728_FUN_2c5b4728
0x2c5b48d4,FUN_2c5b48d4,52,20,1,2c5b48d4_FUN_2c5b48d4
0x2c5b4920,FUN_2c5b4920,58,24,1,2c5b4920_FUN_2c5b4920
0x2c5b496c,FUN_2c5b496c,406,160,1,2c5b496c_FUN_2c5b496c
0x2c5b4b18,FUN_2c5b4b18,30,12,1,2c5b4b18_FUN_2c5b4b18
0x2c5b4b4c,FUN_2c5b4b4c,2,1,1,2c5b4b4c_FUN_2c5b4b4c
0x2c5b4b54,FUN_2c5b4b54,30,13,1,2c5b4b54_FUN_2c5b4b54
0x2c5b4d44,FUN_2c5b4d44,32,13,1,2c5b4d44_FUN_2c5b4d44
0x2c5b4eb0,FUN_2c5b4eb0,204,80,1,2c5b4eb0_FUN_2c5b4eb0
0x2c5b4fbc,FUN_2c5b4fbc,102,41,1,2c5b4fbc_FUN_2c5b4fbc
0x2c5b502c,FUN_2c5b502c,114,50,1,2c5b502c_FUN_2c5b502c
0x2c5b53f8,FUN_2c5b53f8,648,243,1,2c5b53f8_FUN_2c5b53f8
0x2c5b56b0,FUN_2c5b56b0,50,18,1,2c5b56b0_FUN_2c5b56b0
0x2c5b56f0,FUN_2c5b56f0,94,36,1,2c5b56f0_FUN_2c5b56f0
0x2c5b5860,FUN_2c5b5860,474,161,1,2c5b5860_FUN_2c5b5860
0x2c5b5cb4,FUN_2c5b5cb4,22,10,1,2c5b5cb4_FUN_2c5b5cb4
0x2c5b5cfc,FUN_2c5b5cfc,26,11,1,2c5b5cfc_FUN_2c5b5cfc
0x2c5b5d88,FUN_2c5b5d88,20,9,1,2c5b5d88_FUN_2c5b5d88
0x2c5b5db0,FUN_2c5b5db0,76,25,1,2c5b5db0_FUN_2c5b5db0
0x2c5b5dfc,FUN_2c5b5dfc,76,29,1,2c5b5dfc_FUN_2c5b5dfc
0x2c5b5e6c,FUN_2c5b5e6c,80,31,1,2c5b5e6c_FUN_2c5b5e6c
0x2c5b5ebc,FUN_2c5b5ebc,38,14,1,2c5b5ebc_FUN_2c5b5ebc
0x2c5b5ee4,FUN_2c5b5ee4,32,12,1,2c5b5ee4_FUN_2c5b5ee4
0x2c5b5f04,FUN_2c5b5f04,32,12,1,2c5b5f04_FUN_2c5b5f04
0x2c5b5f24,FUN_2c5b5f24,22,10,1,2c5b5f24_FUN_2c5b5f24
0x2c5b5f40,FUN_2c5b5f40,26,11,1,2c5b5f40_FUN_2c5b5f40
0x2c5b5f64,FUN_2c5b5f64,1032,389,1,2c5b5f64_FUN_2c5b5f64
0x2c5b6398,FUN_2c5b6398,56,22,1,2c5b6398_FUN_2c5b6398
0x2c5b64e8,FUN_2c5b64e8,238,92,1,2c5b64e8_FUN_2c5b64e8
0x2c5b64ec,FUN_2c5b64ec,22,9,1,2c5b64ec_FUN_2c5b64ec
0x2c5b653c,FUN_2c5b653c,142,48,1,2c5b653c_FUN_2c5b653c
0x2c5b6a08,FUN_2c5b6a08,30,12,1,2c5b6a08_FUN_2c5b6a08
0x2c5b6a5c,FUN_2c5b6a5c,126,51,1,2c5b6a5c_FUN_2c5b6a5c
0x2c5b6b00,FUN_2c5b6b00,74,26,1,2c5b6b00_FUN_2c5b6b00
0x2c5b6b4c,FUN_2c5b6b4c,82,29,1,2c5b6b4c_FUN_2c5b6b4c
0x2c5b6ba0,FUN_2c5b6ba0,480,177,1,2c5b6ba0_FUN_2c5b6ba0
0x2c5b6d9c,FUN_2c5b6d9c,58,21,1,2c5b6d9c_FUN_2c5b6d9c
0x2c5b6fd4,FUN_2c5b6fd4,268,111,1,2c5b6fd4_FUN_2c5b6fd4
0x2c5b7010,FUN_2c5b7010,48,20,1,2c5b7010_FUN_2c5b7010
0x2c5b7060,FUN_2c5b7060,32,11,1,2c5b7060_FUN_2c5b7060
0x2c5b725c,FUN_2c5b725c,106,41,1,2c5b725c_FUN_2c5b725c
0x2c5b72c8,FUN_2c5b72c8,120,47,1,2c5b72c8_FUN_2c5b72c8
0x2c5b7350,FUN_2c5b7350,250,96,1,2c5b7350_FUN_2c5b7350
0x2c5b7450,FUN_2c5b7450,272,103,1,2c5b7450_FUN_2c5b7450
0x2c5b7574,FUN_2c5b7574,208,79,1,2c5b7574_FUN_2c5b7574
0x2c5b7774,FUN_2c5b7774,370,140,1,2c5b7774_FUN_2c5b7774
0x2c5b77d0,FUN_2c5b77d0,278,109,1,2c5b77d0_FUN_2c5b77d0
0x2c5b7888,FUN_2c5b7888,58,23,1,2c5b7888_FUN_2c5b7888
0x2c5b78c4,FUN_2c5b78c4,40,17,1,2c5b78c4_FUN_2c5b78c4
0x2c5b78fc,FUN_2c5b78fc,192,73,1,2c5b78fc_FUN_2c5b78fc
0x2c5b7964,FUN_2c5b7964,40,18,1,2c5b7964_FUN_2c5b7964
0x2c5b7a18,FUN_2c5b7a18,28,10,1,2c5b7a18_FUN_2c5b7a18
0x2c5b7a38,FUN_2c5b7a38,204,80,1,2c5b7a38_FUN_2c5b7a38
0x2c5b7b54,FUN_2c5b7b54,22,8,1,2c5b7b54_FUN_2c5b7b54
0x2c5b7b6c,FUN_2c5b7b6c,12,5,1,2c5b7b6c_FUN_2c5b7b6c
0x2c5b7b7c,FUN_2c5b7b7c,102,41,1,2c5b7b7c_FUN_2c5b7b7c
0x2c5b7bec,FUN_2c5b7bec,114,50,1,2c5b7bec_FUN_2c5b7bec
0x2c5b7c68,FUN_2c5b7c68,88,35,1,2c5b7c68_FUN_2c5b7c68
0x2c5b7cc4,FUN_2c5b7cc4,26,12,1,2c5b7cc4_FUN_2c5b7cc4
0x2c5b7f44,FUN_2c5b7f44,1608,598,1,2c5b7f44_FUN_2c5b7f44
0x2c5b86bc,FUN_2c5b86bc,28,11,1,2c5b86bc_FUN_2c5b86bc
0x2c5b8790,FUN_2c5b8790,26,11,1,2c5b8790_FUN_2c5b8790
0x2c5b87f8,FUN_2c5b87f8,26,11,1,2c5b87f8_FUN_2c5b87f8
0x2c5b88bc,FUN_2c5b88bc,26,11,1,2c5b88bc_FUN_2c5b88bc
0x2c5b8904,FUN_2c5b8904,26,11,1,2c5b8904_FUN_2c5b8904
0x2c5b8954,FUN_2c5b8954,6,3,1,2c5b8954_FUN_2c5b8954
0x2c5b899c,FUN_2c5b899c,24,10,1,2c5b899c_FUN_2c5b899c
0x2c5b89fc,FUN_2c5b89fc,64,21,1,2c5b89fc_FUN_2c5b89fc
0x2c5b8a3c,FUN_2c5b8a3c,42,14,1,2c5b8a3c_FUN_2c5b8a3c
0x2c5b8a68,FUN_2c5b8a68,398,156,1,2c5b8a68_FUN_2c5b8a68
0x2c5b8bfc,FUN_2c5b8bfc,364,137,1,2c5b8bfc_FUN_2c5b8bfc
0x2c5b93ac,FUN_2c5b93ac,48,19,1,2c5b93ac_FUN_2c5b93ac
0x2c5b93dc,FUN_2c5b93dc,1920,710,1,2c5b93dc_FUN_2c5b93dc
0x2c5b9c4c,FUN_2c5b9c4c,48,19,1,2c5b9c4c_FUN_2c5b9c4c
0x2c5b9c7c,FUN_2c5b9c7c,42,16,1,2c5b9c7c_FUN_2c5b9c7c
0x2c5b9e10,FUN_2c5b9e10,38,15,1,2c5b9e10_FUN_2c5b9e10
0x2c5ba26c,FUN_2c5ba26c,106,40,1,2c5ba26c_FUN_2c5ba26c
0x2c5ba550,FUN_2c5ba550,238,91,1,2c5ba550_FUN_2c5ba550
0x2c5ba688,FUN_2c5ba688,102,41,1,2c5ba688_FUN_2c5ba688
0x2c5ba6f8,FUN_2c5ba6f8,40,18,1,2c5ba6f8_FUN_2c5ba6f8
0x2c5ba720,FUN_2c5ba720,114,50,1,2c5ba720_FUN_2c5ba720
0x2c5ba79c,FUN_2c5ba79c,58,24,1,2c5ba79c_FUN_2c5ba79c
0x2c5ba850,FUN_2c5ba850,84,35,1,2c5ba850_FUN_2c5ba850
0x2c5ba8b8,FUN_2c5ba8b8,84,35,1,2c5ba8b8_FUN_2c5ba8b8
0x2c5ba920,FUN_2c5ba920,44,18,1,2c5ba920_FUN_2c5ba920
0x2c5bab38,FUN_2c5bab38,28,12,1,2c5bab38_FUN_2c5bab38
0x2c5bab84,FUN_2c5bab84,58,24,1,2c5bab84_FUN_2c5bab84
0x2c5bac48,FUN_2c5bac48,132,54,1,2c5bac48_FUN_2c5bac48
0x2c5bace0,FUN_2c5bace0,30,13,1,2c5bace0_FUN_2c5bace0
0x2c5bad44,FUN_2c5bad44,28,12,1,2c5bad44_FUN_2c5bad44
0x2c5bade4,FUN_2c5bade4,34,14,1,2c5bade4_FUN_2c5bade4
0x2c5bafa0,FUN_2c5bafa0,40,18,1,2c5bafa0_FUN_2c5bafa0
0x2c5bafca,FUN_2c5bafca,50,22,1,2c5bafca_FUN_2c5bafca
0x2c5bb048,FUN_2c5bb048,224,79,1,2c5bb048_FUN_2c5bb048
0x2c5bb134,FUN_2c5bb134,398,156,1,2c5bb134_FUN_2c5bb134
0x2c5bb2c8,FUN_2c5bb2c8,288,104,1,2c5bb2c8_FUN_2c5bb2c8
0x2c5bb3f4,FUN_2c5bb3f4,478,192,1,2c5bb3f4_FUN_2c5bb3f4
0x2c5bb700,FUN_2c5bb700,22,10,1,2c5bb700_FUN_2c5bb700
0x2c5bb7ae,FUN_2c5bb7ae,28,11,1,2c5bb7ae_FUN_2c5bb7ae
0x2c5bb7d0,FUN_2c5bb7d0,204,80,1,2c5bb7d0_FUN_2c5bb7d0
0x2c5bb8dc,FUN_2c5bb8dc,26,11,1,2c5bb8dc_FUN_2c5bb8dc
0x2c5bbe54,FUN_2c5bbe54,68,28,1,2c5bbe54_FUN_2c5bbe54
0x2c5bbf14,FUN_2c5bbf14,26,11,1,2c5bbf14_FUN_2c5bbf14
0x2c5bc020,FUN_2c5bc020,46,19,1,2c5bc020_FUN_2c5bc020
0x2c5bc264,FUN_2c5bc264,26,12,1,2c5bc264_FUN_2c5bc264
0x2c5bc348,FUN_2c5bc348,30,12,1,2c5bc348_FUN_2c5bc348
0x2c5bc388,FUN_2c5bc388,26,12,1,2c5bc388_FUN_2c5bc388
0x2c5bc3bc,FUN_2c5bc3bc,26,12,1,2c5bc3bc_FUN_2c5bc3bc
0x2c5bc3f0,FUN_2c5bc3f0,26,12,1,2c5bc3f0_FUN_2c5bc3f0
0x2c5bc4e4,FUN_2c5bc4e4,754,253,1,2c5bc4e4_FUN_2c5bc4e4
0x2c5bc8d4,FUN_2c5bc8d4,30,12,1,2c5bc8d4_FUN_2c5bc8d4
0x2c5bc96c,FUN_2c5bc96c,26,11,1,2c5bc96c_FUN_2c5bc96c
0x2c5bc9ac,FUN_2c5bc9ac,26,11,1,2c5bc9ac_FUN_2c5bc9ac
0x2c5bc9f0,FUN_2c5bc9f0,22,10,1,2c5bc9f0_FUN_2c5bc9f0
0x2c5bca24,FUN_2c5bca24,42,16,1,2c5bca24_FUN_2c5bca24
0x2c5bcb38,FUN_2c5bcb38,102,41,1,2c5bcb38_FUN_2c5bcb38
0x2c5bcba8,FUN_2c5bcba8,328,127,1,2c5bcba8_FUN_2c5bcba8
0x2c5bccf8,FUN_2c5bccf8,106,41,1,2c5bccf8_FUN_2c5bccf8
0x2c5bcd64,FUN_2c5bcd64,114,50,1,2c5bcd64_FUN_2c5bcd64
0x2c5bcf0c,FUN_2c5bcf0c,234,86,1,2c5bcf0c_FUN_2c5bcf0c
0x2c5bd000,FUN_2c5bd000,428,161,1,2c5bd000_FUN_2c5bd000
0x2c5bd1b4,FUN_2c5bd1b4,26,11,1,2c5bd1b4_FUN_2c5bd1b4
0x2c5bd258,FUN_2c5bd258,28,12,1,2c5bd258_FUN_2c5bd258
0x2c5bd31c,FUN_2c5bd31c,26,11,1,2c5bd31c_FUN_2c5bd31c
0x2c5bd384,FUN_2c5bd384,26,11,1,2c5bd384_FUN_2c5bd384
0x2c5bd3b8,FUN_2c5bd3b8,46,17,1,2c5bd3b8_FUN_2c5bd3b8
0x2c5bd474,FUN_2c5bd474,72,25,1,2c5bd474_FUN_2c5bd474
0x2c5bd514,FUN_2c5bd514,258,92,1,2c5bd514_FUN_2c5bd514
0x2c5bd528,FUN_2c5bd528,44,16,1,2c5bd528_FUN_2c5bd528
0x2c5bda5c,FUN_2c5bda5c,104,41,1,2c5bda5c_FUN_2c5bda5c
0x2c5bdac8,FUN_2c5bdac8,238,89,1,2c5bdac8_FUN_2c5bdac8
0x2c5bdbbc,FUN_2c5bdbbc,196,72,1,2c5bdbbc_FUN_2c5bdbbc
0x2c5bdc84,FUN_2c5bdc84,1084,432,1,2c5bdc84_FUN_2c5bdc84
0x2c5be0d4,FUN_2c5be0d4,44,16,1,2c5be0d4_FUN_2c5be0d4
0x2c5be420,FUN_2c5be420,42,16,1,2c5be420_FUN_2c5be420
0x2c5bea74,FUN_2c5bea74,42,15,1,2c5bea74_FUN_2c5bea74
0x2c5beae4,FUN_2c5beae4,102,41,1,2c5beae4_FUN_2c5beae4
0x2c5beb54,FUN_2c5beb54,114,50,1,2c5beb54_FUN_2c5beb54
0x2c5bebd0,FUN_2c5bebd0,60,24,1,2c5bebd0_FUN_2c5bebd0
0x2c5bec10,FUN_2c5bec10,30,11,1,2c5bec10_FUN_2c5bec10
0x2c5bee4c,FUN_2c5bee4c,28,12,1,2c5bee4c_FUN_2c5bee4c
0x2c5beebc,FUN_2c5beebc,24,11,1,2c5beebc_FUN_2c5beebc
0x2c5bef90,FUN_2c5bef90,24,11,1,2c5bef90_FUN_2c5bef90
0x2c5befd0,FUN_2c5befd0,4,2,1,2c5befd0_FUN_2c5befd0
0x2c5bf078,FUN_2c5bf078,128,47,1,2c5bf078_FUN_2c5bf078
0x2c5bf0f8,FUN_2c5bf0f8,900,344,1,2c5bf0f8_FUN_2c5bf0f8
0x2c5bf488,FUN_2c5bf488,42,16,1,2c5bf488_FUN_2c5bf488
0x2c5bfd24,FUN_2c5bfd24,204,80,1,2c5bfd24_FUN_2c5bfd24
0x2c5bfe30,FUN_2c5bfe30,26,9,1,2c5bfe30_FUN_2c5bfe30
0x2c5bfe4c,FUN_2c5bfe4c,18,5,1,2c5bfe4c_FUN_2c5bfe4c
0x2c5bfe60,FUN_2c5bfe60,18,5,1,2c5bfe60_FUN_2c5bfe60
0x2c5bfe74,FUN_2c5bfe74,18,5,1,2c5bfe74_FUN_2c5bfe74
0x2c5bfea4,FUN_2c5bfea4,26,11,1,2c5bfea4_FUN_2c5bfea4
0x2c5bfedc,FUN_2c5bfedc,28,12,1,2c5bfedc_FUN_2c5bfedc
0x2c5bff18,FUN_2c5bff18,24,10,1,2c5bff18_FUN_2c5bff18
0x2c5bff54,FUN_2c5bff54,36,15,1,2c5bff54_FUN_2c5bff54
0x2c5c0010,FUN_2c5c0010,102,41,1,2c5c0010_FUN_2c5c0010
0x2c5c0080,FUN_2c5c0080,28,12,1,2c5c0080_FUN_2c5c0080
0x2c5c01ac,FUN_2c5c01ac,24,11,1,2c5c01ac_FUN_2c5c01ac
0x2c5c0244,FUN_2c5c0244,36,15,1,2c5c0244_FUN_2c5c0244
0x2c5c03fc,FUN_2c5c03fc,28,12,1,2c5c03fc_FUN_2c5c03fc
0x2c5c04f8,FUN_2c5c04f8,20,9,1,2c5c04f8_FUN_2c5c04f8
0x2c5c05d4,FUN_2c5c05d4,46,20,1,2c5c05d4_FUN_2c5c05d4
0x2c5c0620,FUN_2c5c0620,154,59,1,2c5c0620_FUN_2c5c0620
0x2c5c06c0,FUN_2c5c06c0,34,15,1,2c5c06c0_FUN_2c5c06c0
0x2c5c0904,FUN_2c5c0904,26,11,1,2c5c0904_FUN_2c5c0904
0x2c5c09f8,FUN_2c5c09f8,40,16,1,2c5c09f8_FUN_2c5c09f8
0x2c5c0a9c,FUN_2c5c0a9c,38,15,1,2c5c0a9c_FUN_2c5c0a9c
0x2c5c0c6c,FUN_2c5c0c6c,40,16,1,2c5c0c6c_FUN_2c5c0c6c
0x2c5c0cec,FUN_2c5c0cec,116,50,1,2c5c0cec_FUN_2c5c0cec
0x2c5c0d68,FUN_2c5c0d68,116,50,1,2c5c0d68_FUN_2c5c0d68
0x2c5c0de4,FUN_2c5c0de4,116,50,1,2c5c0de4_FUN_2c5c0de4
0x2c5c0e68,FUN_2c5c0e68,72,26,1,2c5c0e68_FUN_2c5c0e68
0x2c5c0ec0,FUN_2c5c0ec0,72,26,1,2c5c0ec0_FUN_2c5c0ec0
0x2c5c0f18,FUN_2c5c0f18,28,12,1,2c5c0f18_FUN_2c5c0f18
0x2c5c0f8c,FUN_2c5c0f8c,36,15,1,2c5c0f8c_FUN_2c5c0f8c
0x2c5c1228,FUN_2c5c1228,36,16,1,2c5c1228_FUN_2c5c1228
0x2c5c1290,FUN_2c5c1290,66,27,1,2c5c1290_FUN_2c5c1290
0x2c5c13a8,FUN_2c5c13a8,62,26,1,2c5c13a8_FUN_2c5c13a8
0x2c5c15f4,FUN_2c5c15f4,138,57,1,2c5c15f4_FUN_2c5c15f4
0x2c5c16dc,FUN_2c5c16dc,40,16,1,2c5c16dc_FUN_2c5c16dc
0x2c5c1958,FUN_2c5c1958,212,84,1,2c5c1958_FUN_2c5c1958
0x2c5c1a6c,FUN_2c5c1a6c,22,10,1,2c5c1a6c_FUN_2c5c1a6c
0x2c5c1a94,FUN_2c5c1a94,24,11,1,2c5c1a94_FUN_2c5c1a94
0x2c5c1b68,FUN_2c5c1b68,28,12,1,2c5c1b68_FUN_2c5c1b68
0x2c5c1cc8,FUN_2c5c1cc8,30,12,1,2c5c1cc8_FUN_2c5c1cc8
0x2c5c1f0c,FUN_2c5c1f0c,24,11,1,2c5c1f0c_FUN_2c5c1f0c
0x2c5c1f98,FUN_2c5c1f98,24,11,1,2c5c1f98_FUN_2c5c1f98
0x2c5c1fdc,FUN_2c5c1fdc,26,11,1,2c5c1fdc_FUN_2c5c1fdc
0x2c5c2030,FUN_2c5c2030,26,11,1,2c5c2030_FUN_2c5c2030
0x2c5c2084,FUN_2c5c2084,26,11,1,2c5c2084_FUN_2c5c2084
0x2c5c2104,FUN_2c5c2104,832,309,1,2c5c2104_FUN_2c5c2104
0x2c5c2498,FUN_2c5c2498,32,15,1,2c5c2498_FUN_2c5c2498
0x2c5c24f8,FUN_2c5c24f8,46,18,1,2c5c24f8_FUN_2c5c24f8
0x2c5c2528,FUN_2c5c2528,102,41,1,2c5c2528_FUN_2c5c2528
0x2c5c2598,FUN_2c5c2598,40,18,1,2c5c2598_FUN_2c5c2598
0x2c5c25c4,FUN_2c5c25c4,72,28,1,2c5c25c4_FUN_2c5c25c4
0x2c5c2610,FUN_2c5c2610,24,11,1,2c5c2610_FUN_2c5c2610
0x2c5c26e4,FUN_2c5c26e4,24,11,1,2c5c26e4_FUN_2c5c26e4
0x2c5c27e4,FUN_2c5c27e4,30,12,1,2c5c27e4_FUN_2c5c27e4
0x2c5c2920,FUN_2c5c2920,30,13,1,2c5c2920_FUN_2c5c2920
0x2c5c2a98,FUN_2c5c2a98,24,11,1,2c5c2a98_FUN_2c5c2a98
0x2c5c2b24,FUN_2c5c2b24,26,11,1,2c5c2b24_FUN_2c5c2b24
0x2c5c2b70,FUN_2c5c2b70,28,12,1,2c5c2b70_FUN_2c5c2b70
0x2c5c2c04,FUN_2c5c2c04,40,16,1,2c5c2c04_FUN_2c5c2c04
0x2c5c2c2c,FUN_2c5c2c2c,36,16,1,2c5c2c2c_FUN_2c5c2c2c
0x2c5c2cd0,FUN_2c5c2cd0,30,13,1,2c5c2cd0_FUN_2c5c2cd0
0x2c5c2d58,FUN_2c5c2d58,32,14,1,2c5c2d58_FUN_2c5c2d58
0x2c5c2e1c,FUN_2c5c2e1c,26,11,1,2c5c2e1c_FUN_2c5c2e1c
0x2c5c2e6c,FUN_2c5c2e6c,26,11,1,2c5c2e6c_FUN_2c5c2e6c
0x2c5c2ea0,FUN_2c5c2ea0,32,13,1,2c5c2ea0_FUN_2c5c2ea0
0x2c5c2fea,FUN_2c5c2fea,90,31,1,2c5c2fea_FUN_2c5c2fea
0x2c5c304c,FUN_2c5c304c,38,15,1,2c5c304c_FUN_2c5c304c
0x2c5c319c,FUN_2c5c319c,398,156,1,2c5c319c_FUN_2c5c319c
0x2c5c3330,FUN_2c5c3330,404,146,1,2c5c3330_FUN_2c5c3330
0x2c5c34dc,FUN_2c5c34dc,34,14,1,2c5c34dc_FUN_2c5c34dc
0x2c5c359c,FUN_2c5c359c,46,18,1,2c5c359c_FUN_2c5c359c
0x2c5c416c,FUN_2c5c416c,44,19,1,2c5c416c_FUN_2c5c416c
0x2c5c4220,FUN_2c5c4220,42,16,1,2c5c4220_FUN_2c5c4220
0x2c5c424c,FUN_2c5c424c,88,35,1,2c5c424c_FUN_2c5c424c
0x2c5c42d8,FUN_2c5c42d8,90,31,1,2c5c42d8_FUN_2c5c42d8
0x2c5c4348,FUN_2c5c4348,72,31,1,2c5c4348_FUN_2c5c4348
0x2c5c43a0,FUN_2c5c43a0,198,76,1,2c5c43a0_FUN_2c5c43a0
0x2c5c4468,FUN_2c5c4468,50,22,1,2c5c4468_FUN_2c5c4468
0x2c5c449c,FUN_2c5c449c,22,9,1,2c5c449c_FUN_2c5c449c
0x2c5c44d8,FUN_2c5c44d8,320,123,1,2c5c44d8_FUN_2c5c44d8
0x2c5c4ccc,FUN_2c5c4ccc,20,9,1,2c5c4ccc_FUN_2c5c4ccc
0x2c5c4d04,FUN_2c5c4d04,20,9,1,2c5c4d04_FUN_2c5c4d04
0x2c5c4d3c,FUN_2c5c4d3c,24,11,1,2c5c4d3c_FUN_2c5c4d3c
0x2c5c4db4,FUN_2c5c4db4,20,9,1,2c5c4db4_FUN_2c5c4db4
0x2c5c4e14,FUN_2c5c4e14,66,27,1,2c5c4e14_FUN_2c5c4e14
0x2c5c4e6c,FUN_2c5c4e6c,34,12,1,2c5c4e6c_FUN_2c5c4e6c
0x2c5c4e9c,FUN_2c5c4e9c,34,12,1,2c5c4e9c_FUN_2c5c4e9c
0x2c5c4ecc,FUN_2c5c4ecc,60,24,1,2c5c4ecc_FUN_2c5c4ecc
0x2c5c4f98,FUN_2c5c4f98,24,10,1,2c5c4f98_FUN_2c5c4f98
0x2c5c5110,FUN_2c5c5110,40,17,1,2c5c5110_FUN_2c5c5110
0x2c5c5194,FUN_2c5c5194,136,54,1,2c5c5194_FUN_2c5c5194
0x2c5c5254,FUN_2c5c5254,74,29,1,2c5c5254_FUN_2c5c5254
0x2c5c52a8,FUN_2c5c52a8,16,5,1,2c5c52a8_FUN_2c5c52a8
0x2c5c52c0,FUN_2c5c52c0,32,10,1,2c5c52c0_FUN_2c5c52c0
0x2c5c53a0,FUN_2c5c53a0,328,129,1,2c5c53a0_FUN_2c5c53a0
0x2c5c5456,FUN_2c5c5456,28,10,1,2c5c5456_FUN_2c5c5456
0x2c5c5586,FUN_2c5c5586,112,54,1,2c5c5586_FUN_2c5c5586
0x2c5c55d8,FUN_2c5c55d8,4,2,1,2c5c55d8_FUN_2c5c55d8
0x2c5c561c,FUN_2c5c561c,22,6,1,2c5c561c_FUN_2c5c561c
0x2c5c562c,FUN_2c5c562c,52,21,1,2c5c562c_FUN_2c5c562c
0x2c5c5660,FUN_2c5c5660,174,68,1,2c5c5660_FUN_2c5c5660
0x2c5c59bc,FUN_2c5c59bc,92,37,1,2c5c59bc_FUN_2c5c59bc
0x2c5c5a38,FUN_2c5c5a38,58,25,1,2c5c5a38_FUN_2c5c5a38
0x2c5c5b3c,FUN_2c5c5b3c,48,20,1,2c5c5b3c_FUN_2c5c5b3c
0x2c5c5b56,FUN_2c5c5b56,22,9,1,2c5c5b56_FUN_2c5c5b56
0x2c5c5b98,FUN_2c5c5b98,24,10,1,2c5c5b98_FUN_2c5c5b98
0x2c5c5c2c,FUN_2c5c5c2c,32,13,1,2c5c5c2c_FUN_2c5c5c2c
0x2c5c5c7c,FUN_2c5c5c7c,32,13,1,2c5c5c7c_FUN_2c5c5c7c
0x2c5c5ccc,FUN_2c5c5ccc,26,8,1,2c5c5ccc_FUN_2c5c5ccc
0x2c5c5ce8,FUN_2c5c5ce8,22,6,1,2c5c5ce8_FUN_2c5c5ce8
0x2c5c5cf8,FUN_2c5c5cf8,48,15,1,2c5c5cf8_FUN_2c5c5cf8
0x2c5c5d08,FUN_2c5c5d08,28,8,1,2c5c5d08_FUN_2c5c5d08
0x2c5c5d18,FUN_2c5c5d18,86,30,1,2c5c5d18_FUN_2c5c5d18
0x2c5c5d38,FUN_2c5c5d38,34,12,1,2c5c5d38_FUN_2c5c5d38
0x2c5c5d50,FUN_2c5c5d50,48,18,1,2c5c5d50_FUN_2c5c5d50
0x2c5c5dac,FUN_2c5c5dac,80,28,1,2c5c5dac_FUN_2c5c5dac
0x2c5c5dd4,FUN_2c5c5dd4,42,18,1,2c5c5dd4_FUN_2c5c5dd4
0x2c5c5f34,FUN_2c5c5f34,116,49,1,2c5c5f34_FUN_2c5c5f34
0x2c5c5fd4,FUN_2c5c5fd4,38,15,1,2c5c5fd4_FUN_2c5c5fd4
0x2c5c6074,FUN_2c5c6074,44,18,1,2c5c6074_FUN_2c5c6074
0x2c5c6130,FUN_2c5c6130,14,4,1,2c5c6130_FUN_2c5c6130
0x2c5c6140,FUN_2c5c6140,34,14,1,2c5c6140_FUN_2c5c6140
0x2c5c6294,FUN_2c5c6294,4,2,1,2c5c6294_FUN_2c5c6294
0x2c5c6298,FUN_2c5c6298,204,80,1,2c5c6298_FUN_2c5c6298
0x2c5c63a4,FUN_2c5c63a4,114,43,1,2c5c63a4_FUN_2c5c63a4
0x2c5c6458,FUN_2c5c6458,52,17,1,2c5c6458_FUN_2c5c6458
0x2c5c6490,FUN_2c5c6490,280,102,1,2c5c6490_FUN_2c5c6490
0x2c5c658c,FUN_2c5c658c,102,41,1,2c5c658c_FUN_2c5c658c
0x2c5c65fc,FUN_2c5c65fc,58,21,1,2c5c65fc_FUN_2c5c65fc
0x2c5c6720,FUN_2c5c6720,286,80,1,2c5c6720_FUN_2c5c6720
0x2c5c685c,FUN_2c5c685c,4,2,1,2c5c685c_FUN_2c5c685c
0x2c5c68a8,FUN_2c5c68a8,24,9,1,2c5c68a8_FUN_2c5c68a8
0x2c5c6930,FUN_2c5c6930,26,12,1,2c5c6930_FUN_2c5c6930
0x2c5c697c,FUN_2c5c697c,26,12,1,2c5c697c_FUN_2c5c697c
0x2c5c69e0,FUN_2c5c69e0,58,20,1,2c5c69e0_FUN_2c5c69e0
0x2c5c6a68,FUN_2c5c6a68,48,19,1,2c5c6a68_FUN_2c5c6a68
0x2c5c6a9c,FUN_2c5c6a9c,14,5,1,2c5c6a9c_FUN_2c5c6a9c
0x2c5c6aac,FUN_2c5c6aac,302,104,1,2c5c6aac_FUN_2c5c6aac
0x2c5c6ac4,FUN_2c5c6ac4,30,12,1,2c5c6ac4_FUN_2c5c6ac4
0x2c5c6ae4,FUN_2c5c6ae4,90,33,1,2c5c6ae4_FUN_2c5c6ae4
0x2c5c6b34,FUN_2c5c6b34,106,40,1,2c5c6b34_FUN_2c5c6b34
0x2c5c6b50,FUN_2c5c6b50,84,33,1,2c5c6b50_FUN_2c5c6b50
0x2c5c6b84,FUN_2c5c6b84,14,4,1,2c5c6b84_FUN_2c5c6b84
0x2c5c6bd0,FUN_2c5c6bd0,6,2,1,2c5c6bd0_FUN_2c5c6bd0
0x2c5c6bd8,FUN_2c5c6bd8,78,31,1,2c5c6bd8_FUN_2c5c6bd8
0x2c5c6cbc,FUN_2c5c6cbc,6,2,1,2c5c6cbc_FUN_2c5c6cbc
0x2c5c6cc4,FUN_2c5c6cc4,166,62,1,2c5c6cc4_FUN_2c5c6cc4
0x2c5c6d5c,FUN_2c5c6d5c,12,4,1,2c5c6d5c_FUN_2c5c6d5c
0x2c5c6d7c,FUN_2c5c6d7c,56,22,1,2c5c6d7c_FUN_2c5c6d7c
0x2c5c6d84,FUN_2c5c6d84,178,77,1,2c5c6d84_FUN_2c5c6d84
0x2c5c6d94,FUN_2c5c6d94,168,61,1,2c5c6d94_FUN_2c5c6d94
0x2c5c6e8c,FUN_2c5c6e8c,4,2,1,2c5c6e8c_FUN_2c5c6e8c
0x2c5c6e90,FUN_2c5c6e90,508,194,1,2c5c6e90_FUN_2c5c6e90
0x2c5c7130,FUN_2c5c7130,30,12,1,2c5c7130_FUN_2c5c7130
0x2c5c7174,FUN_2c5c7174,14,5,1,2c5c7174_FUN_2c5c7174
0x2c5c7184,FUN_2c5c7184,54,20,1,2c5c7184_FUN_2c5c7184
0x2c5c71c8,FUN_2c5c71c8,62,25,1,2c5c71c8_FUN_2c5c71c8
0x2c5c7434,FUN_2c5c7434,98,34,1,2c5c7434_FUN_2c5c7434
0x2c5c749c,FUN_2c5c749c,46,19,1,2c5c749c_FUN_2c5c749c
0x2c5c7664,FUN_2c5c7664,168,65,1,2c5c7664_FUN_2c5c7664
0x2c5c77b8,FUN_2c5c77b8,194,63,1,2c5c77b8_FUN_2c5c77b8
0x2c5c788c,FUN_2c5c788c,86,26,1,2c5c788c_FUN_2c5c788c
0x2c5c78e4,FUN_2c5c78e4,102,30,1,2c5c78e4_FUN_2c5c78e4
0x2c5c794c,FUN_2c5c794c,14,4,1,2c5c794c_FUN_2c5c794c
0x2c5c795c,FUN_2c5c795c,44,15,1,2c5c795c_FUN_2c5c795c
0x2c5c7970,FUN_2c5c7970,12,5,1,2c5c7970_FUN_2c5c7970
0x2c5c7980,FUN_2c5c7980,46,17,1,2c5c7980_FUN_2c5c7980
0x2c5c79a8,FUN_2c5c79a8,20,9,1,2c5c79a8_FUN_2c5c79a8
0x2c5c79cc,FUN_2c5c79cc,20,9,1,2c5c79cc_FUN_2c5c79cc
0x2c5c79f0,FUN_2c5c79f0,20,9,1,2c5c79f0_FUN_2c5c79f0
0x2c5c7a14,FUN_2c5c7a14,20,9,1,2c5c7a14_FUN_2c5c7a14
0x2c5c7a48,FUN_2c5c7a48,22,10,1,2c5c7a48_FUN_2c5c7a48
0x2c5c7a78,FUN_2c5c7a78,20,9,1,2c5c7a78_FUN_2c5c7a78
0x2c5c7aa8,FUN_2c5c7aa8,28,11,1,2c5c7aa8_FUN_2c5c7aa8
0x2c5c7af4,FUN_2c5c7af4,28,11,1,2c5c7af4_FUN_2c5c7af4
0x2c5c7b30,FUN_2c5c7b30,184,73,1,2c5c7b30_FUN_2c5c7b30
0x2c5c7bb0,FUN_2c5c7bb0,72,29,1,2c5c7bb0_FUN_2c5c7bb0
0x2c5c7c4a,FUN_2c5c7c4a,14,4,1,2c5c7c4a_FUN_2c5c7c4a
0x2c5c7c58,FUN_2c5c7c58,22,10,1,2c5c7c58_FUN_2c5c7c58
0x2c5c7cbc,FUN_2c5c7cbc,98,38,1,2c5c7cbc_FUN_2c5c7cbc
0x2c5c7cf8,FUN_2c5c7cf8,20,9,1,2c5c7cf8_FUN_2c5c7cf8
0x2c5c7d4c,FUN_2c5c7d4c,22,10,1,2c5c7d4c_FUN_2c5c7d4c
0x2c5c7db0,FUN_2c5c7db0,204,80,1,2c5c7db0_FUN_2c5c7db0
0x2c5c7ee4,FUN_2c5c7ee4,34,13,1,2c5c7ee4_FUN_2c5c7ee4
0x2c5c7f34,FUN_2c5c7f34,56,21,1,2c5c7f34_FUN_2c5c7f34
0x2c5c7f54,FUN_2c5c7f54,24,10,1,2c5c7f54_FUN_2c5c7f54
0x2c5c7fb4,FUN_2c5c7fb4,54,22,1,2c5c7fb4_FUN_2c5c7fb4
0x2c5c7ffc,FUN_2c5c7ffc,26,10,1,2c5c7ffc_FUN_2c5c7ffc
0x2c5c8040,FUN_2c5c8040,42,16,1,2c5c8040_FUN_2c5c8040
0x2c5c8088,FUN_2c5c8088,44,17,1,2c5c8088_FUN_2c5c8088
0x2c5c80d8,FUN_2c5c80d8,82,30,1,2c5c80d8_FUN_2c5c80d8
0x2c5c81f4,FUN_2c5c81f4,40,16,1,2c5c81f4_FUN_2c5c81f4
0x2c5c826c,FUN_2c5c826c,70,28,1,2c5c826c_FUN_2c5c826c
0x2c5c82c8,FUN_2c5c82c8,20,9,1,2c5c82c8_FUN_2c5c82c8
0x2c5c8328,FUN_2c5c8328,22,10,1,2c5c8328_FUN_2c5c8328
0x2c5c837c,FUN_2c5c837c,58,24,1,2c5c837c_FUN_2c5c837c
0x2c5c871c,FUN_2c5c871c,16,6,1,2c5c871c_FUN_2c5c871c
0x2c5c8730,FUN_2c5c8730,24,10,1,2c5c8730_FUN_2c5c8730
0x2c5c880c,FUN_2c5c880c,174,64,1,2c5c880c_FUN_2c5c880c
0x2c5c899c,FUN_2c5c899c,36,15,1,2c5c899c_FUN_2c5c899c
0x2c5c89ec,FUN_2c5c89ec,26,10,1,2c5c89ec_FUN_2c5c89ec
0x2c5c8ae8,FUN_2c5c8ae8,26,12,1,2c5c8ae8_FUN_2c5c8ae8
0x2c5c8b24,FUN_2c5c8b24,48,19,1,2c5c8b24_FUN_2c5c8b24
0x2c5c8b7c,FUN_2c5c8b7c,36,15,1,2c5c8b7c_FUN_2c5c8b7c
0x2c5c8c74,FUN_2c5c8c74,48,19,1,2c5c8c74_FUN_2c5c8c74
0x2c5c8cd8,FUN_2c5c8cd8,26,12,1,2c5c8cd8_FUN_2c5c8cd8
0x2c5c8da0,FUN_2c5c8da0,20,7,1,2c5c8da0_FUN_2c5c8da0
0x2c5c8e08,FUN_2c5c8e08,76,25,1,2c5c8e08_FUN_2c5c8e08
0x2c5c8e60,FUN_2c5c8e60,44,15,1,2c5c8e60_FUN_2c5c8e60
0x2c5c8ec4,FUN_2c5c8ec4,28,12,1,2c5c8ec4_FUN_2c5c8ec4
0x2c5c90e4,FUN_2c5c90e4,8,3,1,2c5c90e4_FUN_2c5c90e4
0x2c5c90f4,FUN_2c5c90f4,28,12,1,2c5c90f4_FUN_2c5c90f4
0x2c5c9118,FUN_2c5c9118,16,5,1,2c5c9118_FUN_2c5c9118
0x2c5c919c,FUN_2c5c919c,28,11,1,2c5c919c_FUN_2c5c919c
0x2c5c91c0,FUN_2c5c91c0,84,33,1,2c5c91c0_FUN_2c5c91c0
0x2c5c921c,FUN_2c5c921c,90,35,1,2c5c921c_FUN_2c5c921c
0x2c5c9280,FUN_2c5c9280,88,34,1,2c5c9280_FUN_2c5c9280
0x2c5c92e4,FUN_2c5c92e4,94,36,1,2c5c92e4_FUN_2c5c92e4
0x2c5c9400,FUN_2c5c9400,398,156,1,2c5c9400_FUN_2c5c9400
0x2c5c9864,FUN_2c5c9864,324,117,1,2c5c9864_FUN_2c5c9864
0x2c5c9b84,FUN_2c5c9b84,6,3,1,2c5c9b84_FUN_2c5c9b84
0x2c5c9bac,FUN_2c5c9bac,18,7,1,2c5c9bac_FUN_2c5c9bac
0x2c5c9bcc,FUN_2c5c9bcc,204,78,1,2c5c9bcc_FUN_2c5c9bcc
0x2c5c9cf8,FUN_2c5c9cf8,126,38,1,2c5c9cf8_FUN_2c5c9cf8
0x2c5c9da8,FUN_2c5c9da8,284,115,1,2c5c9da8_FUN_2c5c9da8
0x2c5c9f44,FUN_2c5c9f44,104,40,1,2c5c9f44_FUN_2c5c9f44
0x2c5ca080,FUN_2c5ca080,158,58,1,2c5ca080_FUN_2c5ca080
0x2c5ca178,FUN_2c5ca178,236,87,1,2c5ca178_FUN_2c5ca178
0x2c5ca278,FUN_2c5ca278,32,11,1,2c5ca278_FUN_2c5ca278
0x2c5ca298,FUN_2c5ca298,82,32,1,2c5ca298_FUN_2c5ca298
0x2c5ca3ac,FUN_2c5ca3ac,104,38,1,2c5ca3ac_FUN_2c5ca3ac
0x2c5ca544,FUN_2c5ca544,76,30,1,2c5ca544_FUN_2c5ca544
0x2c5ca6ec,FUN_2c5ca6ec,282,102,1,2c5ca6ec_FUN_2c5ca6ec
0x2c5ca864,FUN_2c5ca864,102,41,1,2c5ca864_FUN_2c5ca864
0x2c5ca8f4,FUN_2c5ca8f4,34,14,1,2c5ca8f4_FUN_2c5ca8f4
0x2c5caa40,FUN_2c5caa40,36,14,1,2c5caa40_FUN_2c5caa40
0x2c5cac3c,FUN_2c5cac3c,96,35,1,2c5cac3c_FUN_2c5cac3c
0x2c5cacd4,FUN_2c5cacd4,60,24,1,2c5cacd4_FUN_2c5cacd4
0x2c5cad3c,FUN_2c5cad3c,60,22,1,2c5cad3c_FUN_2c5cad3c
0x2c5cada0,FUN_2c5cada0,180,70,1,2c5cada0_FUN_2c5cada0
0x2c5caf10,FUN_2c5caf10,30,14,1,2c5caf10_FUN_2c5caf10
0x2c5caf34,FUN_2c5caf34,176,66,1,2c5caf34_FUN_2c5caf34
0x2c5cb02c,FUN_2c5cb02c,94,38,1,2c5cb02c_FUN_2c5cb02c
0x2c5cb110,FUN_2c5cb110,178,69,1,2c5cb110_FUN_2c5cb110
0x2c5cb218,FUN_2c5cb218,40,15,1,2c5cb218_FUN_2c5cb218
0x2c5cb2e6,FUN_2c5cb2e6,88,34,1,2c5cb2e6_FUN_2c5cb2e6
0x2c5cb3b0,FUN_2c5cb3b0,256,100,1,2c5cb3b0_FUN_2c5cb3b0
0x2c5cb4c8,FUN_2c5cb4c8,26,9,1,2c5cb4c8_FUN_2c5cb4c8
0x2c5cb4e8,FUN_2c5cb4e8,58,23,1,2c5cb4e8_FUN_2c5cb4e8
0x2c5cb54c,FUN_2c5cb54c,106,43,1,2c5cb54c_FUN_2c5cb54c
0x2c5cb5fc,FUN_2c5cb5fc,28,10,1,2c5cb5fc_FUN_2c5cb5fc
0x2c5cb620,FUN_2c5cb620,50,19,1,2c5cb620_FUN_2c5cb620
0x2c5cb6a0,FUN_2c5cb6a0,8,4,1,2c5cb6a0_FUN_2c5cb6a0
0x2c5cb758,FUN_2c5cb758,30,12,1,2c5cb758_FUN_2c5cb758
0x2c5cb938,FUN_2c5cb938,72,29,1,2c5cb938_FUN_2c5cb938
0x2c5cb99c,FUN_2c5cb99c,40,16,1,2c5cb99c_FUN_2c5cb99c
0x2c5cba10,FUN_2c5cba10,58,23,1,2c5cba10_FUN_2c5cba10
0x2c5cba74,FUN_2c5cba74,40,15,1,2c5cba74_FUN_2c5cba74
0x2c5cbb5c,FUN_2c5cbb5c,38,15,1,2c5cbb5c_FUN_2c5cbb5c
0x2c5cbc30,FUN_2c5cbc30,100,36,1,2c5cbc30_FUN_2c5cbc30
0x2c5cbcfc,FUN_2c5cbcfc,172,67,1,2c5cbcfc_FUN_2c5cbcfc
0x2c5cbe60,FUN_2c5cbe60,222,84,1,2c5cbe60_FUN_2c5cbe60
0x2c5cbf64,FUN_2c5cbf64,62,23,1,2c5cbf64_FUN_2c5cbf64
0x2c5cc01c,FUN_2c5cc01c,212,80,1,2c5cc01c_FUN_2c5cc01c
0x2c5cc130,FUN_2c5cc130,72,26,1,2c5cc130_FUN_2c5cc130
0x2c5cc444,FUN_2c5cc444,246,95,1,2c5cc444_FUN_2c5cc444
0x2c5cc558,FUN_2c5cc558,20,8,1,2c5cc558_FUN_2c5cc558
0x2c5cc56c,FUN_2c5cc56c,158,61,1,2c5cc56c_FUN_2c5cc56c
0x2c5cc710,FUN_2c5cc710,122,48,1,2c5cc710_FUN_2c5cc710
0x2c5ccab8,FUN_2c5ccab8,36,16,1,2c5ccab8_FUN_2c5ccab8
0x2c5ccb68,FUN_2c5ccb68,398,156,1,2c5ccb68_FUN_2c5ccb68
0x2c5cccfc,FUN_2c5cccfc,40,16,1,2c5cccfc_FUN_2c5cccfc
0x2c5cd000,FUN_2c5cd000,98,37,1,2c5cd000_FUN_2c5cd000
0x2c5cd118,FUN_2c5cd118,528,206,1,2c5cd118_FUN_2c5cd118
0x2c5cd398,FUN_2c5cd398,148,57,1,2c5cd398_FUN_2c5cd398
0x2c5cd45c,FUN_2c5cd45c,28,12,1,2c5cd45c_FUN_2c5cd45c
0x2c5cd480,FUN_2c5cd480,16,5,1,2c5cd480_FUN_2c5cd480
0x2c5cd494,FUN_2c5cd494,38,14,1,2c5cd494_FUN_2c5cd494
0x2c5cd62c,FUN_2c5cd62c,102,41,1,2c5cd62c_FUN_2c5cd62c
0x2c5cd69c,FUN_2c5cd69c,22,10,1,2c5cd69c_FUN_2c5cd69c
0x2c5cd754,FUN_2c5cd754,16,6,1,2c5cd754_FUN_2c5cd754
0x2c5cd87c,FUN_2c5cd87c,116,50,1,2c5cd87c_FUN_2c5cd87c
0x2c5cda48,FUN_2c5cda48,186,68,1,2c5cda48_FUN_2c5cda48
0x2c5cdb04,FUN_2c5cdb04,160,64,1,2c5cdb04_FUN_2c5cdb04
0x2c5cdb48,FUN_2c5cdb48,34,14,1,2c5cdb48_FUN_2c5cdb48
0x2c5cdbd0,FUN_2c5cdbd0,72,19,1,2c5cdbd0_FUN_2c5cdbd0
0x2c5cdc20,FUN_2c5cdc20,398,156,1,2c5cdc20_FUN_2c5cdc20
0x2c5cdde8,FUN_2c5cdde8,226,83,1,2c5cdde8_FUN_2c5cdde8
0x2c5cdee0,FUN_2c5cdee0,42,17,1,2c5cdee0_FUN_2c5cdee0
0x2c5cdfe8,FUN_2c5cdfe8,40,16,1,2c5cdfe8_FUN_2c5cdfe8
0x2c5ce074,FUN_2c5ce074,66,28,1,2c5ce074_FUN_2c5ce074
0x2c5ce0b8,FUN_2c5ce0b8,30,13,1,2c5ce0b8_FUN_2c5ce0b8
0x2c5ce0e8,FUN_2c5ce0e8,132,45,1,2c5ce0e8_FUN_2c5ce0e8
0x2c5ce264,FUN_2c5ce264,124,56,1,2c5ce264_FUN_2c5ce264
0x2c5ce2fc,FUN_2c5ce2fc,80,32,1,2c5ce2fc_FUN_2c5ce2fc
0x2c5ce3c4,FUN_2c5ce3c4,36,15,1,2c5ce3c4_FUN_2c5ce3c4
0x2c5ce480,FUN_2c5ce480,16,6,1,2c5ce480_FUN_2c5ce480
0x2c5ce494,FUN_2c5ce494,64,26,1,2c5ce494_FUN_2c5ce494
0x2c5ce54c,FUN_2c5ce54c,94,38,1,2c5ce54c_FUN_2c5ce54c
0x2c5ce614,FUN_2c5ce614,96,38,1,2c5ce614_FUN_2c5ce614
0x2c5ce844,FUN_2c5ce844,22,10,1,2c5ce844_FUN_2c5ce844
0x2c5ce8a0,FUN_2c5ce8a0,22,10,1,2c5ce8a0_FUN_2c5ce8a0
0x2c5ce8fc,FUN_2c5ce8fc,198,82,1,2c5ce8fc_FUN_2c5ce8fc
0x2c5ce9d4,FUN_2c5ce9d4,110,47,1,2c5ce9d4_FUN_2c5ce9d4
0x2c5cea44,FUN_2c5cea44,108,46,1,2c5cea44_FUN_2c5cea44
0x2c5ceabc,FUN_2c5ceabc,108,46,1,2c5ceabc_FUN_2c5ceabc
0x2c5ceb3a,FUN_2c5ceb3a,16,5,1,2c5ceb3a_FUN_2c5ceb3a
0x2c5ceb52,FUN_2c5ceb52,100,40,1,2c5ceb52_FUN_2c5ceb52
0x2c5cebc8,FUN_2c5cebc8,74,33,1,2c5cebc8_FUN_2c5cebc8
0x2c5cec20,FUN_2c5cec20,90,34,1,2c5cec20_FUN_2c5cec20
0x2c5cec88,FUN_2c5cec88,140,51,1,2c5cec88_FUN_2c5cec88
0x2c5ced44,FUN_2c5ced44,296,109,1,2c5ced44_FUN_2c5ced44
0x2c5cee88,FUN_2c5cee88,150,55,1,2c5cee88_FUN_2c5cee88
0x2c5cefd8,FUN_2c5cefd8,30,13,1,2c5cefd8_FUN_2c5cefd8
0x2c5cf0d6,FUN_2c5cf0d6,100,40,1,2c5cf0d6_FUN_2c5cf0d6
0x2c5cf150,FUN_2c5cf150,168,68,1,2c5cf150_FUN_2c5cf150
0x2c5cf230,FUN_2c5cf230,148,54,1,2c5cf230_FUN_2c5cf230
0x2c5cf3e0,FUN_2c5cf3e0,24,10,1,2c5cf3e0_FUN_2c5cf3e0
0x2c5cf4a4,FUN_2c5cf4a4,98,36,1,2c5cf4a4_FUN_2c5cf4a4
0x2c5cf50c,FUN_2c5cf50c,190,73,1,2c5cf50c_FUN_2c5cf50c
0x2c5cf5d8,FUN_2c5cf5d8,190,73,1,2c5cf5d8_FUN_2c5cf5d8
0x2c5cf6a4,FUN_2c5cf6a4,190,73,1,2c5cf6a4_FUN_2c5cf6a4
0x2c5cf770,FUN_2c5cf770,38,16,1,2c5cf770_FUN_2c5cf770
0x2c5cfd14,FUN_2c5cfd14,6,3,1,2c5cfd14_FUN_2c5cfd14
0x2c5cfd1c,FUN_2c5cfd1c,110,43,1,2c5cfd1c_FUN_2c5cfd1c
0x2c5cfd9c,FUN_2c5cfd9c,76,25,1,2c5cfd9c_FUN_2c5cfd9c
0x2c5cfde8,FUN_2c5cfde8,68,27,1,2c5cfde8_FUN_2c5cfde8
0x2c5cfe2c,FUN_2c5cfe2c,96,38,1,2c5cfe2c_FUN_2c5cfe2c
0x2c5cfeb4,FUN_2c5cfeb4,66,24,1,2c5cfeb4_FUN_2c5cfeb4
0x2c5cfefc,FUN_2c5cfefc,2,1,1,2c5cfefc_FUN_2c5cfefc
0x2c5cff00,FUN_2c5cff00,116,45,1,2c5cff00_FUN_2c5cff00
0x2c5cff80,FUN_2c5cff80,2,1,1,2c5cff80_FUN_2c5cff80
0x2c5cffc8,FUN_2c5cffc8,24,11,1,2c5cffc8_FUN_2c5cffc8
0x2c5cffe0,FUN_2c5cffe0,70,28,1,2c5cffe0_FUN_2c5cffe0
0x2c5d0058,FUN_2c5d0058,24,10,1,2c5d0058_FUN_2c5d0058
0x2c5d00b0,FUN_2c5d00b0,118,40,1,2c5d00b0_FUN_2c5d00b0
0x2c5d0128,FUN_2c5d0128,118,40,1,2c5d0128_FUN_2c5d0128
0x2c5d01a0,FUN_2c5d01a0,42,16,1,2c5d01a0_FUN_2c5d01a0
0x2c5d0248,FUN_2c5d0248,208,76,1,2c5d0248_FUN_2c5d0248
0x2c5d032c,FUN_2c5d032c,88,37,1,2c5d032c_FUN_2c5d032c
0x2c5d0388,FUN_2c5d0388,102,41,1,2c5d0388_FUN_2c5d0388
0x2c5d03f8,FUN_2c5d03f8,294,114,1,2c5d03f8_FUN_2c5d03f8
0x2c5d0520,FUN_2c5d0520,30,11,1,2c5d0520_FUN_2c5d0520
0x2c5d0540,FUN_2c5d0540,54,21,1,2c5d0540_FUN_2c5d0540
0x2c5d063c,FUN_2c5d063c,16,6,1,2c5d063c_FUN_2c5d063c
0x2c5d0750,FUN_2c5d0750,342,118,1,2c5d0750_FUN_2c5d0750
0x2c5d08ac,FUN_2c5d08ac,70,25,1,2c5d08ac_FUN_2c5d08ac
0x2c5d0a34,FUN_2c5d0a34,46,17,1,2c5d0a34_FUN_2c5d0a34
0x2c5d0b18,FUN_2c5d0b18,26,10,1,2c5d0b18_FUN_2c5d0b18
0x2c5d0cb0,FUN_2c5d0cb0,24,10,1,2c5d0cb0_FUN_2c5d0cb0
0x2c5d0d64,FUN_2c5d0d64,68,24,1,2c5d0d64_FUN_2c5d0d64
0x2c5d0e08,FUN_2c5d0e08,136,53,1,2c5d0e08_FUN_2c5d0e08
0x2c5d0eac,FUN_2c5d0eac,140,55,1,2c5d0eac_FUN_2c5d0eac
0x2c5d0f56,FUN_2c5d0f56,76,30,1,2c5d0f56_FUN_2c5d0f56
0x2c5d0fa4,FUN_2c5d0fa4,36,14,1,2c5d0fa4_FUN_2c5d0fa4
0x2c5d0ff8,FUN_2c5d0ff8,198,78,1,2c5d0ff8_FUN_2c5d0ff8
0x2c5d107a,FUN_2c5d107a,236,92,1,2c5d107a_FUN_2c5d107a
0x2c5d1168,FUN_2c5d1168,60,23,1,2c5d1168_FUN_2c5d1168
0x2c5d11a4,FUN_2c5d11a4,64,25,1,2c5d11a4_FUN_2c5d11a4
0x2c5d1260,FUN_2c5d1260,28,12,1,2c5d1260_FUN_2c5d1260
0x2c5d12f8,FUN_2c5d12f8,406,170,1,2c5d12f8_FUN_2c5d12f8
0x2c5d14dc,FUN_2c5d14dc,98,39,1,2c5d14dc_FUN_2c5d14dc
0x2c5d1550,FUN_2c5d1550,26,11,1,2c5d1550_FUN_2c5d1550
0x2c5d1688,FUN_2c5d1688,208,73,1,2c5d1688_FUN_2c5d1688
0x2c5d170c,FUN_2c5d170c,28,12,1,2c5d170c_FUN_2c5d170c
0x2c5d17cc,FUN_2c5d17cc,56,22,1,2c5d17cc_FUN_2c5d17cc
0x2c5d1804,FUN_2c5d1804,280,112,1,2c5d1804_FUN_2c5d1804
0x2c5d1948,FUN_2c5d1948,388,150,1,2c5d1948_FUN_2c5d1948
0x2c5d1b20,FUN_2c5d1b20,24,10,1,2c5d1b20_FUN_2c5d1b20
0x2c5d1bf0,FUN_2c5d1bf0,190,73,1,2c5d1bf0_FUN_2c5d1bf0
0x2c5d1cbc,FUN_2c5d1cbc,174,66,1,2c5d1cbc_FUN_2c5d1cbc
0x2c5d1d80,FUN_2c5d1d80,32,14,1,2c5d1d80_FUN_2c5d1d80
0x2c5d20d0,FUN_2c5d20d0,96,43,1,2c5d20d0_FUN_2c5d20d0
0x2c5d2130,FUN_2c5d2130,118,47,1,2c5d2130_FUN_2c5d2130
0x2c5d21b0,FUN_2c5d21b0,164,64,1,2c5d21b0_FUN_2c5d21b0
0x2c5d2270,FUN_2c5d2270,24,10,1,2c5d2270_FUN_2c5d2270
0x2c5d2328,FUN_2c5d2328,24,11,1,2c5d2328_FUN_2c5d2328
0x2c5d2a1c,FUN_2c5d2a1c,26,10,1,2c5d2a1c_FUN_2c5d2a1c
0x2c5d2a68,FUN_2c5d2a68,34,12,1,2c5d2a68_FUN_2c5d2a68
0x2c5d2a8c,FUN_2c5d2a8c,92,33,1,2c5d2a8c_FUN_2c5d2a8c
0x2c5d2af4,FUN_2c5d2af4,58,21,1,2c5d2af4_FUN_2c5d2af4
0x2c5d2b0c,FUN_2c5d2b0c,40,15,1,2c5d2b0c_FUN_2c5d2b0c
0x2c5d2b38,FUN_2c5d2b38,48,18,1,2c5d2b38_FUN_2c5d2b38
0x2c5d2b68,FUN_2c5d2b68,76,30,1,2c5d2b68_FUN_2c5d2b68
0x2c5d2bb8,FUN_2c5d2bb8,266,96,1,2c5d2bb8_FUN_2c5d2bb8
0x2c5d2cd8,FUN_2c5d2cd8,30,11,1,2c5d2cd8_FUN_2c5d2cd8
0x2c5d2cec,FUN_2c5d2cec,32,9,1,2c5d2cec_FUN_2c5d2cec
0x2c5d2d0e,FUN_2c5d2d0e,28,10,1,2c5d2d0e_FUN_2c5d2d0e
0x2c5d2df4,FUN_2c5d2df4,324,118,1,2c5d2df4_FUN_2c5d2df4
0x2c5d2f40,FUN_2c5d2f40,64,24,1,2c5d2f40_FUN_2c5d2f40
0x2c5d3040,FUN_2c5d3040,430,161,1,2c5d3040_FUN_2c5d3040
0x2c5d31fe,FUN_2c5d31fe,22,9,1,2c5d31fe_FUN_2c5d31fe
0x2c5d3260,FUN_2c5d3260,318,121,1,2c5d3260_FUN_2c5d3260
0x2c5d33ac,FUN_2c5d33ac,222,84,1,2c5d33ac_FUN_2c5d33ac
0x2c5d3494,FUN_2c5d3494,118,47,1,2c5d3494_FUN_2c5d3494
0x2c5d3510,FUN_2c5d3510,38,14,1,2c5d3510_FUN_2c5d3510
0x2c5d3538,FUN_2c5d3538,48,17,1,2c5d3538_FUN_2c5d3538
0x2c5d3580,FUN_2c5d3580,234,89,1,2c5d3580_FUN_2c5d3580
0x2c5d3670,FUN_2c5d3670,108,42,1,2c5d3670_FUN_2c5d3670
0x2c5d3838,FUN_2c5d3838,48,19,1,2c5d3838_FUN_2c5d3838
0x2c5d38dc,FUN_2c5d38dc,42,15,1,2c5d38dc_FUN_2c5d38dc
0x2c5d3908,FUN_2c5d3908,134,52,1,2c5d3908_FUN_2c5d3908
0x2c5d3990,FUN_2c5d3990,132,50,1,2c5d3990_FUN_2c5d3990
0x2c5d3a14,FUN_2c5d3a14,228,87,1,2c5d3a14_FUN_2c5d3a14
0x2c5d3b14,FUN_2c5d3b14,100,40,1,2c5d3b14_FUN_2c5d3b14
0x2c5d3bc0,FUN_2c5d3bc0,24,10,1,2c5d3bc0_FUN_2c5d3bc0
0x2c5d3c08,FUN_2c5d3c08,116,43,1,2c5d3c08_FUN_2c5d3c08
0x2c5d3d24,FUN_2c5d3d24,338,129,1,2c5d3d24_FUN_2c5d3d24
0x2c5d3e90,FUN_2c5d3e90,28,12,1,2c5d3e90_FUN_2c5d3e90
0x2c5d3f50,FUN_2c5d3f50,100,34,1,2c5d3f50_FUN_2c5d3f50
0x2c5d3fbc,FUN_2c5d3fbc,98,36,1,2c5d3fbc_FUN_2c5d3fbc
0x2c5d400c,FUN_2c5d400c,28,13,1,2c5d400c_FUN_2c5d400c
0x2c5d40b4,FUN_2c5d40b4,178,67,1,2c5d40b4_FUN_2c5d40b4
0x2c5d4180,FUN_2c5d4180,196,71,1,2c5d4180_FUN_2c5d4180
0x2c5d4250,FUN_2c5d4250,26,11,1,2c5d4250_FUN_2c5d4250
0x2c5d42f4,FUN_2c5d42f4,140,52,1,2c5d42f4_FUN_2c5d42f4
0x2c5d4394,FUN_2c5d4394,26,12,1,2c5d4394_FUN_2c5d4394
0x2c5d4470,FUN_2c5d4470,46,19,1,2c5d4470_FUN_2c5d4470
0x2c5d44a8,FUN_2c5d44a8,24,9,1,2c5d44a8_FUN_2c5d44a8
0x2c5d44e4,FUN_2c5d44e4,198,64,1,2c5d44e4_FUN_2c5d44e4
0x2c5d45b4,FUN_2c5d45b4,40,17,1,2c5d45b4_FUN_2c5d45b4
0x2c5d47c8,FUN_2c5d47c8,76,26,1,2c5d47c8_FUN_2c5d47c8
0x2c5d4824,FUN_2c5d4824,204,68,1,2c5d4824_FUN_2c5d4824
0x2c5d4938,FUN_2c5d4938,90,30,1,2c5d4938_FUN_2c5d4938
0x2c5d4974,FUN_2c5d4974,32,10,1,2c5d4974_FUN_2c5d4974
0x2c5d4998,FUN_2c5d4998,18,5,1,2c5d4998_FUN_2c5d4998
0x2c5d49bc,FUN_2c5d49bc,36,15,1,2c5d49bc_FUN_2c5d49bc
0x2c5d49fc,FUN_2c5d49fc,102,38,1,2c5d49fc_FUN_2c5d49fc
0x2c5d4cd8,FUN_2c5d4cd8,24,10,1,2c5d4cd8_FUN_2c5d4cd8
0x2c5d4d50,FUN_2c5d4d50,8,2,1,2c5d4d50_FUN_2c5d4d50
0x2c5d4d60,FUN_2c5d4d60,1114,449,1,2c5d4d60_FUN_2c5d4d60
0x2c5d4d90,FUN_2c5d4d90,32,13,1,2c5d4d90_FUN_2c5d4d90
0x2c5d5104,FUN_2c5d5104,22,7,1,2c5d5104_FUN_2c5d5104
0x2c5d511c,FUN_2c5d511c,22,10,1,2c5d511c_FUN_2c5d511c
0x2c5d51e4,FUN_2c5d51e4,34,14,1,2c5d51e4_FUN_2c5d51e4
0x2c5d55d4,FUN_2c5d55d4,38,14,1,2c5d55d4_FUN_2c5d55d4
0x2c5d5600,FUN_2c5d5600,60,24,1,2c5d5600_FUN_2c5d5600
0x2c5d5644,FUN_2c5d5644,24,10,1,2c5d5644_FUN_2c5d5644
0x2c5d56a4,FUN_2c5d56a4,54,23,1,2c5d56a4_FUN_2c5d56a4
0x2c5d574c,FUN_2c5d574c,56,22,1,2c5d574c_FUN_2c5d574c
0x2c5d57ac,FUN_2c5d57ac,40,16,1,2c5d57ac_FUN_2c5d57ac
0x2c5d58a4,FUN_2c5d58a4,106,41,1,2c5d58a4_FUN_2c5d58a4
0x2c5d5910,FUN_2c5d5910,940,361,1,2c5d5910_FUN_2c5d5910
0x2c5d5ccc,FUN_2c5d5ccc,2,1,1,2c5d5ccc_FUN_2c5d5ccc
0x2c5d5cd0,FUN_2c5d5cd0,18,8,1,2c5d5cd0_FUN_2c5d5cd0
0x2c5d5ce4,FUN_2c5d5ce4,124,56,1,2c5d5ce4_FUN_2c5d5ce4
0x2c5d5e0c,FUN_2c5d5e0c,176,67,1,2c5d5e0c_FUN_2c5d5e0c
0x2c5d62f0,FUN_2c5d62f0,20,8,1,2c5d62f0_FUN_2c5d62f0
0x2c5d648c,FUN_2c5d648c,122,51,1,2c5d648c_FUN_2c5d648c
0x2c5d6530,FUN_2c5d6530,122,51,1,2c5d6530_FUN_2c5d6530
0x2c5d65e8,FUN_2c5d65e8,18,6,1,2c5d65e8_FUN_2c5d65e8
0x2c5d6604,thunk_FUN_2c63b6c8,4,1,1,2c5d6604_thunk_FUN_2c63b6c8
0x2c5d6618,FUN_2c5d6618,44,12,1,2c5d6618_FUN_2c5d6618
0x2c5d665e,FUN_2c5d665e,50,21,1,2c5d665e_FUN_2c5d665e
0x2c5d6754,FUN_2c5d6754,142,58,1,2c5d6754_FUN_2c5d6754
0x2c5d6800,FUN_2c5d6800,48,21,1,2c5d6800_FUN_2c5d6800
0x2c5d6840,FUN_2c5d6840,60,27,1,2c5d6840_FUN_2c5d6840
0x2c5d688c,FUN_2c5d688c,60,27,1,2c5d688c_FUN_2c5d688c
0x2c5d68d8,FUN_2c5d68d8,8,3,1,2c5d68d8_FUN_2c5d68d8
0x2c5d68e0,thunk_FUN_2c48a2b8,4,1,1,2c5d68e0_thunk_FUN_2c48a2b8
0x2c5d68ec,thunk_FUN_2c63c6d4,4,1,1,2c5d68ec_thunk_FUN_2c63c6d4
0x2c5d6924,FUN_2c5d6924,74,30,1,2c5d6924_FUN_2c5d6924
0x2c5d6974,FUN_2c5d6974,106,41,1,2c5d6974_FUN_2c5d6974
0x2c5d69ec,FUN_2c5d69ec,126,45,1,2c5d69ec_FUN_2c5d69ec
0x2c5d6a74,FUN_2c5d6a74,32,14,1,2c5d6a74_FUN_2c5d6a74
0x2c5d6a94,FUN_2c5d6a94,398,146,1,2c5d6a94_FUN_2c5d6a94
0x2c5d6aac,FUN_2c5d6aac,104,41,1,2c5d6aac_FUN_2c5d6aac
0x2c5d6b10,FUN_2c5d6b10,102,41,1,2c5d6b10_FUN_2c5d6b10
0x2c5d71d0,FUN_2c5d71d0,38,16,1,2c5d71d0_FUN_2c5d71d0
0x2c5d7244,FUN_2c5d7244,52,17,1,2c5d7244_FUN_2c5d7244
0x2c5d73dc,FUN_2c5d73dc,398,156,1,2c5d73dc_FUN_2c5d73dc
0x2c5d7694,FUN_2c5d7694,1254,486,1,2c5d7694_FUN_2c5d7694
0x2c5d76fc,FUN_2c5d76fc,56,24,1,2c5d76fc_FUN_2c5d76fc
0x2c5d774c,FUN_2c5d774c,56,24,1,2c5d774c_FUN_2c5d774c
0x2c5d779c,FUN_2c5d779c,102,41,1,2c5d779c_FUN_2c5d779c
0x2c5d780c,FUN_2c5d780c,40,18,1,2c5d780c_FUN_2c5d780c
0x2c5d7834,FUN_2c5d7834,86,32,1,2c5d7834_FUN_2c5d7834
0x2c5d7898,FUN_2c5d7898,66,27,1,2c5d7898_FUN_2c5d7898
0x2c5d78f0,FUN_2c5d78f0,4,2,1,2c5d78f0_FUN_2c5d78f0
0x2c5d7934,FUN_2c5d7934,174,67,1,2c5d7934_FUN_2c5d7934
0x2c5d7cfc,FUN_2c5d7cfc,94,40,1,2c5d7cfc_FUN_2c5d7cfc
0x2c5d7e20,FUN_2c5d7e20,190,73,1,2c5d7e20_FUN_2c5d7e20
0x2c5d7eec,FUN_2c5d7eec,336,133,1,2c5d7eec_FUN_2c5d7eec
0x2c5d8088,FUN_2c5d8088,48,18,1,2c5d8088_FUN_2c5d8088
0x2c5d80bc,FUN_2c5d80bc,46,18,1,2c5d80bc_FUN_2c5d80bc
0x2c5d80ec,FUN_2c5d80ec,58,21,1,2c5d80ec_FUN_2c5d80ec
0x2c5d812c,FUN_2c5d812c,42,16,1,2c5d812c_FUN_2c5d812c
0x2c5d8160,FUN_2c5d8160,66,24,1,2c5d8160_FUN_2c5d8160
0x2c5d81a8,FUN_2c5d81a8,206,80,1,2c5d81a8_FUN_2c5d81a8
0x2c5d828c,FUN_2c5d828c,126,49,1,2c5d828c_FUN_2c5d828c
0x2c5d8310,FUN_2c5d8310,52,19,1,2c5d8310_FUN_2c5d8310
0x2c5d8344,FUN_2c5d8344,102,41,1,2c5d8344_FUN_2c5d8344
0x2c5d83b4,FUN_2c5d83b4,114,50,1,2c5d83b4_FUN_2c5d83b4
0x2c5d8430,FUN_2c5d8430,90,35,1,2c5d8430_FUN_2c5d8430
0x2c5d8490,FUN_2c5d8490,4,2,1,2c5d8490_FUN_2c5d8490
0x2c5d8494,FUN_2c5d8494,102,36,1,2c5d8494_FUN_2c5d8494
0x2c5d8500,FUN_2c5d8500,146,56,1,2c5d8500_FUN_2c5d8500
0x2c5d86a4,FUN_2c5d86a4,156,59,1,2c5d86a4_FUN_2c5d86a4
0x2c5d8810,FUN_2c5d8810,62,23,1,2c5d8810_FUN_2c5d8810
0x2c5d8850,FUN_2c5d8850,208,84,1,2c5d8850_FUN_2c5d8850
0x2c5d8938,FUN_2c5d8938,46,19,1,2c5d8938_FUN_2c5d8938
0x2c5d898c,FUN_2c5d898c,106,35,1,2c5d898c_FUN_2c5d898c
0x2c5d8a20,FUN_2c5d8a20,312,116,1,2c5d8a20_FUN_2c5d8a20
0x2c5d8bd4,FUN_2c5d8bd4,4,2,1,2c5d8bd4_FUN_2c5d8bd4
0x2c5d8bd8,FUN_2c5d8bd8,4,2,1,2c5d8bd8_FUN_2c5d8bd8
0x2c5d8bdc,FUN_2c5d8bdc,4,2,1,2c5d8bdc_FUN_2c5d8bdc
0x2c5d8be0,FUN_2c5d8be0,40,19,1,2c5d8be0_FUN_2c5d8be0
0x2c5d8c2c,FUN_2c5d8c2c,190,73,1,2c5d8c2c_FUN_2c5d8c2c
0x2c5d8cf8,FUN_2c5d8cf8,126,52,1,2c5d8cf8_FUN_2c5d8cf8
0x2c5d8d84,FUN_2c5d8d84,398,149,1,2c5d8d84_FUN_2c5d8d84
0x2c5d8f2c,FUN_2c5d8f2c,268,105,1,2c5d8f2c_FUN_2c5d8f2c
0x2c5d904c,FUN_2c5d904c,304,118,1,2c5d904c_FUN_2c5d904c
0x2c5d9190,FUN_2c5d9190,380,144,1,2c5d9190_FUN_2c5d9190
0x2c5d931c,FUN_2c5d931c,432,166,1,2c5d931c_FUN_2c5d931c
0x2c5d94e8,FUN_2c5d94e8,520,196,1,2c5d94e8_FUN_2c5d94e8
0x2c5d9708,FUN_2c5d9708,620,236,1,2c5d9708_FUN_2c5d9708
0x2c5d9990,FUN_2c5d9990,714,273,1,2c5d9990_FUN_2c5d9990
0x2c5d9c78,FUN_2c5d9c78,418,174,1,2c5d9c78_FUN_2c5d9c78
0x2c5d9e50,FUN_2c5d9e50,398,156,1,2c5d9e50_FUN_2c5d9e50
0x2c5d9fe4,FUN_2c5d9fe4,132,57,1,2c5d9fe4_FUN_2c5d9fe4
0x2c5da070,FUN_2c5da070,378,163,1,2c5da070_FUN_2c5da070
0x2c5da1fc,FUN_2c5da1fc,42,16,1,2c5da1fc_FUN_2c5da1fc
0x2c5da228,FUN_2c5da228,102,41,1,2c5da228_FUN_2c5da228
0x2c5da298,FUN_2c5da298,96,37,1,2c5da298_FUN_2c5da298
0x2c5da2f8,FUN_2c5da2f8,254,93,1,2c5da2f8_FUN_2c5da2f8
0x2c5da3f8,FUN_2c5da3f8,420,154,1,2c5da3f8_FUN_2c5da3f8
0x2c5da60c,FUN_2c5da60c,94,34,1,2c5da60c_FUN_2c5da60c
0x2c5da66c,FUN_2c5da66c,58,23,1,2c5da66c_FUN_2c5da66c
0x2c5da6a8,FUN_2c5da6a8,28,12,1,2c5da6a8_FUN_2c5da6a8
0x2c5da6e8,FUN_2c5da6e8,226,93,1,2c5da6e8_FUN_2c5da6e8
0x2c5da7cc,FUN_2c5da7cc,164,69,1,2c5da7cc_FUN_2c5da7cc
0x2c5da870,FUN_2c5da870,22,8,1,2c5da870_FUN_2c5da870
0x2c5da888,FUN_2c5da888,22,8,1,2c5da888_FUN_2c5da888
0x2c5da8a4,FUN_2c5da8a4,66,26,1,2c5da8a4_FUN_2c5da8a4
0x2c5da928,FUN_2c5da928,72,31,1,2c5da928_FUN_2c5da928
0x2c5da970,FUN_2c5da970,70,27,1,2c5da970_FUN_2c5da970
0x2c5da9b8,FUN_2c5da9b8,46,19,1,2c5da9b8_FUN_2c5da9b8
0x2c5da9e8,FUN_2c5da9e8,60,22,1,2c5da9e8_FUN_2c5da9e8
0x2c5daa20,FUN_2c5daa20,176,73,1,2c5daa20_FUN_2c5daa20
0x2c5daad0,FUN_2c5daad0,64,23,1,2c5daad0_FUN_2c5daad0
0x2c5dab10,FUN_2c5dab10,234,88,1,2c5dab10_FUN_2c5dab10
0x2c5dac08,FUN_2c5dac08,164,65,1,2c5dac08_FUN_2c5dac08
0x2c5dacc4,FUN_2c5dacc4,66,27,1,2c5dacc4_FUN_2c5dacc4
0x2c5dad30,FUN_2c5dad30,34,12,1,2c5dad30_FUN_2c5dad30
0x2c5dad54,FUN_2c5dad54,626,218,1,2c5dad54_FUN_2c5dad54
0x2c5dafe8,FUN_2c5dafe8,258,98,1,2c5dafe8_FUN_2c5dafe8
0x2c5db0f4,FUN_2c5db0f4,190,73,1,2c5db0f4_FUN_2c5db0f4
0x2c5db1c0,FUN_2c5db1c0,68,29,1,2c5db1c0_FUN_2c5db1c0
0x2c5db5e4,FUN_2c5db5e4,986,366,1,2c5db5e4_FUN_2c5db5e4
0x2c5db634,FUN_2c5db634,146,60,1,2c5db634_FUN_2c5db634
0x2c5db774,FUN_2c5db774,34,14,1,2c5db774_FUN_2c5db774
0x2c5db9a0,FUN_2c5db9a0,24,10,1,2c5db9a0_FUN_2c5db9a0
0x2c5db9dc,FUN_2c5db9dc,460,171,1,2c5db9dc_FUN_2c5db9dc
0x2c5dbda8,FUN_2c5dbda8,212,79,1,2c5dbda8_FUN_2c5dbda8
0x2c5dbedc,FUN_2c5dbedc,532,214,1,2c5dbedc_FUN_2c5dbedc
0x2c5dc134,FUN_2c5dc134,204,80,1,2c5dc134_FUN_2c5dc134
0x2c5dc240,FUN_2c5dc240,168,66,1,2c5dc240_FUN_2c5dc240
0x2c5dc51c,FUN_2c5dc51c,550,201,1,2c5dc51c_FUN_2c5dc51c
0x2c5dc53c,FUN_2c5dc53c,132,55,1,2c5dc53c_FUN_2c5dc53c
0x2c5dc5e0,FUN_2c5dc5e0,154,66,1,2c5dc5e0_FUN_2c5dc5e0
0x2c5dc6f8,FUN_2c5dc6f8,64,26,1,2c5dc6f8_FUN_2c5dc6f8
0x2c5dc748,FUN_2c5dc748,124,53,1,2c5dc748_FUN_2c5dc748
0x2c5dc800,FUN_2c5dc800,2,1,1,2c5dc800_FUN_2c5dc800
0x2c5dc804,FUN_2c5dc804,14,6,1,2c5dc804_FUN_2c5dc804
0x2c5dc814,FUN_2c5dc814,18,8,1,2c5dc814_FUN_2c5dc814
0x2c5dc828,FUN_2c5dc828,198,89,1,2c5dc828_FUN_2c5dc828
0x2c5dc8f0,FUN_2c5dc8f0,6,3,1,2c5dc8f0_FUN_2c5dc8f0
0x2c5dc8fc,FUN_2c5dc8fc,190,73,1,2c5dc8fc_FUN_2c5dc8fc
0x2c5dc9c8,FUN_2c5dc9c8,166,67,1,2c5dc9c8_FUN_2c5dc9c8
0x2c5dca80,FUN_2c5dca80,44,19,1,2c5dca80_FUN_2c5dca80
0x2c5dcaae,FUN_2c5dcaae,44,21,1,2c5dcaae_FUN_2c5dcaae
0x2c5dcadc,FUN_2c5dcadc,26,11,1,2c5dcadc_FUN_2c5dcadc
0x2c5dcb80,FUN_2c5dcb80,64,28,1,2c5dcb80_FUN_2c5dcb80
0x2c5dcc1c,FUN_2c5dcc1c,124,56,1,2c5dcc1c_FUN_2c5dcc1c
0x2c5dcca4,FUN_2c5dcca4,52,21,1,2c5dcca4_FUN_2c5dcca4
0x2c5dccec,FUN_2c5dccec,18,8,1,2c5dccec_FUN_2c5dccec
0x2c5dcd00,FUN_2c5dcd00,56,21,1,2c5dcd00_FUN_2c5dcd00
0x2c5dcd3c,FUN_2c5dcd3c,224,88,1,2c5dcd3c_FUN_2c5dcd3c
0x2c5dce38,FUN_2c5dce38,120,49,1,2c5dce38_FUN_2c5dce38
0x2c5dceb4,FUN_2c5dceb4,22,10,1,2c5dceb4_FUN_2c5dceb4
0x2c5dcef8,FUN_2c5dcef8,26,12,1,2c5dcef8_FUN_2c5dcef8
0x2c5dcf36,FUN_2c5dcf36,32,13,1,2c5dcf36_FUN_2c5dcf36
0x2c5dcf6c,FUN_2c5dcf6c,146,56,1,2c5dcf6c_FUN_2c5dcf6c
0x2c5dd008,FUN_2c5dd008,504,199,1,2c5dd008_FUN_2c5dd008
0x2c5dd258,FUN_2c5dd258,14,6,1,2c5dd258_FUN_2c5dd258
0x2c5dd26c,FUN_2c5dd26c,106,40,1,2c5dd26c_FUN_2c5dd26c
0x2c5dd304,FUN_2c5dd304,40,16,1,2c5dd304_FUN_2c5dd304
0x2c5dd32c,FUN_2c5dd32c,12,6,1,2c5dd32c_FUN_2c5dd32c
0x2c5dd33c,FUN_2c5dd33c,70,26,1,2c5dd33c_FUN_2c5dd33c
0x2c5dd5b4,FUN_2c5dd5b4,70,26,1,2c5dd5b4_FUN_2c5dd5b4
0x2c5dd7f8,FUN_2c5dd7f8,70,26,1,2c5dd7f8_FUN_2c5dd7f8
0x2c5dda50,FUN_2c5dda50,190,73,1,2c5dda50_FUN_2c5dda50
0x2c5ddb1c,FUN_2c5ddb1c,80,34,1,2c5ddb1c_FUN_2c5ddb1c
0x2c5ddc98,FUN_2c5ddc98,178,63,1,2c5ddc98_FUN_2c5ddc98
0x2c5ddd50,FUN_2c5ddd50,46,18,1,2c5ddd50_FUN_2c5ddd50
0x2c5ddfa0,FUN_2c5ddfa0,82,31,1,2c5ddfa0_FUN_2c5ddfa0
0x2c5ddff8,FUN_2c5ddff8,256,100,1,2c5ddff8_FUN_2c5ddff8
0x2c5de120,FUN_2c5de120,26,11,1,2c5de120_FUN_2c5de120
0x2c5de330,FUN_2c5de330,330,119,1,2c5de330_FUN_2c5de330
0x2c5de488,FUN_2c5de488,318,128,1,2c5de488_FUN_2c5de488
0x2c5de628,FUN_2c5de628,80,28,1,2c5de628_FUN_2c5de628
0x2c5de678,FUN_2c5de678,116,44,1,2c5de678_FUN_2c5de678
0x2c5de6f0,FUN_2c5de6f0,26,10,1,2c5de6f0_FUN_2c5de6f0
0x2c5de7b0,FUN_2c5de7b0,240,97,1,2c5de7b0_FUN_2c5de7b0
0x2c5de958,FUN_2c5de958,130,55,1,2c5de958_FUN_2c5de958
0x2c5ded34,FUN_2c5ded34,20,9,1,2c5ded34_FUN_2c5ded34
0x2c5ded58,FUN_2c5ded58,20,9,1,2c5ded58_FUN_2c5ded58
0x2c5ded7c,FUN_2c5ded7c,20,9,1,2c5ded7c_FUN_2c5ded7c
0x2c5deda0,FUN_2c5deda0,20,9,1,2c5deda0_FUN_2c5deda0
0x2c5dedc4,FUN_2c5dedc4,20,9,1,2c5dedc4_FUN_2c5dedc4
0x2c5dede8,FUN_2c5dede8,20,9,1,2c5dede8_FUN_2c5dede8
0x2c5dee0c,FUN_2c5dee0c,20,9,1,2c5dee0c_FUN_2c5dee0c
0x2c5dee30,FUN_2c5dee30,34,16,1,2c5dee30_FUN_2c5dee30
0x2c5dee88,FUN_2c5dee88,32,15,1,2c5dee88_FUN_2c5dee88
0x2c5deebc,FUN_2c5deebc,6,2,1,2c5deebc_FUN_2c5deebc
0x2c5deec4,FUN_2c5deec4,8,3,1,2c5deec4_FUN_2c5deec4
0x2c5deecc,FUN_2c5deecc,32,15,1,2c5deecc_FUN_2c5deecc
0x2c5def00,FUN_2c5def00,4,2,1,2c5def00_FUN_2c5def00
0x2c5def1c,FUN_2c5def1c,32,15,1,2c5def1c_FUN_2c5def1c
0x2c5def3c,FUN_2c5def3c,16,7,1,2c5def3c_FUN_2c5def3c
0x2c5def5c,FUN_2c5def5c,38,17,1,2c5def5c_FUN_2c5def5c
0x2c5df10c,FUN_2c5df10c,28,13,1,2c5df10c_FUN_2c5df10c
0x2c5df160,FUN_2c5df160,28,12,1,2c5df160_FUN_2c5df160
0x2c5df1d4,FUN_2c5df1d4,28,12,1,2c5df1d4_FUN_2c5df1d4
0x2c5df27c,FUN_2c5df27c,38,16,1,2c5df27c_FUN_2c5df27c
0x2c5df4c4,FUN_2c5df4c4,8,3,1,2c5df4c4_FUN_2c5df4c4
0x2c5df4d4,FUN_2c5df4d4,8,3,1,2c5df4d4_FUN_2c5df4d4
0x2c5df4e4,FUN_2c5df4e4,62,21,1,2c5df4e4_FUN_2c5df4e4
0x2c5df528,FUN_2c5df528,62,22,1,2c5df528_FUN_2c5df528
0x2c5df56c,FUN_2c5df56c,62,21,1,2c5df56c_FUN_2c5df56c
0x2c5df5b0,FUN_2c5df5b0,70,26,1,2c5df5b0_FUN_2c5df5b0
0x2c5df5f4,FUN_2c5df5f4,384,147,1,2c5df5f4_FUN_2c5df5f4
0x2c5df894,FUN_2c5df894,134,55,1,2c5df894_FUN_2c5df894
0x2c5df954,FUN_2c5df954,152,56,1,2c5df954_FUN_2c5df954
0x2c5dfa38,FUN_2c5dfa38,76,28,1,2c5dfa38_FUN_2c5dfa38
0x2c5dfac4,FUN_2c5dfac4,54,22,1,2c5dfac4_FUN_2c5dfac4
0x2c5dfbc0,FUN_2c5dfbc0,100,38,1,2c5dfbc0_FUN_2c5dfbc0
0x2c5dfc54,FUN_2c5dfc54,330,133,1,2c5dfc54_FUN_2c5dfc54
0x2c5dfda8,FUN_2c5dfda8,42,16,1,2c5dfda8_FUN_2c5dfda8
0x2c5dfde4,FUN_2c5dfde4,106,42,1,2c5dfde4_FUN_2c5dfde4
0x2c5dfe90,FUN_2c5dfe90,42,16,1,2c5dfe90_FUN_2c5dfe90
0x2c5dff30,FUN_2c5dff30,42,16,1,2c5dff30_FUN_2c5dff30
0x2c5dffd0,FUN_2c5dffd0,342,128,1,2c5dffd0_FUN_2c5dffd0
0x2c5e034c,FUN_2c5e034c,70,28,1,2c5e034c_FUN_2c5e034c
0x2c5e0394,FUN_2c5e0394,16,6,1,2c5e0394_FUN_2c5e0394
0x2c5e03a4,FUN_2c5e03a4,16,6,1,2c5e03a4_FUN_2c5e03a4
0x2c5e03b4,FUN_2c5e03b4,138,56,1,2c5e03b4_FUN_2c5e03b4
0x2c5e0542,FUN_2c5e0542,24,10,1,2c5e0542_FUN_2c5e0542
0x2c5e0570,FUN_2c5e0570,328,135,1,2c5e0570_FUN_2c5e0570
0x2c5e06dc,FUN_2c5e06dc,268,109,1,2c5e06dc_FUN_2c5e06dc
0x2c5e0804,FUN_2c5e0804,364,150,1,2c5e0804_FUN_2c5e0804
0x2c5e099c,FUN_2c5e099c,468,202,1,2c5e099c_FUN_2c5e099c
0x2c5e0b90,FUN_2c5e0b90,64,27,1,2c5e0b90_FUN_2c5e0b90
0x2c5e0bd4,FUN_2c5e0bd4,64,27,1,2c5e0bd4_FUN_2c5e0bd4
0x2c5e0c18,FUN_2c5e0c18,62,26,1,2c5e0c18_FUN_2c5e0c18
0x2c5e0c5c,FUN_2c5e0c5c,8,3,1,2c5e0c5c_FUN_2c5e0c5c
0x2c5e0c64,FUN_2c5e0c64,64,27,1,2c5e0c64_FUN_2c5e0c64
0x2c5e0ca8,FUN_2c5e0ca8,64,27,1,2c5e0ca8_FUN_2c5e0ca8
0x2c5e0cec,FUN_2c5e0cec,10,4,1,2c5e0cec_FUN_2c5e0cec
0x2c5e0cf8,FUN_2c5e0cf8,10,4,1,2c5e0cf8_FUN_2c5e0cf8
0x2c5e0d04,FUN_2c5e0d04,10,4,1,2c5e0d04_FUN_2c5e0d04
0x2c5e0d10,FUN_2c5e0d10,10,4,1,2c5e0d10_FUN_2c5e0d10
0x2c5e0d1c,FUN_2c5e0d1c,24,10,1,2c5e0d1c_FUN_2c5e0d1c
0x2c5e0d94,FUN_2c5e0d94,40,16,1,2c5e0d94_FUN_2c5e0d94
0x2c5e1018,FUN_2c5e1018,104,45,1,2c5e1018_FUN_2c5e1018
0x2c5e1120,FUN_2c5e1120,26,11,1,2c5e1120_FUN_2c5e1120
0x2c5e1150,FUN_2c5e1150,18,6,1,2c5e1150_FUN_2c5e1150
0x2c5e11a4,FUN_2c5e11a4,22,8,1,2c5e11a4_FUN_2c5e11a4
0x2c5e11c0,FUN_2c5e11c0,22,8,1,2c5e11c0_FUN_2c5e11c0
0x2c5e1a40,FUN_2c5e1a40,30,13,1,2c5e1a40_FUN_2c5e1a40
0x2c5e2e4c,FUN_2c5e2e4c,8,3,1,2c5e2e4c_FUN_2c5e2e4c
0x2c5e2e58,FUN_2c5e2e58,8,3,1,2c5e2e58_FUN_2c5e2e58
0x2c5e2e80,FUN_2c5e2e80,8,3,1,2c5e2e80_FUN_2c5e2e80
0x2c5e2e8c,FUN_2c5e2e8c,8,3,1,2c5e2e8c_FUN_2c5e2e8c
0x2c5e2e98,FUN_2c5e2e98,42,16,1,2c5e2e98_FUN_2c5e2e98
0x2c5e2ed4,FUN_2c5e2ed4,34,13,1,2c5e2ed4_FUN_2c5e2ed4
0x2c5e2f60,FUN_2c5e2f60,62,24,1,2c5e2f60_FUN_2c5e2f60
0x2c5e2fbc,FUN_2c5e2fbc,30,13,1,2c5e2fbc_FUN_2c5e2fbc
0x2c5e30a8,FUN_2c5e30a8,42,17,1,2c5e30a8_FUN_2c5e30a8
0x2c5e317c,FUN_2c5e317c,30,12,1,2c5e317c_FUN_2c5e317c
0x2c5e319c,FUN_2c5e319c,22,8,1,2c5e319c_FUN_2c5e319c
0x2c5e31b4,FUN_2c5e31b4,60,25,1,2c5e31b4_FUN_2c5e31b4
0x2c5e31f4,FUN_2c5e31f4,94,38,1,2c5e31f4_FUN_2c5e31f4
0x2c5e325c,FUN_2c5e325c,24,10,1,2c5e325c_FUN_2c5e325c
0x2c5e32bc,registry_pick_table,60,26,1,2c5e32bc_registry_pick_table
0x2c5e33e4,FUN_2c5e33e4,6,3,1,2c5e33e4_FUN_2c5e33e4
0x2c5e33f0,registry_lookup,88,39,1,2c5e33f0_registry_lookup
0x2c5e3450,FUN_2c5e3450,6,2,1,2c5e3450_FUN_2c5e3450
0x2c5e3458,FUN_2c5e3458,6,2,1,2c5e3458_FUN_2c5e3458
0x2c5e3460,FUN_2c5e3460,528,202,1,2c5e3460_FUN_2c5e3460
0x2c5e3680,FUN_2c5e3680,22,8,1,2c5e3680_FUN_2c5e3680
0x2c5e3698,FUN_2c5e3698,52,24,1,2c5e3698_FUN_2c5e3698
0x2c5e36e0,FUN_2c5e36e0,498,191,1,2c5e36e0_FUN_2c5e36e0
0x2c5e38e4,FUN_2c5e38e4,22,8,1,2c5e38e4_FUN_2c5e38e4
0x2c5e38fc,FUN_2c5e38fc,66,30,1,2c5e38fc_FUN_2c5e38fc
0x2c5e3950,FUN_2c5e3950,400,153,1,2c5e3950_FUN_2c5e3950
0x2c5e3af0,FUN_2c5e3af0,22,8,1,2c5e3af0_FUN_2c5e3af0
0x2c5e3b08,FUN_2c5e3b08,48,22,1,2c5e3b08_FUN_2c5e3b08
0x2c5e3b4c,FUN_2c5e3b4c,80,32,1,2c5e3b4c_FUN_2c5e3b4c
0x2c5e3ba4,FUN_2c5e3ba4,18,8,1,2c5e3ba4_FUN_2c5e3ba4
0x2c5e3c38,FUN_2c5e3c38,66,25,1,2c5e3c38_FUN_2c5e3c38
0x2c5e3c98,FUN_2c5e3c98,24,10,1,2c5e3c98_FUN_2c5e3c98
0x2c5e3cbe,FUN_2c5e3cbe,22,8,1,2c5e3cbe_FUN_2c5e3cbe
0x2c5e3cd8,FUN_2c5e3cd8,30,12,1,2c5e3cd8_FUN_2c5e3cd8
0x2c5e3d2c,FUN_2c5e3d2c,164,68,1,2c5e3d2c_FUN_2c5e3d2c
0x2c5e3f10,FUN_2c5e3f10,98,38,1,2c5e3f10_FUN_2c5e3f10
0x2c5e3f8c,FUN_2c5e3f8c,104,42,1,2c5e3f8c_FUN_2c5e3f8c
0x2c5e4008,FUN_2c5e4008,24,10,1,2c5e4008_FUN_2c5e4008
0x2c5e4068,FUN_2c5e4068,68,24,1,2c5e4068_FUN_2c5e4068
0x2c5e40b0,FUN_2c5e40b0,24,10,1,2c5e40b0_FUN_2c5e40b0
0x2c5e40d0,FUN_2c5e40d0,74,30,1,2c5e40d0_FUN_2c5e40d0
0x2c5e4128,FUN_2c5e4128,54,25,1,2c5e4128_FUN_2c5e4128
0x2c5e4198,FUN_2c5e4198,14,5,1,2c5e4198_FUN_2c5e4198
0x2c5e41ac,FUN_2c5e41ac,32,14,1,2c5e41ac_FUN_2c5e41ac
0x2c5e41d4,FUN_2c5e41d4,24,10,1,2c5e41d4_FUN_2c5e41d4
0x2c5e41f0,FUN_2c5e41f0,24,10,1,2c5e41f0_FUN_2c5e41f0
0x2c5e4208,FUN_2c5e4208,56,26,1,2c5e4208_FUN_2c5e4208
0x2c5e4248,FUN_2c5e4248,24,10,1,2c5e4248_FUN_2c5e4248
0x2c5e4264,FUN_2c5e4264,24,10,1,2c5e4264_FUN_2c5e4264
0x2c5e427e,FUN_2c5e427e,20,8,1,2c5e427e_FUN_2c5e427e
0x2c5e4298,FUN_2c5e4298,20,8,1,2c5e4298_FUN_2c5e4298
0x2c5e42b0,FUN_2c5e42b0,26,11,1,2c5e42b0_FUN_2c5e42b0
0x2c5e42d2,FUN_2c5e42d2,24,10,1,2c5e42d2_FUN_2c5e42d2
0x2c5e4312,FUN_2c5e4312,22,9,1,2c5e4312_FUN_2c5e4312
0x2c5e4336,FUN_2c5e4336,22,9,1,2c5e4336_FUN_2c5e4336
0x2c5e4354,FUN_2c5e4354,24,10,1,2c5e4354_FUN_2c5e4354
0x2c5e4372,FUN_2c5e4372,30,12,1,2c5e4372_FUN_2c5e4372
0x2c5e43d4,FUN_2c5e43d4,52,23,1,2c5e43d4_FUN_2c5e43d4
0x2c5e44b0,FUN_2c5e44b0,12,5,1,2c5e44b0_FUN_2c5e44b0
0x2c5e44c0,FUN_2c5e44c0,6,3,1,2c5e44c0_FUN_2c5e44c0
0x2c5e44cc,FUN_2c5e44cc,484,199,1,2c5e44cc_FUN_2c5e44cc
0x2c5e4704,FUN_2c5e4704,24,10,1,2c5e4704_FUN_2c5e4704
0x2c5e4730,FUN_2c5e4730,24,10,1,2c5e4730_FUN_2c5e4730
0x2c5e4758,FUN_2c5e4758,24,10,1,2c5e4758_FUN_2c5e4758
0x2c5e4784,FUN_2c5e4784,24,10,1,2c5e4784_FUN_2c5e4784
0x2c5e47b0,FUN_2c5e47b0,24,10,1,2c5e47b0_FUN_2c5e47b0
0x2c5e47d8,FUN_2c5e47d8,24,10,1,2c5e47d8_FUN_2c5e47d8
0x2c5e4808,FUN_2c5e4808,24,10,1,2c5e4808_FUN_2c5e4808
0x2c5e4834,FUN_2c5e4834,110,46,1,2c5e4834_FUN_2c5e4834
0x2c5e491c,FUN_2c5e491c,20,9,1,2c5e491c_FUN_2c5e491c
0x2c5e495c,FUN_2c5e495c,150,65,1,2c5e495c_FUN_2c5e495c
0x2c5e4a48,FUN_2c5e4a48,44,18,1,2c5e4a48_FUN_2c5e4a48
0x2c5e4a78,FUN_2c5e4a78,24,11,1,2c5e4a78_FUN_2c5e4a78
0x2c5e4ad8,FUN_2c5e4ad8,80,31,1,2c5e4ad8_FUN_2c5e4ad8
0x2c5e4b28,FUN_2c5e4b28,32,13,1,2c5e4b28_FUN_2c5e4b28
0x2c5e4b48,FUN_2c5e4b48,88,37,1,2c5e4b48_FUN_2c5e4b48
0x2c5e4bac,FUN_2c5e4bac,88,37,1,2c5e4bac_FUN_2c5e4bac
0x2c5e4c10,FUN_2c5e4c10,100,37,1,2c5e4c10_FUN_2c5e4c10
0x2c5e4cdc,FUN_2c5e4cdc,22,9,1,2c5e4cdc_FUN_2c5e4cdc
0x2c5e4d04,FUN_2c5e4d04,22,9,1,2c5e4d04_FUN_2c5e4d04
0x2c5e4d2c,FUN_2c5e4d2c,24,9,1,2c5e4d2c_FUN_2c5e4d2c
0x2c5e4d54,FUN_2c5e4d54,30,13,1,2c5e4d54_FUN_2c5e4d54
0x2c5e4de8,FUN_2c5e4de8,36,16,1,2c5e4de8_FUN_2c5e4de8
0x2c5e4ec8,FUN_2c5e4ec8,20,9,1,2c5e4ec8_FUN_2c5e4ec8
0x2c5e4f00,FUN_2c5e4f00,20,9,1,2c5e4f00_FUN_2c5e4f00
0x2c5e4f38,FUN_2c5e4f38,20,9,1,2c5e4f38_FUN_2c5e4f38
0x2c5e4f68,FUN_2c5e4f68,32,14,1,2c5e4f68_FUN_2c5e4f68
0x2c5e509c,FUN_2c5e509c,86,34,1,2c5e509c_FUN_2c5e509c
0x2c5e5248,FUN_2c5e5248,46,20,1,2c5e5248_FUN_2c5e5248
0x2c5e52b0,FUN_2c5e52b0,22,9,1,2c5e52b0_FUN_2c5e52b0
0x2c5e52e4,FUN_2c5e52e4,24,10,1,2c5e52e4_FUN_2c5e52e4
0x2c5e5324,FUN_2c5e5324,24,10,1,2c5e5324_FUN_2c5e5324
0x2c5e5364,FUN_2c5e5364,22,9,1,2c5e5364_FUN_2c5e5364
0x2c5e5398,FUN_2c5e5398,22,9,1,2c5e5398_FUN_2c5e5398
0x2c5e53cc,FUN_2c5e53cc,22,9,1,2c5e53cc_FUN_2c5e53cc
0x2c5e5400,FUN_2c5e5400,22,9,1,2c5e5400_FUN_2c5e5400
0x2c5e5434,FUN_2c5e5434,26,10,1,2c5e5434_FUN_2c5e5434
0x2c5e54f0,FUN_2c5e54f0,36,15,1,2c5e54f0_FUN_2c5e54f0
0x2c5e55fc,FUN_2c5e55fc,36,15,1,2c5e55fc_FUN_2c5e55fc
0x2c5e5700,FUN_2c5e5700,26,10,1,2c5e5700_FUN_2c5e5700
0x2c5e57c8,FUN_2c5e57c8,26,10,1,2c5e57c8_FUN_2c5e57c8
0x2c5e5828,FUN_2c5e5828,26,10,1,2c5e5828_FUN_2c5e5828
0x2c5e58e4,FUN_2c5e58e4,24,9,1,2c5e58e4_FUN_2c5e58e4
0x2c5e5924,FUN_2c5e5924,26,10,1,2c5e5924_FUN_2c5e5924
0x2c5e59e0,FUN_2c5e59e0,24,10,1,2c5e59e0_FUN_2c5e59e0
0x2c5e5a78,FUN_2c5e5a78,26,10,1,2c5e5a78_FUN_2c5e5a78
0x2c5e5b14,FUN_2c5e5b14,26,10,1,2c5e5b14_FUN_2c5e5b14
0x2c5e5bd0,FUN_2c5e5bd0,24,10,1,2c5e5bd0_FUN_2c5e5bd0
0x2c5e5c10,FUN_2c5e5c10,24,10,1,2c5e5c10_FUN_2c5e5c10
0x2c5e5c50,FUN_2c5e5c50,24,10,1,2c5e5c50_FUN_2c5e5c50
0x2c5e5c94,FUN_2c5e5c94,26,11,1,2c5e5c94_FUN_2c5e5c94
0x2c5e5cd0,FUN_2c5e5cd0,26,11,1,2c5e5cd0_FUN_2c5e5cd0
0x2c5e5d0c,FUN_2c5e5d0c,22,9,1,2c5e5d0c_FUN_2c5e5d0c
0x2c5e5d3c,FUN_2c5e5d3c,22,9,1,2c5e5d3c_FUN_2c5e5d3c
0x2c5e5d68,FUN_2c5e5d68,24,10,1,2c5e5d68_FUN_2c5e5d68
0x2c5e5db0,FUN_2c5e5db0,22,9,1,2c5e5db0_FUN_2c5e5db0
0x2c5e5de0,FUN_2c5e5de0,22,9,1,2c5e5de0_FUN_2c5e5de0
0x2c5e5e14,FUN_2c5e5e14,24,10,1,2c5e5e14_FUN_2c5e5e14
0x2c5e5e90,FUN_2c5e5e90,54,19,1,2c5e5e90_FUN_2c5e5e90
0x2c5e5f0c,FUN_2c5e5f0c,152,57,1,2c5e5f0c_FUN_2c5e5f0c
0x2c5e5fb6,FUN_2c5e5fb6,36,14,1,2c5e5fb6_FUN_2c5e5fb6
0x2c5e6006,FUN_2c5e6006,22,9,1,2c5e6006_FUN_2c5e6006
0x2c5e603c,FUN_2c5e603c,26,10,1,2c5e603c_FUN_2c5e603c
0x2c5e6084,FUN_2c5e6084,82,36,1,2c5e6084_FUN_2c5e6084
0x2c5e610c,FUN_2c5e610c,24,10,1,2c5e610c_FUN_2c5e610c
0x2c5e6138,FUN_2c5e6138,24,10,1,2c5e6138_FUN_2c5e6138
0x2c5e6160,FUN_2c5e6160,24,10,1,2c5e6160_FUN_2c5e6160
0x2c5e618c,FUN_2c5e618c,24,10,1,2c5e618c_FUN_2c5e618c
0x2c5e61b8,FUN_2c5e61b8,24,10,1,2c5e61b8_FUN_2c5e61b8
0x2c5e61e0,FUN_2c5e61e0,24,10,1,2c5e61e0_FUN_2c5e61e0
0x2c5e6210,FUN_2c5e6210,24,10,1,2c5e6210_FUN_2c5e6210
0x2c5e623c,FUN_2c5e623c,112,47,1,2c5e623c_FUN_2c5e623c
0x2c5e631c,FUN_2c5e631c,20,9,1,2c5e631c_FUN_2c5e631c
0x2c5e635c,FUN_2c5e635c,132,57,1,2c5e635c_FUN_2c5e635c
0x2c5e63fc,FUN_2c5e63fc,50,19,1,2c5e63fc_FUN_2c5e63fc
0x2c5e6438,FUN_2c5e6438,32,13,1,2c5e6438_FUN_2c5e6438
0x2c5e645c,FUN_2c5e645c,24,11,1,2c5e645c_FUN_2c5e645c
0x2c5e64a4,FUN_2c5e64a4,68,30,1,2c5e64a4_FUN_2c5e64a4
0x2c5e6502,FUN_2c5e6502,72,30,1,2c5e6502_FUN_2c5e6502
0x2c5e6566,FUN_2c5e6566,76,31,1,2c5e6566_FUN_2c5e6566
0x2c5e65cc,FUN_2c5e65cc,34,14,1,2c5e65cc_FUN_2c5e65cc
0x2c5e6664,FUN_2c5e6664,50,20,1,2c5e6664_FUN_2c5e6664
0x2c5e66ae,FUN_2c5e66ae,86,35,1,2c5e66ae_FUN_2c5e66ae
0x2c5e6718,FUN_2c5e6718,268,115,1,2c5e6718_FUN_2c5e6718
0x2c5e6858,FUN_2c5e6858,22,9,1,2c5e6858_FUN_2c5e6858
0x2c5e689c,FUN_2c5e689c,74,33,1,2c5e689c_FUN_2c5e689c
0x2c5e697c,FUN_2c5e697c,58,28,1,2c5e697c_FUN_2c5e697c
0x2c5e69be,default,24,10,1,2c5e69be_default
0x2c5e6a0c,FUN_2c5e6a0c,118,47,1,2c5e6a0c_FUN_2c5e6a0c
0x2c5e6ac8,FUN_2c5e6ac8,32,13,1,2c5e6ac8_FUN_2c5e6ac8
0x2c5e6b1c,FUN_2c5e6b1c,68,25,1,2c5e6b1c_FUN_2c5e6b1c
0x2c5e6b68,FUN_2c5e6b68,34,15,1,2c5e6b68_FUN_2c5e6b68
0x2c5e6ca0,FUN_2c5e6ca0,22,9,1,2c5e6ca0_FUN_2c5e6ca0
0x2c5e6ce4,FUN_2c5e6ce4,438,177,1,2c5e6ce4_FUN_2c5e6ce4
0x2c5e6d80,FUN_2c5e6d80,322,122,1,2c5e6d80_FUN_2c5e6d80
0x2c5e6eec,FUN_2c5e6eec,30,12,1,2c5e6eec_FUN_2c5e6eec
0x2c5e6f40,FUN_2c5e6f40,30,12,1,2c5e6f40_FUN_2c5e6f40
0x2c5e6f98,FUN_2c5e6f98,22,9,1,2c5e6f98_FUN_2c5e6f98
0x2c5e6fc8,FUN_2c5e6fc8,24,10,1,2c5e6fc8_FUN_2c5e6fc8
0x2c5e701c,FUN_2c5e701c,22,9,1,2c5e701c_FUN_2c5e701c
0x2c5e704c,FUN_2c5e704c,22,9,1,2c5e704c_FUN_2c5e704c
0x2c5e707c,FUN_2c5e707c,22,9,1,2c5e707c_FUN_2c5e707c
0x2c5e70b0,FUN_2c5e70b0,172,70,1,2c5e70b0_FUN_2c5e70b0
0x2c5e71bc,FUN_2c5e71bc,84,35,1,2c5e71bc_FUN_2c5e71bc
0x2c5e721c,FUN_2c5e721c,28,12,1,2c5e721c_FUN_2c5e721c
0x2c5e7238,FUN_2c5e7238,28,12,1,2c5e7238_FUN_2c5e7238
0x2c5e7254,FUN_2c5e7254,28,13,1,2c5e7254_FUN_2c5e7254
0x2c5e7270,FUN_2c5e7270,54,23,1,2c5e7270_FUN_2c5e7270
0x2c5e72b8,FUN_2c5e72b8,20,8,1,2c5e72b8_FUN_2c5e72b8
0x2c5e72cc,FUN_2c5e72cc,110,45,1,2c5e72cc_FUN_2c5e72cc
0x2c5e735c,FUN_2c5e735c,38,17,1,2c5e735c_FUN_2c5e735c
0x2c5e73a0,FUN_2c5e73a0,44,18,1,2c5e73a0_FUN_2c5e73a0
0x2c5e73f8,FUN_2c5e73f8,118,43,1,2c5e73f8_FUN_2c5e73f8
0x2c5e74dc,FUN_2c5e74dc,66,28,1,2c5e74dc_FUN_2c5e74dc
0x2c5e7538,FUN_2c5e7538,258,98,1,2c5e7538_FUN_2c5e7538
0x2c5e76cc,FUN_2c5e76cc,14,6,1,2c5e76cc_FUN_2c5e76cc
0x2c5e76da,FUN_2c5e76da,18,7,1,2c5e76da_FUN_2c5e76da
0x2c5e7700,FUN_2c5e7700,16,6,1,2c5e7700_FUN_2c5e7700
0x2c5e773c,FUN_2c5e773c,22,9,1,2c5e773c_FUN_2c5e773c
0x2c5e7764,FUN_2c5e7764,22,9,1,2c5e7764_FUN_2c5e7764
0x2c5e778c,FUN_2c5e778c,22,9,1,2c5e778c_FUN_2c5e778c
0x2c5e77b4,FUN_2c5e77b4,22,9,1,2c5e77b4_FUN_2c5e77b4
0x2c5e77dc,FUN_2c5e77dc,22,9,1,2c5e77dc_FUN_2c5e77dc
0x2c5e7804,FUN_2c5e7804,22,9,1,2c5e7804_FUN_2c5e7804
0x2c5e7834,FUN_2c5e7834,24,10,1,2c5e7834_FUN_2c5e7834
0x2c5e7860,FUN_2c5e7860,114,48,1,2c5e7860_FUN_2c5e7860
0x2c5e794c,FUN_2c5e794c,20,9,1,2c5e794c_FUN_2c5e794c
0x2c5e798c,FUN_2c5e798c,160,71,1,2c5e798c_FUN_2c5e798c
0x2c5e7a48,FUN_2c5e7a48,50,19,1,2c5e7a48_FUN_2c5e7a48
0x2c5e7a84,FUN_2c5e7a84,44,18,1,2c5e7a84_FUN_2c5e7a84
0x2c5e7ab4,FUN_2c5e7ab4,24,11,1,2c5e7ab4_FUN_2c5e7ab4
0x2c5e7b08,FUN_2c5e7b08,36,12,1,2c5e7b08_FUN_2c5e7b08
0x2c5e7b34,FUN_2c5e7b34,704,259,1,2c5e7b34_FUN_2c5e7b34
0x2c5e7e1c,FUN_2c5e7e1c,84,36,1,2c5e7e1c_FUN_2c5e7e1c
0x2c5e7fc4,FUN_2c5e7fc4,52,21,1,2c5e7fc4_FUN_2c5e7fc4
0x2c5e7fe4,FUN_2c5e7fe4,52,21,1,2c5e7fe4_FUN_2c5e7fe4
0x2c5e8020,FUN_2c5e8020,22,10,1,2c5e8020_FUN_2c5e8020
0x2c5e80a0,FUN_2c5e80a0,196,80,1,2c5e80a0_FUN_2c5e80a0
0x2c5e8260,FUN_2c5e8260,122,48,1,2c5e8260_FUN_2c5e8260
0x2c5e8320,FUN_2c5e8320,24,10,1,2c5e8320_FUN_2c5e8320
0x2c5e834c,FUN_2c5e834c,24,10,1,2c5e834c_FUN_2c5e834c
0x2c5e8374,FUN_2c5e8374,24,10,1,2c5e8374_FUN_2c5e8374
0x2c5e83a0,FUN_2c5e83a0,24,10,1,2c5e83a0_FUN_2c5e83a0
0x2c5e83cc,FUN_2c5e83cc,24,10,1,2c5e83cc_FUN_2c5e83cc
0x2c5e83f4,FUN_2c5e83f4,24,10,1,2c5e83f4_FUN_2c5e83f4
0x2c5e8424,FUN_2c5e8424,24,10,1,2c5e8424_FUN_2c5e8424
0x2c5e8450,FUN_2c5e8450,112,47,1,2c5e8450_FUN_2c5e8450
0x2c5e853c,FUN_2c5e853c,20,9,1,2c5e853c_FUN_2c5e853c
0x2c5e857c,FUN_2c5e857c,140,62,1,2c5e857c_FUN_2c5e857c
0x2c5e8610,FUN_2c5e8610,50,19,1,2c5e8610_FUN_2c5e8610
0x2c5e864c,FUN_2c5e864c,44,18,1,2c5e864c_FUN_2c5e864c
0x2c5e867c,FUN_2c5e867c,24,11,1,2c5e867c_FUN_2c5e867c
0x2c5e8720,FUN_2c5e8720,20,9,1,2c5e8720_FUN_2c5e8720
0x2c5e8744,FUN_2c5e8744,22,9,1,2c5e8744_FUN_2c5e8744
0x2c5e876c,FUN_2c5e876c,24,10,1,2c5e876c_FUN_2c5e876c
0x2c5e8798,FUN_2c5e8798,20,9,1,2c5e8798_FUN_2c5e8798
0x2c5e8874,FUN_2c5e8874,26,12,1,2c5e8874_FUN_2c5e8874
0x2c5e8894,FUN_2c5e8894,38,18,1,2c5e8894_FUN_2c5e8894
0x2c5e88c4,FUN_2c5e88c4,58,27,1,2c5e88c4_FUN_2c5e88c4
0x2c5e8908,FUN_2c5e8908,26,12,1,2c5e8908_FUN_2c5e8908
0x2c5e8950,FUN_2c5e8950,186,81,1,2c5e8950_FUN_2c5e8950
0x2c5e8a48,FUN_2c5e8a48,26,12,1,2c5e8a48_FUN_2c5e8a48
0x2c5e8aa0,FUN_2c5e8aa0,152,68,1,2c5e8aa0_FUN_2c5e8aa0
0x2c5e8b60,FUN_2c5e8b60,30,13,1,2c5e8b60_FUN_2c5e8b60
0x2c5e8c14,thunk_FUN_2c5e6eec,4,1,1,2c5e8c14_thunk_FUN_2c5e6eec
0x2c5e8c18,FUN_2c5e8c18,20,9,1,2c5e8c18_FUN_2c5e8c18
0x2c5e8c8c,FUN_2c5e8c8c,20,9,1,2c5e8c8c_FUN_2c5e8c8c
0x2c5e8ca0,FUN_2c5e8ca0,20,9,1,2c5e8ca0_FUN_2c5e8ca0
0x2c5e8cb4,FUN_2c5e8cb4,22,10,1,2c5e8cb4_FUN_2c5e8cb4
0x2c5e8ce0,FUN_2c5e8ce0,20,9,1,2c5e8ce0_FUN_2c5e8ce0
0x2c5e8cf4,FUN_2c5e8cf4,80,34,1,2c5e8cf4_FUN_2c5e8cf4
0x2c5e8d5c,FUN_2c5e8d5c,32,13,1,2c5e8d5c_FUN_2c5e8d5c
0x2c5e8da0,FUN_2c5e8da0,24,10,1,2c5e8da0_FUN_2c5e8da0
0x2c5e8de4,FUN_2c5e8de4,24,10,1,2c5e8de4_FUN_2c5e8de4
0x2c5e8e18,FUN_2c5e8e18,24,10,1,2c5e8e18_FUN_2c5e8e18
0x2c5e8e48,FUN_2c5e8e48,26,11,1,2c5e8e48_FUN_2c5e8e48
0x2c5e8eb0,FUN_2c5e8eb0,60,25,1,2c5e8eb0_FUN_2c5e8eb0
0x2c5e8f34,FUN_2c5e8f34,12,5,1,2c5e8f34_FUN_2c5e8f34
0x2c5e8f4c,FUN_2c5e8f4c,12,5,1,2c5e8f4c_FUN_2c5e8f4c
0x2c5e8f58,FUN_2c5e8f58,32,14,1,2c5e8f58_FUN_2c5e8f58
0x2c5e8fb0,FUN_2c5e8fb0,4,2,1,2c5e8fb0_FUN_2c5e8fb0
0x2c5e8fb4,FUN_2c5e8fb4,30,12,1,2c5e8fb4_FUN_2c5e8fb4
0x2c5e9058,FUN_2c5e9058,44,18,1,2c5e9058_FUN_2c5e9058
0x2c5e9088,thunk_FUN_2c5e7270,4,1,1,2c5e9088_thunk_FUN_2c5e7270
0x2c5e909a,FUN_2c5e909a,22,9,1,2c5e909a_FUN_2c5e909a
0x2c5e90c8,FUN_2c5e90c8,26,10,1,2c5e90c8_FUN_2c5e90c8
0x2c5e90fc,FUN_2c5e90fc,32,13,1,2c5e90fc_FUN_2c5e90fc
0x2c5e9160,FUN_2c5e9160,28,14,1,2c5e9160_FUN_2c5e9160
0x2c5e9184,FUN_2c5e9184,20,9,1,2c5e9184_FUN_2c5e9184
0x2c5e91b8,FUN_2c5e91b8,166,67,1,2c5e91b8_FUN_2c5e91b8
0x2c5e9288,FUN_2c5e9288,130,52,1,2c5e9288_FUN_2c5e9288
0x2c5e9320,FUN_2c5e9320,38,18,1,2c5e9320_FUN_2c5e9320
0x2c5e9350,FUN_2c5e9350,80,32,1,2c5e9350_FUN_2c5e9350
0x2c5e93a8,FUN_2c5e93a8,58,27,1,2c5e93a8_FUN_2c5e93a8
0x2c5e93ee,FUN_2c5e93ee,80,30,1,2c5e93ee_FUN_2c5e93ee
0x2c5e9440,FUN_2c5e9440,20,8,1,2c5e9440_FUN_2c5e9440
0x2c5e9458,FUN_2c5e9458,54,20,1,2c5e9458_FUN_2c5e9458
0x2c5e94ec,FUN_2c5e94ec,146,58,1,2c5e94ec_FUN_2c5e94ec
0x2c5e9594,FUN_2c5e9594,32,13,1,2c5e9594_FUN_2c5e9594
0x2c5e9608,FUN_2c5e9608,24,10,1,2c5e9608_FUN_2c5e9608
0x2c5e9668,FUN_2c5e9668,28,12,1,2c5e9668_FUN_2c5e9668
0x2c5e96bc,FUN_2c5e96bc,72,29,1,2c5e96bc_FUN_2c5e96bc
0x2c5e9734,FUN_2c5e9734,32,14,1,2c5e9734_FUN_2c5e9734
0x2c5e977c,FUN_2c5e977c,22,10,1,2c5e977c_FUN_2c5e977c
0x2c5e97ac,FUN_2c5e97ac,194,75,1,2c5e97ac_FUN_2c5e97ac
0x2c5e98c0,FUN_2c5e98c0,36,16,1,2c5e98c0_FUN_2c5e98c0
0x2c5e9924,FUN_2c5e9924,666,251,1,2c5e9924_FUN_2c5e9924
0x2c5e9be4,FUN_2c5e9be4,22,10,1,2c5e9be4_FUN_2c5e9be4
0x2c5e9c40,FUN_2c5e9c40,246,101,1,2c5e9c40_FUN_2c5e9c40
0x2c5e9d50,FUN_2c5e9d50,182,74,1,2c5e9d50_FUN_2c5e9d50
0x2c5e9e28,FUN_2c5e9e28,134,53,1,2c5e9e28_FUN_2c5e9e28
0x2c5e9f54,FUN_2c5e9f54,264,108,1,2c5e9f54_FUN_2c5e9f54
0x2c5ea0b4,FUN_2c5ea0b4,24,10,1,2c5ea0b4_FUN_2c5ea0b4
0x2c5ea0e0,FUN_2c5ea0e0,24,10,1,2c5ea0e0_FUN_2c5ea0e0
0x2c5ea108,FUN_2c5ea108,24,10,1,2c5ea108_FUN_2c5ea108
0x2c5ea134,FUN_2c5ea134,24,10,1,2c5ea134_FUN_2c5ea134
0x2c5ea160,FUN_2c5ea160,24,10,1,2c5ea160_FUN_2c5ea160
0x2c5ea188,FUN_2c5ea188,24,10,1,2c5ea188_FUN_2c5ea188
0x2c5ea1b8,FUN_2c5ea1b8,24,10,1,2c5ea1b8_FUN_2c5ea1b8
0x2c5ea1e4,FUN_2c5ea1e4,20,9,1,2c5ea1e4_FUN_2c5ea1e4
0x2c5ea218,FUN_2c5ea218,44,18,1,2c5ea218_FUN_2c5ea218
0x2c5ea24a,FUN_2c5ea24a,10,4,1,2c5ea24a_FUN_2c5ea24a
0x2c5ea258,FUN_2c5ea258,50,19,1,2c5ea258_FUN_2c5ea258
0x2c5ea294,FUN_2c5ea294,100,43,1,2c5ea294_FUN_2c5ea294
0x2c5ea33c,FUN_2c5ea33c,24,10,1,2c5ea33c_FUN_2c5ea33c
0x2c5ea368,FUN_2c5ea368,24,10,1,2c5ea368_FUN_2c5ea368
0x2c5ea390,FUN_2c5ea390,24,10,1,2c5ea390_FUN_2c5ea390
0x2c5ea3bc,FUN_2c5ea3bc,24,10,1,2c5ea3bc_FUN_2c5ea3bc
0x2c5ea3e8,FUN_2c5ea3e8,24,10,1,2c5ea3e8_FUN_2c5ea3e8
0x2c5ea410,FUN_2c5ea410,24,10,1,2c5ea410_FUN_2c5ea410
0x2c5ea440,FUN_2c5ea440,24,10,1,2c5ea440_FUN_2c5ea440
0x2c5ea46c,FUN_2c5ea46c,116,50,1,2c5ea46c_FUN_2c5ea46c
0x2c5ea554,FUN_2c5ea554,20,9,1,2c5ea554_FUN_2c5ea554
0x2c5ea594,FUN_2c5ea594,140,62,1,2c5ea594_FUN_2c5ea594
0x2c5ea63c,FUN_2c5ea63c,50,19,1,2c5ea63c_FUN_2c5ea63c
0x2c5ea678,FUN_2c5ea678,38,15,1,2c5ea678_FUN_2c5ea678
0x2c5ea6a4,FUN_2c5ea6a4,24,11,1,2c5ea6a4_FUN_2c5ea6a4
0x2c5ea720,FUN_2c5ea720,28,14,1,2c5ea720_FUN_2c5ea720
0x2c5ea740,FUN_2c5ea740,20,9,1,2c5ea740_FUN_2c5ea740
0x2c5ea76c,FUN_2c5ea76c,20,9,1,2c5ea76c_FUN_2c5ea76c
0x2c5ea7a0,FUN_2c5ea7a0,322,128,1,2c5ea7a0_FUN_2c5ea7a0
0x2c5ea910,FUN_2c5ea910,128,51,1,2c5ea910_FUN_2c5ea910
0x2c5ea9a4,FUN_2c5ea9a4,42,20,1,2c5ea9a4_FUN_2c5ea9a4
0x2c5ea9d8,FUN_2c5ea9d8,80,32,1,2c5ea9d8_FUN_2c5ea9d8
0x2c5eaa30,FUN_2c5eaa30,80,32,1,2c5eaa30_FUN_2c5eaa30
0x2c5eaa88,FUN_2c5eaa88,194,80,1,2c5eaa88_FUN_2c5eaa88
0x2c5eab68,FUN_2c5eab68,98,42,1,2c5eab68_FUN_2c5eab68
0x2c5eabe8,FUN_2c5eabe8,102,43,1,2c5eabe8_FUN_2c5eabe8
0x2c5eac6c,FUN_2c5eac6c,52,20,1,2c5eac6c_FUN_2c5eac6c
0x2c5ead04,FUN_2c5ead04,20,9,1,2c5ead04_FUN_2c5ead04
0x2c5ead28,FUN_2c5ead28,24,10,1,2c5ead28_FUN_2c5ead28
0x2c5ead54,FUN_2c5ead54,24,10,1,2c5ead54_FUN_2c5ead54
0x2c5ead80,FUN_2c5ead80,84,36,1,2c5ead80_FUN_2c5ead80
0x2c5eae48,FUN_2c5eae48,26,12,1,2c5eae48_FUN_2c5eae48
0x2c5eae68,FUN_2c5eae68,38,18,1,2c5eae68_FUN_2c5eae68
0x2c5eae98,FUN_2c5eae98,58,27,1,2c5eae98_FUN_2c5eae98
0x2c5eaedc,FUN_2c5eaedc,26,12,1,2c5eaedc_FUN_2c5eaedc
0x2c5eaf24,FUN_2c5eaf24,180,78,1,2c5eaf24_FUN_2c5eaf24
0x2c5eb014,FUN_2c5eb014,26,12,1,2c5eb014_FUN_2c5eb014
0x2c5eb06c,FUN_2c5eb06c,148,66,1,2c5eb06c_FUN_2c5eb06c
0x2c5eb12c,FUN_2c5eb12c,40,18,1,2c5eb12c_FUN_2c5eb12c
0x2c5eb166,FUN_2c5eb166,36,14,1,2c5eb166_FUN_2c5eb166
0x2c5eb1a0,FUN_2c5eb1a0,24,10,1,2c5eb1a0_FUN_2c5eb1a0
0x2c5eb45c,FUN_2c5eb45c,90,37,1,2c5eb45c_FUN_2c5eb45c
0x2c5eb4cc,FUN_2c5eb4cc,154,58,1,2c5eb4cc_FUN_2c5eb4cc
0x2c5eb580,FUN_2c5eb580,244,97,1,2c5eb580_FUN_2c5eb580
0x2c5eb68c,FUN_2c5eb68c,94,36,1,2c5eb68c_FUN_2c5eb68c
0x2c5eb6fc,FUN_2c5eb6fc,32,15,1,2c5eb6fc_FUN_2c5eb6fc
0x2c5eb720,FUN_2c5eb720,292,119,1,2c5eb720_FUN_2c5eb720
0x2c5eb89c,FUN_2c5eb89c,98,41,1,2c5eb89c_FUN_2c5eb89c
0x2c5eb91e,FUN_2c5eb91e,66,30,1,2c5eb91e_FUN_2c5eb91e
0x2c5eb968,FUN_2c5eb968,88,38,1,2c5eb968_FUN_2c5eb968
0x2c5eb9dc,FUN_2c5eb9dc,90,38,1,2c5eb9dc_FUN_2c5eb9dc
0x2c5eba54,FUN_2c5eba54,106,47,1,2c5eba54_FUN_2c5eba54
0x2c5ebada,FUN_2c5ebada,62,24,1,2c5ebada_FUN_2c5ebada
0x2c5ebb36,FUN_2c5ebb36,62,24,1,2c5ebb36_FUN_2c5ebb36
0x2c5ebb8c,FUN_2c5ebb8c,138,57,1,2c5ebb8c_FUN_2c5ebb8c
0x2c5ebc3c,FUN_2c5ebc3c,138,56,1,2c5ebc3c_FUN_2c5ebc3c
0x2c5ebcee,FUN_2c5ebcee,176,70,1,2c5ebcee_FUN_2c5ebcee
0x2c5ebdc4,FUN_2c5ebdc4,70,30,1,2c5ebdc4_FUN_2c5ebdc4
0x2c5ebf4c,FUN_2c5ebf4c,196,75,1,2c5ebf4c_FUN_2c5ebf4c
0x2c5ebf7e,FUN_2c5ebf7e,62,22,1,2c5ebf7e_FUN_2c5ebf7e
0x2c5ebfc2,FUN_2c5ebfc2,86,32,1,2c5ebfc2_FUN_2c5ebfc2
0x2c5ec01c,FUN_2c5ec01c,18,8,1,2c5ec01c_FUN_2c5ec01c
0x2c5ec030,FUN_2c5ec030,28,11,1,2c5ec030_FUN_2c5ec030
0x2c5ec0ac,FUN_2c5ec0ac,28,11,1,2c5ec0ac_FUN_2c5ec0ac
0x2c5ec194,FUN_2c5ec194,6,3,1,2c5ec194_FUN_2c5ec194
0x2c5ec1a0,FUN_2c5ec1a0,6,3,1,2c5ec1a0_FUN_2c5ec1a0
0x2c5ec1ac,FUN_2c5ec1ac,6,3,1,2c5ec1ac_FUN_2c5ec1ac
0x2c5ec1b8,FUN_2c5ec1b8,26,11,1,2c5ec1b8_FUN_2c5ec1b8
0x2c5ec214,FUN_2c5ec214,26,11,1,2c5ec214_FUN_2c5ec214
0x2c5ec284,FUN_2c5ec284,32,13,1,2c5ec284_FUN_2c5ec284
0x2c5ec2d4,FUN_2c5ec2d4,32,13,1,2c5ec2d4_FUN_2c5ec2d4
0x2c5ec324,FUN_2c5ec324,32,13,1,2c5ec324_FUN_2c5ec324
0x2c5ec374,FUN_2c5ec374,32,13,1,2c5ec374_FUN_2c5ec374
0x2c5ec3c4,FUN_2c5ec3c4,32,13,1,2c5ec3c4_FUN_2c5ec3c4
0x2c5ec414,FUN_2c5ec414,32,13,1,2c5ec414_FUN_2c5ec414
0x2c5ec464,FUN_2c5ec464,32,13,1,2c5ec464_FUN_2c5ec464
0x2c5ec4b4,FUN_2c5ec4b4,24,10,1,2c5ec4b4_FUN_2c5ec4b4
0x2c5ec4f0,FUN_2c5ec4f0,26,11,1,2c5ec4f0_FUN_2c5ec4f0
0x2c5ec534,FUN_2c5ec534,24,10,1,2c5ec534_FUN_2c5ec534
0x2c5ec570,FUN_2c5ec570,24,10,1,2c5ec570_FUN_2c5ec570
0x2c5ec5ac,FUN_2c5ec5ac,26,11,1,2c5ec5ac_FUN_2c5ec5ac
0x2c5ec60c,FUN_2c5ec60c,28,11,1,2c5ec60c_FUN_2c5ec60c
0x2c5ec712,FUN_2c5ec712,112,39,1,2c5ec712_FUN_2c5ec712
0x2c5ec7a4,FUN_2c5ec7a4,48,18,1,2c5ec7a4_FUN_2c5ec7a4
0x2c5ec8f4,FUN_2c5ec8f4,44,17,1,2c5ec8f4_FUN_2c5ec8f4
0x2c5ecac0,FUN_2c5ecac0,46,17,1,2c5ecac0_FUN_2c5ecac0
0x2c5ecc3c,FUN_2c5ecc3c,44,17,1,2c5ecc3c_FUN_2c5ecc3c
0x2c5ecd2c,FUN_2c5ecd2c,46,17,1,2c5ecd2c_FUN_2c5ecd2c
0x2c5ece68,FUN_2c5ece68,42,16,1,2c5ece68_FUN_2c5ece68
0x2c5ed020,FUN_2c5ed020,40,16,1,2c5ed020_FUN_2c5ed020
0x2c5ed0ec,FUN_2c5ed0ec,46,17,1,2c5ed0ec_FUN_2c5ed0ec
0x2c5ed2be,FUN_2c5ed2be,54,19,1,2c5ed2be_FUN_2c5ed2be
0x2c5ed4a4,FUN_2c5ed4a4,42,17,1,2c5ed4a4_FUN_2c5ed4a4
0x2c5ed5bc,FUN_2c5ed5bc,28,12,1,2c5ed5bc_FUN_2c5ed5bc
0x2c5ed6e4,FUN_2c5ed6e4,28,12,1,2c5ed6e4_FUN_2c5ed6e4
0x2c5ed748,FUN_2c5ed748,28,12,1,2c5ed748_FUN_2c5ed748
0x2c5ed7a8,FUN_2c5ed7a8,28,12,1,2c5ed7a8_FUN_2c5ed7a8
0x2c5ed8b4,FUN_2c5ed8b4,128,45,1,2c5ed8b4_FUN_2c5ed8b4
0x2c5ed958,FUN_2c5ed958,40,16,1,2c5ed958_FUN_2c5ed958
0x2c5eda50,FUN_2c5eda50,28,11,1,2c5eda50_FUN_2c5eda50
0x2c5edb40,FUN_2c5edb40,60,23,1,2c5edb40_FUN_2c5edb40
0x2c5edb98,FUN_2c5edb98,36,13,1,2c5edb98_FUN_2c5edb98
0x2c5eddc8,FUN_2c5eddc8,42,16,1,2c5eddc8_FUN_2c5eddc8
0x2c5edec8,FUN_2c5edec8,40,14,1,2c5edec8_FUN_2c5edec8
0x2c5edef8,FUN_2c5edef8,28,11,1,2c5edef8_FUN_2c5edef8
0x2c5ee008,FUN_2c5ee008,28,11,1,2c5ee008_FUN_2c5ee008
0x2c5ee110,FUN_2c5ee110,32,11,1,2c5ee110_FUN_2c5ee110
0x2c5ee294,FUN_2c5ee294,30,11,1,2c5ee294_FUN_2c5ee294
0x2c5ee43c,FUN_2c5ee43c,32,11,1,2c5ee43c_FUN_2c5ee43c
0x2c5ee5b8,FUN_2c5ee5b8,30,11,1,2c5ee5b8_FUN_2c5ee5b8
0x2c5ee748,FUN_2c5ee748,36,13,1,2c5ee748_FUN_2c5ee748
0x2c5ee774,FUN_2c5ee774,76,27,1,2c5ee774_FUN_2c5ee774
0x2c5ee7e0,FUN_2c5ee7e0,76,27,1,2c5ee7e0_FUN_2c5ee7e0
0x2c5ee84c,FUN_2c5ee84c,76,27,1,2c5ee84c_FUN_2c5ee84c
0x2c5ee8b8,FUN_2c5ee8b8,76,27,1,2c5ee8b8_FUN_2c5ee8b8
0x2c5ee97c,FUN_2c5ee97c,40,15,1,2c5ee97c_FUN_2c5ee97c
0x2c5ee9ac,FUN_2c5ee9ac,36,14,1,2c5ee9ac_FUN_2c5ee9ac
0x2c5ee9d4,FUN_2c5ee9d4,36,14,1,2c5ee9d4_FUN_2c5ee9d4
0x2c5ee9fc,FUN_2c5ee9fc,28,9,1,2c5ee9fc_FUN_2c5ee9fc
0x2c5eea20,FUN_2c5eea20,26,10,1,2c5eea20_FUN_2c5eea20
0x2c5eea44,FUN_2c5eea44,18,6,1,2c5eea44_FUN_2c5eea44
0x2c5eea5c,FUN_2c5eea5c,64,28,1,2c5eea5c_FUN_2c5eea5c
0x2c5eeae8,FUN_2c5eeae8,32,15,1,2c5eeae8_FUN_2c5eeae8
0x2c5eeb24,FUN_2c5eeb24,38,17,1,2c5eeb24_FUN_2c5eeb24
0x2c5eeb68,FUN_2c5eeb68,22,10,1,2c5eeb68_FUN_2c5eeb68
0x2c5eebf4,FUN_2c5eebf4,176,73,1,2c5eebf4_FUN_2c5eebf4
0x2c5eeccc,FUN_2c5eeccc,206,86,1,2c5eeccc_FUN_2c5eeccc
0x2c5eedc2,FUN_2c5eedc2,60,25,1,2c5eedc2_FUN_2c5eedc2
0x2c5eee00,FUN_2c5eee00,78,31,1,2c5eee00_FUN_2c5eee00
0x2c5eee54,FUN_2c5eee54,52,24,1,2c5eee54_FUN_2c5eee54
0x2c5eeebc,FUN_2c5eeebc,28,12,1,2c5eeebc_FUN_2c5eeebc
0x2c5eef94,FUN_2c5eef94,6,2,1,2c5eef94_FUN_2c5eef94
0x2c5eef9c,FUN_2c5eef9c,30,11,1,2c5eef9c_FUN_2c5eef9c
0x2c5ef468,FUN_2c5ef468,50,20,1,2c5ef468_FUN_2c5ef468
0x2c5ef4e0,FUN_2c5ef4e0,72,27,1,2c5ef4e0_FUN_2c5ef4e0
0x2c5ef550,FUN_2c5ef550,46,19,1,2c5ef550_FUN_2c5ef550
0x2c5ef5ac,FUN_2c5ef5ac,58,24,1,2c5ef5ac_FUN_2c5ef5ac
0x2c5ef5e8,FUN_2c5ef5e8,34,14,1,2c5ef5e8_FUN_2c5ef5e8
0x2c5ef61a,FUN_2c5ef61a,36,15,1,2c5ef61a_FUN_2c5ef61a
0x2c5ef646,FUN_2c5ef646,124,55,1,2c5ef646_FUN_2c5ef646
0x2c5ef6c4,FUN_2c5ef6c4,358,133,1,2c5ef6c4_FUN_2c5ef6c4
0x2c5ef844,FUN_2c5ef844,46,19,1,2c5ef844_FUN_2c5ef844
0x2c5ef874,FUN_2c5ef874,6,3,1,2c5ef874_FUN_2c5ef874
0x2c5ef87c,FUN_2c5ef87c,82,32,1,2c5ef87c_FUN_2c5ef87c
0x2c5ef8d0,FUN_2c5ef8d0,4,2,1,2c5ef8d0_FUN_2c5ef8d0
0x2c5ef8d8,FUN_2c5ef8d8,16,7,1,2c5ef8d8_FUN_2c5ef8d8
0x2c5ef8f4,FUN_2c5ef8f4,4,2,1,2c5ef8f4_FUN_2c5ef8f4
0x2c5ef8fc,FUN_2c5ef8fc,4,2,1,2c5ef8fc_FUN_2c5ef8fc
0x2c5ef904,FUN_2c5ef904,4,2,1,2c5ef904_FUN_2c5ef904
0x2c5ef930,FUN_2c5ef930,108,45,1,2c5ef930_FUN_2c5ef930
0x2c5ef9d8,FUN_2c5ef9d8,4,2,1,2c5ef9d8_FUN_2c5ef9d8
0x2c5efa10,FUN_2c5efa10,4,2,1,2c5efa10_FUN_2c5efa10
0x2c5efa32,FUN_2c5efa32,80,36,1,2c5efa32_FUN_2c5efa32
0x2c5efa84,FUN_2c5efa84,96,38,1,2c5efa84_FUN_2c5efa84
0x2c5efb5c,FUN_2c5efb5c,4,2,1,2c5efb5c_FUN_2c5efb5c
0x2c5efb60,FUN_2c5efb60,80,31,1,2c5efb60_FUN_2c5efb60
0x2c5efbb0,FUN_2c5efbb0,4,2,1,2c5efbb0_FUN_2c5efbb0
0x2c5efbb4,FUN_2c5efbb4,24,10,1,2c5efbb4_FUN_2c5efbb4
0x2c5efbcc,FUN_2c5efbcc,50,20,1,2c5efbcc_FUN_2c5efbcc
0x2c5efc00,FUN_2c5efc00,44,18,1,2c5efc00_FUN_2c5efc00
0x2c5efc2c,FUN_2c5efc2c,34,12,1,2c5efc2c_FUN_2c5efc2c
0x2c5efdc4,FUN_2c5efdc4,54,22,1,2c5efdc4_FUN_2c5efdc4
0x2c5efe08,FUN_2c5efe08,42,17,1,2c5efe08_FUN_2c5efe08
0x2c5efe34,FUN_2c5efe34,74,35,1,2c5efe34_FUN_2c5efe34
0x2c5efe80,FUN_2c5efe80,62,27,1,2c5efe80_FUN_2c5efe80
0x2c5efec0,FUN_2c5efec0,4,2,1,2c5efec0_FUN_2c5efec0
0x2c5eff0c,FUN_2c5eff0c,12,4,1,2c5eff0c_FUN_2c5eff0c
0x2c5eff18,FUN_2c5eff18,6,2,1,2c5eff18_FUN_2c5eff18
0x2c5eff20,FUN_2c5eff20,80,39,1,2c5eff20_FUN_2c5eff20
0x2c5eff70,FUN_2c5eff70,26,11,1,2c5eff70_FUN_2c5eff70
0x2c5effd8,FUN_2c5effd8,30,11,1,2c5effd8_FUN_2c5effd8
0x2c5f0094,FUN_2c5f0094,24,11,1,2c5f0094_FUN_2c5f0094
0x2c5f0140,FUN_2c5f0140,26,11,1,2c5f0140_FUN_2c5f0140
0x2c5f02f8,FUN_2c5f02f8,32,12,1,2c5f02f8_FUN_2c5f02f8
0x2c5f031c,FUN_2c5f031c,38,14,1,2c5f031c_FUN_2c5f031c
0x2c5f0348,FUN_2c5f0348,60,24,1,2c5f0348_FUN_2c5f0348
0x2c5f03f4,FUN_2c5f03f4,192,73,1,2c5f03f4_FUN_2c5f03f4
0x2c5f04f8,FUN_2c5f04f8,2,1,1,2c5f04f8_FUN_2c5f04f8
0x2c5f04fc,FUN_2c5f04fc,32,12,1,2c5f04fc_FUN_2c5f04fc
0x2c5f0524,FUN_2c5f0524,28,11,1,2c5f0524_FUN_2c5f0524
0x2c5f0544,FUN_2c5f0544,34,16,1,2c5f0544_FUN_2c5f0544
0x2c5f056c,FUN_2c5f056c,70,29,1,2c5f056c_FUN_2c5f056c
0x2c5f05b4,FUN_2c5f05b4,50,22,1,2c5f05b4_FUN_2c5f05b4
0x2c5f05e8,FUN_2c5f05e8,100,38,1,2c5f05e8_FUN_2c5f05e8
0x2c5f065c,FUN_2c5f065c,32,12,1,2c5f065c_FUN_2c5f065c
0x2c5f0680,FUN_2c5f0680,98,38,1,2c5f0680_FUN_2c5f0680
0x2c5f06e4,FUN_2c5f06e4,34,13,1,2c5f06e4_FUN_2c5f06e4
0x2c5f070c,FUN_2c5f070c,80,30,1,2c5f070c_FUN_2c5f070c
0x2c5f077c,FUN_2c5f077c,14,6,1,2c5f077c_FUN_2c5f077c
0x2c5f078c,FUN_2c5f078c,32,12,1,2c5f078c_FUN_2c5f078c
0x2c5f07b0,FUN_2c5f07b0,30,11,1,2c5f07b0_FUN_2c5f07b0
0x2c5f07d4,FUN_2c5f07d4,146,57,1,2c5f07d4_FUN_2c5f07d4
0x2c5f0880,FUN_2c5f0880,416,146,1,2c5f0880_FUN_2c5f0880
0x2c5f0a34,FUN_2c5f0a34,32,12,1,2c5f0a34_FUN_2c5f0a34
0x2c5f0a5c,FUN_2c5f0a5c,256,99,1,2c5f0a5c_FUN_2c5f0a5c
0x2c5f0c20,FUN_2c5f0c20,88,35,1,2c5f0c20_FUN_2c5f0c20
0x2c5f0ca0,FUN_2c5f0ca0,32,12,1,2c5f0ca0_FUN_2c5f0ca0
0x2c5f0cc8,FUN_2c5f0cc8,26,10,1,2c5f0cc8_FUN_2c5f0cc8
0x2c5f0ce8,FUN_2c5f0ce8,150,58,1,2c5f0ce8_FUN_2c5f0ce8
0x2c5f0d90,FUN_2c5f0d90,32,12,1,2c5f0d90_FUN_2c5f0d90
0x2c5f0db8,FUN_2c5f0db8,28,11,1,2c5f0db8_FUN_2c5f0db8
0x2c5f0dd8,FUN_2c5f0dd8,324,121,1,2c5f0dd8_FUN_2c5f0dd8
0x2c5f0f34,FUN_2c5f0f34,32,12,1,2c5f0f34_FUN_2c5f0f34
0x2c5f0f5c,FUN_2c5f0f5c,32,12,1,2c5f0f5c_FUN_2c5f0f5c
0x2c5f0f82,FUN_2c5f0f82,38,15,1,2c5f0f82_FUN_2c5f0f82
0x2c5f0fec,FUN_2c5f0fec,32,12,1,2c5f0fec_FUN_2c5f0fec
0x2c5f1014,FUN_2c5f1014,38,15,1,2c5f1014_FUN_2c5f1014
0x2c5f1040,FUN_2c5f1040,50,21,1,2c5f1040_FUN_2c5f1040
0x2c5f1078,FUN_2c5f1078,32,12,1,2c5f1078_FUN_2c5f1078
0x2c5f10a0,FUN_2c5f10a0,42,17,1,2c5f10a0_FUN_2c5f10a0
0x2c5f10d8,FUN_2c5f10d8,24,11,1,2c5f10d8_FUN_2c5f10d8
0x2c5f110c,FUN_2c5f110c,56,24,1,2c5f110c_FUN_2c5f110c
0x2c5f118c,FUN_2c5f118c,398,152,1,2c5f118c_FUN_2c5f118c
0x2c5f1338,FUN_2c5f1338,32,12,1,2c5f1338_FUN_2c5f1338
0x2c5f1360,FUN_2c5f1360,40,16,1,2c5f1360_FUN_2c5f1360
0x2c5f1390,FUN_2c5f1390,70,25,1,2c5f1390_FUN_2c5f1390
0x2c5f13d8,FUN_2c5f13d8,56,21,1,2c5f13d8_FUN_2c5f13d8
0x2c5f1414,FUN_2c5f1414,56,20,1,2c5f1414_FUN_2c5f1414
0x2c5f1424,FUN_2c5f1424,40,20,1,2c5f1424_FUN_2c5f1424
0x2c5f187c,FUN_2c5f187c,36,18,1,2c5f187c_FUN_2c5f187c
0x2c5f2b52,FUN_2c5f2b52,1114,442,1,2c5f2b52_FUN_2c5f2b52
0x2c5f2fb8,FUN_2c5f2fb8,1894,711,1,2c5f2fb8_FUN_2c5f2fb8
0x2c5f3724,FUN_2c5f3724,798,334,1,2c5f3724_FUN_2c5f3724
0x2c5f3db8,FUN_2c5f3db8,742,286,1,2c5f3db8_FUN_2c5f3db8
0x2c5f40a4,FUN_2c5f40a4,798,334,1,2c5f40a4_FUN_2c5f40a4
0x2c5f43c8,FUN_2c5f43c8,1394,552,1,2c5f43c8_FUN_2c5f43c8
0x2c5f4a5e,FUN_2c5f4a5e,52,21,1,2c5f4a5e_FUN_2c5f4a5e
0x2c5f4b40,FUN_2c5f4b40,596,237,1,2c5f4b40_FUN_2c5f4b40
0x2c5f4e38,FUN_2c5f4e38,40,15,1,2c5f4e38_FUN_2c5f4e38
0x2c5f4e70,FUN_2c5f4e70,440,168,1,2c5f4e70_FUN_2c5f4e70
0x2c5f503c,FUN_2c5f503c,134,51,1,2c5f503c_FUN_2c5f503c
0x2c5f50c4,FUN_2c5f50c4,30,12,1,2c5f50c4_FUN_2c5f50c4
0x2c5f50e4,FUN_2c5f50e4,140,57,1,2c5f50e4_FUN_2c5f50e4
0x2c5f5170,FUN_2c5f5170,132,53,1,2c5f5170_FUN_2c5f5170
0x2c5f51f4,FUN_2c5f51f4,90,33,1,2c5f51f4_FUN_2c5f51f4
0x2c5f5250,FUN_2c5f5250,68,30,1,2c5f5250_FUN_2c5f5250
0x2c5f52a4,FUN_2c5f52a4,140,59,1,2c5f52a4_FUN_2c5f52a4
0x2c5f534c,FUN_2c5f534c,130,49,1,2c5f534c_FUN_2c5f534c
0x2c5f53dc,FUN_2c5f53dc,62,26,1,2c5f53dc_FUN_2c5f53dc
0x2c5f5428,FUN_2c5f5428,36,12,1,2c5f5428_FUN_2c5f5428
0x2c5f544c,FUN_2c5f544c,4,2,1,2c5f544c_FUN_2c5f544c
0x2c5f5450,FUN_2c5f5450,12,5,1,2c5f5450_FUN_2c5f5450
0x2c5f545c,FUN_2c5f545c,124,50,1,2c5f545c_FUN_2c5f545c
0x2c5f54d4,FUN_2c5f54d4,728,293,1,2c5f54d4_FUN_2c5f54d4
0x2c5f583c,FUN_2c5f583c,210,81,1,2c5f583c_FUN_2c5f583c
0x2c5f5938,FUN_2c5f5938,132,48,1,2c5f5938_FUN_2c5f5938
0x2c5f670c,FUN_2c5f670c,92,36,1,2c5f670c_FUN_2c5f670c
0x2c5f676c,FUN_2c5f676c,4,2,1,2c5f676c_FUN_2c5f676c
0x2c5f6770,FUN_2c5f6770,4,2,1,2c5f6770_FUN_2c5f6770
0x2c5f6774,thunk_FUN_2c5f583c,4,1,1,2c5f6774_thunk_FUN_2c5f583c
0x2c5f6778,FUN_2c5f6778,78,34,1,2c5f6778_FUN_2c5f6778
0x2c5f67cc,FUN_2c5f67cc,118,47,1,2c5f67cc_FUN_2c5f67cc
0x2c5f6990,FUN_2c5f6990,102,42,1,2c5f6990_FUN_2c5f6990
0x2c5f6a2c,FUN_2c5f6a2c,32,14,1,2c5f6a2c_FUN_2c5f6a2c
0x2c5f6a50,FUN_2c5f6a50,34,16,1,2c5f6a50_FUN_2c5f6a50
0x2c5f6a78,FUN_2c5f6a78,16,8,1,2c5f6a78_FUN_2c5f6a78
0x2c5f6a88,FUN_2c5f6a88,72,34,1,2c5f6a88_FUN_2c5f6a88
0x2c5f6ad0,FUN_2c5f6ad0,76,35,1,2c5f6ad0_FUN_2c5f6ad0
0x2c5f6b1c,FUN_2c5f6b1c,34,16,1,2c5f6b1c_FUN_2c5f6b1c
0x2c5f6b40,FUN_2c5f6b40,46,21,1,2c5f6b40_FUN_2c5f6b40
0x2c5f6b70,FUN_2c5f6b70,54,24,1,2c5f6b70_FUN_2c5f6b70
0x2c5f6ba8,FUN_2c5f6ba8,30,14,1,2c5f6ba8_FUN_2c5f6ba8
0x2c5f6bcc,FUN_2c5f6bcc,20,9,1,2c5f6bcc_FUN_2c5f6bcc
0x2c5f6be0,FUN_2c5f6be0,50,24,1,2c5f6be0_FUN_2c5f6be0
0x2c5f6c14,FUN_2c5f6c14,124,58,1,2c5f6c14_FUN_2c5f6c14
0x2c5f6c90,FUN_2c5f6c90,92,41,1,2c5f6c90_FUN_2c5f6c90
0x2c5f6cec,FUN_2c5f6cec,74,36,1,2c5f6cec_FUN_2c5f6cec
0x2c5f6d38,FUN_2c5f6d38,34,15,1,2c5f6d38_FUN_2c5f6d38
0x2c5f6d88,FUN_2c5f6d88,38,16,1,2c5f6d88_FUN_2c5f6d88
0x2c5f6ddc,FUN_2c5f6ddc,4,2,1,2c5f6ddc_FUN_2c5f6ddc
0x2c5f6de4,FUN_2c5f6de4,58,26,1,2c5f6de4_FUN_2c5f6de4
0x2c5f6e2c,FUN_2c5f6e2c,54,23,1,2c5f6e2c_FUN_2c5f6e2c
0x2c5f6e8e,FUN_2c5f6e8e,38,15,1,2c5f6e8e_FUN_2c5f6e8e
0x2c5f6ebc,FUN_2c5f6ebc,56,27,1,2c5f6ebc_FUN_2c5f6ebc
0x2c5f6ef4,FUN_2c5f6ef4,76,34,1,2c5f6ef4_FUN_2c5f6ef4
0x2c5f6f50,FUN_2c5f6f50,26,11,1,2c5f6f50_FUN_2c5f6f50
0x2c5f717c,FUN_2c5f717c,260,106,1,2c5f717c_FUN_2c5f717c
0x2c5f7280,FUN_2c5f7280,910,367,1,2c5f7280_FUN_2c5f7280
0x2c5f764c,FUN_2c5f764c,118,54,1,2c5f764c_FUN_2c5f764c
0x2c5f76c4,FUN_2c5f76c4,230,102,1,2c5f76c4_FUN_2c5f76c4
0x2c5f7848,FUN_2c5f7848,286,121,1,2c5f7848_FUN_2c5f7848
0x2c5f79a4,FUN_2c5f79a4,152,61,1,2c5f79a4_FUN_2c5f79a4
0x2c5f7a44,FUN_2c5f7a44,136,54,1,2c5f7a44_FUN_2c5f7a44
0x2c5f7ad4,FUN_2c5f7ad4,4730,1764,1,2c5f7ad4_FUN_2c5f7ad4
0x2c5f904c,FUN_2c5f904c,614,255,1,2c5f904c_FUN_2c5f904c
0x2c5f9384,FUN_2c5f9384,66,30,1,2c5f9384_FUN_2c5f9384
0x2c5f93c8,FUN_2c5f93c8,132,55,1,2c5f93c8_FUN_2c5f93c8
0x2c5f944c,FUN_2c5f944c,390,155,1,2c5f944c_FUN_2c5f944c
0x2c5f960c,FUN_2c5f960c,786,307,1,2c5f960c_FUN_2c5f960c
0x2c5f9924,FUN_2c5f9924,456,178,1,2c5f9924_FUN_2c5f9924
0x2c5f9aec,FUN_2c5f9aec,90,40,1,2c5f9aec_FUN_2c5f9aec
0x2c5f9b48,FUN_2c5f9b48,118,58,1,2c5f9b48_FUN_2c5f9b48
0x2c5f9bd4,FUN_2c5f9bd4,54,27,1,2c5f9bd4_FUN_2c5f9bd4
0x2c5f9c0c,FUN_2c5f9c0c,82,34,1,2c5f9c0c_FUN_2c5f9c0c
0x2c5f9c60,FUN_2c5f9c60,120,56,1,2c5f9c60_FUN_2c5f9c60
0x2c5f9cf0,FUN_2c5f9cf0,50,22,1,2c5f9cf0_FUN_2c5f9cf0
0x2c5f9d24,FUN_2c5f9d24,66,31,1,2c5f9d24_FUN_2c5f9d24
0x2c5f9d70,FUN_2c5f9d70,24,11,1,2c5f9d70_FUN_2c5f9d70
0x2c5f9d94,FUN_2c5f9d94,58,27,1,2c5f9d94_FUN_2c5f9d94
0x2c5f9dd0,FUN_2c5f9dd0,6,3,1,2c5f9dd0_FUN_2c5f9dd0
0x2c5f9dd8,FUN_2c5f9dd8,54,24,1,2c5f9dd8_FUN_2c5f9dd8
0x2c5f9e14,FUN_2c5f9e14,70,33,1,2c5f9e14_FUN_2c5f9e14
0x2c5f9e5c,FUN_2c5f9e5c,74,33,1,2c5f9e5c_FUN_2c5f9e5c
0x2c5f9f08,FUN_2c5f9f08,292,125,1,2c5f9f08_FUN_2c5f9f08
0x2c5fa034,FUN_2c5fa034,194,79,1,2c5fa034_FUN_2c5fa034
0x2c5fa100,FUN_2c5fa100,260,98,1,2c5fa100_FUN_2c5fa100
0x2c5fa21c,FUN_2c5fa21c,204,81,1,2c5fa21c_FUN_2c5fa21c
0x2c5fa2fc,FUN_2c5fa2fc,76,29,1,2c5fa2fc_FUN_2c5fa2fc
0x2c5fa348,FUN_2c5fa348,3698,1502,1,2c5fa348_FUN_2c5fa348
0x2c5fb4d8,FUN_2c5fb4d8,56,23,1,2c5fb4d8_FUN_2c5fb4d8
0x2c5fb510,FUN_2c5fb510,314,119,1,2c5fb510_FUN_2c5fb510
0x2c5fb6a0,FUN_2c5fb6a0,96,38,1,2c5fb6a0_FUN_2c5fb6a0
0x2c5fb820,FUN_2c5fb820,50,22,1,2c5fb820_FUN_2c5fb820
0x2c5fb87e,FUN_2c5fb87e,26,10,1,2c5fb87e_FUN_2c5fb87e
0x2c5fb8a0,FUN_2c5fb8a0,64,30,1,2c5fb8a0_FUN_2c5fb8a0
0x2c5fb8f8,FUN_2c5fb8f8,126,61,1,2c5fb8f8_FUN_2c5fb8f8
0x2c5fb994,FUN_2c5fb994,4,2,1,2c5fb994_FUN_2c5fb994
0x2c5fb998,FUN_2c5fb998,18,7,1,2c5fb998_FUN_2c5fb998
0x2c5fb9b0,FUN_2c5fb9b0,18,7,1,2c5fb9b0_FUN_2c5fb9b0
0x2c5fb9e0,FUN_2c5fb9e0,132,55,1,2c5fb9e0_FUN_2c5fb9e0
0x2c5fba8c,FUN_2c5fba8c,24,11,1,2c5fba8c_FUN_2c5fba8c
0x2c5fbaa4,FUN_2c5fbaa4,154,68,1,2c5fbaa4_FUN_2c5fbaa4
0x2c5fbb60,FUN_2c5fbb60,234,97,1,2c5fbb60_FUN_2c5fbb60
0x2c5fbcb0,FUN_2c5fbcb0,16,8,1,2c5fbcb0_FUN_2c5fbcb0
0x2c5fbcd4,FUN_2c5fbcd4,30,12,1,2c5fbcd4_FUN_2c5fbcd4
0x2c5fbd1c,FUN_2c5fbd1c,28,11,1,2c5fbd1c_FUN_2c5fbd1c
0x2c5fbd4e,FUN_2c5fbd4e,92,34,1,2c5fbd4e_FUN_2c5fbd4e
0x2c5fbddc,FUN_2c5fbddc,110,42,1,2c5fbddc_FUN_2c5fbddc
0x2c5fbe68,FUN_2c5fbe68,68,25,1,2c5fbe68_FUN_2c5fbe68
0x2c5fc0ec,FUN_2c5fc0ec,38,13,1,2c5fc0ec_FUN_2c5fc0ec
0x2c5fc28e,FUN_2c5fc28e,1088,397,1,2c5fc28e_FUN_2c5fc28e
0x2c5fc7c4,FUN_2c5fc7c4,150,61,1,2c5fc7c4_FUN_2c5fc7c4
0x2c5fc87c,FUN_2c5fc87c,74,30,1,2c5fc87c_FUN_2c5fc87c
0x2c5fc8ec,FUN_2c5fc8ec,28,11,1,2c5fc8ec_FUN_2c5fc8ec
0x2c5fc920,FUN_2c5fc920,32,14,1,2c5fc920_FUN_2c5fc920
0x2c5fc9b8,FUN_2c5fc9b8,32,12,1,2c5fc9b8_FUN_2c5fc9b8
0x2c5fcb84,FUN_2c5fcb84,28,11,1,2c5fcb84_FUN_2c5fcb84
0x2c5fcc3c,FUN_2c5fcc3c,754,284,1,2c5fcc3c_FUN_2c5fcc3c
0x2c5fcfe0,FUN_2c5fcfe0,166,62,1,2c5fcfe0_FUN_2c5fcfe0
0x2c5fd09c,FUN_2c5fd09c,28,11,1,2c5fd09c_FUN_2c5fd09c
0x2c5fd0c0,FUN_2c5fd0c0,502,177,1,2c5fd0c0_FUN_2c5fd0c0
0x2c5fd428,FUN_2c5fd428,166,62,1,2c5fd428_FUN_2c5fd428
0x2c5fd5fc,FUN_2c5fd5fc,926,340,1,2c5fd5fc_FUN_2c5fd5fc
0x2c5fdb08,FUN_2c5fdb08,194,77,1,2c5fdb08_FUN_2c5fdb08
0x2c5fdbf0,FUN_2c5fdbf0,282,110,1,2c5fdbf0_FUN_2c5fdbf0
0x2c5fdd40,FUN_2c5fdd40,118,43,1,2c5fdd40_FUN_2c5fdd40
0x2c5fddc4,FUN_2c5fddc4,600,233,1,2c5fddc4_FUN_2c5fddc4
0x2c5fe098,FUN_2c5fe098,26,10,1,2c5fe098_FUN_2c5fe098
0x2c5fe0cc,FUN_2c5fe0cc,26,9,1,2c5fe0cc_FUN_2c5fe0cc
0x2c5fe0ec,FUN_2c5fe0ec,30,12,1,2c5fe0ec_FUN_2c5fe0ec
0x2c5fe11c,FUN_2c5fe11c,30,12,1,2c5fe11c_FUN_2c5fe11c
0x2c5fe194,FUN_2c5fe194,64,26,1,2c5fe194_FUN_2c5fe194
0x2c5fe21c,FUN_2c5fe21c,88,38,1,2c5fe21c_FUN_2c5fe21c
0x2c5fe2f4,FUN_2c5fe2f4,46,20,1,2c5fe2f4_FUN_2c5fe2f4
0x2c5fe364,FUN_2c5fe364,74,33,1,2c5fe364_FUN_2c5fe364
0x2c5fe3fc,FUN_2c5fe3fc,66,29,1,2c5fe3fc_FUN_2c5fe3fc
0x2c5fe480,FUN_2c5fe480,94,39,1,2c5fe480_FUN_2c5fe480
0x2c5fe538,FUN_2c5fe538,68,25,1,2c5fe538_FUN_2c5fe538
0x2c5fe700,FUN_2c5fe700,38,16,1,2c5fe700_FUN_2c5fe700
0x2c5fe740,FUN_2c5fe740,128,52,1,2c5fe740_FUN_2c5fe740
0x2c5fe800,FUN_2c5fe800,20,9,1,2c5fe800_FUN_2c5fe800
0x2c5fe85c,FUN_2c5fe85c,88,35,1,2c5fe85c_FUN_2c5fe85c
0x2c5febe0,FUN_2c5febe0,6,3,1,2c5febe0_FUN_2c5febe0
0x2c5febec,FUN_2c5febec,6,3,1,2c5febec_FUN_2c5febec
0x2c5febfc,FUN_2c5febfc,44,18,1,2c5febfc_FUN_2c5febfc
0x2c5fec44,FUN_2c5fec44,24,10,1,2c5fec44_FUN_2c5fec44
0x2c5fec64,FUN_2c5fec64,20,7,1,2c5fec64_FUN_2c5fec64
0x2c5fec7c,FUN_2c5fec7c,30,11,1,2c5fec7c_FUN_2c5fec7c
0x2c5feca0,FUN_2c5feca0,30,12,1,2c5feca0_FUN_2c5feca0
0x2c5fecd0,FUN_2c5fecd0,30,12,1,2c5fecd0_FUN_2c5fecd0
0x2c5fed48,FUN_2c5fed48,32,11,1,2c5fed48_FUN_2c5fed48
0x2c5fed6c,FUN_2c5fed6c,30,12,1,2c5fed6c_FUN_2c5fed6c
0x2c5fed9c,FUN_2c5fed9c,30,12,1,2c5fed9c_FUN_2c5fed9c
0x2c5fee14,FUN_2c5fee14,18,7,1,2c5fee14_FUN_2c5fee14
0x2c5fee28,FUN_2c5fee28,8,3,1,2c5fee28_FUN_2c5fee28
0x2c5fee30,FUN_2c5fee30,10,4,1,2c5fee30_FUN_2c5fee30
0x2c5fee3c,FUN_2c5fee3c,6,2,1,2c5fee3c_FUN_2c5fee3c
0x2c5fee44,FUN_2c5fee44,18,8,1,2c5fee44_FUN_2c5fee44
0x2c5fee58,FUN_2c5fee58,18,8,1,2c5fee58_FUN_2c5fee58
0x2c5fee6c,FUN_2c5fee6c,18,8,1,2c5fee6c_FUN_2c5fee6c
0x2c5fee80,FUN_2c5fee80,18,8,1,2c5fee80_FUN_2c5fee80
0x2c5fee94,FUN_2c5fee94,18,8,1,2c5fee94_FUN_2c5fee94
0x2c5feea8,FUN_2c5feea8,16,7,1,2c5feea8_FUN_2c5feea8
0x2c5fef20,FUN_2c5fef20,38,15,1,2c5fef20_FUN_2c5fef20
0x2c5fef48,FUN_2c5fef48,28,12,1,2c5fef48_FUN_2c5fef48
0x2c5fef64,FUN_2c5fef64,98,47,1,2c5fef64_FUN_2c5fef64
0x2c5fefc8,FUN_2c5fefc8,236,98,1,2c5fefc8_FUN_2c5fefc8
0x2c5ff0b8,FUN_2c5ff0b8,212,89,1,2c5ff0b8_FUN_2c5ff0b8
0x2c5ff18c,FUN_2c5ff18c,28,14,1,2c5ff18c_FUN_2c5ff18c
0x2c5ff1c8,FUN_2c5ff1c8,88,38,1,2c5ff1c8_FUN_2c5ff1c8
0x2c5ff220,FUN_2c5ff220,92,39,1,2c5ff220_FUN_2c5ff220
0x2c5ff2ec,FUN_2c5ff2ec,40,15,1,2c5ff2ec_FUN_2c5ff2ec
0x2c5ff31c,FUN_2c5ff31c,30,12,1,2c5ff31c_FUN_2c5ff31c
0x2c5ff340,FUN_2c5ff340,46,18,1,2c5ff340_FUN_2c5ff340
0x2c5ff374,FUN_2c5ff374,30,12,1,2c5ff374_FUN_2c5ff374
0x2c5ff400,FUN_2c5ff400,208,85,1,2c5ff400_FUN_2c5ff400
0x2c5ff4d8,FUN_2c5ff4d8,6,3,1,2c5ff4d8_FUN_2c5ff4d8
0x2c5ff4e4,FUN_2c5ff4e4,8,4,1,2c5ff4e4_FUN_2c5ff4e4
0x2c5ff4ec,FUN_2c5ff4ec,168,80,1,2c5ff4ec_FUN_2c5ff4ec
0x2c5ff59c,FUN_2c5ff59c,26,10,1,2c5ff59c_FUN_2c5ff59c
0x2c5ff5cc,FUN_2c5ff5cc,44,18,1,2c5ff5cc_FUN_2c5ff5cc
0x2c5ff608,FUN_2c5ff608,28,11,1,2c5ff608_FUN_2c5ff608
0x2c5ff624,FUN_2c5ff624,22,10,1,2c5ff624_FUN_2c5ff624
0x2c5ff66c,FUN_2c5ff66c,6,3,1,2c5ff66c_FUN_2c5ff66c
0x2c5ff678,FUN_2c5ff678,156,64,1,2c5ff678_FUN_2c5ff678
0x2c5ff718,FUN_2c5ff718,1132,424,1,2c5ff718_FUN_2c5ff718
0x2c5ffb8c,FUN_2c5ffb8c,2356,852,1,2c5ffb8c_FUN_2c5ffb8c
0x2c6004cc,FUN_2c6004cc,798,301,1,2c6004cc_FUN_2c6004cc
0x2c6007ec,FUN_2c6007ec,192,74,1,2c6007ec_FUN_2c6007ec
0x2c6008ac,FUN_2c6008ac,188,78,1,2c6008ac_FUN_2c6008ac
0x2c600968,FUN_2c600968,182,78,1,2c600968_FUN_2c600968
0x2c600a20,FUN_2c600a20,160,69,1,2c600a20_FUN_2c600a20
0x2c600ac0,FUN_2c600ac0,218,94,1,2c600ac0_FUN_2c600ac0
0x2c600b9c,FUN_2c600b9c,16,7,1,2c600b9c_FUN_2c600b9c
0x2c600bac,FUN_2c600bac,124,49,1,2c600bac_FUN_2c600bac
0x2c600c2c,FUN_2c600c2c,10,4,1,2c600c2c_FUN_2c600c2c
0x2c600c38,FUN_2c600c38,10,5,1,2c600c38_FUN_2c600c38
0x2c600c44,FUN_2c600c44,134,54,1,2c600c44_FUN_2c600c44
0x2c60125c,FUN_2c60125c,298,115,1,2c60125c_FUN_2c60125c
0x2c60138c,FUN_2c60138c,840,297,1,2c60138c_FUN_2c60138c
0x2c6016dc,FUN_2c6016dc,182,75,1,2c6016dc_FUN_2c6016dc
0x2c601798,FUN_2c601798,1906,758,1,2c601798_FUN_2c601798
0x2c6019b8,FUN_2c6019b8,402,155,1,2c6019b8_FUN_2c6019b8
0x2c601b5c,FUN_2c601b5c,6,3,1,2c601b5c_FUN_2c601b5c
0x2c601b68,FUN_2c601b68,6,3,1,2c601b68_FUN_2c601b68
0x2c601b74,FUN_2c601b74,1346,510,1,2c601b74_FUN_2c601b74
0x2c602110,FUN_2c602110,46,22,1,2c602110_FUN_2c602110
0x2c602140,FUN_2c602140,398,179,1,2c602140_FUN_2c602140
0x2c602340,FUN_2c602340,88,35,1,2c602340_FUN_2c602340
0x2c6023a0,FUN_2c6023a0,88,35,1,2c6023a0_FUN_2c6023a0
0x2c602400,FUN_2c602400,4,2,1,2c602400_FUN_2c602400
0x2c602408,FUN_2c602408,8,3,1,2c602408_FUN_2c602408
0x2c602410,FUN_2c602410,4,2,1,2c602410_FUN_2c602410
0x2c602414,FUN_2c602414,4,2,1,2c602414_FUN_2c602414
0x2c602428,FUN_2c602428,40,19,1,2c602428_FUN_2c602428
0x2c602454,FUN_2c602454,184,66,1,2c602454_FUN_2c602454
0x2c60251c,FUN_2c60251c,150,58,1,2c60251c_FUN_2c60251c
0x2c6025b4,FUN_2c6025b4,68,27,1,2c6025b4_FUN_2c6025b4
0x2c602608,FUN_2c602608,14,7,1,2c602608_FUN_2c602608
0x2c602618,FUN_2c602618,18,9,1,2c602618_FUN_2c602618
0x2c60265c,FUN_2c60265c,86,35,1,2c60265c_FUN_2c60265c
0x2c6026b4,FUN_2c6026b4,116,46,1,2c6026b4_FUN_2c6026b4
0x2c60272c,FUN_2c60272c,40,14,1,2c60272c_FUN_2c60272c
0x2c602754,FUN_2c602754,106,46,1,2c602754_FUN_2c602754
0x2c602bc4,FUN_2c602bc4,14,6,1,2c602bc4_FUN_2c602bc4
0x2c602bd8,FUN_2c602bd8,96,42,1,2c602bd8_FUN_2c602bd8
0x2c602c38,FUN_2c602c38,228,98,1,2c602c38_FUN_2c602c38
0x2c602d28,FUN_2c602d28,44,16,1,2c602d28_FUN_2c602d28
0x2c602d58,FUN_2c602d58,124,50,1,2c602d58_FUN_2c602d58
0x2c602de4,FUN_2c602de4,6,3,1,2c602de4_FUN_2c602de4
0x2c602df0,FUN_2c602df0,78,32,1,2c602df0_FUN_2c602df0
0x2c602e40,FUN_2c602e40,42,19,1,2c602e40_FUN_2c602e40
0x2c602e74,FUN_2c602e74,42,19,1,2c602e74_FUN_2c602e74
0x2c602ea8,FUN_2c602ea8,188,79,1,2c602ea8_FUN_2c602ea8
0x2c602f64,FUN_2c602f64,180,74,1,2c602f64_FUN_2c602f64
0x2c603048,FUN_2c603048,60,24,1,2c603048_FUN_2c603048
0x2c603084,FUN_2c603084,140,58,1,2c603084_FUN_2c603084
0x2c603110,FUN_2c603110,8,3,1,2c603110_FUN_2c603110
0x2c603134,FUN_2c603134,58,23,1,2c603134_FUN_2c603134
0x2c603170,FUN_2c603170,186,76,1,2c603170_FUN_2c603170
0x2c60322c,FUN_2c60322c,166,64,1,2c60322c_FUN_2c60322c
0x2c6032d4,FUN_2c6032d4,194,76,1,2c6032d4_FUN_2c6032d4
0x2c6033a8,FUN_2c6033a8,6,3,1,2c6033a8_FUN_2c6033a8
0x2c6033b4,FUN_2c6033b4,390,157,1,2c6033b4_FUN_2c6033b4
0x2c603540,FUN_2c603540,394,147,1,2c603540_FUN_2c603540
0x2c6036cc,FUN_2c6036cc,12,5,1,2c6036cc_FUN_2c6036cc
0x2c6036dc,FUN_2c6036dc,208,76,1,2c6036dc_FUN_2c6036dc
0x2c6037b0,FUN_2c6037b0,96,39,1,2c6037b0_FUN_2c6037b0
0x2c603814,FUN_2c603814,8,4,1,2c603814_FUN_2c603814
0x2c60381c,FUN_2c60381c,54,23,1,2c60381c_FUN_2c60381c
0x2c603858,FUN_2c603858,202,82,1,2c603858_FUN_2c603858
0x2c603a04,FUN_2c603a04,316,117,1,2c603a04_FUN_2c603a04
0x2c603b48,FUN_2c603b48,174,70,1,2c603b48_FUN_2c603b48
0x2c603bfc,FUN_2c603bfc,68,28,1,2c603bfc_FUN_2c603bfc
0x2c603c40,FUN_2c603c40,52,22,1,2c603c40_FUN_2c603c40
0x2c603c78,FUN_2c603c78,68,23,1,2c603c78_FUN_2c603c78
0x2c603cbc,FUN_2c603cbc,62,23,1,2c603cbc_FUN_2c603cbc
0x2c603cfc,FUN_2c603cfc,368,144,1,2c603cfc_FUN_2c603cfc
0x2c603e80,FUN_2c603e80,54,24,1,2c603e80_FUN_2c603e80
0x2c603eb8,FUN_2c603eb8,638,242,1,2c603eb8_FUN_2c603eb8
0x2c60413c,FUN_2c60413c,4,2,1,2c60413c_FUN_2c60413c
0x2c604140,FUN_2c604140,6,2,1,2c604140_FUN_2c604140
0x2c604148,FUN_2c604148,34,15,1,2c604148_FUN_2c604148
0x2c604178,FUN_2c604178,14,7,1,2c604178_FUN_2c604178
0x2c604188,FUN_2c604188,72,33,1,2c604188_FUN_2c604188
0x2c6041d4,FUN_2c6041d4,6,3,1,2c6041d4_FUN_2c6041d4
0x2c6041dc,FUN_2c6041dc,30,14,1,2c6041dc_FUN_2c6041dc
0x2c6041fc,FUN_2c6041fc,8,4,1,2c6041fc_FUN_2c6041fc
0x2c604204,FUN_2c604204,68,32,1,2c604204_FUN_2c604204
0x2c604248,FUN_2c604248,322,137,1,2c604248_FUN_2c604248
0x2c60438c,FUN_2c60438c,74,33,1,2c60438c_FUN_2c60438c
0x2c6043d8,FUN_2c6043d8,122,48,1,2c6043d8_FUN_2c6043d8
0x2c604458,FUN_2c604458,246,92,1,2c604458_FUN_2c604458
0x2c604550,FUN_2c604550,162,69,1,2c604550_FUN_2c604550
0x2c60460c,FUN_2c60460c,194,76,1,2c60460c_FUN_2c60460c
0x2c6046d8,FUN_2c6046d8,208,87,1,2c6046d8_FUN_2c6046d8
0x2c6047b0,FUN_2c6047b0,70,31,1,2c6047b0_FUN_2c6047b0
0x2c6047f8,FUN_2c6047f8,320,131,1,2c6047f8_FUN_2c6047f8
0x2c60497c,FUN_2c60497c,40,15,1,2c60497c_FUN_2c60497c
0x2c6049a4,FUN_2c6049a4,30,12,1,2c6049a4_FUN_2c6049a4
0x2c6049c4,FUN_2c6049c4,22,9,1,2c6049c4_FUN_2c6049c4
0x2c6049dc,FUN_2c6049dc,22,9,1,2c6049dc_FUN_2c6049dc
0x2c604a04,FUN_2c604a04,16,7,1,2c604a04_FUN_2c604a04
0x2c604a14,FUN_2c604a14,12,5,1,2c604a14_FUN_2c604a14
0x2c604a20,FUN_2c604a20,12,5,1,2c604a20_FUN_2c604a20
0x2c604a2c,FUN_2c604a2c,12,6,1,2c604a2c_FUN_2c604a2c
0x2c604a38,FUN_2c604a38,12,6,1,2c604a38_FUN_2c604a38
0x2c604a44,FUN_2c604a44,12,6,1,2c604a44_FUN_2c604a44
0x2c604a50,FUN_2c604a50,208,87,1,2c604a50_FUN_2c604a50
0x2c604b28,FUN_2c604b28,500,194,1,2c604b28_FUN_2c604b28
0x2c604d1c,FUN_2c604d1c,836,334,1,2c604d1c_FUN_2c604d1c
0x2c605068,FUN_2c605068,40,17,1,2c605068_FUN_2c605068
0x2c605090,FUN_2c605090,38,15,1,2c605090_FUN_2c605090
0x2c6050b8,FUN_2c6050b8,84,39,1,2c6050b8_FUN_2c6050b8
0x2c605120,FUN_2c605120,12,4,1,2c605120_FUN_2c605120
0x2c60512c,FUN_2c60512c,86,36,1,2c60512c_FUN_2c60512c
0x2c60518c,FUN_2c60518c,50,20,1,2c60518c_FUN_2c60518c
0x2c6051c4,FUN_2c6051c4,62,22,1,2c6051c4_FUN_2c6051c4
0x2c605208,FUN_2c605208,70,26,1,2c605208_FUN_2c605208
0x2c605254,FUN_2c605254,94,37,1,2c605254_FUN_2c605254
0x2c6052b8,FUN_2c6052b8,14,5,1,2c6052b8_FUN_2c6052b8
0x2c6052c8,FUN_2c6052c8,2110,782,1,2c6052c8_FUN_2c6052c8
0x2c605b10,FUN_2c605b10,106,42,1,2c605b10_FUN_2c605b10
0x2c605b80,FUN_2c605b80,248,103,1,2c605b80_FUN_2c605b80
0x2c605c78,FUN_2c605c78,1180,431,1,2c605c78_FUN_2c605c78
0x2c606120,FUN_2c606120,104,43,1,2c606120_FUN_2c606120
0x2c60618c,FUN_2c60618c,96,38,1,2c60618c_FUN_2c60618c
0x2c60646c,FUN_2c60646c,52,24,1,2c60646c_FUN_2c60646c
0x2c6064a0,FUN_2c6064a0,1184,450,1,2c6064a0_FUN_2c6064a0
0x2c60694c,FUN_2c60694c,6,3,1,2c60694c_FUN_2c60694c
0x2c606958,FUN_2c606958,30,14,1,2c606958_FUN_2c606958
0x2c6069e4,FUN_2c6069e4,44,15,1,2c6069e4_FUN_2c6069e4
0x2c606a10,FUN_2c606a10,20,8,1,2c606a10_FUN_2c606a10
0x2c606a28,lv_obj_add_flag_invalidate,144,58,1,2c606a28_lv_obj_add_flag_invalidate
0x2c606abc,FUN_2c606abc,170,66,1,2c606abc_FUN_2c606abc
0x2c606b6c,FUN_2c606b6c,660,249,1,2c606b6c_FUN_2c606b6c
0x2c606b80,FUN_2c606b80,18,7,1,2c606b80_FUN_2c606b80
0x2c606b94,FUN_2c606b94,14,6,1,2c606b94_FUN_2c606b94
0x2c606ba4,FUN_2c606ba4,12,6,1,2c606ba4_FUN_2c606ba4
0x2c606bb0,FUN_2c606bb0,4,2,1,2c606bb0_FUN_2c606bb0
0x2c606bb4,FUN_2c606bb4,12,6,1,2c606bb4_FUN_2c606bb4
0x2c606bc0,FUN_2c606bc0,8,4,1,2c606bc0_FUN_2c606bc0
0x2c606bc8,FUN_2c606bc8,6,3,1,2c606bc8_FUN_2c606bc8
0x2c606bce,FUN_2c606bce,50,21,1,2c606bce_FUN_2c606bce
0x2c606c04,FUN_2c606c04,14,6,1,2c606c04_FUN_2c606c04
0x2c606c14,FUN_2c606c14,26,13,1,2c606c14_FUN_2c606c14
0x2c606c30,FUN_2c606c30,4,2,1,2c606c30_FUN_2c606c30
0x2c606c34,FUN_2c606c34,70,31,1,2c606c34_FUN_2c606c34
0x2c606c7c,FUN_2c606c7c,12,5,1,2c606c7c_FUN_2c606c7c
0x2c606ca0,FUN_2c606ca0,12,5,1,2c606ca0_FUN_2c606ca0
0x2c606cb8,FUN_2c606cb8,12,5,1,2c606cb8_FUN_2c606cb8
0x2c606cc4,FUN_2c606cc4,12,5,1,2c606cc4_FUN_2c606cc4
0x2c606cd0,FUN_2c606cd0,12,5,1,2c606cd0_FUN_2c606cd0
0x2c606cdc,FUN_2c606cdc,12,5,1,2c606cdc_FUN_2c606cdc
0x2c606cf4,FUN_2c606cf4,12,5,1,2c606cf4_FUN_2c606cf4
0x2c606d00,FUN_2c606d00,12,5,1,2c606d00_FUN_2c606d00
0x2c606d0c,FUN_2c606d0c,12,5,1,2c606d0c_FUN_2c606d0c
0x2c606d18,FUN_2c606d18,12,5,1,2c606d18_FUN_2c606d18
0x2c606d24,FUN_2c606d24,12,5,1,2c606d24_FUN_2c606d24
0x2c606d30,FUN_2c606d30,12,5,1,2c606d30_FUN_2c606d30
0x2c606d3c,FUN_2c606d3c,12,5,1,2c606d3c_FUN_2c606d3c
0x2c606d48,FUN_2c606d48,12,5,1,2c606d48_FUN_2c606d48
0x2c606d54,FUN_2c606d54,12,5,1,2c606d54_FUN_2c606d54
0x2c606d60,FUN_2c606d60,12,5,1,2c606d60_FUN_2c606d60
0x2c606d6c,FUN_2c606d6c,12,5,1,2c606d6c_FUN_2c606d6c
0x2c606d78,FUN_2c606d78,12,5,1,2c606d78_FUN_2c606d78
0x2c606d84,FUN_2c606d84,12,5,1,2c606d84_FUN_2c606d84
0x2c606d90,FUN_2c606d90,12,5,1,2c606d90_FUN_2c606d90
0x2c606d9c,FUN_2c606d9c,12,5,1,2c606d9c_FUN_2c606d9c
0x2c606da8,FUN_2c606da8,12,5,1,2c606da8_FUN_2c606da8
0x2c606db4,FUN_2c606db4,12,5,1,2c606db4_FUN_2c606db4
0x2c606dc0,FUN_2c606dc0,12,5,1,2c606dc0_FUN_2c606dc0
0x2c606dcc,FUN_2c606dcc,12,5,1,2c606dcc_FUN_2c606dcc
0x2c606dd8,FUN_2c606dd8,12,5,1,2c606dd8_FUN_2c606dd8
0x2c606de4,FUN_2c606de4,12,5,1,2c606de4_FUN_2c606de4
0x2c606df0,FUN_2c606df0,12,5,1,2c606df0_FUN_2c606df0
0x2c606dfc,FUN_2c606dfc,12,5,1,2c606dfc_FUN_2c606dfc
0x2c606e08,FUN_2c606e08,12,5,1,2c606e08_FUN_2c606e08
0x2c606e14,FUN_2c606e14,12,5,1,2c606e14_FUN_2c606e14
0x2c606e20,FUN_2c606e20,12,5,1,2c606e20_FUN_2c606e20
0x2c606e2c,FUN_2c606e2c,12,5,1,2c606e2c_FUN_2c606e2c
0x2c606e38,FUN_2c606e38,12,5,1,2c606e38_FUN_2c606e38
0x2c606e44,FUN_2c606e44,12,5,1,2c606e44_FUN_2c606e44
0x2c606e50,FUN_2c606e50,12,5,1,2c606e50_FUN_2c606e50
0x2c606e5c,FUN_2c606e5c,12,5,1,2c606e5c_FUN_2c606e5c
0x2c606e68,FUN_2c606e68,12,5,1,2c606e68_FUN_2c606e68
0x2c606e74,FUN_2c606e74,12,5,1,2c606e74_FUN_2c606e74
0x2c606e98,FUN_2c606e98,150,58,1,2c606e98_FUN_2c606e98
0x2c606f34,FUN_2c606f34,112,49,1,2c606f34_FUN_2c606f34
0x2c606fa8,FUN_2c606fa8,74,32,1,2c606fa8_FUN_2c606fa8
0x2c606ff8,FUN_2c606ff8,74,32,1,2c606ff8_FUN_2c606ff8
0x2c607048,FUN_2c607048,112,49,1,2c607048_FUN_2c607048
0x2c6070bc,FUN_2c6070bc,74,32,1,2c6070bc_FUN_2c6070bc
0x2c60710c,FUN_2c60710c,74,32,1,2c60710c_FUN_2c60710c
0x2c60715c,FUN_2c60715c,118,50,1,2c60715c_FUN_2c60715c
0x2c6071d8,FUN_2c6071d8,60,19,1,2c6071d8_FUN_2c6071d8
0x2c607214,FUN_2c607214,46,20,1,2c607214_FUN_2c607214
0x2c607248,FUN_2c607248,48,14,1,2c607248_FUN_2c607248
0x2c607278,FUN_2c607278,50,21,1,2c607278_FUN_2c607278
0x2c6072b4,FUN_2c6072b4,6,2,1,2c6072b4_FUN_2c6072b4
0x2c6072bc,FUN_2c6072bc,120,52,1,2c6072bc_FUN_2c6072bc
0x2c607338,FUN_2c607338,26,9,1,2c607338_FUN_2c607338
0x2c607354,FUN_2c607354,64,27,1,2c607354_FUN_2c607354
0x2c607394,FUN_2c607394,64,27,1,2c607394_FUN_2c607394
0x2c6073d4,FUN_2c6073d4,22,10,1,2c6073d4_FUN_2c6073d4
0x2c6073ec,FUN_2c6073ec,12,6,1,2c6073ec_FUN_2c6073ec
0x2c6073f8,FUN_2c6073f8,12,6,1,2c6073f8_FUN_2c6073f8
0x2c607404,FUN_2c607404,58,24,1,2c607404_FUN_2c607404
0x2c607440,FUN_2c607440,58,24,1,2c607440_FUN_2c607440
0x2c60747c,FUN_2c60747c,118,49,1,2c60747c_FUN_2c60747c
0x2c6074f4,FUN_2c6074f4,70,23,1,2c6074f4_FUN_2c6074f4
0x2c607540,FUN_2c607540,68,23,1,2c607540_FUN_2c607540
0x2c607588,FUN_2c607588,94,35,1,2c607588_FUN_2c607588
0x2c6075e8,FUN_2c6075e8,106,43,1,2c6075e8_FUN_2c6075e8
0x2c607654,FUN_2c607654,110,44,1,2c607654_FUN_2c607654
0x2c6076c4,FUN_2c6076c4,262,102,1,2c6076c4_FUN_2c6076c4
0x2c6077d0,FUN_2c6077d0,284,110,1,2c6077d0_FUN_2c6077d0
0x2c6078f0,FUN_2c6078f0,112,43,1,2c6078f0_FUN_2c6078f0
0x2c607b48,FUN_2c607b48,1148,428,1,2c607b48_FUN_2c607b48
0x2c607df0,FUN_2c607df0,92,33,1,2c607df0_FUN_2c607df0
0x2c607e50,FUN_2c607e50,106,39,1,2c607e50_FUN_2c607e50
0x2c607ec0,FUN_2c607ec0,16,7,1,2c607ec0_FUN_2c607ec0
0x2c607ed0,FUN_2c607ed0,72,27,1,2c607ed0_FUN_2c607ed0
0x2c607f9c,FUN_2c607f9c,138,48,1,2c607f9c_FUN_2c607f9c
0x2c60802c,FUN_2c60802c,1734,653,1,2c60802c_FUN_2c60802c
0x2c608730,FUN_2c608730,20,7,1,2c608730_FUN_2c608730
0x2c608744,FUN_2c608744,172,68,1,2c608744_FUN_2c608744
0x2c608808,FUN_2c608808,1088,437,1,2c608808_FUN_2c608808
0x2c608c7c,FUN_2c608c7c,60,23,1,2c608c7c_FUN_2c608c7c
0x2c608cbc,FUN_2c608cbc,300,125,1,2c608cbc_FUN_2c608cbc
0x2c608dec,FUN_2c608dec,300,125,1,2c608dec_FUN_2c608dec
0x2c608f1c,FUN_2c608f1c,338,139,1,2c608f1c_FUN_2c608f1c
0x2c609070,FUN_2c609070,1402,541,1,2c609070_FUN_2c609070
0x2c6095f4,FUN_2c6095f4,806,302,1,2c6095f4_FUN_2c6095f4
0x2c609970,FUN_2c609970,372,125,1,2c609970_FUN_2c609970
0x2c609aec,FUN_2c609aec,734,242,1,2c609aec_FUN_2c609aec
0x2c609ddc,FUN_2c609ddc,22,10,1,2c609ddc_FUN_2c609ddc
0x2c609e04,FUN_2c609e04,76,27,1,2c609e04_FUN_2c609e04
0x2c609e50,FUN_2c609e50,20,8,1,2c609e50_FUN_2c609e50
0x2c60a374,FUN_2c60a374,426,160,1,2c60a374_FUN_2c60a374
0x2c60a540,FUN_2c60a540,144,57,1,2c60a540_FUN_2c60a540
0x2c60a5d0,FUN_2c60a5d0,3356,1186,1,2c60a5d0_FUN_2c60a5d0
0x2c60b2f8,FUN_2c60b2f8,492,182,1,2c60b2f8_FUN_2c60b2f8
0x2c60b4e4,FUN_2c60b4e4,1054,371,1,2c60b4e4_FUN_2c60b4e4
0x2c60b908,FUN_2c60b908,564,215,1,2c60b908_FUN_2c60b908
0x2c60bb40,FUN_2c60bb40,54,21,1,2c60bb40_FUN_2c60bb40
0x2c60bb78,FUN_2c60bb78,1732,615,1,2c60bb78_FUN_2c60bb78
0x2c60c244,FUN_2c60c244,4448,1566,1,2c60c244_FUN_2c60c244
0x2c60d3c2,FUN_2c60d3c2,132,37,1,2c60d3c2_FUN_2c60d3c2
0x2c60d458,FUN_2c60d458,142,44,1,2c60d458_FUN_2c60d458
0x2c60d4fa,FUN_2c60d4fa,136,38,1,2c60d4fa_FUN_2c60d4fa
0x2c60d588,FUN_2c60d588,78,35,1,2c60d588_FUN_2c60d588
0x2c60d5dc,FUN_2c60d5dc,8452,2927,1,2c60d5dc_FUN_2c60d5dc
0x2c60f7a8,FUN_2c60f7a8,744,271,1,2c60f7a8_FUN_2c60f7a8
0x2c60faa0,FUN_2c60faa0,110,35,1,2c60faa0_FUN_2c60faa0
0x2c60fb10,FUN_2c60fb10,82,36,1,2c60fb10_FUN_2c60fb10
0x2c60fba4,FUN_2c60fba4,8,3,1,2c60fba4_FUN_2c60fba4
0x2c60fbae,FUN_2c60fbae,294,108,1,2c60fbae_FUN_2c60fbae
0x2c60fce8,FUN_2c60fce8,90,32,1,2c60fce8_FUN_2c60fce8
0x2c60fd44,FUN_2c60fd44,176,67,1,2c60fd44_FUN_2c60fd44
0x2c60fe00,FUN_2c60fe00,228,81,1,2c60fe00_FUN_2c60fe00
0x2c60fee4,FUN_2c60fee4,1688,597,1,2c60fee4_FUN_2c60fee4
0x2c610588,FUN_2c610588,262,78,1,2c610588_FUN_2c610588
0x2c610690,FUN_2c610690,698,273,1,2c610690_FUN_2c610690
0x2c61095c,FUN_2c61095c,14,5,1,2c61095c_FUN_2c61095c
0x2c61096c,FUN_2c61096c,1108,411,1,2c61096c_FUN_2c61096c
0x2c610e44,FUN_2c610e44,2102,762,1,2c610e44_FUN_2c610e44
0x2c611688,FUN_2c611688,20,9,1,2c611688_FUN_2c611688
0x2c611c18,FUN_2c611c18,264,100,1,2c611c18_FUN_2c611c18
0x2c611d2c,FUN_2c611d2c,234,82,1,2c611d2c_FUN_2c611d2c
0x2c611e18,FUN_2c611e18,320,120,1,2c611e18_FUN_2c611e18
0x2c611f58,FUN_2c611f58,322,123,1,2c611f58_FUN_2c611f58
0x2c6120a0,FUN_2c6120a0,26,11,1,2c6120a0_FUN_2c6120a0
0x2c6120bc,FUN_2c6120bc,26,11,1,2c6120bc_FUN_2c6120bc
0x2c6120d8,FUN_2c6120d8,26,11,1,2c6120d8_FUN_2c6120d8
0x2c6120f4,FUN_2c6120f4,26,11,1,2c6120f4_FUN_2c6120f4
0x2c612110,FUN_2c612110,206,86,1,2c612110_FUN_2c612110
0x2c6121ec,FUN_2c6121ec,50,21,1,2c6121ec_FUN_2c6121ec
0x2c612220,FUN_2c612220,540,208,1,2c612220_FUN_2c612220
0x2c612468,FUN_2c612468,892,325,1,2c612468_FUN_2c612468
0x2c6127fc,FUN_2c6127fc,40,15,1,2c6127fc_FUN_2c6127fc
0x2c612838,FUN_2c612838,92,38,1,2c612838_FUN_2c612838
0x2c612898,FUN_2c612898,216,91,1,2c612898_FUN_2c612898
0x2c612974,FUN_2c612974,36,18,1,2c612974_FUN_2c612974
0x2c612998,FUN_2c612998,36,17,1,2c612998_FUN_2c612998
0x2c6129bc,FUN_2c6129bc,22,9,1,2c6129bc_FUN_2c6129bc
0x2c6129e4,FUN_2c6129e4,54,18,1,2c6129e4_FUN_2c6129e4
0x2c612a20,FUN_2c612a20,1814,684,1,2c612a20_FUN_2c612a20
0x2c61314c,FUN_2c61314c,76,27,1,2c61314c_FUN_2c61314c
0x2c61319c,FUN_2c61319c,48,19,1,2c61319c_FUN_2c61319c
0x2c6131cc,FUN_2c6131cc,12,5,1,2c6131cc_FUN_2c6131cc
0x2c6131d8,FUN_2c6131d8,52,20,1,2c6131d8_FUN_2c6131d8
0x2c61320c,FUN_2c61320c,98,43,1,2c61320c_FUN_2c61320c
0x2c613270,FUN_2c613270,8,4,1,2c613270_FUN_2c613270
0x2c613278,FUN_2c613278,8,4,1,2c613278_FUN_2c613278
0x2c613280,FUN_2c613280,60,24,1,2c613280_FUN_2c613280
0x2c6132c0,FUN_2c6132c0,8,4,1,2c6132c0_FUN_2c6132c0
0x2c6132c8,FUN_2c6132c8,88,39,1,2c6132c8_FUN_2c6132c8
0x2c613324,FUN_2c613324,2,1,1,2c613324_FUN_2c613324
0x2c613328,FUN_2c613328,838,291,1,2c613328_FUN_2c613328
0x2c613670,FUN_2c613670,1306,465,1,2c613670_FUN_2c613670
0x2c613b8c,FUN_2c613b8c,720,275,1,2c613b8c_FUN_2c613b8c
0x2c613e5c,FUN_2c613e5c,46,16,1,2c613e5c_FUN_2c613e5c
0x2c613e90,FUN_2c613e90,78,34,1,2c613e90_FUN_2c613e90
0x2c613ee4,FUN_2c613ee4,32,12,1,2c613ee4_FUN_2c613ee4
0x2c613f08,FUN_2c613f08,56,24,1,2c613f08_FUN_2c613f08
0x2c613f44,FUN_2c613f44,62,26,1,2c613f44_FUN_2c613f44
0x2c613fa8,FUN_2c613fa8,88,37,1,2c613fa8_FUN_2c613fa8
0x2c614004,FUN_2c614004,336,124,1,2c614004_FUN_2c614004
0x2c614158,FUN_2c614158,608,234,1,2c614158_FUN_2c614158
0x2c6143bc,FUN_2c6143bc,86,33,1,2c6143bc_FUN_2c6143bc
0x2c614414,FUN_2c614414,136,54,1,2c614414_FUN_2c614414
0x2c6144a0,FUN_2c6144a0,1188,427,1,2c6144a0_FUN_2c6144a0
0x2c61495c,FUN_2c61495c,172,61,1,2c61495c_FUN_2c61495c
0x2c614a0c,FUN_2c614a0c,46,16,1,2c614a0c_FUN_2c614a0c
0x2c614a3c,FUN_2c614a3c,1256,440,1,2c614a3c_FUN_2c614a3c
0x2c614f2c,FUN_2c614f2c,18,9,1,2c614f2c_FUN_2c614f2c
0x2c614f58,FUN_2c614f58,32,14,1,2c614f58_FUN_2c614f58
0x2c614f7a,FUN_2c614f7a,24,10,1,2c614f7a_FUN_2c614f7a
0x2c614f94,FUN_2c614f94,42,16,1,2c614f94_FUN_2c614f94
0x2c614fc0,FUN_2c614fc0,1244,411,1,2c614fc0_FUN_2c614fc0
0x2c6154a4,FUN_2c6154a4,98,40,1,2c6154a4_FUN_2c6154a4
0x2c615518,FUN_2c615518,180,75,1,2c615518_FUN_2c615518
0x2c6155cc,FUN_2c6155cc,358,134,1,2c6155cc_FUN_2c6155cc
0x2c615874,FUN_2c615874,218,78,1,2c615874_FUN_2c615874
0x2c615964,FUN_2c615964,4,2,1,2c615964_FUN_2c615964
0x2c615968,FUN_2c615968,206,79,1,2c615968_FUN_2c615968
0x2c615a48,FUN_2c615a48,50,17,1,2c615a48_FUN_2c615a48
0x2c615a84,FUN_2c615a84,120,48,1,2c615a84_FUN_2c615a84
0x2c615b04,FUN_2c615b04,128,50,1,2c615b04_FUN_2c615b04
0x2c615b98,FUN_2c615b98,90,34,1,2c615b98_FUN_2c615b98
0x2c615bd8,FUN_2c615bd8,50,19,1,2c615bd8_FUN_2c615bd8
0x2c615c0c,FUN_2c615c0c,482,175,1,2c615c0c_FUN_2c615c0c
0x2c615c44,FUN_2c615c44,806,287,1,2c615c44_FUN_2c615c44
0x2c615f78,FUN_2c615f78,974,348,1,2c615f78_FUN_2c615f78
0x2c616354,FUN_2c616354,106,41,1,2c616354_FUN_2c616354
0x2c6163c0,FUN_2c6163c0,72,22,1,2c6163c0_FUN_2c6163c0
0x2c616410,FUN_2c616410,210,80,1,2c616410_FUN_2c616410
0x2c6164e4,FUN_2c6164e4,436,154,1,2c6164e4_FUN_2c6164e4
0x2c61669c,FUN_2c61669c,438,152,1,2c61669c_FUN_2c61669c
0x2c616854,FUN_2c616854,632,236,1,2c616854_FUN_2c616854
0x2c616ad4,FUN_2c616ad4,4126,1463,1,2c616ad4_FUN_2c616ad4
0x2c6173f8,FUN_2c6173f8,360,121,1,2c6173f8_FUN_2c6173f8
0x2c617d00,FUN_2c617d00,144,56,1,2c617d00_FUN_2c617d00
0x2c617e20,FUN_2c617e20,148,54,1,2c617e20_FUN_2c617e20
0x2c617ec0,FUN_2c617ec0,42,17,1,2c617ec0_FUN_2c617ec0
0x2c617f00,FUN_2c617f00,132,53,1,2c617f00_FUN_2c617f00
0x2c617f84,FUN_2c617f84,142,57,1,2c617f84_FUN_2c617f84
0x2c618014,FUN_2c618014,194,74,1,2c618014_FUN_2c618014
0x2c6180e0,FUN_2c6180e0,74,23,1,2c6180e0_FUN_2c6180e0
0x2c618134,FUN_2c618134,1908,703,1,2c618134_FUN_2c618134
0x2c618b5c,FUN_2c618b5c,42,14,1,2c618b5c_FUN_2c618b5c
0x2c618bd0,FUN_2c618bd0,16,6,1,2c618bd0_FUN_2c618bd0
0x2c618ca4,FUN_2c618ca4,836,307,1,2c618ca4_FUN_2c618ca4
0x2c618fa4,FUN_2c618fa4,810,313,1,2c618fa4_FUN_2c618fa4
0x2c619014,FUN_2c619014,88,33,1,2c619014_FUN_2c619014
0x2c619074,FUN_2c619074,972,385,1,2c619074_FUN_2c619074
0x2c61929c,FUN_2c61929c,20,8,1,2c61929c_FUN_2c61929c
0x2c6192b0,FUN_2c6192b0,1226,362,1,2c6192b0_FUN_2c6192b0
0x2c6197ac,FUN_2c6197ac,94,35,1,2c6197ac_FUN_2c6197ac
0x2c619818,FUN_2c619818,28,11,1,2c619818_FUN_2c619818
0x2c619834,FUN_2c619834,40,16,1,2c619834_FUN_2c619834
0x2c61985c,FUN_2c61985c,288,103,1,2c61985c_FUN_2c61985c
0x2c619994,FUN_2c619994,80,31,1,2c619994_FUN_2c619994
0x2c6199e8,FUN_2c6199e8,14,6,1,2c6199e8_FUN_2c6199e8
0x2c6199f8,FUN_2c6199f8,54,20,1,2c6199f8_FUN_2c6199f8
0x2c619a30,FUN_2c619a30,114,43,1,2c619a30_FUN_2c619a30
0x2c619aa4,FUN_2c619aa4,230,89,1,2c619aa4_FUN_2c619aa4
0x2c619b8c,FUN_2c619b8c,156,58,1,2c619b8c_FUN_2c619b8c
0x2c619c28,FUN_2c619c28,24,7,1,2c619c28_FUN_2c619c28
0x2c619c40,FUN_2c619c40,28,9,1,2c619c40_FUN_2c619c40
0x2c619c5c,FUN_2c619c5c,2394,863,1,2c619c5c_FUN_2c619c5c
0x2c61a5d0,FUN_2c61a5d0,26,10,1,2c61a5d0_FUN_2c61a5d0
0x2c61a5f0,FUN_2c61a5f0,70,27,1,2c61a5f0_FUN_2c61a5f0
0x2c61a638,FUN_2c61a638,44,14,1,2c61a638_FUN_2c61a638
0x2c61a668,FUN_2c61a668,16,6,1,2c61a668_FUN_2c61a668
0x2c61a67c,FUN_2c61a67c,68,26,1,2c61a67c_FUN_2c61a67c
0x2c61a6c6,FUN_2c61a6c6,96,36,1,2c61a6c6_FUN_2c61a6c6
0x2c61a74c,FUN_2c61a74c,112,46,1,2c61a74c_FUN_2c61a74c
0x2c61a7c0,FUN_2c61a7c0,332,126,1,2c61a7c0_FUN_2c61a7c0
0x2c61a930,FUN_2c61a930,840,319,1,2c61a930_FUN_2c61a930
0x2c61acb0,FUN_2c61acb0,2514,947,1,2c61acb0_FUN_2c61acb0
0x2c61b6d8,FUN_2c61b6d8,206,74,1,2c61b6d8_FUN_2c61b6d8
0x2c61b7b8,FUN_2c61b7b8,318,122,1,2c61b7b8_FUN_2c61b7b8
0x2c61b904,FUN_2c61b904,66,23,1,2c61b904_FUN_2c61b904
0x2c61b9d4,FUN_2c61b9d4,910,366,1,2c61b9d4_FUN_2c61b9d4
0x2c61bbc4,FUN_2c61bbc4,136,51,1,2c61bbc4_FUN_2c61bbc4
0x2c61bc7c,FUN_2c61bc7c,90,37,1,2c61bc7c_FUN_2c61bc7c
0x2c61bcd8,FUN_2c61bcd8,326,120,1,2c61bcd8_FUN_2c61bcd8
0x2c61be3c,FUN_2c61be3c,182,66,1,2c61be3c_FUN_2c61be3c
0x2c61bef4,FUN_2c61bef4,48,19,1,2c61bef4_FUN_2c61bef4
0x2c61bf28,FUN_2c61bf28,266,104,1,2c61bf28_FUN_2c61bf28
0x2c61c038,FUN_2c61c038,34,12,1,2c61c038_FUN_2c61c038
0x2c61c05c,FUN_2c61c05c,56,21,1,2c61c05c_FUN_2c61c05c
0x2c61c098,FUN_2c61c098,240,88,1,2c61c098_FUN_2c61c098
0x2c61c18c,FUN_2c61c18c,108,42,1,2c61c18c_FUN_2c61c18c
0x2c61c204,FUN_2c61c204,118,43,1,2c61c204_FUN_2c61c204
0x2c61c284,FUN_2c61c284,172,65,1,2c61c284_FUN_2c61c284
0x2c61c33c,FUN_2c61c33c,16,6,1,2c61c33c_FUN_2c61c33c
0x2c61c356,FUN_2c61c356,78,29,1,2c61c356_FUN_2c61c356
0x2c61c3b0,FUN_2c61c3b0,402,153,1,2c61c3b0_FUN_2c61c3b0
0x2c61c54c,FUN_2c61c54c,176,66,1,2c61c54c_FUN_2c61c54c
0x2c61c600,FUN_2c61c600,452,173,1,2c61c600_FUN_2c61c600
0x2c61c7d0,FUN_2c61c7d0,20,8,1,2c61c7d0_FUN_2c61c7d0
0x2c61c7e8,FUN_2c61c7e8,3650,1445,1,2c61c7e8_FUN_2c61c7e8
0x2c61d788,FUN_2c61d788,218,63,1,2c61d788_FUN_2c61d788
0x2c61d868,FUN_2c61d868,13332,4672,1,2c61d868_FUN_2c61d868
0x2c620d0c,FUN_2c620d0c,14,7,1,2c620d0c_FUN_2c620d0c
0x2c620d24,FUN_2c620d24,12,6,1,2c620d24_FUN_2c620d24
0x2c620d4c,FUN_2c620d4c,186,74,1,2c620d4c_FUN_2c620d4c
0x2c620e2c,FUN_2c620e2c,88,33,1,2c620e2c_FUN_2c620e2c
0x2c620e98,FUN_2c620e98,62,27,1,2c620e98_FUN_2c620e98
0x2c620eec,FUN_2c620eec,24,9,1,2c620eec_FUN_2c620eec
0x2c620f0c,FUN_2c620f0c,42,17,1,2c620f0c_FUN_2c620f0c
0x2c620f3c,FUN_2c620f3c,76,32,1,2c620f3c_FUN_2c620f3c
0x2c620f94,FUN_2c620f94,14,6,1,2c620f94_FUN_2c620f94
0x2c620fa4,FUN_2c620fa4,198,88,1,2c620fa4_FUN_2c620fa4
0x2c62107c,FUN_2c62107c,4,2,1,2c62107c_FUN_2c62107c
0x2c621080,FUN_2c621080,4,2,1,2c621080_FUN_2c621080
0x2c621084,FUN_2c621084,18,8,1,2c621084_FUN_2c621084
0x2c62109c,FUN_2c62109c,226,86,1,2c62109c_FUN_2c62109c
0x2c6211b4,FUN_2c6211b4,14,6,1,2c6211b4_FUN_2c6211b4
0x2c6211c4,FUN_2c6211c4,248,99,1,2c6211c4_FUN_2c6211c4
0x2c6212c4,FUN_2c6212c4,256,99,1,2c6212c4_FUN_2c6212c4
0x2c6213d0,FUN_2c6213d0,38,14,1,2c6213d0_FUN_2c6213d0
0x2c621400,FUN_2c621400,98,34,1,2c621400_FUN_2c621400
0x2c621464,FUN_2c621464,74,31,1,2c621464_FUN_2c621464
0x2c6214bc,FUN_2c6214bc,72,23,1,2c6214bc_FUN_2c6214bc
0x2c621504,FUN_2c621504,80,23,1,2c621504_FUN_2c621504
0x2c621554,FUN_2c621554,298,106,1,2c621554_FUN_2c621554
0x2c621680,FUN_2c621680,282,101,1,2c621680_FUN_2c621680
0x2c6218e4,FUN_2c6218e4,140,46,1,2c6218e4_FUN_2c6218e4
0x2c621970,FUN_2c621970,848,316,1,2c621970_FUN_2c621970
0x2c621cc0,FUN_2c621cc0,64,23,1,2c621cc0_FUN_2c621cc0
0x2c621d00,FUN_2c621d00,104,35,1,2c621d00_FUN_2c621d00
0x2c621d68,FUN_2c621d68,106,49,1,2c621d68_FUN_2c621d68
0x2c621efc,FUN_2c621efc,70,30,1,2c621efc_FUN_2c621efc
0x2c62202c,FUN_2c62202c,150,51,1,2c62202c_FUN_2c62202c
0x2c6220c4,FUN_2c6220c4,54,23,1,2c6220c4_FUN_2c6220c4
0x2c6220fc,FUN_2c6220fc,206,80,1,2c6220fc_FUN_2c6220fc
0x2c6221cc,FUN_2c6221cc,292,110,1,2c6221cc_FUN_2c6221cc
0x2c6222f0,FUN_2c6222f0,160,62,1,2c6222f0_FUN_2c6222f0
0x2c622390,FUN_2c622390,104,43,1,2c622390_FUN_2c622390
0x2c6223f8,FUN_2c6223f8,152,58,1,2c6223f8_FUN_2c6223f8
0x2c622564,FUN_2c622564,572,217,1,2c622564_FUN_2c622564
0x2c6227a0,FUN_2c6227a0,136,54,1,2c6227a0_FUN_2c6227a0
0x2c622e8c,FUN_2c622e8c,2354,878,1,2c622e8c_FUN_2c622e8c
0x2c6237e4,FUN_2c6237e4,274,105,1,2c6237e4_FUN_2c6237e4
0x2c623904,FUN_2c623904,152,63,1,2c623904_FUN_2c623904
0x2c623e50,FUN_2c623e50,46,18,1,2c623e50_FUN_2c623e50
0x2c623e84,FUN_2c623e84,82,33,1,2c623e84_FUN_2c623e84
0x2c623f94,FUN_2c623f94,70,29,1,2c623f94_FUN_2c623f94
0x2c623fdc,FUN_2c623fdc,90,29,1,2c623fdc_FUN_2c623fdc
0x2c624038,FUN_2c624038,86,25,1,2c624038_FUN_2c624038
0x2c624090,FUN_2c624090,2672,979,1,2c624090_FUN_2c624090
0x2c624b10,FUN_2c624b10,348,138,1,2c624b10_FUN_2c624b10
0x2c6259f4,FUN_2c6259f4,146,49,1,2c6259f4_FUN_2c6259f4
0x2c625a88,FUN_2c625a88,114,47,1,2c625a88_FUN_2c625a88
0x2c625b00,FUN_2c625b00,222,89,1,2c625b00_FUN_2c625b00
0x2c625be0,FUN_2c625be0,772,292,1,2c625be0_FUN_2c625be0
0x2c625f8c,FUN_2c625f8c,3076,1123,1,2c625f8c_FUN_2c625f8c
0x2c626be8,FUN_2c626be8,36,13,1,2c626be8_FUN_2c626be8
0x2c626c0c,FUN_2c626c0c,28,9,1,2c626c0c_FUN_2c626c0c
0x2c626c28,FUN_2c626c28,24,9,1,2c626c28_FUN_2c626c28
0x2c626cd4,FUN_2c626cd4,22,8,1,2c626cd4_FUN_2c626cd4
0x2c626cf4,FUN_2c626cf4,26,10,1,2c626cf4_FUN_2c626cf4
0x2c626dac,FUN_2c626dac,136,56,1,2c626dac_FUN_2c626dac
0x2c626e40,FUN_2c626e40,20,8,1,2c626e40_FUN_2c626e40
0x2c626e54,FUN_2c626e54,18,8,1,2c626e54_FUN_2c626e54
0x2c626e68,FUN_2c626e68,18,8,1,2c626e68_FUN_2c626e68
0x2c626e7c,FUN_2c626e7c,22,10,1,2c626e7c_FUN_2c626e7c
0x2c626e94,FUN_2c626e94,22,10,1,2c626e94_FUN_2c626e94
0x2c626eac,FUN_2c626eac,84,34,1,2c626eac_FUN_2c626eac
0x2c626f18,FUN_2c626f18,20,8,1,2c626f18_FUN_2c626f18
0x2c626f2c,FUN_2c626f2c,182,72,1,2c626f2c_FUN_2c626f2c
0x2c627008,FUN_2c627008,72,31,1,2c627008_FUN_2c627008
0x2c627060,FUN_2c627060,146,54,1,2c627060_FUN_2c627060
0x2c627144,FUN_2c627144,174,73,1,2c627144_FUN_2c627144
0x2c6271f8,FUN_2c6271f8,46,21,1,2c6271f8_FUN_2c6271f8
0x2c627228,FUN_2c627228,728,288,1,2c627228_FUN_2c627228
0x2c627514,FUN_2c627514,2164,796,1,2c627514_FUN_2c627514
0x2c627dd0,FUN_2c627dd0,64,27,1,2c627dd0_FUN_2c627dd0
0x2c627e28,FUN_2c627e28,44,18,1,2c627e28_FUN_2c627e28
0x2c627e50,FUN_2c627e50,64,27,1,2c627e50_FUN_2c627e50
0x2c627ea0,FUN_2c627ea0,30,11,1,2c627ea0_FUN_2c627ea0
0x2c627ec4,FUN_2c627ec4,18,7,1,2c627ec4_FUN_2c627ec4
0x2c627edc,FUN_2c627edc,262,96,1,2c627edc_FUN_2c627edc
0x2c6280bc,FUN_2c6280bc,2354,902,1,2c6280bc_FUN_2c6280bc
0x2c628a48,FUN_2c628a48,136,57,1,2c628a48_FUN_2c628a48
0x2c628b00,FUN_2c628b00,50,21,1,2c628b00_FUN_2c628b00
0x2c628b44,FUN_2c628b44,34,14,1,2c628b44_FUN_2c628b44
0x2c628b70,FUN_2c628b70,116,45,1,2c628b70_FUN_2c628b70
0x2c628bfc,FUN_2c628bfc,26,7,1,2c628bfc_FUN_2c628bfc
0x2c628c18,FUN_2c628c18,62,22,1,2c628c18_FUN_2c628c18
0x2c628c58,FUN_2c628c58,122,50,1,2c628c58_FUN_2c628c58
0x2c628cf4,FUN_2c628cf4,100,43,1,2c628cf4_FUN_2c628cf4
0x2c628d58,FUN_2c628d58,92,38,1,2c628d58_FUN_2c628d58
0x2c628e74,FUN_2c628e74,458,171,1,2c628e74_FUN_2c628e74
0x2c629048,FUN_2c629048,50,18,1,2c629048_FUN_2c629048
0x2c629810,FUN_2c629810,4,2,1,2c629810_FUN_2c629810
0x2c629814,FUN_2c629814,170,70,1,2c629814_FUN_2c629814
0x2c6298c0,FUN_2c6298c0,54,21,1,2c6298c0_FUN_2c6298c0
0x2c62992c,FUN_2c62992c,262,116,1,2c62992c_FUN_2c62992c
0x2c629a42,FUN_2c629a42,36,16,1,2c629a42_FUN_2c629a42
0x2c629a76,FUN_2c629a76,36,16,1,2c629a76_FUN_2c629a76
0x2c629aa4,FUN_2c629aa4,368,145,1,2c629aa4_FUN_2c629aa4
0x2c629c2c,FUN_2c629c2c,202,87,1,2c629c2c_FUN_2c629c2c
0x2c629d00,FUN_2c629d00,178,72,1,2c629d00_FUN_2c629d00
0x2c629df4,FUN_2c629df4,18,9,1,2c629df4_FUN_2c629df4
0x2c629e10,FUN_2c629e10,26,12,1,2c629e10_FUN_2c629e10
0x2c629e34,FUN_2c629e34,154,54,1,2c629e34_FUN_2c629e34
0x2c629ed8,FUN_2c629ed8,436,134,1,2c629ed8_FUN_2c629ed8
0x2c62a0a4,FUN_2c62a0a4,154,54,1,2c62a0a4_FUN_2c62a0a4
0x2c62a148,FUN_2c62a148,154,54,1,2c62a148_FUN_2c62a148
0x2c62a1ec,FUN_2c62a1ec,154,54,1,2c62a1ec_FUN_2c62a1ec
0x2c62a290,FUN_2c62a290,58,24,1,2c62a290_FUN_2c62a290
0x2c62a2dc,FUN_2c62a2dc,26,10,1,2c62a2dc_FUN_2c62a2dc
0x2c62a2f8,FUN_2c62a2f8,344,138,1,2c62a2f8_FUN_2c62a2f8
0x2c62a470,FUN_2c62a470,6,3,1,2c62a470_FUN_2c62a470
0x2c62a47c,FUN_2c62a47c,32,14,1,2c62a47c_FUN_2c62a47c
0x2c62a4a0,FUN_2c62a4a0,32,14,1,2c62a4a0_FUN_2c62a4a0
0x2c62a4c4,FUN_2c62a4c4,24,11,1,2c62a4c4_FUN_2c62a4c4
0x2c62a4ec,FUN_2c62a4ec,14,5,1,2c62a4ec_FUN_2c62a4ec
0x2c62a500,FUN_2c62a500,6,3,1,2c62a500_FUN_2c62a500
0x2c62a508,FUN_2c62a508,46,22,1,2c62a508_FUN_2c62a508
0x2c62a554,FUN_2c62a554,24,10,1,2c62a554_FUN_2c62a554
0x2c62a574,FUN_2c62a574,66,28,1,2c62a574_FUN_2c62a574
0x2c62a5c0,FUN_2c62a5c0,14,5,1,2c62a5c0_FUN_2c62a5c0
0x2c62a624,FUN_2c62a624,16,6,1,2c62a624_FUN_2c62a624
0x2c62a640,FUN_2c62a640,10,5,1,2c62a640_FUN_2c62a640
0x2c62a64c,FUN_2c62a64c,30,9,1,2c62a64c_FUN_2c62a64c
0x2c62a66c,FUN_2c62a66c,36,15,1,2c62a66c_FUN_2c62a66c
0x2c62a690,FUN_2c62a690,34,15,1,2c62a690_FUN_2c62a690
0x2c62a6b4,FUN_2c62a6b4,88,33,1,2c62a6b4_FUN_2c62a6b4
0x2c62a750,FUN_2c62a750,518,196,1,2c62a750_FUN_2c62a750
0x2c62a998,FUN_2c62a998,174,64,1,2c62a998_FUN_2c62a998
0x2c62aa4c,FUN_2c62aa4c,180,66,1,2c62aa4c_FUN_2c62aa4c
0x2c62ab04,FUN_2c62ab04,378,124,1,2c62ab04_FUN_2c62ab04
0x2c62ac98,FUN_2c62ac98,338,132,1,2c62ac98_FUN_2c62ac98
0x2c62adfc,lv_style_init_or_reset,6,2,1,2c62adfc_lv_style_init_or_reset
0x2c62ae04,FUN_2c62ae04,58,24,1,2c62ae04_FUN_2c62ae04
0x2c62af34,FUN_2c62af34,230,90,1,2c62af34_FUN_2c62af34
0x2c62b030,lv_obj_set_local_style_prop,6,2,1,2c62b030_lv_obj_set_local_style_prop
0x2c62b03c,FUN_2c62b03c,38,17,1,2c62b03c_FUN_2c62b03c
0x2c62b068,FUN_2c62b068,50,20,1,2c62b068_FUN_2c62b068
0x2c62b108,FUN_2c62b108,164,70,1,2c62b108_FUN_2c62b108
0x2c62b1b8,FUN_2c62b1b8,16,6,1,2c62b1b8_FUN_2c62b1b8
0x2c62b1c8,FUN_2c62b1c8,52,24,1,2c62b1c8_FUN_2c62b1c8
0x2c62b23c,FUN_2c62b23c,276,108,1,2c62b23c_FUN_2c62b23c
0x2c62b354,FUN_2c62b354,92,42,1,2c62b354_FUN_2c62b354
0x2c62b3bc,FUN_2c62b3bc,60,25,1,2c62b3bc_FUN_2c62b3bc
0x2c62b3fc,FUN_2c62b3fc,70,32,1,2c62b3fc_FUN_2c62b3fc
0x2c62b44c,FUN_2c62b44c,86,39,1,2c62b44c_FUN_2c62b44c
0x2c62b4ac,FUN_2c62b4ac,188,60,1,2c62b4ac_FUN_2c62b4ac
0x2c62b56c,FUN_2c62b56c,698,283,1,2c62b56c_FUN_2c62b56c
0x2c62b834,FUN_2c62b834,40,16,1,2c62b834_FUN_2c62b834
0x2c62b85c,FUN_2c62b85c,238,97,1,2c62b85c_FUN_2c62b85c
0x2c62b954,FUN_2c62b954,236,96,1,2c62b954_FUN_2c62b954
0x2c62ba40,FUN_2c62ba40,62,31,1,2c62ba40_FUN_2c62ba40
0x2c62ba80,FUN_2c62ba80,102,40,1,2c62ba80_FUN_2c62ba80
0x2c62bb3c,FUN_2c62bb3c,86,35,1,2c62bb3c_FUN_2c62bb3c
0x2c62bb98,FUN_2c62bb98,46,18,1,2c62bb98_FUN_2c62bb98
0x2c62bbcc,FUN_2c62bbcc,18,8,1,2c62bbcc_FUN_2c62bbcc
0x2c62bbea,FUN_2c62bbea,452,176,1,2c62bbea_FUN_2c62bbea
0x2c62bdd8,FUN_2c62bdd8,54,23,1,2c62bdd8_FUN_2c62bdd8
0x2c62be18,FUN_2c62be18,4,2,1,2c62be18_FUN_2c62be18
0x2c62be1c,FUN_2c62be1c,28,11,1,2c62be1c_FUN_2c62be1c
0x2c62be40,FUN_2c62be40,10,4,1,2c62be40_FUN_2c62be40
0x2c62be4c,FUN_2c62be4c,10,4,1,2c62be4c_FUN_2c62be4c
0x2c62be58,FUN_2c62be58,4,2,1,2c62be58_FUN_2c62be58
0x2c62be5c,FUN_2c62be5c,18,8,1,2c62be5c_FUN_2c62be5c
0x2c62be70,FUN_2c62be70,4,2,1,2c62be70_FUN_2c62be70
0x2c62be74,FUN_2c62be74,12,5,1,2c62be74_FUN_2c62be74
0x2c62be88,lv_mem_alloc,10,4,1,2c62be88_lv_mem_alloc
0x2c62be98,FUN_2c62be98,278,108,1,2c62be98_FUN_2c62be98
0x2c62bea8,FUN_2c62bea8,14,6,1,2c62bea8_FUN_2c62bea8
0x2c62bebc,FUN_2c62bebc,78,33,1,2c62bebc_FUN_2c62bebc
0x2c62bf1c,FUN_2c62bf1c,226,86,1,2c62bf1c_FUN_2c62bf1c
0x2c62c040,FUN_2c62c040,58,22,1,2c62c040_FUN_2c62c040
0x2c62c0d8,FUN_2c62c0d8,572,172,1,2c62c0d8_FUN_2c62c0d8
0x2c62c314,FUN_2c62c314,148,53,1,2c62c314_FUN_2c62c314
0x2c62c3a8,FUN_2c62c3a8,8,3,1,2c62c3a8_FUN_2c62c3a8
0x2c62c3b0,FUN_2c62c3b0,170,63,1,2c62c3b0_FUN_2c62c3b0
0x2c62c45c,FUN_2c62c45c,36,16,1,2c62c45c_FUN_2c62c45c
0x2c62c484,FUN_2c62c484,176,63,1,2c62c484_FUN_2c62c484
0x2c62c538,FUN_2c62c538,22,9,1,2c62c538_FUN_2c62c538
0x2c62c550,FUN_2c62c550,112,39,1,2c62c550_FUN_2c62c550
0x2c62c5c4,FUN_2c62c5c4,176,74,1,2c62c5c4_FUN_2c62c5c4
0x2c62c678,FUN_2c62c678,38,18,1,2c62c678_FUN_2c62c678
0x2c62c6a0,lv_obj_set_style_width,8,3,1,2c62c6a0_lv_obj_set_style_width
0x2c62c6a8,FUN_2c62c6a8,8,3,1,2c62c6a8_FUN_2c62c6a8
0x2c62c6b0,lv_obj_set_style_height,8,3,1,2c62c6b0_lv_obj_set_style_height
0x2c62c6b8,FUN_2c62c6b8,8,3,1,2c62c6b8_FUN_2c62c6b8
0x2c62c6c0,FUN_2c62c6c0,8,3,1,2c62c6c0_FUN_2c62c6c0
0x2c62c6c8,FUN_2c62c6c8,8,3,1,2c62c6c8_FUN_2c62c6c8
0x2c62c6d0,lv_obj_set_style_pad_top,8,3,1,2c62c6d0_lv_obj_set_style_pad_top
0x2c62c6d8,lv_obj_set_style_pad_bottom,8,3,1,2c62c6d8_lv_obj_set_style_pad_bottom
0x2c62c6e0,lv_obj_set_style_pad_left,8,3,1,2c62c6e0_lv_obj_set_style_pad_left
0x2c62c6e8,lv_obj_set_style_pad_right,8,3,1,2c62c6e8_lv_obj_set_style_pad_right
0x2c62c6f0,FUN_2c62c6f0,8,3,1,2c62c6f0_FUN_2c62c6f0
0x2c62c6f8,FUN_2c62c6f8,8,3,1,2c62c6f8_FUN_2c62c6f8
0x2c62c700,lv_obj_set_style_bg_color,8,3,1,2c62c700_lv_obj_set_style_bg_color
0x2c62c708,lv_obj_set_style_bg_opa,8,3,1,2c62c708_lv_obj_set_style_bg_opa
0x2c62c710,FUN_2c62c710,8,3,1,2c62c710_FUN_2c62c710
0x2c62c718,FUN_2c62c718,8,3,1,2c62c718_FUN_2c62c718
0x2c62c720,lv_obj_set_style_prop_0x30,8,3,1,2c62c720_lv_obj_set_style_prop_0x30
0x2c62c728,lv_obj_set_style_prop_0x31,8,3,1,2c62c728_lv_obj_set_style_prop_0x31
0x2c62c730,lv_obj_set_style_prop_0x32,8,3,1,2c62c730_lv_obj_set_style_prop_0x32
0x2c62c738,FUN_2c62c738,8,3,1,2c62c738_FUN_2c62c738
0x2c62c740,FUN_2c62c740,8,3,1,2c62c740_FUN_2c62c740
0x2c62c748,FUN_2c62c748,8,3,1,2c62c748_FUN_2c62c748
0x2c62c750,FUN_2c62c750,8,3,1,2c62c750_FUN_2c62c750
0x2c62c758,FUN_2c62c758,8,3,1,2c62c758_FUN_2c62c758
0x2c62c760,FUN_2c62c760,8,3,1,2c62c760_FUN_2c62c760
0x2c62c768,FUN_2c62c768,8,3,1,2c62c768_FUN_2c62c768
0x2c62c770,FUN_2c62c770,8,3,1,2c62c770_FUN_2c62c770
0x2c62c778,FUN_2c62c778,8,3,1,2c62c778_FUN_2c62c778
0x2c62c780,FUN_2c62c780,8,3,1,2c62c780_FUN_2c62c780
0x2c62c788,FUN_2c62c788,8,3,1,2c62c788_FUN_2c62c788
0x2c62c790,FUN_2c62c790,8,3,1,2c62c790_FUN_2c62c790
0x2c62c798,FUN_2c62c798,8,3,1,2c62c798_FUN_2c62c798
0x2c62c7a0,FUN_2c62c7a0,8,3,1,2c62c7a0_FUN_2c62c7a0
0x2c62c7a8,FUN_2c62c7a8,8,3,1,2c62c7a8_FUN_2c62c7a8
0x2c62c7b0,FUN_2c62c7b0,8,3,1,2c62c7b0_FUN_2c62c7b0
0x2c62c7b8,FUN_2c62c7b8,8,3,1,2c62c7b8_FUN_2c62c7b8
0x2c62c7c0,FUN_2c62c7c0,8,3,1,2c62c7c0_FUN_2c62c7c0
0x2c62c7d0,FUN_2c62c7d0,8,3,1,2c62c7d0_FUN_2c62c7d0
0x2c62c7d8,FUN_2c62c7d8,8,3,1,2c62c7d8_FUN_2c62c7d8
0x2c62c7e0,FUN_2c62c7e0,8,3,1,2c62c7e0_FUN_2c62c7e0
0x2c62c7e8,lv_obj_set_style_radius,8,3,1,2c62c7e8_lv_obj_set_style_radius
0x2c62c7f0,FUN_2c62c7f0,8,3,1,2c62c7f0_FUN_2c62c7f0
0x2c62c800,FUN_2c62c800,8,3,1,2c62c800_FUN_2c62c800
0x2c62c808,FUN_2c62c808,8,3,1,2c62c808_FUN_2c62c808
0x2c62c810,FUN_2c62c810,8,3,1,2c62c810_FUN_2c62c810
0x2c62c818,FUN_2c62c818,8,3,1,2c62c818_FUN_2c62c818
0x2c62c82c,FUN_2c62c82c,230,87,1,2c62c82c_FUN_2c62c82c
0x2c62c928,FUN_2c62c928,16,6,1,2c62c928_FUN_2c62c928
0x2c62c938,FUN_2c62c938,46,21,1,2c62c938_FUN_2c62c938
0x2c62c968,FUN_2c62c968,48,23,1,2c62c968_FUN_2c62c968
0x2c62c998,FUN_2c62c998,80,37,1,2c62c998_FUN_2c62c998
0x2c62c9e8,FUN_2c62c9e8,40,18,1,2c62c9e8_FUN_2c62c9e8
0x2c62ca10,FUN_2c62ca10,6,3,1,2c62ca10_FUN_2c62ca10
0x2c62ca18,FUN_2c62ca18,6,3,1,2c62ca18_FUN_2c62ca18
0x2c62ca20,FUN_2c62ca20,8,4,1,2c62ca20_FUN_2c62ca20
0x2c62ca28,FUN_2c62ca28,6,3,1,2c62ca28_FUN_2c62ca28
0x2c62ca30,FUN_2c62ca30,26,13,1,2c62ca30_FUN_2c62ca30
0x2c62ca4c,FUN_2c62ca4c,24,11,1,2c62ca4c_FUN_2c62ca4c
0x2c62ca70,FUN_2c62ca70,134,59,1,2c62ca70_FUN_2c62ca70
0x2c62caf8,FUN_2c62caf8,456,169,1,2c62caf8_FUN_2c62caf8
0x2c62ccc0,FUN_2c62ccc0,170,58,1,2c62ccc0_FUN_2c62ccc0
0x2c62cd70,FUN_2c62cd70,222,84,1,2c62cd70_FUN_2c62cd70
0x2c62ce58,FUN_2c62ce58,754,243,1,2c62ce58_FUN_2c62ce58
0x2c62d190,FUN_2c62d190,796,280,1,2c62d190_FUN_2c62d190
0x2c62d4fc,FUN_2c62d4fc,1520,561,1,2c62d4fc_FUN_2c62d4fc
0x2c62dbd4,FUN_2c62dbd4,72,27,1,2c62dbd4_FUN_2c62dbd4
0x2c62dc24,FUN_2c62dc24,26,12,1,2c62dc24_FUN_2c62dc24
0x2c62dc44,FUN_2c62dc44,22,9,1,2c62dc44_FUN_2c62dc44
0x2c62dd10,FUN_2c62dd10,228,92,1,2c62dd10_FUN_2c62dd10
0x2c62de2c,FUN_2c62de2c,72,33,1,2c62de2c_FUN_2c62de2c
0x2c62de74,FUN_2c62de74,438,179,1,2c62de74_FUN_2c62de74
0x2c62e030,FUN_2c62e030,192,88,1,2c62e030_FUN_2c62e030
0x2c62e0f4,FUN_2c62e0f4,54,25,1,2c62e0f4_FUN_2c62e0f4
0x2c62e134,FUN_2c62e134,16,7,1,2c62e134_FUN_2c62e134
0x2c62e148,FUN_2c62e148,46,21,1,2c62e148_FUN_2c62e148
0x2c62e1a4,FUN_2c62e1a4,22,9,1,2c62e1a4_FUN_2c62e1a4
0x2c62e208,FUN_2c62e208,108,42,1,2c62e208_FUN_2c62e208
0x2c62e27c,FUN_2c62e27c,82,24,1,2c62e27c_FUN_2c62e27c
0x2c62e2d0,FUN_2c62e2d0,240,72,1,2c62e2d0_FUN_2c62e2d0
0x2c62e4a8,FUN_2c62e4a8,88,38,1,2c62e4a8_FUN_2c62e4a8
0x2c62e500,FUN_2c62e500,34,12,1,2c62e500_FUN_2c62e500
0x2c62e528,FUN_2c62e528,74,28,1,2c62e528_FUN_2c62e528
0x2c62e574,FUN_2c62e574,42,16,1,2c62e574_FUN_2c62e574
0x2c62e5a0,FUN_2c62e5a0,430,173,1,2c62e5a0_FUN_2c62e5a0
0x2c62e764,FUN_2c62e764,64,27,1,2c62e764_FUN_2c62e764
0x2c62e7b4,FUN_2c62e7b4,46,18,1,2c62e7b4_FUN_2c62e7b4
0x2c62e7e8,FUN_2c62e7e8,78,30,1,2c62e7e8_FUN_2c62e7e8
0x2c62e838,FUN_2c62e838,168,66,1,2c62e838_FUN_2c62e838
0x2c62e8ec,FUN_2c62e8ec,148,63,1,2c62e8ec_FUN_2c62e8ec
0x2c62e994,FUN_2c62e994,58,27,1,2c62e994_FUN_2c62e994
0x2c62e9d4,FUN_2c62e9d4,30,12,1,2c62e9d4_FUN_2c62e9d4
0x2c62e9f4,FUN_2c62e9f4,54,21,1,2c62e9f4_FUN_2c62e9f4
0x2c62ea2c,FUN_2c62ea2c,58,21,1,2c62ea2c_FUN_2c62ea2c
0x2c62ea68,FUN_2c62ea68,56,21,1,2c62ea68_FUN_2c62ea68
0x2c62eaa0,FUN_2c62eaa0,214,73,1,2c62eaa0_FUN_2c62eaa0
0x2c62ec6c,FUN_2c62ec6c,20,7,1,2c62ec6c_FUN_2c62ec6c
0x2c62ecbc,FUN_2c62ecbc,100,31,1,2c62ecbc_FUN_2c62ecbc
0x2c62ed70,FUN_2c62ed70,224,75,1,2c62ed70_FUN_2c62ed70
0x2c62ee64,FUN_2c62ee64,18,7,1,2c62ee64_FUN_2c62ee64
0x2c62ee7c,FUN_2c62ee7c,32,13,1,2c62ee7c_FUN_2c62ee7c
0x2c62eea0,FUN_2c62eea0,30,12,1,2c62eea0_FUN_2c62eea0
0x2c62eec4,FUN_2c62eec4,42,19,1,2c62eec4_FUN_2c62eec4
0x2c62ef08,FUN_2c62ef08,156,56,1,2c62ef08_FUN_2c62ef08
0x2c62efc8,FUN_2c62efc8,160,66,1,2c62efc8_FUN_2c62efc8
0x2c62f0d8,FUN_2c62f0d8,20,9,1,2c62f0d8_FUN_2c62f0d8
0x2c62f124,FUN_2c62f124,134,59,1,2c62f124_FUN_2c62f124
0x2c62f1ec,FUN_2c62f1ec,24,10,1,2c62f1ec_FUN_2c62f1ec
0x2c62f228,FUN_2c62f228,22,10,1,2c62f228_FUN_2c62f228
0x2c62f35c,FUN_2c62f35c,28,10,1,2c62f35c_FUN_2c62f35c
0x2c62f388,FUN_2c62f388,20,7,1,2c62f388_FUN_2c62f388
0x2c62f3a2,FUN_2c62f3a2,96,41,1,2c62f3a2_FUN_2c62f3a2
0x2c62f438,FUN_2c62f438,20,9,1,2c62f438_FUN_2c62f438
0x2c62f46c,FUN_2c62f46c,66,31,1,2c62f46c_FUN_2c62f46c
0x2c62f4cc,FUN_2c62f4cc,26,10,1,2c62f4cc_FUN_2c62f4cc
0x2c62f4ec,FUN_2c62f4ec,134,54,1,2c62f4ec_FUN_2c62f4ec
0x2c62f594,FUN_2c62f594,24,11,1,2c62f594_FUN_2c62f594
0x2c62f62a,FUN_2c62f62a,42,20,1,2c62f62a_FUN_2c62f62a
0x2c62f674,FUN_2c62f674,28,11,1,2c62f674_FUN_2c62f674
0x2c62f698,FUN_2c62f698,112,42,1,2c62f698_FUN_2c62f698
0x2c62f820,FUN_2c62f820,148,56,1,2c62f820_FUN_2c62f820
0x2c62f8b0,FUN_2c62f8b0,50,20,1,2c62f8b0_FUN_2c62f8b0
0x2c62f908,FUN_2c62f908,244,92,1,2c62f908_FUN_2c62f908
0x2c62fa1a,FUN_2c62fa1a,80,37,1,2c62fa1a_FUN_2c62fa1a
0x2c62fabc,FUN_2c62fabc,20,9,1,2c62fabc_FUN_2c62fabc
0x2c62fb04,FUN_2c62fb04,36,13,1,2c62fb04_FUN_2c62fb04
0x2c62fb28,FUN_2c62fb28,754,277,1,2c62fb28_FUN_2c62fb28
0x2c62fe2c,FUN_2c62fe2c,30,11,1,2c62fe2c_FUN_2c62fe2c
0x2c62fe4c,FUN_2c62fe4c,20,8,1,2c62fe4c_FUN_2c62fe4c
0x2c62fe64,FUN_2c62fe64,196,77,1,2c62fe64_FUN_2c62fe64
0x2c62ff28,FUN_2c62ff28,92,32,1,2c62ff28_FUN_2c62ff28
0x2c62ff88,FUN_2c62ff88,488,193,1,2c62ff88_FUN_2c62ff88
0x2c630178,FUN_2c630178,1502,534,1,2c630178_FUN_2c630178
0x2c63076c,FUN_2c63076c,116,45,1,2c63076c_FUN_2c63076c
0x2c6307e4,FUN_2c6307e4,150,59,1,2c6307e4_FUN_2c6307e4
0x2c630880,FUN_2c630880,140,52,1,2c630880_FUN_2c630880
0x2c630910,FUN_2c630910,376,145,1,2c630910_FUN_2c630910
0x2c630a98,FUN_2c630a98,372,142,1,2c630a98_FUN_2c630a98
0x2c630c14,FUN_2c630c14,26,9,1,2c630c14_FUN_2c630c14
0x2c630c30,FUN_2c630c30,248,85,1,2c630c30_FUN_2c630c30
0x2c630d28,FUN_2c630d28,66,23,1,2c630d28_FUN_2c630d28
0x2c630d7e,FUN_2c630d7e,102,39,1,2c630d7e_FUN_2c630d7e
0x2c630de8,FUN_2c630de8,1268,461,1,2c630de8_FUN_2c630de8
0x2c6312f4,FUN_2c6312f4,110,39,1,2c6312f4_FUN_2c6312f4
0x2c631368,FUN_2c631368,94,30,1,2c631368_FUN_2c631368
0x2c6313d8,FUN_2c6313d8,28,10,1,2c6313d8_FUN_2c6313d8
0x2c6313f4,FUN_2c6313f4,20,8,1,2c6313f4_FUN_2c6313f4
0x2c63140c,FUN_2c63140c,448,163,1,2c63140c_FUN_2c63140c
0x2c6315d0,FUN_2c6315d0,280,99,1,2c6315d0_FUN_2c6315d0
0x2c6316ec,FUN_2c6316ec,284,105,1,2c6316ec_FUN_2c6316ec
0x2c63180c,FUN_2c63180c,4,2,1,2c63180c_FUN_2c63180c
0x2c631810,FUN_2c631810,1256,445,1,2c631810_FUN_2c631810
0x2c631d04,FUN_2c631d04,606,226,1,2c631d04_FUN_2c631d04
0x2c631f74,FUN_2c631f74,54,19,1,2c631f74_FUN_2c631f74
0x2c631fae,FUN_2c631fae,36,14,1,2c631fae_FUN_2c631fae
0x2c631fd4,FUN_2c631fd4,88,38,1,2c631fd4_FUN_2c631fd4
0x2c63202c,FUN_2c63202c,90,35,1,2c63202c_FUN_2c63202c
0x2c632088,FUN_2c632088,232,81,1,2c632088_FUN_2c632088
0x2c632174,FUN_2c632174,248,91,1,2c632174_FUN_2c632174
0x2c632270,FUN_2c632270,544,213,1,2c632270_FUN_2c632270
0x2c632538,FUN_2c632538,102,41,1,2c632538_FUN_2c632538
0x2c6325a0,FUN_2c6325a0,82,29,1,2c6325a0_FUN_2c6325a0
0x2c632620,FUN_2c632620,4,2,1,2c632620_FUN_2c632620
0x2c632624,FUN_2c632624,126,49,1,2c632624_FUN_2c632624
0x2c6326a4,FUN_2c6326a4,604,228,1,2c6326a4_FUN_2c6326a4
0x2c632900,FUN_2c632900,224,89,1,2c632900_FUN_2c632900
0x2c6329e4,FUN_2c6329e4,1192,438,1,2c6329e4_FUN_2c6329e4
0x2c632e9c,FUN_2c632e9c,118,45,1,2c632e9c_FUN_2c632e9c
0x2c632f22,FUN_2c632f22,40,17,1,2c632f22_FUN_2c632f22
0x2c632f4c,FUN_2c632f4c,548,198,1,2c632f4c_FUN_2c632f4c
0x2c633180,FUN_2c633180,58,22,1,2c633180_FUN_2c633180
0x2c6331c6,FUN_2c6331c6,106,38,1,2c6331c6_FUN_2c6331c6
0x2c63339c,FUN_2c63339c,296,115,1,2c63339c_FUN_2c63339c
0x2c6334cc,FUN_2c6334cc,124,40,1,2c6334cc_FUN_2c6334cc
0x2c6335f4,FUN_2c6335f4,62,22,1,2c6335f4_FUN_2c6335f4
0x2c633a90,FUN_2c633a90,132,51,1,2c633a90_FUN_2c633a90
0x2c633b18,FUN_2c633b18,118,45,1,2c633b18_FUN_2c633b18
0x2c633b94,FUN_2c633b94,1360,493,1,2c633b94_FUN_2c633b94
0x2c6340f4,FUN_2c6340f4,310,122,1,2c6340f4_FUN_2c6340f4
0x2c6347c8,FUN_2c6347c8,92,35,1,2c6347c8_FUN_2c6347c8
0x2c63482a,FUN_2c63482a,56,24,1,2c63482a_FUN_2c63482a
0x2c634864,FUN_2c634864,242,90,1,2c634864_FUN_2c634864
0x2c634958,FUN_2c634958,2288,880,1,2c634958_FUN_2c634958
0x2c634ccc,FUN_2c634ccc,448,178,1,2c634ccc_FUN_2c634ccc
0x2c634e90,FUN_2c634e90,1048,362,1,2c634e90_FUN_2c634e90
0x2c6352b4,FUN_2c6352b4,24,9,1,2c6352b4_FUN_2c6352b4
0x2c6352cc,FUN_2c6352cc,246,90,1,2c6352cc_FUN_2c6352cc
0x2c635720,FUN_2c635720,1632,637,1,2c635720_FUN_2c635720
0x2c635d90,FUN_2c635d90,20,8,1,2c635d90_FUN_2c635d90
0x2c635da8,FUN_2c635da8,8,3,1,2c635da8_FUN_2c635da8
0x2c635dd0,FUN_2c635dd0,64,27,1,2c635dd0_FUN_2c635dd0
0x2c635e10,FUN_2c635e10,12,5,1,2c635e10_FUN_2c635e10
0x2c635e1c,FUN_2c635e1c,164,61,1,2c635e1c_FUN_2c635e1c
0x2c635ec0,FUN_2c635ec0,86,33,1,2c635ec0_FUN_2c635ec0
0x2c635f18,FUN_2c635f18,102,39,1,2c635f18_FUN_2c635f18
0x2c635f80,FUN_2c635f80,4,2,1,2c635f80_FUN_2c635f80
0x2c636000,FUN_2c636000,50,17,1,2c636000_FUN_2c636000
0x2c636038,FUN_2c636038,776,296,1,2c636038_FUN_2c636038
0x2c636348,FUN_2c636348,26,10,1,2c636348_FUN_2c636348
0x2c636364,FUN_2c636364,122,51,1,2c636364_FUN_2c636364
0x2c6363e0,FUN_2c6363e0,172,65,1,2c6363e0_FUN_2c6363e0
0x2c63648c,FUN_2c63648c,206,73,1,2c63648c_FUN_2c63648c
0x2c63655c,FUN_2c63655c,88,29,1,2c63655c_FUN_2c63655c
0x2c6365bc,FUN_2c6365bc,174,67,1,2c6365bc_FUN_2c6365bc
0x2c636670,FUN_2c636670,20,8,1,2c636670_FUN_2c636670
0x2c636688,FUN_2c636688,256,102,1,2c636688_FUN_2c636688
0x2c63678c,FUN_2c63678c,256,102,1,2c63678c_FUN_2c63678c
0x2c636890,FUN_2c636890,256,97,1,2c636890_FUN_2c636890
0x2c636990,FUN_2c636990,1686,612,1,2c636990_FUN_2c636990
0x2c63703c,FUN_2c63703c,24,9,1,2c63703c_FUN_2c63703c
0x2c637114,FUN_2c637114,36,16,1,2c637114_FUN_2c637114
0x2c637138,FUN_2c637138,156,61,1,2c637138_FUN_2c637138
0x2c6371d4,FUN_2c6371d4,216,86,1,2c6371d4_FUN_2c6371d4
0x2c6371ec,FUN_2c6371ec,6,2,1,2c6371ec_FUN_2c6371ec
0x2c6371f4,FUN_2c6371f4,40,16,1,2c6371f4_FUN_2c6371f4
0x2c637248,FUN_2c637248,166,65,1,2c637248_FUN_2c637248
0x2c63730a,FUN_2c63730a,56,21,1,2c63730a_FUN_2c63730a
0x2c637344,FUN_2c637344,20,8,1,2c637344_FUN_2c637344
0x2c63735c,FUN_2c63735c,6,2,1,2c63735c_FUN_2c63735c
0x2c63736c,FUN_2c63736c,4,2,1,2c63736c_FUN_2c63736c
0x2c637370,FUN_2c637370,542,222,1,2c637370_FUN_2c637370
0x2c637598,FUN_2c637598,658,263,1,2c637598_FUN_2c637598
0x2c637838,FUN_2c637838,626,241,1,2c637838_FUN_2c637838
0x2c637ab0,FUN_2c637ab0,4,2,1,2c637ab0_FUN_2c637ab0
0x2c637ab4,FUN_2c637ab4,4,2,1,2c637ab4_FUN_2c637ab4
0x2c637ab8,FUN_2c637ab8,118,50,1,2c637ab8_FUN_2c637ab8
0x2c637b3c,FUN_2c637b3c,1990,718,1,2c637b3c_FUN_2c637b3c
0x2c63835c,FUN_2c63835c,968,343,1,2c63835c_FUN_2c63835c
0x2c638730,FUN_2c638730,118,44,1,2c638730_FUN_2c638730
0x2c6387a8,FUN_2c6387a8,10,4,1,2c6387a8_FUN_2c6387a8
0x2c6387b2,FUN_2c6387b2,92,35,1,2c6387b2_FUN_2c6387b2
0x2c638814,FUN_2c638814,116,45,1,2c638814_FUN_2c638814
0x2c63888c,FUN_2c63888c,64,24,1,2c63888c_FUN_2c63888c
0x2c6388cc,FUN_2c6388cc,14,5,1,2c6388cc_FUN_2c6388cc
0x2c6388dc,FUN_2c6388dc,128,47,1,2c6388dc_FUN_2c6388dc
0x2c638964,FUN_2c638964,86,28,1,2c638964_FUN_2c638964
0x2c6389d8,FUN_2c6389d8,1802,642,1,2c6389d8_FUN_2c6389d8
0x2c639108,FUN_2c639108,28,9,1,2c639108_FUN_2c639108
0x2c639164,FUN_2c639164,198,79,1,2c639164_FUN_2c639164
0x2c6392b0,FUN_2c6392b0,112,40,1,2c6392b0_FUN_2c6392b0
0x2c639320,FUN_2c639320,20,8,1,2c639320_FUN_2c639320
0x2c639338,FUN_2c639338,180,76,1,2c639338_FUN_2c639338
0x2c6393b8,FUN_2c6393b8,62,26,1,2c6393b8_FUN_2c6393b8
0x2c6393f8,FUN_2c6393f8,6,3,1,2c6393f8_FUN_2c6393f8
0x2c639454,FUN_2c639454,506,196,1,2c639454_FUN_2c639454
0x2c639688,FUN_2c639688,160,54,1,2c639688_FUN_2c639688
0x2c639778,FUN_2c639778,224,80,1,2c639778_FUN_2c639778
0x2c639858,FUN_2c639858,226,81,1,2c639858_FUN_2c639858
0x2c639940,FUN_2c639940,196,69,1,2c639940_FUN_2c639940
0x2c639a08,FUN_2c639a08,166,59,1,2c639a08_FUN_2c639a08
0x2c639ab4,FUN_2c639ab4,172,67,1,2c639ab4_FUN_2c639ab4
0x2c639b64,FUN_2c639b64,162,60,1,2c639b64_FUN_2c639b64
0x2c639c10,FUN_2c639c10,26,10,1,2c639c10_FUN_2c639c10
0x2c639c40,FUN_2c639c40,34,14,1,2c639c40_FUN_2c639c40
0x2c639ca0,FUN_2c639ca0,34,14,1,2c639ca0_FUN_2c639ca0
0x2c639d00,FUN_2c639d00,34,14,1,2c639d00_FUN_2c639d00
0x2c639d60,FUN_2c639d60,34,14,1,2c639d60_FUN_2c639d60
0x2c639dc0,FUN_2c639dc0,34,14,1,2c639dc0_FUN_2c639dc0
0x2c639e20,FUN_2c639e20,24,10,1,2c639e20_FUN_2c639e20
0x2c639e60,FUN_2c639e60,24,10,1,2c639e60_FUN_2c639e60
0x2c639ea0,FUN_2c639ea0,26,10,1,2c639ea0_FUN_2c639ea0
0x2c639ed4,FUN_2c639ed4,28,11,1,2c639ed4_FUN_2c639ed4
0x2c639f14,FUN_2c639f14,36,14,1,2c639f14_FUN_2c639f14
0x2c639f84,FUN_2c639f84,26,10,1,2c639f84_FUN_2c639f84
0x2c639fbc,FUN_2c639fbc,26,10,1,2c639fbc_FUN_2c639fbc
0x2c639ff4,FUN_2c639ff4,26,11,1,2c639ff4_FUN_2c639ff4
0x2c63a030,FUN_2c63a030,26,10,1,2c63a030_FUN_2c63a030
0x2c63a068,FUN_2c63a068,26,10,1,2c63a068_FUN_2c63a068
0x2c63a0a0,FUN_2c63a0a0,26,10,1,2c63a0a0_FUN_2c63a0a0
0x2c63a0dc,FUN_2c63a0dc,48,18,1,2c63a0dc_FUN_2c63a0dc
0x2c63a1a4,FUN_2c63a1a4,26,11,1,2c63a1a4_FUN_2c63a1a4
0x2c63a1ec,FUN_2c63a1ec,26,11,1,2c63a1ec_FUN_2c63a1ec
0x2c63a234,FUN_2c63a234,24,10,1,2c63a234_FUN_2c63a234
0x2c63a268,FUN_2c63a268,24,10,1,2c63a268_FUN_2c63a268
0x2c63a29c,FUN_2c63a29c,26,11,1,2c63a29c_FUN_2c63a29c
0x2c63a2f0,FUN_2c63a2f0,34,14,1,2c63a2f0_FUN_2c63a2f0
0x2c63a348,FUN_2c63a348,34,14,1,2c63a348_FUN_2c63a348
0x2c63a3a0,FUN_2c63a3a0,34,14,1,2c63a3a0_FUN_2c63a3a0
0x2c63a3f8,FUN_2c63a3f8,34,14,1,2c63a3f8_FUN_2c63a3f8
0x2c63a450,FUN_2c63a450,34,14,1,2c63a450_FUN_2c63a450
0x2c63a4a8,FUN_2c63a4a8,34,14,1,2c63a4a8_FUN_2c63a4a8
0x2c63a500,FUN_2c63a500,34,14,1,2c63a500_FUN_2c63a500
0x2c63a558,FUN_2c63a558,34,14,1,2c63a558_FUN_2c63a558
0x2c63a5b0,FUN_2c63a5b0,34,14,1,2c63a5b0_FUN_2c63a5b0
0x2c63a60c,FUN_2c63a60c,52,20,1,2c63a60c_FUN_2c63a60c
0x2c63a640,FUN_2c63a640,76,30,1,2c63a640_FUN_2c63a640
0x2c63a6b8,FUN_2c63a6b8,28,12,1,2c63a6b8_FUN_2c63a6b8
0x2c63a734,FUN_2c63a734,28,12,1,2c63a734_FUN_2c63a734
0x2c63a7b0,FUN_2c63a7b0,30,12,1,2c63a7b0_FUN_2c63a7b0
0x2c63a86c,FUN_2c63a86c,30,12,1,2c63a86c_FUN_2c63a86c
0x2c63a8ec,FUN_2c63a8ec,30,12,1,2c63a8ec_FUN_2c63a8ec
0x2c63a96c,FUN_2c63a96c,30,12,1,2c63a96c_FUN_2c63a96c
0x2c63aa10,FUN_2c63aa10,28,12,1,2c63aa10_FUN_2c63aa10
0x2c63ab06,FUN_2c63ab06,42,17,1,2c63ab06_FUN_2c63ab06
0x2c63affe,FUN_2c63affe,20,8,1,2c63affe_FUN_2c63affe
0x2c63b0a8,FUN_2c63b0a8,200,76,1,2c63b0a8_FUN_2c63b0a8
0x2c63b1dc,FUN_2c63b1dc,240,96,1,2c63b1dc_FUN_2c63b1dc
0x2c63b584,FUN_2c63b584,154,62,1,2c63b584_FUN_2c63b584
0x2c63b6c8,FUN_2c63b6c8,90,35,1,2c63b6c8_FUN_2c63b6c8
0x2c63b72c,FUN_2c63b72c,138,55,1,2c63b72c_FUN_2c63b72c
0x2c63b7f8,FUN_2c63b7f8,154,62,1,2c63b7f8_FUN_2c63b7f8
0x2c63b8cc,FUN_2c63b8cc,24,9,1,2c63b8cc_FUN_2c63b8cc
0x2c63b92c,FUN_2c63b92c,378,143,1,2c63b92c_FUN_2c63b92c
0x2c63b9e4,FUN_2c63b9e4,22,10,1,2c63b9e4_FUN_2c63b9e4
0x2c63ba18,FUN_2c63ba18,24,11,1,2c63ba18_FUN_2c63ba18
0x2c63ba68,FUN_2c63ba68,36,16,1,2c63ba68_FUN_2c63ba68
0x2c63bb94,thunk_FUN_2c489a64,4,1,1,2c63bb94_thunk_FUN_2c489a64
0x2c63bb98,FUN_2c63bb98,74,30,1,2c63bb98_FUN_2c63bb98
0x2c63bbfc,FUN_2c63bbfc,78,30,1,2c63bbfc_FUN_2c63bbfc
0x2c63bc7c,FUN_2c63bc7c,214,81,1,2c63bc7c_FUN_2c63bc7c
0x2c63bce4,FUN_2c63bce4,24,9,1,2c63bce4_FUN_2c63bce4
0x2c63bd2c,FUN_2c63bd2c,34,14,1,2c63bd2c_FUN_2c63bd2c
0x2c63bd72,FUN_2c63bd72,20,8,1,2c63bd72_FUN_2c63bd72
0x2c63be0c,FUN_2c63be0c,48,20,1,2c63be0c_FUN_2c63be0c
0x2c63be50,FUN_2c63be50,32,13,1,2c63be50_FUN_2c63be50
0x2c63bedc,FUN_2c63bedc,24,10,1,2c63bedc_FUN_2c63bedc
0x2c63bf24,FUN_2c63bf24,24,10,1,2c63bf24_FUN_2c63bf24
0x2c63bf5e,FUN_2c63bf5e,60,19,1,2c63bf5e_FUN_2c63bf5e
0x2c63bfc0,FUN_2c63bfc0,26,10,1,2c63bfc0_FUN_2c63bfc0
0x2c63c034,FUN_2c63c034,38,16,1,2c63c034_FUN_2c63c034
0x2c63c064,FUN_2c63c064,160,59,1,2c63c064_FUN_2c63c064
0x2c63c11c,FUN_2c63c11c,94,37,1,2c63c11c_FUN_2c63c11c
0x2c63c1e4,FUN_2c63c1e4,24,10,1,2c63c1e4_FUN_2c63c1e4
0x2c63c244,FUN_2c63c244,36,14,1,2c63c244_FUN_2c63c244
0x2c63c328,FUN_2c63c328,60,20,1,2c63c328_FUN_2c63c328
0x2c63c364,FUN_2c63c364,26,10,1,2c63c364_FUN_2c63c364
0x2c63c3d8,FUN_2c63c3d8,54,21,1,2c63c3d8_FUN_2c63c3d8
0x2c63c518,FUN_2c63c518,22,9,1,2c63c518_FUN_2c63c518
0x2c63c57c,FUN_2c63c57c,6,3,1,2c63c57c_FUN_2c63c57c
0x2c63c588,FUN_2c63c588,64,30,1,2c63c588_FUN_2c63c588
0x2c63c620,FUN_2c63c620,16,8,1,2c63c620_FUN_2c63c620
0x2c63c638,FUN_2c63c638,42,17,1,2c63c638_FUN_2c63c638
0x2c63c6d4,FUN_2c63c6d4,102,40,1,2c63c6d4_FUN_2c63c6d4
0x2c63ca48,FUN_2c63ca48,32,14,1,2c63ca48_FUN_2c63ca48
0x2c63ca6c,FUN_2c63ca6c,36,15,1,2c63ca6c_FUN_2c63ca6c
0x2c63cbe0,FUN_2c63cbe0,138,55,1,2c63cbe0_FUN_2c63cbe0
0x2c63ccac,FUN_2c63ccac,154,62,1,2c63ccac_FUN_2c63ccac
0x2c63cd80,FUN_2c63cd80,76,31,1,2c63cd80_FUN_2c63cd80
0x2c63cdf2,FUN_2c63cdf2,20,8,1,2c63cdf2_FUN_2c63cdf2
0x2c63ce7c,FUN_2c63ce7c,24,10,1,2c63ce7c_FUN_2c63ce7c
0x2c63ceb8,FUN_2c63ceb8,42,18,1,2c63ceb8_FUN_2c63ceb8
0x2c63d020,FUN_2c63d020,24,10,1,2c63d020_FUN_2c63d020
0x2c63d070,FUN_2c63d070,26,11,1,2c63d070_FUN_2c63d070
0x2c63d140,FUN_2c63d140,42,18,1,2c63d140_FUN_2c63d140
0x2c63d2cc,FUN_2c63d2cc,386,141,1,2c63d2cc_FUN_2c63d2cc
0x2c63d62e,FUN_2c63d62e,74,28,1,2c63d62e_FUN_2c63d62e
0x2c63d67e,FUN_2c63d67e,76,29,1,2c63d67e_FUN_2c63d67e
0x2c63d6cc,FUN_2c63d6cc,100,40,1,2c63d6cc_FUN_2c63d6cc
0x2c63d77c,FUN_2c63d77c,68,27,1,2c63d77c_FUN_2c63d77c
0x2c63d7d0,FUN_2c63d7d0,70,27,1,2c63d7d0_FUN_2c63d7d0
0x2c63d890,FUN_2c63d890,34,12,1,2c63d890_FUN_2c63d890
0x2c63da94,FUN_2c63da94,120,47,1,2c63da94_FUN_2c63da94
0x2c63dbf0,FUN_2c63dbf0,26,12,1,2c63dbf0_FUN_2c63dbf0
0x2c63dc4c,FUN_2c63dc4c,6,2,1,2c63dc4c_FUN_2c63dc4c
0x2c63dc54,FUN_2c63dc54,34,15,1,2c63dc54_FUN_2c63dc54
0x2c63dea8,FUN_2c63dea8,60,25,1,2c63dea8_FUN_2c63dea8
0x2c63df34,FUN_2c63df34,56,23,1,2c63df34_FUN_2c63df34
0x2c63df78,FUN_2c63df78,406,155,1,2c63df78_FUN_2c63df78
0x2c63e030,FUN_2c63e030,154,59,1,2c63e030_FUN_2c63e030
0x2c63e0e0,FUN_2c63e0e0,68,27,1,2c63e0e0_FUN_2c63e0e0
0x2c63e140,FUN_2c63e140,14,5,1,2c63e140_FUN_2c63e140
0x2c63e150,FUN_2c63e150,24,12,1,2c63e150_FUN_2c63e150
0x2c63e1f4,FUN_2c63e1f4,18,8,1,2c63e1f4_FUN_2c63e1f4
0x2c63e20c,FUN_2c63e20c,24,9,1,2c63e20c_FUN_2c63e20c
0x2c63e22c,FUN_2c63e22c,80,30,1,2c63e22c_FUN_2c63e22c
0x2c63e284,FUN_2c63e284,160,69,1,2c63e284_FUN_2c63e284
0x2c63e350,FUN_2c63e350,26,12,1,2c63e350_FUN_2c63e350
0x2c63e4a8,FUN_2c63e4a8,38,16,1,2c63e4a8_FUN_2c63e4a8
0x2c63e588,FUN_2c63e588,654,242,1,2c63e588_FUN_2c63e588
0x2c63e864,FUN_2c63e864,12,5,1,2c63e864_FUN_2c63e864
0x2c63e8a0,FUN_2c63e8a0,152,62,1,2c63e8a0_FUN_2c63e8a0
0x2c63e954,FUN_2c63e954,248,93,1,2c63e954_FUN_2c63e954
0x2c63ea8c,FUN_2c63ea8c,78,33,1,2c63ea8c_FUN_2c63ea8c
0x2c63eb94,FUN_2c63eb94,6,3,1,2c63eb94_FUN_2c63eb94
0x2c63ebc4,FUN_2c63ebc4,22,9,1,2c63ebc4_FUN_2c63ebc4
0x2c63ebfc,FUN_2c63ebfc,34,12,1,2c63ebfc_FUN_2c63ebfc
0x2c63ec24,FUN_2c63ec24,40,16,1,2c63ec24_FUN_2c63ec24
0x2c63ecb0,FUN_2c63ecb0,12,6,1,2c63ecb0_FUN_2c63ecb0
0x2c63ecbc,FUN_2c63ecbc,116,46,1,2c63ecbc_FUN_2c63ecbc
0x2c63ed48,FUN_2c63ed48,174,68,1,2c63ed48_FUN_2c63ed48
0x2c63ee0c,FUN_2c63ee0c,32,14,1,2c63ee0c_FUN_2c63ee0c
0x2c63ef22,FUN_2c63ef22,96,43,1,2c63ef22_FUN_2c63ef22
0x2c63ef8c,FUN_2c63ef8c,32,14,1,2c63ef8c_FUN_2c63ef8c
0x2c63efd8,FUN_2c63efd8,178,71,1,2c63efd8_FUN_2c63efd8
0x2c63f0a8,FUN_2c63f0a8,484,194,1,2c63f0a8_FUN_2c63f0a8
0x2c63f2d0,FUN_2c63f2d0,36,18,1,2c63f2d0_FUN_2c63f2d0
0x2c63f2f4,FUN_2c63f2f4,250,95,1,2c63f2f4_FUN_2c63f2f4
0x2c63f438,FUN_2c63f438,4,2,1,2c63f438_FUN_2c63f438
0x2c63f440,FUN_2c63f440,50,20,1,2c63f440_FUN_2c63f440
0x2c63f6c8,FUN_2c63f6c8,32,16,1,2c63f6c8_FUN_2c63f6c8
0x2c63f6e8,FUN_2c63f6e8,26,11,1,2c63f6e8_FUN_2c63f6e8
0x2c63f744,FUN_2c63f744,26,11,1,2c63f744_FUN_2c63f744
0x2c63f77c,FUN_2c63f77c,124,46,1,2c63f77c_FUN_2c63f77c
0x2c63f824,FUN_2c63f824,8,4,1,2c63f824_FUN_2c63f824
0x2c63f82c,FUN_2c63f82c,58,23,1,2c63f82c_FUN_2c63f82c
0x2c63f86c,FUN_2c63f86c,56,22,1,2c63f86c_FUN_2c63f86c
0x2c63f8a8,FUN_2c63f8a8,56,22,1,2c63f8a8_FUN_2c63f8a8
0x2c63f8e4,FUN_2c63f8e4,56,22,1,2c63f8e4_FUN_2c63f8e4
0x2c63f920,FUN_2c63f920,36,15,1,2c63f920_FUN_2c63f920
0x2c63fa38,FUN_2c63fa38,36,15,1,2c63fa38_FUN_2c63fa38
0x2c63faf0,FUN_2c63faf0,158,63,1,2c63faf0_FUN_2c63faf0
0x2c63fbcc,FUN_2c63fbcc,8,4,1,2c63fbcc_FUN_2c63fbcc
0x2c63fd20,FUN_2c63fd20,142,58,1,2c63fd20_FUN_2c63fd20
0x2c63fdf0,FUN_2c63fdf0,86,35,1,2c63fdf0_FUN_2c63fdf0
0x2c63fe4c,FUN_2c63fe4c,84,34,1,2c63fe4c_FUN_2c63fe4c
0x2c63fea6,FUN_2c63fea6,16,7,1,2c63fea6_FUN_2c63fea6
0x2c63ff50,FUN_2c63ff50,152,61,1,2c63ff50_FUN_2c63ff50
0x2c640058,FUN_2c640058,4,2,1,2c640058_FUN_2c640058
0x2c64015c,FUN_2c64015c,4,2,1,2c64015c_FUN_2c64015c
0x2c640164,FUN_2c640164,136,54,1,2c640164_FUN_2c640164
0x2c640204,thunk_FUN_2c640ca0,4,1,1,2c640204_thunk_FUN_2c640ca0
0x2c640208,FUN_2c640208,14,5,1,2c640208_FUN_2c640208
0x2c640218,thunk_FUN_2c640a50,4,1,1,2c640218_thunk_FUN_2c640a50
0x2c64021c,FUN_2c64021c,56,22,1,2c64021c_FUN_2c64021c
0x2c6402e0,FUN_2c6402e0,18,8,1,2c6402e0_FUN_2c6402e0
0x2c6402f8,FUN_2c6402f8,24,9,1,2c6402f8_FUN_2c6402f8
0x2c640318,FUN_2c640318,80,30,1,2c640318_FUN_2c640318
0x2c640370,FUN_2c640370,196,89,1,2c640370_FUN_2c640370
0x2c64046c,FUN_2c64046c,74,35,1,2c64046c_FUN_2c64046c
0x2c6404c8,FUN_2c6404c8,32,14,1,2c6404c8_FUN_2c6404c8
0x2c6406a0,FUN_2c6406a0,28,12,1,2c6406a0_FUN_2c6406a0
0x2c64078c,FUN_2c64078c,12,6,1,2c64078c_FUN_2c64078c
0x2c640a50,FUN_2c640a50,12,5,1,2c640a50_FUN_2c640a50
0x2c640a6c,FUN_2c640a6c,222,90,1,2c640a6c_FUN_2c640a6c
0x2c640b70,FUN_2c640b70,32,13,1,2c640b70_FUN_2c640b70
0x2c640ca0,FUN_2c640ca0,36,16,1,2c640ca0_FUN_2c640ca0
0x2c640dc0,FUN_2c640dc0,6,3,1,2c640dc0_FUN_2c640dc0
0x2c640dcc,FUN_2c640dcc,172,71,1,2c640dcc_FUN_2c640dcc
0x2c640e8c,FUN_2c640e8c,560,217,1,2c640e8c_FUN_2c640e8c
0x2c6410f0,FUN_2c6410f0,40,17,1,2c6410f0_FUN_2c6410f0
0x2c64112c,FUN_2c64112c,60,27,1,2c64112c_FUN_2c64112c
0x2c641174,FUN_2c641174,48,15,1,2c641174_FUN_2c641174
0x2c6411ac,FUN_2c6411ac,32,14,1,2c6411ac_FUN_2c6411ac
0x2c6411e0,FUN_2c6411e0,54,23,1,2c6411e0_FUN_2c6411e0
0x2c64128c,FUN_2c64128c,14,4,1,2c64128c_FUN_2c64128c
0x2c64129c,FUN_2c64129c,120,47,1,2c64129c_FUN_2c64129c
0x2c641330,FUN_2c641330,94,36,1,2c641330_FUN_2c641330
0x2c641574,FUN_2c641574,60,21,1,2c641574_FUN_2c641574
0x2c6415bc,FUN_2c6415bc,36,13,1,2c6415bc_FUN_2c6415bc
0x2c6415e8,FUN_2c6415e8,168,63,1,2c6415e8_FUN_2c6415e8
0x2c6416a4,FUN_2c6416a4,110,44,1,2c6416a4_FUN_2c6416a4
0x2c641944,FUN_2c641944,64,29,1,2c641944_FUN_2c641944
0x2c6419a8,FUN_2c6419a8,156,56,1,2c6419a8_FUN_2c6419a8
0x2c641a68,FUN_2c641a68,4,2,1,2c641a68_FUN_2c641a68
0x2c641abc,FUN_2c641abc,124,49,1,2c641abc_FUN_2c641abc
0x2c641c98,FUN_2c641c98,74,29,1,2c641c98_FUN_2c641c98
0x2c641cec,FUN_2c641cec,16,5,1,2c641cec_FUN_2c641cec
0x2c641d00,FUN_2c641d00,30,13,1,2c641d00_FUN_2c641d00
0x2c641ef4,FUN_2c641ef4,28,11,1,2c641ef4_FUN_2c641ef4
0x2c64222c,FUN_2c64222c,34,14,1,2c64222c_FUN_2c64222c
0x2c64233c,FUN_2c64233c,26,11,1,2c64233c_FUN_2c64233c
0x2c6423d4,FUN_2c6423d4,30,11,1,2c6423d4_FUN_2c6423d4
0x2c6423f8,FUN_2c6423f8,30,11,1,2c6423f8_FUN_2c6423f8
0x2c642420,FUN_2c642420,52,21,1,2c642420_FUN_2c642420
0x2c642530,FUN_2c642530,20,9,1,2c642530_FUN_2c642530
0x2c642554,FUN_2c642554,20,9,1,2c642554_FUN_2c642554
0x2c642578,FUN_2c642578,38,15,1,2c642578_FUN_2c642578
0x2c64262e,FUN_2c64262e,94,40,1,2c64262e_FUN_2c64262e
0x2c6426e4,FUN_2c6426e4,98,42,1,2c6426e4_FUN_2c6426e4
0x2c6427a0,FUN_2c6427a0,20,9,1,2c6427a0_FUN_2c6427a0
0x2c6427fc,FUN_2c6427fc,22,10,1,2c6427fc_FUN_2c6427fc
0x2c6428c4,FUN_2c6428c4,62,24,1,2c6428c4_FUN_2c6428c4
0x2c6429b8,FUN_2c6429b8,108,44,1,2c6429b8_FUN_2c6429b8
0x2c642c30,FUN_2c642c30,20,9,1,2c642c30_FUN_2c642c30
0x2c642c66,FUN_2c642c66,110,44,1,2c642c66_FUN_2c642c66
0x2c642d08,FUN_2c642d08,34,14,1,2c642d08_FUN_2c642d08
0x2c642e60,FUN_2c642e60,102,38,1,2c642e60_FUN_2c642e60
0x2c642ee0,FUN_2c642ee0,52,22,1,2c642ee0_FUN_2c642ee0
0x2c642fb0,FUN_2c642fb0,124,51,1,2c642fb0_FUN_2c642fb0
0x2c643084,FUN_2c643084,86,33,1,2c643084_FUN_2c643084
0x2c643134,FUN_2c643134,28,12,1,2c643134_FUN_2c643134
0x2c6431b8,FUN_2c6431b8,92,36,1,2c6431b8_FUN_2c6431b8
0x2c643344,FUN_2c643344,48,20,1,2c643344_FUN_2c643344
0x2c6433c4,FUN_2c6433c4,98,39,1,2c6433c4_FUN_2c6433c4
0x2c64344c,FUN_2c64344c,198,79,1,2c64344c_FUN_2c64344c
0x2c6435c4,FUN_2c6435c4,186,60,1,2c6435c4_FUN_2c6435c4
0x2c643680,FUN_2c643680,158,57,1,2c643680_FUN_2c643680
0x2c643738,FUN_2c643738,80,28,1,2c643738_FUN_2c643738
0x2c6437ae,FUN_2c6437ae,20,7,1,2c6437ae_FUN_2c6437ae
0x2c6437c2,FUN_2c6437c2,14,4,1,2c6437c2_FUN_2c6437c2
0x2c6437d0,FUN_2c6437d0,58,19,1,2c6437d0_FUN_2c6437d0
0x2c643838,FUN_2c643838,88,33,1,2c643838_FUN_2c643838
0x2c6438b4,FUN_2c6438b4,232,91,1,2c6438b4_FUN_2c6438b4
0x2c6439d4,FUN_2c6439d4,2,1,1,2c6439d4_FUN_2c6439d4
0x2c6439d8,FUN_2c6439d8,2,1,1,2c6439d8_FUN_2c6439d8
0x2c6439dc,FUN_2c6439dc,2,1,1,2c6439dc_FUN_2c6439dc
0x2c6439e0,FUN_2c6439e0,2,1,1,2c6439e0_FUN_2c6439e0
0x2c6439e4,FUN_2c6439e4,2,1,1,2c6439e4_FUN_2c6439e4
0x2c6439e8,FUN_2c6439e8,2,1,1,2c6439e8_FUN_2c6439e8
0x2c643a10,FUN_2c643a10,2,1,1,2c643a10_FUN_2c643a10
0x2c643a14,FUN_2c643a14,34,14,1,2c643a14_FUN_2c643a14
0x2c643a4c,FUN_2c643a4c,2,1,1,2c643a4c_FUN_2c643a4c
0x2c643a54,FUN_2c643a54,2,1,1,2c643a54_FUN_2c643a54
0x2c643a58,FUN_2c643a58,2,1,1,2c643a58_FUN_2c643a58
0x2c643a60,FUN_2c643a60,2,1,1,2c643a60_FUN_2c643a60
0x2c643a7c,FUN_2c643a7c,2,1,1,2c643a7c_FUN_2c643a7c
0x2c643a80,FUN_2c643a80,2,1,1,2c643a80_FUN_2c643a80
0x2c643a84,FUN_2c643a84,2,1,1,2c643a84_FUN_2c643a84
0x2c643a88,FUN_2c643a88,2,1,1,2c643a88_FUN_2c643a88
0x2c643a9c,FUN_2c643a9c,2,1,1,2c643a9c_FUN_2c643a9c
0x2c643aa0,FUN_2c643aa0,2,1,1,2c643aa0_FUN_2c643aa0
0x2c643aa4,FUN_2c643aa4,2,1,1,2c643aa4_FUN_2c643aa4
0x2c643aa8,FUN_2c643aa8,2,1,1,2c643aa8_FUN_2c643aa8
0x2c643ab0,FUN_2c643ab0,2,1,1,2c643ab0_FUN_2c643ab0
0x2c643ab4,FUN_2c643ab4,2,1,1,2c643ab4_FUN_2c643ab4
0x2c643ac8,FUN_2c643ac8,2,1,1,2c643ac8_FUN_2c643ac8
0x2c643acc,FUN_2c643acc,2,1,1,2c643acc_FUN_2c643acc
0x2c643ad0,FUN_2c643ad0,2,1,1,2c643ad0_FUN_2c643ad0
0x2c643ad4,FUN_2c643ad4,2,1,1,2c643ad4_FUN_2c643ad4
0x2c643ad8,FUN_2c643ad8,2,1,1,2c643ad8_FUN_2c643ad8
0x2c643ae0,FUN_2c643ae0,2,1,1,2c643ae0_FUN_2c643ae0
0x2c643ae8,FUN_2c643ae8,2,1,1,2c643ae8_FUN_2c643ae8
0x2c643af0,FUN_2c643af0,2,1,1,2c643af0_FUN_2c643af0
0x2c643afc,FUN_2c643afc,2,1,1,2c643afc_FUN_2c643afc
0x2c643b08,FUN_2c643b08,2,1,1,2c643b08_FUN_2c643b08
0x2c643b0c,FUN_2c643b0c,2,1,1,2c643b0c_FUN_2c643b0c
0x2c643b10,FUN_2c643b10,2,1,1,2c643b10_FUN_2c643b10
0x2c643b18,FUN_2c643b18,2,1,1,2c643b18_FUN_2c643b18
0x2c643b2c,FUN_2c643b2c,2,1,1,2c643b2c_FUN_2c643b2c
0x2c643b3c,FUN_2c643b3c,2,1,1,2c643b3c_FUN_2c643b3c
0x2c643b40,FUN_2c643b40,2,1,1,2c643b40_FUN_2c643b40
0x2c643b48,FUN_2c643b48,2,1,1,2c643b48_FUN_2c643b48
0x2c643b4c,FUN_2c643b4c,2,1,1,2c643b4c_FUN_2c643b4c
0x2c643b50,FUN_2c643b50,2,1,1,2c643b50_FUN_2c643b50
0x2c643b54,FUN_2c643b54,2,1,1,2c643b54_FUN_2c643b54
0x2c643b58,FUN_2c643b58,2,1,1,2c643b58_FUN_2c643b58
0x2c643b5c,FUN_2c643b5c,2,1,1,2c643b5c_FUN_2c643b5c
0x2c643b60,FUN_2c643b60,2,1,1,2c643b60_FUN_2c643b60
0x2c643b64,FUN_2c643b64,2,1,1,2c643b64_FUN_2c643b64
0x2c643b68,FUN_2c643b68,2,1,1,2c643b68_FUN_2c643b68
0x2c643b70,FUN_2c643b70,2,1,1,2c643b70_FUN_2c643b70
0x2c643b74,FUN_2c643b74,2,1,1,2c643b74_FUN_2c643b74
0x2c643b78,FUN_2c643b78,2,1,1,2c643b78_FUN_2c643b78
0x2c643b7c,FUN_2c643b7c,2,1,1,2c643b7c_FUN_2c643b7c
0x2c643b80,FUN_2c643b80,2,1,1,2c643b80_FUN_2c643b80
0x2c643b84,FUN_2c643b84,2,1,1,2c643b84_FUN_2c643b84
0x2c643b88,FUN_2c643b88,2,1,1,2c643b88_FUN_2c643b88
0x2c643b8c,FUN_2c643b8c,2,1,1,2c643b8c_FUN_2c643b8c
0x2c643b90,FUN_2c643b90,2,1,1,2c643b90_FUN_2c643b90
0x2c643b94,FUN_2c643b94,2,1,1,2c643b94_FUN_2c643b94
0x2c643b98,FUN_2c643b98,2,1,1,2c643b98_FUN_2c643b98
0x2c643b9c,FUN_2c643b9c,2,1,1,2c643b9c_FUN_2c643b9c
0x2c643ba0,FUN_2c643ba0,2,1,1,2c643ba0_FUN_2c643ba0
0x2c643ba4,FUN_2c643ba4,2,1,1,2c643ba4_FUN_2c643ba4
0x2c643ba8,FUN_2c643ba8,2,1,1,2c643ba8_FUN_2c643ba8
0x2c643bac,FUN_2c643bac,2,1,1,2c643bac_FUN_2c643bac
0x2c643bb0,FUN_2c643bb0,2,1,1,2c643bb0_FUN_2c643bb0
0x2c643bb4,FUN_2c643bb4,2,1,1,2c643bb4_FUN_2c643bb4
0x2c643bc0,FUN_2c643bc0,2,1,1,2c643bc0_FUN_2c643bc0
0x2c643bc4,FUN_2c643bc4,2,1,1,2c643bc4_FUN_2c643bc4
0x2c643bc8,FUN_2c643bc8,2,1,1,2c643bc8_FUN_2c643bc8
0x2c643bcc,FUN_2c643bcc,2,1,1,2c643bcc_FUN_2c643bcc
0x2c643bd8,FUN_2c643bd8,2,1,1,2c643bd8_FUN_2c643bd8
0x2c643bdc,FUN_2c643bdc,2,1,1,2c643bdc_FUN_2c643bdc
0x2c643be0,FUN_2c643be0,2,1,1,2c643be0_FUN_2c643be0
0x2c643be8,FUN_2c643be8,2,1,1,2c643be8_FUN_2c643be8
0x2c643bec,FUN_2c643bec,2,1,1,2c643bec_FUN_2c643bec
0x2c643bf4,FUN_2c643bf4,144,58,1,2c643bf4_FUN_2c643bf4
0x2c643c8a,FUN_2c643c8a,216,84,1,2c643c8a_FUN_2c643c8a
0x2c643d68,FUN_2c643d68,226,92,1,2c643d68_FUN_2c643d68
0x2c643e50,FUN_2c643e50,194,79,1,2c643e50_FUN_2c643e50
0x2c643f18,FUN_2c643f18,34,15,1,2c643f18_FUN_2c643f18
0x2c643f3e,FUN_2c643f3e,94,38,1,2c643f3e_FUN_2c643f3e
0x2c643fdc,FUN_2c643fdc,50,18,1,2c643fdc_FUN_2c643fdc
0x2c644014,FUN_2c644014,42,16,1,2c644014_FUN_2c644014
0x2c644044,FUN_2c644044,56,20,1,2c644044_FUN_2c644044
0x2c644080,FUN_2c644080,52,18,1,2c644080_FUN_2c644080
0x2c6440f0,FUN_2c6440f0,72,27,1,2c6440f0_FUN_2c6440f0
0x2c644100,FUN_2c644100,20,8,1,2c644100_FUN_2c644100
0x2c644114,FUN_2c644114,32,13,1,2c644114_FUN_2c644114
0x2c644134,FUN_2c644134,86,35,1,2c644134_FUN_2c644134
0x2c64418c,FUN_2c64418c,76,29,1,2c64418c_FUN_2c64418c
0x2c64419c,FUN_2c64419c,8,3,1,2c64419c_FUN_2c64419c
0x2c6441a4,FUN_2c6441a4,14,5,1,2c6441a4_FUN_2c6441a4
0x2c6441b4,FUN_2c6441b4,42,18,1,2c6441b4_FUN_2c6441b4
0x2c6441e0,FUN_2c6441e0,16,5,1,2c6441e0_FUN_2c6441e0
0x2c6441f0,FUN_2c6441f0,42,18,1,2c6441f0_FUN_2c6441f0
0x2c64421c,thunk_FUN_2c647824,4,1,1,2c64421c_thunk_FUN_2c647824
0x2c644230,FUN_2c644230,22,9,1,2c644230_FUN_2c644230
0x2c6442a4,FUN_2c6442a4,74,30,1,2c6442a4_FUN_2c6442a4
0x2c6442f0,FUN_2c6442f0,10,4,1,2c6442f0_FUN_2c6442f0
0x2c6442fc,FUN_2c6442fc,40,16,1,2c6442fc_FUN_2c6442fc
0x2c644324,FUN_2c644324,94,40,1,2c644324_FUN_2c644324
0x2c644388,FUN_2c644388,22,8,1,2c644388_FUN_2c644388
0x2c6443a0,FUN_2c6443a0,74,30,1,2c6443a0_FUN_2c6443a0
0x2c6443ac,FUN_2c6443ac,72,32,1,2c6443ac_FUN_2c6443ac
0x2c6443f4,FUN_2c6443f4,134,54,1,2c6443f4_FUN_2c6443f4
0x2c64447c,FUN_2c64447c,78,32,1,2c64447c_FUN_2c64447c
0x2c6444d2,FUN_2c6444d2,36,15,1,2c6444d2_FUN_2c6444d2
0x2c6444fc,FUN_2c6444fc,50,17,1,2c6444fc_FUN_2c6444fc
0x2c644580,FUN_2c644580,94,43,1,2c644580_FUN_2c644580
0x2c6445e4,FUN_2c6445e4,174,66,1,2c6445e4_FUN_2c6445e4
0x2c644698,FUN_2c644698,122,51,1,2c644698_FUN_2c644698
0x2c644718,FUN_2c644718,40,18,1,2c644718_FUN_2c644718
0x2c644740,FUN_2c644740,94,39,1,2c644740_FUN_2c644740
0x2c6447a6,FUN_2c6447a6,108,45,1,2c6447a6_FUN_2c6447a6
0x2c644820,FUN_2c644820,62,22,1,2c644820_FUN_2c644820
0x2c6448b4,FUN_2c6448b4,56,20,1,2c6448b4_FUN_2c6448b4
0x2c6448f0,FUN_2c6448f0,52,18,1,2c6448f0_FUN_2c6448f0
0x2c644958,FUN_2c644958,52,18,1,2c644958_FUN_2c644958
0x2c644990,FUN_2c644990,80,33,1,2c644990_FUN_2c644990
0x2c6449e0,FUN_2c6449e0,76,30,1,2c6449e0_FUN_2c6449e0
0x2c644a2c,FUN_2c644a2c,262,103,1,2c644a2c_FUN_2c644a2c
0x2c644b34,FUN_2c644b34,422,157,1,2c644b34_FUN_2c644b34
0x2c644ce4,FUN_2c644ce4,254,96,1,2c644ce4_FUN_2c644ce4
0x2c644de8,FUN_2c644de8,130,51,1,2c644de8_FUN_2c644de8
0x2c644e70,FUN_2c644e70,34,15,1,2c644e70_FUN_2c644e70
0x2c644e94,FUN_2c644e94,224,89,1,2c644e94_FUN_2c644e94
0x2c644f74,FUN_2c644f74,306,117,1,2c644f74_FUN_2c644f74
0x2c6450ac,FUN_2c6450ac,58,22,1,2c6450ac_FUN_2c6450ac
0x2c6450ec,FUN_2c6450ec,158,59,1,2c6450ec_FUN_2c6450ec
0x2c645190,FUN_2c645190,140,55,1,2c645190_FUN_2c645190
0x2c645264,FUN_2c645264,52,18,1,2c645264_FUN_2c645264
0x2c64529c,FUN_2c64529c,52,18,1,2c64529c_FUN_2c64529c
0x2c6452d4,FUN_2c6452d4,352,128,1,2c6452d4_FUN_2c6452d4
0x2c64543c,FUN_2c64543c,162,60,1,2c64543c_FUN_2c64543c
0x2c6454f6,FUN_2c6454f6,20,8,1,2c6454f6_FUN_2c6454f6
0x2c645510,FUN_2c645510,114,47,1,2c645510_FUN_2c645510
0x2c645590,FUN_2c645590,280,106,1,2c645590_FUN_2c645590
0x2c6456bc,FUN_2c6456bc,50,16,1,2c6456bc_FUN_2c6456bc
0x2c6456f4,FUN_2c6456f4,46,15,1,2c6456f4_FUN_2c6456f4
0x2c645794,FUN_2c645794,50,19,1,2c645794_FUN_2c645794
0x2c6457d0,FUN_2c6457d0,100,39,1,2c6457d0_FUN_2c6457d0
0x2c64583e,FUN_2c64583e,20,8,1,2c64583e_FUN_2c64583e
0x2c64585a,FUN_2c64585a,40,16,1,2c64585a_FUN_2c64585a
0x2c645886,FUN_2c645886,44,18,1,2c645886_FUN_2c645886
0x2c6458b4,FUN_2c6458b4,24,8,1,2c6458b4_FUN_2c6458b4
0x2c6458d0,FUN_2c6458d0,128,56,1,2c6458d0_FUN_2c6458d0
0x2c645956,FUN_2c645956,26,11,1,2c645956_FUN_2c645956
0x2c645974,FUN_2c645974,62,30,1,2c645974_FUN_2c645974
0x2c6459b8,FUN_2c6459b8,34,15,1,2c6459b8_FUN_2c6459b8
0x2c6459dc,FUN_2c6459dc,34,15,1,2c6459dc_FUN_2c6459dc
0x2c645a00,FUN_2c645a00,86,39,1,2c645a00_FUN_2c645a00
0x2c645a62,FUN_2c645a62,70,26,1,2c645a62_FUN_2c645a62
0x2c645b24,FUN_2c645b24,48,20,1,2c645b24_FUN_2c645b24
0x2c645b54,FUN_2c645b54,18,9,1,2c645b54_FUN_2c645b54
0x2c645d70,FUN_2c645d70,20,8,1,2c645d70_FUN_2c645d70
0x2c645d84,FUN_2c645d84,50,23,1,2c645d84_FUN_2c645d84
0x2c645ea4,FUN_2c645ea4,208,92,1,2c645ea4_FUN_2c645ea4
0x2c645ebc,FUN_2c645ebc,182,64,1,2c645ebc_FUN_2c645ebc
0x2c645f78,FUN_2c645f78,242,99,1,2c645f78_FUN_2c645f78
0x2c646070,FUN_2c646070,146,62,1,2c646070_FUN_2c646070
0x2c64610c,FUN_2c64610c,262,110,1,2c64610c_FUN_2c64610c
0x2c64621c,FUN_2c64621c,104,41,1,2c64621c_FUN_2c64621c
0x2c646290,FUN_2c646290,50,19,1,2c646290_FUN_2c646290
0x2c646568,FUN_2c646568,96,36,1,2c646568_FUN_2c646568
0x2c6465c8,FUN_2c6465c8,292,123,1,2c6465c8_FUN_2c6465c8
0x2c6466f0,FUN_2c6466f0,174,67,1,2c6466f0_FUN_2c6466f0
0x2c646824,FUN_2c646824,42,16,1,2c646824_FUN_2c646824
0x2c646854,FUN_2c646854,50,19,1,2c646854_FUN_2c646854
0x2c646890,FUN_2c646890,64,24,1,2c646890_FUN_2c646890
0x2c6468d8,FUN_2c6468d8,50,20,1,2c6468d8_FUN_2c6468d8
0x2c646948,FUN_2c646948,44,17,1,2c646948_FUN_2c646948
0x2c646978,FUN_2c646978,44,17,1,2c646978_FUN_2c646978
0x2c646a84,FUN_2c646a84,48,19,1,2c646a84_FUN_2c646a84
0x2c646ab8,FUN_2c646ab8,134,52,1,2c646ab8_FUN_2c646ab8
0x2c646b44,FUN_2c646b44,54,19,1,2c646b44_FUN_2c646b44
0x2c646b80,FUN_2c646b80,40,15,1,2c646b80_FUN_2c646b80
0x2c646bac,FUN_2c646bac,62,23,1,2c646bac_FUN_2c646bac
0x2c646d24,FUN_2c646d24,108,43,1,2c646d24_FUN_2c646d24
0x2c646edc,FUN_2c646edc,182,71,1,2c646edc_FUN_2c646edc
0x2c646f9c,FUN_2c646f9c,128,49,1,2c646f9c_FUN_2c646f9c
0x2c64701c,FUN_2c64701c,110,42,1,2c64701c_FUN_2c64701c
0x2c647090,FUN_2c647090,34,15,1,2c647090_FUN_2c647090
0x2c6470b4,FUN_2c6470b4,124,46,1,2c6470b4_FUN_2c6470b4
0x2c647134,FUN_2c647134,64,24,1,2c647134_FUN_2c647134
0x2c647174,FUN_2c647174,58,22,1,2c647174_FUN_2c647174
0x2c6471b4,FUN_2c6471b4,130,50,1,2c6471b4_FUN_2c6471b4
0x2c64723c,FUN_2c64723c,136,51,1,2c64723c_FUN_2c64723c
0x2c6472c8,FUN_2c6472c8,64,26,1,2c6472c8_FUN_2c6472c8
0x2c64730c,FUN_2c64730c,52,18,1,2c64730c_FUN_2c64730c
0x2c647344,FUN_2c647344,34,15,1,2c647344_FUN_2c647344
0x2c647368,FUN_2c647368,84,35,1,2c647368_FUN_2c647368
0x2c6473bc,FUN_2c6473bc,72,28,1,2c6473bc_FUN_2c6473bc
0x2c647404,FUN_2c647404,46,18,1,2c647404_FUN_2c647404
0x2c647434,FUN_2c647434,100,41,1,2c647434_FUN_2c647434
0x2c64749c,FUN_2c64749c,94,37,1,2c64749c_FUN_2c64749c
0x2c6474fc,FUN_2c6474fc,396,145,1,2c6474fc_FUN_2c6474fc
0x2c647690,FUN_2c647690,98,39,1,2c647690_FUN_2c647690
0x2c6476f4,FUN_2c6476f4,128,51,1,2c6476f4_FUN_2c6476f4
0x2c647778,FUN_2c647778,58,22,1,2c647778_FUN_2c647778
0x2c6477b8,FUN_2c6477b8,104,41,1,2c6477b8_FUN_2c6477b8
0x2c647824,FUN_2c647824,112,44,1,2c647824_FUN_2c647824
0x2c647898,FUN_2c647898,64,26,1,2c647898_FUN_2c647898
0x2c6478dc,FUN_2c6478dc,52,18,1,2c6478dc_FUN_2c6478dc
0x2c64791a,FUN_2c64791a,12,4,1,2c64791a_FUN_2c64791a
0x2c647930,FUN_2c647930,768,296,1,2c647930_FUN_2c647930
0x2c647c80,FUN_2c647c80,66,29,1,2c647c80_FUN_2c647c80
0x2c647cd0,FUN_2c647cd0,682,281,1,2c647cd0_FUN_2c647cd0
0x2c647f8a,FUN_2c647f8a,72,29,1,2c647f8a_FUN_2c647f8a
0x2c648084,FUN_2c648084,18,7,1,2c648084_FUN_2c648084
0x2c64811c,FUN_2c64811c,18,7,1,2c64811c_FUN_2c64811c
0x2c6481b0,FUN_2c6481b0,248,96,1,2c6481b0_FUN_2c6481b0
0x2c648328,FUN_2c648328,6,3,1,2c648328_FUN_2c648328
0x2c648334,FUN_2c648334,20,9,1,2c648334_FUN_2c648334
0x2c648360,FUN_2c648360,30,12,1,2c648360_FUN_2c648360
0x2c648388,FUN_2c648388,24,10,1,2c648388_FUN_2c648388
0x2c6483c8,FUN_2c6483c8,24,10,1,2c6483c8_FUN_2c6483c8
0x2c64840a,FUN_2c64840a,90,36,1,2c64840a_FUN_2c64840a
0x2c64849c,FUN_2c64849c,44,18,1,2c64849c_FUN_2c64849c
0x2c6484d0,FUN_2c6484d0,148,56,1,2c6484d0_FUN_2c6484d0
0x2c648570,FUN_2c648570,46,17,1,2c648570_FUN_2c648570
0x2c6485a8,FUN_2c6485a8,80,31,1,2c6485a8_FUN_2c6485a8
0x2c648600,FUN_2c648600,116,47,1,2c648600_FUN_2c648600
0x2c648712,FUN_2c648712,38,16,1,2c648712_FUN_2c648712
0x2c648740,FUN_2c648740,120,46,1,2c648740_FUN_2c648740
0x2c6487ce,FUN_2c6487ce,82,31,1,2c6487ce_FUN_2c6487ce
0x2c648836,FUN_2c648836,36,15,1,2c648836_FUN_2c648836
0x2c648866,FUN_2c648866,196,80,1,2c648866_FUN_2c648866
0x2c64895c,FUN_2c64895c,206,79,1,2c64895c_FUN_2c64895c
0x2c6489c0,FUN_2c6489c0,42,17,1,2c6489c0_FUN_2c6489c0
0x2c648a74,FUN_2c648a74,252,97,1,2c648a74_FUN_2c648a74
0x2c648b8c,FUN_2c648b8c,202,77,1,2c648b8c_FUN_2c648b8c
0x2c648c70,FUN_2c648c70,204,78,1,2c648c70_FUN_2c648c70
0x2c648d64,FUN_2c648d64,760,282,1,2c648d64_FUN_2c648d64
0x2c649098,FUN_2c649098,32,12,1,2c649098_FUN_2c649098
0x2c6490b4,FUN_2c6490b4,22,7,1,2c6490b4_FUN_2c6490b4
0x2c6490d0,FUN_2c6490d0,86,33,1,2c6490d0_FUN_2c6490d0
0x2c64917c,FUN_2c64917c,30,11,1,2c64917c_FUN_2c64917c
0x2c6491b6,FUN_2c6491b6,34,11,1,2c6491b6_FUN_2c6491b6
0x2c6491e0,FUN_2c6491e0,100,37,1,2c6491e0_FUN_2c6491e0
0x2c649264,FUN_2c649264,66,24,1,2c649264_FUN_2c649264
0x2c6492b4,FUN_2c6492b4,12,4,1,2c6492b4_FUN_2c6492b4
0x2c6492e4,FUN_2c6492e4,20,9,1,2c6492e4_FUN_2c6492e4
0x2c649310,FUN_2c649310,20,9,1,2c649310_FUN_2c649310
0x2c64935c,FUN_2c64935c,22,10,1,2c64935c_FUN_2c64935c
0x2c649394,FUN_2c649394,68,23,1,2c649394_FUN_2c649394
0x2c6493fe,FUN_2c6493fe,124,47,1,2c6493fe_FUN_2c6493fe
0x2c649492,FUN_2c649492,128,49,1,2c649492_FUN_2c649492
0x2c64952a,FUN_2c64952a,126,48,1,2c64952a_FUN_2c64952a
0x2c6495b8,FUN_2c6495b8,86,29,1,2c6495b8_FUN_2c6495b8
0x2c64963c,FUN_2c64963c,88,30,1,2c64963c_FUN_2c64963c
0x2c6496b8,FUN_2c6496b8,210,69,1,2c6496b8_FUN_2c6496b8
0x2c649802,FUN_2c649802,92,37,1,2c649802_FUN_2c649802
0x2c64986e,FUN_2c64986e,100,40,1,2c64986e_FUN_2c64986e
0x2c6498e2,FUN_2c6498e2,96,39,1,2c6498e2_FUN_2c6498e2
0x2c649952,FUN_2c649952,158,61,1,2c649952_FUN_2c649952
0x2c649a00,FUN_2c649a00,182,70,1,2c649a00_FUN_2c649a00
0x2c649aca,FUN_2c649aca,170,62,1,2c649aca_FUN_2c649aca
0x2c649b86,FUN_2c649b86,448,195,1,2c649b86_FUN_2c649b86
0x2c649d88,FUN_2c649d88,34,13,1,2c649d88_FUN_2c649d88
0x2c649dc2,FUN_2c649dc2,158,59,1,2c649dc2_FUN_2c649dc2
0x2c649e9c,FUN_2c649e9c,822,304,1,2c649e9c_FUN_2c649e9c
0x2c64a21c,FUN_2c64a21c,232,94,1,2c64a21c_FUN_2c64a21c
0x2c64a31c,FUN_2c64a31c,116,40,1,2c64a31c_FUN_2c64a31c
0x2c64a3a0,FUN_2c64a3a0,116,40,1,2c64a3a0_FUN_2c64a3a0
0x2c64a424,FUN_2c64a424,120,42,1,2c64a424_FUN_2c64a424
0x2c64a4a8,FUN_2c64a4a8,16,5,1,2c64a4a8_FUN_2c64a4a8
0x2c64a4bc,FUN_2c64a4bc,772,287,1,2c64a4bc_FUN_2c64a4bc
0x2c64a800,FUN_2c64a800,54,23,1,2c64a800_FUN_2c64a800
0x2c64a848,FUN_2c64a848,498,192,1,2c64a848_FUN_2c64a848
0x2c64aa84,FUN_2c64aa84,134,50,1,2c64aa84_FUN_2c64aa84
0x2c64ab3c,FUN_2c64ab3c,34,14,1,2c64ab3c_FUN_2c64ab3c
0x2c64ab6e,FUN_2c64ab6e,966,342,1,2c64ab6e_FUN_2c64ab6e
0x2c64af78,FUN_2c64af78,282,107,1,2c64af78_FUN_2c64af78
0x2c64b0c0,FUN_2c64b0c0,36,14,1,2c64b0c0_FUN_2c64b0c0
0x2c64b1a6,FUN_2c64b1a6,246,94,1,2c64b1a6_FUN_2c64b1a6
0x2c64b258,FUN_2c64b258,42,18,1,2c64b258_FUN_2c64b258
0x2c64b3fc,FUN_2c64b3fc,36,14,1,2c64b3fc_FUN_2c64b3fc
0x2c64b4e4,FUN_2c64b4e4,14,5,1,2c64b4e4_FUN_2c64b4e4
0x2c64b5a4,FUN_2c64b5a4,44,18,1,2c64b5a4_FUN_2c64b5a4
0x2c64b74e,FUN_2c64b74e,1166,452,1,2c64b74e_FUN_2c64b74e
0x2c64c0a2,FUN_2c64c0a2,254,95,1,2c64c0a2_FUN_2c64c0a2
0x2c64c1bc,FUN_2c64c1bc,436,165,1,2c64c1bc_FUN_2c64c1bc
0x2c64c3a6,FUN_2c64c3a6,236,99,1,2c64c3a6_FUN_2c64c3a6
0x2c64c4b8,FUN_2c64c4b8,96,38,1,2c64c4b8_FUN_2c64c4b8
0x2c64c524,FUN_2c64c524,154,56,1,2c64c524_FUN_2c64c524
0x2c64c5d4,FUN_2c64c5d4,268,103,1,2c64c5d4_FUN_2c64c5d4
0x2c64c704,FUN_2c64c704,202,75,1,2c64c704_FUN_2c64c704
0x2c64c7ec,FUN_2c64c7ec,98,39,1,2c64c7ec_FUN_2c64c7ec
0x2c64c854,FUN_2c64c854,142,53,1,2c64c854_FUN_2c64c854
0x2c64c8f4,FUN_2c64c8f4,98,41,1,2c64c8f4_FUN_2c64c8f4
0x2c64c9c4,FUN_2c64c9c4,34,15,1,2c64c9c4_FUN_2c64c9c4
0x2c64c9ce,thunk_FUN_2c669588,4,1,1,2c64c9ce_thunk_FUN_2c669588
0x2c64c9d2,thunk_FUN_2c669588,4,1,1,2c64c9d2_thunk_FUN_2c669588
0x2c64c9d6,FUN_2c64c9d6,24,12,1,2c64c9d6_FUN_2c64c9d6
0x2c64c9ee,FUN_2c64c9ee,6,3,1,2c64c9ee_FUN_2c64c9ee
0x2c64c9f4,FUN_2c64c9f4,98,38,1,2c64c9f4_FUN_2c64c9f4
0x2c64ca5c,FUN_2c64ca5c,34,14,1,2c64ca5c_FUN_2c64ca5c
0x2c64ca7e,thunk_FUN_2c64ca5c,4,1,1,2c64ca7e_thunk_FUN_2c64ca5c
0x2c64cd68,FUN_2c64cd68,48,18,1,2c64cd68_FUN_2c64cd68
0x2c64cdb4,FUN_2c64cdb4,14,7,1,2c64cdb4_FUN_2c64cdb4
0x2c64cdcc,FUN_2c64cdcc,2,1,1,2c64cdcc_FUN_2c64cdcc
0x2c64cdce,FUN_2c64cdce,18,9,1,2c64cdce_FUN_2c64cdce
0x2c64cdfc,FUN_2c64cdfc,36,15,1,2c64cdfc_FUN_2c64cdfc
0x2c64ce10,FUN_2c64ce10,16,7,1,2c64ce10_FUN_2c64ce10
0x2c64ce24,FUN_2c64ce24,4,2,1,2c64ce24_FUN_2c64ce24
0x2c64ce2c,FUN_2c64ce2c,114,47,1,2c64ce2c_FUN_2c64ce2c
0x2c64ce9e,FUN_2c64ce9e,30,12,1,2c64ce9e_FUN_2c64ce9e
0x2c64cebc,FUN_2c64cebc,22,10,1,2c64cebc_FUN_2c64cebc
0x2c64cf04,FUN_2c64cf04,20,10,1,2c64cf04_FUN_2c64cf04
0x2c64cf1c,FUN_2c64cf1c,366,135,1,2c64cf1c_FUN_2c64cf1c
0x2c64d090,FUN_2c64d090,12,5,1,2c64d090_FUN_2c64d090
0x2c64d144,FUN_2c64d144,1362,496,1,2c64d144_FUN_2c64d144
0x2c64d8d8,FUN_2c64d8d8,120,48,1,2c64d8d8_FUN_2c64d8d8
0x2c64d960,FUN_2c64d960,120,48,1,2c64d960_FUN_2c64d960
0x2c64d9ea,FUN_2c64d9ea,26,12,1,2c64d9ea_FUN_2c64d9ea
0x2c64da08,FUN_2c64da08,18,7,1,2c64da08_FUN_2c64da08
0x2c64da1c,FUN_2c64da1c,28,13,1,2c64da1c_FUN_2c64da1c
0x2c64da3c,FUN_2c64da3c,18,7,1,2c64da3c_FUN_2c64da3c
0x2c64da50,FUN_2c64da50,124,48,1,2c64da50_FUN_2c64da50
0x2c64dae0,FUN_2c64dae0,124,48,1,2c64dae0_FUN_2c64dae0
0x2c64db72,FUN_2c64db72,26,12,1,2c64db72_FUN_2c64db72
0x2c64db90,FUN_2c64db90,18,7,1,2c64db90_FUN_2c64db90
0x2c64dba4,FUN_2c64dba4,28,13,1,2c64dba4_FUN_2c64dba4
0x2c64dbc4,FUN_2c64dbc4,18,7,1,2c64dbc4_FUN_2c64dbc4
0x2c64dbd8,FUN_2c64dbd8,56,22,1,2c64dbd8_FUN_2c64dbd8
0x2c64dc14,FUN_2c64dc14,18,7,1,2c64dc14_FUN_2c64dc14
0x2c64dc28,FUN_2c64dc28,56,22,1,2c64dc28_FUN_2c64dc28
0x2c64dc64,FUN_2c64dc64,18,7,1,2c64dc64_FUN_2c64dc64
0x2c64dc78,FUN_2c64dc78,56,22,1,2c64dc78_FUN_2c64dc78
0x2c64dcb4,FUN_2c64dcb4,18,7,1,2c64dcb4_FUN_2c64dcb4
0x2c64dcc8,FUN_2c64dcc8,56,22,1,2c64dcc8_FUN_2c64dcc8
0x2c64dd04,FUN_2c64dd04,18,7,1,2c64dd04_FUN_2c64dd04
0x2c64dd18,FUN_2c64dd18,120,48,1,2c64dd18_FUN_2c64dd18
0x2c64dda0,FUN_2c64dda0,120,48,1,2c64dda0_FUN_2c64dda0
0x2c64de2a,FUN_2c64de2a,26,12,1,2c64de2a_FUN_2c64de2a
0x2c64de48,FUN_2c64de48,18,7,1,2c64de48_FUN_2c64de48
0x2c64de5c,FUN_2c64de5c,28,13,1,2c64de5c_FUN_2c64de5c
0x2c64de7c,FUN_2c64de7c,18,7,1,2c64de7c_FUN_2c64de7c
0x2c64de90,FUN_2c64de90,124,48,1,2c64de90_FUN_2c64de90
0x2c64df20,FUN_2c64df20,124,48,1,2c64df20_FUN_2c64df20
0x2c64dfb2,FUN_2c64dfb2,26,12,1,2c64dfb2_FUN_2c64dfb2
0x2c64dfd0,FUN_2c64dfd0,18,7,1,2c64dfd0_FUN_2c64dfd0
0x2c64dfe4,FUN_2c64dfe4,28,13,1,2c64dfe4_FUN_2c64dfe4
0x2c64e004,FUN_2c64e004,18,7,1,2c64e004_FUN_2c64e004
0x2c64e018,FUN_2c64e018,130,56,1,2c64e018_FUN_2c64e018
0x2c64e0b6,FUN_2c64e0b6,26,12,1,2c64e0b6_FUN_2c64e0b6
0x2c64e0d4,FUN_2c64e0d4,18,7,1,2c64e0d4_FUN_2c64e0d4
0x2c64e0e8,FUN_2c64e0e8,132,52,1,2c64e0e8_FUN_2c64e0e8
0x2c64e186,FUN_2c64e186,26,12,1,2c64e186_FUN_2c64e186
0x2c64e1a4,FUN_2c64e1a4,18,7,1,2c64e1a4_FUN_2c64e1a4
0x2c64e1b8,FUN_2c64e1b8,48,19,1,2c64e1b8_FUN_2c64e1b8
0x2c64e1ec,FUN_2c64e1ec,18,7,1,2c64e1ec_FUN_2c64e1ec
0x2c64e200,FUN_2c64e200,48,19,1,2c64e200_FUN_2c64e200
0x2c64e234,FUN_2c64e234,18,7,1,2c64e234_FUN_2c64e234
0x2c64e248,FUN_2c64e248,130,56,1,2c64e248_FUN_2c64e248
0x2c64e2e6,FUN_2c64e2e6,26,12,1,2c64e2e6_FUN_2c64e2e6
0x2c64e304,FUN_2c64e304,18,7,1,2c64e304_FUN_2c64e304
0x2c64e318,FUN_2c64e318,132,52,1,2c64e318_FUN_2c64e318
0x2c64e3b6,FUN_2c64e3b6,26,12,1,2c64e3b6_FUN_2c64e3b6
0x2c64e3d4,FUN_2c64e3d4,18,7,1,2c64e3d4_FUN_2c64e3d4
0x2c64e3e6,FUN_2c64e3e6,42,21,1,2c64e3e6_FUN_2c64e3e6
0x2c64e410,FUN_2c64e410,42,21,1,2c64e410_FUN_2c64e410
0x2c64e43a,FUN_2c64e43a,38,19,1,2c64e43a_FUN_2c64e43a
0x2c64e460,FUN_2c64e460,46,23,1,2c64e460_FUN_2c64e460
0x2c64e48e,thunk_FUN_2c64e43a,4,1,1,2c64e48e_thunk_FUN_2c64e43a
0x2c64e492,thunk_FUN_2c64e460,4,1,1,2c64e492_thunk_FUN_2c64e460
0x2c64e496,FUN_2c64e496,182,80,1,2c64e496_FUN_2c64e496
0x2c64e54c,FUN_2c64e54c,456,204,1,2c64e54c_FUN_2c64e54c
0x2c64e740,FUN_2c64e740,222,93,1,2c64e740_FUN_2c64e740
0x2c64e81e,FUN_2c64e81e,222,93,1,2c64e81e_FUN_2c64e81e
0x2c64e8fc,FUN_2c64e8fc,150,65,1,2c64e8fc_FUN_2c64e8fc
0x2c64e994,FUN_2c64e994,160,66,1,2c64e994_FUN_2c64e994
0x2c64ea38,FUN_2c64ea38,86,38,1,2c64ea38_FUN_2c64ea38
0x2c64ea8e,FUN_2c64ea8e,64,30,1,2c64ea8e_FUN_2c64ea8e
0x2c64ead0,FUN_2c64ead0,94,42,1,2c64ead0_FUN_2c64ead0
0x2c64eb34,FUN_2c64eb34,38,18,1,2c64eb34_FUN_2c64eb34
0x2c64eb60,FUN_2c64eb60,132,49,1,2c64eb60_FUN_2c64eb60
0x2c64ebe4,FUN_2c64ebe4,46,20,1,2c64ebe4_FUN_2c64ebe4
0x2c64ec18,FUN_2c64ec18,60,27,1,2c64ec18_FUN_2c64ec18
0x2c64ec54,FUN_2c64ec54,44,19,1,2c64ec54_FUN_2c64ec54
0x2c64ec84,FUN_2c64ec84,36,16,1,2c64ec84_FUN_2c64ec84
0x2c64ecac,FUN_2c64ecac,68,30,1,2c64ecac_FUN_2c64ecac
0x2c64ecf0,FUN_2c64ecf0,44,19,1,2c64ecf0_FUN_2c64ecf0
0x2c64ed20,FUN_2c64ed20,48,19,1,2c64ed20_FUN_2c64ed20
0x2c64ed50,FUN_2c64ed50,26,12,1,2c64ed50_FUN_2c64ed50
0x2c64ed70,FUN_2c64ed70,90,37,1,2c64ed70_FUN_2c64ed70
0x2c64edcc,FUN_2c64edcc,48,21,1,2c64edcc_FUN_2c64edcc
0x2c64ee00,FUN_2c64ee00,84,34,1,2c64ee00_FUN_2c64ee00
0x2c64ee54,FUN_2c64ee54,26,12,1,2c64ee54_FUN_2c64ee54
0x2c64ee74,FUN_2c64ee74,114,46,1,2c64ee74_FUN_2c64ee74
0x2c64eee8,FUN_2c64eee8,70,29,1,2c64eee8_FUN_2c64eee8
0x2c64ef34,FUN_2c64ef34,42,17,1,2c64ef34_FUN_2c64ef34
0x2c64ef64,FUN_2c64ef64,66,27,1,2c64ef64_FUN_2c64ef64
0x2c64efae,FUN_2c64efae,14,6,1,2c64efae_FUN_2c64efae
0x2c64efc0,FUN_2c64efc0,18,7,1,2c64efc0_FUN_2c64efc0
0x2c64efd4,FUN_2c64efd4,16,7,1,2c64efd4_FUN_2c64efd4
0x2c64efe8,FUN_2c64efe8,18,7,1,2c64efe8_FUN_2c64efe8
0x2c64effc,FUN_2c64effc,16,7,1,2c64effc_FUN_2c64effc
0x2c64f010,FUN_2c64f010,18,7,1,2c64f010_FUN_2c64f010
0x2c64f024,FUN_2c64f024,16,7,1,2c64f024_FUN_2c64f024
0x2c64f038,FUN_2c64f038,18,7,1,2c64f038_FUN_2c64f038
0x2c64f04c,FUN_2c64f04c,692,264,1,2c64f04c_FUN_2c64f04c
0x2c64f3c0,FUN_2c64f3c0,42,18,1,2c64f3c0_FUN_2c64f3c0
0x2c64f3ea,FUN_2c64f3ea,58,23,1,2c64f3ea_FUN_2c64f3ea
0x2c64f424,FUN_2c64f424,26,10,1,2c64f424_FUN_2c64f424
0x2c64f43e,FUN_2c64f43e,66,28,1,2c64f43e_FUN_2c64f43e
0x2c64f480,FUN_2c64f480,66,28,1,2c64f480_FUN_2c64f480
0x2c64f4c2,FUN_2c64f4c2,66,28,1,2c64f4c2_FUN_2c64f4c2
0x2c64f504,FUN_2c64f504,66,28,1,2c64f504_FUN_2c64f504
0x2c64f546,FUN_2c64f546,66,28,1,2c64f546_FUN_2c64f546
0x2c64f592,FUN_2c64f592,112,44,1,2c64f592_FUN_2c64f592
0x2c64f602,FUN_2c64f602,56,22,1,2c64f602_FUN_2c64f602
0x2c64f646,FUN_2c64f646,28,10,1,2c64f646_FUN_2c64f646
0x2c64f662,FUN_2c64f662,26,10,1,2c64f662_FUN_2c64f662
0x2c64f67c,FUN_2c64f67c,66,28,1,2c64f67c_FUN_2c64f67c
0x2c64f6be,FUN_2c64f6be,66,28,1,2c64f6be_FUN_2c64f6be
0x2c64f700,FUN_2c64f700,66,28,1,2c64f700_FUN_2c64f700
0x2c64f742,FUN_2c64f742,66,28,1,2c64f742_FUN_2c64f742
0x2c64f784,FUN_2c64f784,66,28,1,2c64f784_FUN_2c64f784
0x2c64f7d0,FUN_2c64f7d0,112,44,1,2c64f7d0_FUN_2c64f7d0
0x2c64f840,FUN_2c64f840,54,22,1,2c64f840_FUN_2c64f840
0x2c64f882,FUN_2c64f882,28,10,1,2c64f882_FUN_2c64f882
0x2c64f89e,FUN_2c64f89e,26,13,1,2c64f89e_FUN_2c64f89e
0x2c64f8bc,FUN_2c64f8bc,26,11,1,2c64f8bc_FUN_2c64f8bc
0x2c64f8dc,FUN_2c64f8dc,18,7,1,2c64f8dc_FUN_2c64f8dc
0x2c64f8f4,FUN_2c64f8f4,32,14,1,2c64f8f4_FUN_2c64f8f4
0x2c64f918,FUN_2c64f918,18,7,1,2c64f918_FUN_2c64f918
0x2c64f930,FUN_2c64f930,32,14,1,2c64f930_FUN_2c64f930
0x2c64f954,FUN_2c64f954,18,7,1,2c64f954_FUN_2c64f954
0x2c64f968,FUN_2c64f968,24,9,1,2c64f968_FUN_2c64f968
0x2c64f984,FUN_2c64f984,18,7,1,2c64f984_FUN_2c64f984
0x2c64f99c,FUN_2c64f99c,26,11,1,2c64f99c_FUN_2c64f99c
0x2c64f9bc,FUN_2c64f9bc,18,7,1,2c64f9bc_FUN_2c64f9bc
0x2c64f9d4,FUN_2c64f9d4,32,14,1,2c64f9d4_FUN_2c64f9d4
0x2c64f9f8,FUN_2c64f9f8,18,7,1,2c64f9f8_FUN_2c64f9f8
0x2c64fa10,FUN_2c64fa10,32,14,1,2c64fa10_FUN_2c64fa10
0x2c64fa34,FUN_2c64fa34,18,7,1,2c64fa34_FUN_2c64fa34
0x2c64fa48,FUN_2c64fa48,24,9,1,2c64fa48_FUN_2c64fa48
0x2c64fa64,FUN_2c64fa64,18,7,1,2c64fa64_FUN_2c64fa64
0x2c64fa78,FUN_2c64fa78,24,9,1,2c64fa78_FUN_2c64fa78
0x2c64fa94,FUN_2c64fa94,18,7,1,2c64fa94_FUN_2c64fa94
0x2c64faa8,FUN_2c64faa8,24,9,1,2c64faa8_FUN_2c64faa8
0x2c64fac4,FUN_2c64fac4,18,7,1,2c64fac4_FUN_2c64fac4
0x2c64fad8,FUN_2c64fad8,24,9,1,2c64fad8_FUN_2c64fad8
0x2c64faf4,FUN_2c64faf4,18,7,1,2c64faf4_FUN_2c64faf4
0x2c64fb08,FUN_2c64fb08,24,9,1,2c64fb08_FUN_2c64fb08
0x2c64fb24,FUN_2c64fb24,18,7,1,2c64fb24_FUN_2c64fb24
0x2c64fb38,FUN_2c64fb38,24,9,1,2c64fb38_FUN_2c64fb38
0x2c64fb54,FUN_2c64fb54,18,7,1,2c64fb54_FUN_2c64fb54
0x2c64fb68,FUN_2c64fb68,24,9,1,2c64fb68_FUN_2c64fb68
0x2c64fb84,FUN_2c64fb84,18,7,1,2c64fb84_FUN_2c64fb84
0x2c64fb98,FUN_2c64fb98,24,9,1,2c64fb98_FUN_2c64fb98
0x2c64fbb4,FUN_2c64fbb4,18,7,1,2c64fbb4_FUN_2c64fbb4
0x2c64fbc8,FUN_2c64fbc8,24,9,1,2c64fbc8_FUN_2c64fbc8
0x2c64fbe4,FUN_2c64fbe4,18,7,1,2c64fbe4_FUN_2c64fbe4
0x2c64fbf6,FUN_2c64fbf6,14,7,1,2c64fbf6_FUN_2c64fbf6
0x2c64fc04,FUN_2c64fc04,122,44,1,2c64fc04_FUN_2c64fc04
0x2c64fc7e,FUN_2c64fc7e,118,44,1,2c64fc7e_FUN_2c64fc7e
0x2c64fd20,FUN_2c64fd20,170,63,1,2c64fd20_FUN_2c64fd20
0x2c64fdca,FUN_2c64fdca,170,63,1,2c64fdca_FUN_2c64fdca
0x2c64fe74,FUN_2c64fe74,170,63,1,2c64fe74_FUN_2c64fe74
0x2c64ff1e,FUN_2c64ff1e,170,63,1,2c64ff1e_FUN_2c64ff1e
0x2c64ffc8,FUN_2c64ffc8,40,17,1,2c64ffc8_FUN_2c64ffc8
0x2c64fff0,FUN_2c64fff0,40,17,1,2c64fff0_FUN_2c64fff0
0x2c650034,FUN_2c650034,180,67,1,2c650034_FUN_2c650034
0x2c6500e8,FUN_2c6500e8,180,67,1,2c6500e8_FUN_2c6500e8
0x2c65019c,FUN_2c65019c,954,384,1,2c65019c_FUN_2c65019c
0x2c65061c,FUN_2c65061c,30,12,1,2c65061c_FUN_2c65061c
0x2c650640,FUN_2c650640,42,18,1,2c650640_FUN_2c650640
0x2c65066a,FUN_2c65066a,62,24,1,2c65066a_FUN_2c65066a
0x2c6506aa,FUN_2c6506aa,96,33,1,2c6506aa_FUN_2c6506aa
0x2c65070a,FUN_2c65070a,134,51,1,2c65070a_FUN_2c65070a
0x2c650790,FUN_2c650790,36,16,1,2c650790_FUN_2c650790
0x2c6507b8,FUN_2c6507b8,80,32,1,2c6507b8_FUN_2c6507b8
0x2c650810,FUN_2c650810,32,13,1,2c650810_FUN_2c650810
0x2c650830,FUN_2c650830,66,27,1,2c650830_FUN_2c650830
0x2c650874,FUN_2c650874,146,49,1,2c650874_FUN_2c650874
0x2c65090c,FUN_2c65090c,30,12,1,2c65090c_FUN_2c65090c
0x2c650930,FUN_2c650930,42,18,1,2c650930_FUN_2c650930
0x2c65095a,FUN_2c65095a,62,24,1,2c65095a_FUN_2c65095a
0x2c65099a,FUN_2c65099a,92,32,1,2c65099a_FUN_2c65099a
0x2c6509f6,FUN_2c6509f6,134,51,1,2c6509f6_FUN_2c6509f6
0x2c650a7c,FUN_2c650a7c,36,16,1,2c650a7c_FUN_2c650a7c
0x2c650aa8,FUN_2c650aa8,78,32,1,2c650aa8_FUN_2c650aa8
0x2c650b00,FUN_2c650b00,32,13,1,2c650b00_FUN_2c650b00
0x2c650b20,FUN_2c650b20,66,27,1,2c650b20_FUN_2c650b20
0x2c650b64,FUN_2c650b64,146,49,1,2c650b64_FUN_2c650b64
0x2c650c06,FUN_2c650c06,16,7,1,2c650c06_FUN_2c650c06
0x2c650c18,FUN_2c650c18,28,12,1,2c650c18_FUN_2c650c18
0x2c650c38,FUN_2c650c38,28,11,1,2c650c38_FUN_2c650c38
0x2c650c54,FUN_2c650c54,26,12,1,2c650c54_FUN_2c650c54
0x2c650c6e,FUN_2c650c6e,24,11,1,2c650c6e_FUN_2c650c6e
0x2c650c86,FUN_2c650c86,24,11,1,2c650c86_FUN_2c650c86
0x2c650c9e,FUN_2c650c9e,34,14,1,2c650c9e_FUN_2c650c9e
0x2c650cc0,FUN_2c650cc0,10,4,1,2c650cc0_FUN_2c650cc0
0x2c650ccc,FUN_2c650ccc,52,21,1,2c650ccc_FUN_2c650ccc
0x2c650d04,FUN_2c650d04,42,17,1,2c650d04_FUN_2c650d04
0x2c650d2e,FUN_2c650d2e,30,13,1,2c650d2e_FUN_2c650d2e
0x2c650d4c,FUN_2c650d4c,18,9,1,2c650d4c_FUN_2c650d4c
0x2c650d64,FUN_2c650d64,88,35,1,2c650d64_FUN_2c650d64
0x2c650dc4,FUN_2c650dc4,46,19,1,2c650dc4_FUN_2c650dc4
0x2c650df8,FUN_2c650df8,20,9,1,2c650df8_FUN_2c650df8
0x2c650e3e,thunk_FUN_2c669588,4,1,1,2c650e3e_thunk_FUN_2c669588
0x2c650e44,FUN_2c650e44,24,11,1,2c650e44_FUN_2c650e44
0x2c650e60,FUN_2c650e60,20,9,1,2c650e60_FUN_2c650e60
0x2c650e74,FUN_2c650e74,40,16,1,2c650e74_FUN_2c650e74
0x2c650ea0,FUN_2c650ea0,146,55,1,2c650ea0_FUN_2c650ea0
0x2c650f34,FUN_2c650f34,42,17,1,2c650f34_FUN_2c650f34
0x2c650f64,FUN_2c650f64,18,7,1,2c650f64_FUN_2c650f64
0x2c650f76,FUN_2c650f76,12,5,1,2c650f76_FUN_2c650f76
0x2c650f84,FUN_2c650f84,42,18,1,2c650f84_FUN_2c650f84
0x2c650fb4,FUN_2c650fb4,52,22,1,2c650fb4_FUN_2c650fb4
0x2c650fec,FUN_2c650fec,36,15,1,2c650fec_FUN_2c650fec
0x2c651010,FUN_2c651010,34,15,1,2c651010_FUN_2c651010
0x2c651034,FUN_2c651034,110,45,1,2c651034_FUN_2c651034
0x2c6510a8,FUN_2c6510a8,22,8,1,2c6510a8_FUN_2c6510a8
0x2c6510c4,FUN_2c6510c4,50,20,1,2c6510c4_FUN_2c6510c4
0x2c6510f6,FUN_2c6510f6,62,24,1,2c6510f6_FUN_2c6510f6
0x2c651134,FUN_2c651134,76,30,1,2c651134_FUN_2c651134
0x2c651180,FUN_2c651180,110,43,1,2c651180_FUN_2c651180
0x2c6511f4,FUN_2c6511f4,82,33,1,2c6511f4_FUN_2c6511f4
0x2c65124c,FUN_2c65124c,56,23,1,2c65124c_FUN_2c65124c
0x2c65128a,FUN_2c65128a,8,3,1,2c65128a_FUN_2c65128a
0x2c651292,FUN_2c651292,60,24,1,2c651292_FUN_2c651292
0x2c6512ce,FUN_2c6512ce,22,9,1,2c6512ce_FUN_2c6512ce
0x2c6512e4,FUN_2c6512e4,24,11,1,2c6512e4_FUN_2c6512e4
0x2c6512fc,FUN_2c6512fc,76,28,1,2c6512fc_FUN_2c6512fc
0x2c651320,FUN_2c651320,26,11,1,2c651320_FUN_2c651320
0x2c65133a,FUN_2c65133a,24,10,1,2c65133a_FUN_2c65133a
0x2c651352,FUN_2c651352,44,18,1,2c651352_FUN_2c651352
0x2c65137e,FUN_2c65137e,16,7,1,2c65137e_FUN_2c65137e
0x2c651390,FUN_2c651390,28,12,1,2c651390_FUN_2c651390
0x2c6513b0,FUN_2c6513b0,28,11,1,2c6513b0_FUN_2c6513b0
0x2c6513cc,FUN_2c6513cc,28,12,1,2c6513cc_FUN_2c6513cc
0x2c6513e8,FUN_2c6513e8,24,11,1,2c6513e8_FUN_2c6513e8
0x2c651400,FUN_2c651400,24,11,1,2c651400_FUN_2c651400
0x2c65143a,FUN_2c65143a,12,5,1,2c65143a_FUN_2c65143a
0x2c651448,FUN_2c651448,54,21,1,2c651448_FUN_2c651448
0x2c6514b0,FUN_2c6514b0,20,9,1,2c6514b0_FUN_2c6514b0
0x2c6514c8,FUN_2c6514c8,84,34,1,2c6514c8_FUN_2c6514c8
0x2c651524,FUN_2c651524,46,19,1,2c651524_FUN_2c651524
0x2c651558,FUN_2c651558,20,9,1,2c651558_FUN_2c651558
0x2c65159e,thunk_FUN_2c669588,4,1,1,2c65159e_thunk_FUN_2c669588
0x2c6515a4,FUN_2c6515a4,24,11,1,2c6515a4_FUN_2c6515a4
0x2c6515c0,FUN_2c6515c0,20,9,1,2c6515c0_FUN_2c6515c0
0x2c6515d4,FUN_2c6515d4,150,55,1,2c6515d4_FUN_2c6515d4
0x2c651672,FUN_2c651672,36,14,1,2c651672_FUN_2c651672
0x2c65169c,FUN_2c65169c,18,7,1,2c65169c_FUN_2c65169c
0x2c6516b0,FUN_2c6516b0,42,18,1,2c6516b0_FUN_2c6516b0
0x2c6516e0,FUN_2c6516e0,52,22,1,2c6516e0_FUN_2c6516e0
0x2c651718,FUN_2c651718,36,15,1,2c651718_FUN_2c651718
0x2c65173c,FUN_2c65173c,116,46,1,2c65173c_FUN_2c65173c
0x2c6517b4,FUN_2c6517b4,22,8,1,2c6517b4_FUN_2c6517b4
0x2c6517d0,FUN_2c6517d0,50,20,1,2c6517d0_FUN_2c6517d0
0x2c651802,FUN_2c651802,62,24,1,2c651802_FUN_2c651802
0x2c651840,FUN_2c651840,78,30,1,2c651840_FUN_2c651840
0x2c651890,FUN_2c651890,112,43,1,2c651890_FUN_2c651890
0x2c651904,FUN_2c651904,84,33,1,2c651904_FUN_2c651904
0x2c65195c,FUN_2c65195c,56,23,1,2c65195c_FUN_2c65195c
0x2c65199a,FUN_2c65199a,8,3,1,2c65199a_FUN_2c65199a
0x2c6519a2,FUN_2c6519a2,60,23,1,2c6519a2_FUN_2c6519a2
0x2c6519de,FUN_2c6519de,22,9,1,2c6519de_FUN_2c6519de
0x2c6519f4,FUN_2c6519f4,24,11,1,2c6519f4_FUN_2c6519f4
0x2c651a0c,FUN_2c651a0c,76,29,1,2c651a0c_FUN_2c651a0c
0x2c651a30,FUN_2c651a30,28,11,1,2c651a30_FUN_2c651a30
0x2c651a4c,FUN_2c651a4c,24,10,1,2c651a4c_FUN_2c651a4c
0x2c651a64,FUN_2c651a64,46,18,1,2c651a64_FUN_2c651a64
0x2c651a9c,FUN_2c651a9c,36,14,1,2c651a9c_FUN_2c651a9c
0x2c651ac4,FUN_2c651ac4,18,7,1,2c651ac4_FUN_2c651ac4
0x2c651ad8,FUN_2c651ad8,18,8,1,2c651ad8_FUN_2c651ad8
0x2c651aee,FUN_2c651aee,16,7,1,2c651aee_FUN_2c651aee
0x2c651b00,FUN_2c651b00,28,11,1,2c651b00_FUN_2c651b00
0x2c651b24,FUN_2c651b24,18,7,1,2c651b24_FUN_2c651b24
0x2c651b36,FUN_2c651b36,72,29,1,2c651b36_FUN_2c651b36
0x2c651b80,FUN_2c651b80,36,16,1,2c651b80_FUN_2c651b80
0x2c651ba8,FUN_2c651ba8,76,30,1,2c651ba8_FUN_2c651ba8
0x2c651c0c,FUN_2c651c0c,32,15,1,2c651c0c_FUN_2c651c0c
0x2c651c3c,FUN_2c651c3c,32,15,1,2c651c3c_FUN_2c651c3c
0x2c651c5c,FUN_2c651c5c,298,131,1,2c651c5c_FUN_2c651c5c
0x2c651cfe,FUN_2c651cfe,26,11,1,2c651cfe_FUN_2c651cfe
0x2c651d1e,FUN_2c651d1e,26,11,1,2c651d1e_FUN_2c651d1e
0x2c651d38,FUN_2c651d38,60,21,1,2c651d38_FUN_2c651d38
0x2c651d74,FUN_2c651d74,74,25,1,2c651d74_FUN_2c651d74
0x2c651dbe,FUN_2c651dbe,42,19,1,2c651dbe_FUN_2c651dbe
0x2c651de8,FUN_2c651de8,42,19,1,2c651de8_FUN_2c651de8
0x2c651e1a,FUN_2c651e1a,28,12,1,2c651e1a_FUN_2c651e1a
0x2c651e3c,FUN_2c651e3c,30,14,1,2c651e3c_FUN_2c651e3c
0x2c651e5a,FUN_2c651e5a,90,39,1,2c651e5a_FUN_2c651e5a
0x2c651eb4,FUN_2c651eb4,108,38,1,2c651eb4_FUN_2c651eb4
0x2c652012,FUN_2c652012,18,8,1,2c652012_FUN_2c652012
0x2c652026,FUN_2c652026,18,8,1,2c652026_FUN_2c652026
0x2c65203a,FUN_2c65203a,18,8,1,2c65203a_FUN_2c65203a
0x2c65204e,FUN_2c65204e,18,8,1,2c65204e_FUN_2c65204e
0x2c652062,FUN_2c652062,18,8,1,2c652062_FUN_2c652062
0x2c652076,FUN_2c652076,18,8,1,2c652076_FUN_2c652076
0x2c65208a,FUN_2c65208a,18,8,1,2c65208a_FUN_2c65208a
0x2c65209e,FUN_2c65209e,18,8,1,2c65209e_FUN_2c65209e
0x2c6520b2,FUN_2c6520b2,18,8,1,2c6520b2_FUN_2c6520b2
0x2c6520c6,FUN_2c6520c6,18,8,1,2c6520c6_FUN_2c6520c6
0x2c6520da,FUN_2c6520da,18,8,1,2c6520da_FUN_2c6520da
0x2c6520ec,FUN_2c6520ec,16,7,1,2c6520ec_FUN_2c6520ec
0x2c652100,FUN_2c652100,18,7,1,2c652100_FUN_2c652100
0x2c652114,FUN_2c652114,16,7,1,2c652114_FUN_2c652114
0x2c652128,FUN_2c652128,18,7,1,2c652128_FUN_2c652128
0x2c65213c,FUN_2c65213c,16,7,1,2c65213c_FUN_2c65213c
0x2c652150,FUN_2c652150,18,7,1,2c652150_FUN_2c652150
0x2c652164,FUN_2c652164,24,9,1,2c652164_FUN_2c652164
0x2c652180,FUN_2c652180,18,7,1,2c652180_FUN_2c652180
0x2c652194,FUN_2c652194,24,9,1,2c652194_FUN_2c652194
0x2c6521b0,FUN_2c6521b0,18,7,1,2c6521b0_FUN_2c6521b0
0x2c6521c2,FUN_2c6521c2,20,9,1,2c6521c2_FUN_2c6521c2
0x2c6521d6,FUN_2c6521d6,20,8,1,2c6521d6_FUN_2c6521d6
0x2c6521ec,FUN_2c6521ec,94,31,1,2c6521ec_FUN_2c6521ec
0x2c652254,FUN_2c652254,56,24,1,2c652254_FUN_2c652254
0x2c652294,FUN_2c652294,18,7,1,2c652294_FUN_2c652294
0x2c6522a8,FUN_2c6522a8,94,31,1,2c6522a8_FUN_2c6522a8
0x2c652310,FUN_2c652310,34,15,1,2c652310_FUN_2c652310
0x2c65233c,FUN_2c65233c,106,43,1,2c65233c_FUN_2c65233c
0x2c6523ac,FUN_2c6523ac,6,3,1,2c6523ac_FUN_2c6523ac
0x2c6523b2,FUN_2c6523b2,34,15,1,2c6523b2_FUN_2c6523b2
0x2c6523d4,FUN_2c6523d4,62,28,1,2c6523d4_FUN_2c6523d4
0x2c652412,FUN_2c652412,32,14,1,2c652412_FUN_2c652412
0x2c652432,FUN_2c652432,6,3,1,2c652432_FUN_2c652432
0x2c652438,FUN_2c652438,6,3,1,2c652438_FUN_2c652438
0x2c65243e,FUN_2c65243e,14,7,1,2c65243e_FUN_2c65243e
0x2c65244c,FUN_2c65244c,14,7,1,2c65244c_FUN_2c65244c
0x2c65245a,FUN_2c65245a,14,7,1,2c65245a_FUN_2c65245a
0x2c652468,FUN_2c652468,14,7,1,2c652468_FUN_2c652468
0x2c652476,FUN_2c652476,6,3,1,2c652476_FUN_2c652476
0x2c65247c,FUN_2c65247c,10,5,1,2c65247c_FUN_2c65247c
0x2c652486,FUN_2c652486,10,5,1,2c652486_FUN_2c652486
0x2c652490,FUN_2c652490,6,3,1,2c652490_FUN_2c652490
0x2c652496,FUN_2c652496,6,3,1,2c652496_FUN_2c652496
0x2c65249c,FUN_2c65249c,14,7,1,2c65249c_FUN_2c65249c
0x2c6524aa,FUN_2c6524aa,14,7,1,2c6524aa_FUN_2c6524aa
0x2c6524b8,FUN_2c6524b8,14,7,1,2c6524b8_FUN_2c6524b8
0x2c6524c6,FUN_2c6524c6,14,7,1,2c6524c6_FUN_2c6524c6
0x2c6524d4,FUN_2c6524d4,6,3,1,2c6524d4_FUN_2c6524d4
0x2c6524da,FUN_2c6524da,10,5,1,2c6524da_FUN_2c6524da
0x2c6524e4,FUN_2c6524e4,10,5,1,2c6524e4_FUN_2c6524e4
0x2c65252c,FUN_2c65252c,62,26,1,2c65252c_FUN_2c65252c
0x2c65256a,FUN_2c65256a,44,18,1,2c65256a_FUN_2c65256a
0x2c652596,FUN_2c652596,48,20,1,2c652596_FUN_2c652596
0x2c6525c6,FUN_2c6525c6,6,3,1,2c6525c6_FUN_2c6525c6
0x2c6525cc,FUN_2c6525cc,6,3,1,2c6525cc_FUN_2c6525cc
0x2c6525d2,FUN_2c6525d2,14,7,1,2c6525d2_FUN_2c6525d2
0x2c6525e0,FUN_2c6525e0,14,7,1,2c6525e0_FUN_2c6525e0
0x2c6525ee,FUN_2c6525ee,14,7,1,2c6525ee_FUN_2c6525ee
0x2c652602,FUN_2c652602,56,24,1,2c652602_FUN_2c652602
0x2c65263a,FUN_2c65263a,56,24,1,2c65263a_FUN_2c65263a
0x2c652672,FUN_2c652672,56,24,1,2c652672_FUN_2c652672
0x2c6526aa,FUN_2c6526aa,56,24,1,2c6526aa_FUN_2c6526aa
0x2c6526e2,FUN_2c6526e2,56,24,1,2c6526e2_FUN_2c6526e2
0x2c65271c,FUN_2c65271c,26,12,1,2c65271c_FUN_2c65271c
0x2c65273c,FUN_2c65273c,6,3,1,2c65273c_FUN_2c65273c
0x2c652742,FUN_2c652742,24,12,1,2c652742_FUN_2c652742
0x2c65277c,FUN_2c65277c,52,20,1,2c65277c_FUN_2c65277c
0x2c6527b0,FUN_2c6527b0,556,216,1,2c6527b0_FUN_2c6527b0
0x2c6529e2,FUN_2c6529e2,484,188,1,2c6529e2_FUN_2c6529e2
0x2c652c14,FUN_2c652c14,266,90,1,2c652c14_FUN_2c652c14
0x2c652d24,FUN_2c652d24,32,11,1,2c652d24_FUN_2c652d24
0x2c652d58,FUN_2c652d58,30,13,1,2c652d58_FUN_2c652d58
0x2c652d76,FUN_2c652d76,36,16,1,2c652d76_FUN_2c652d76
0x2c652d9a,FUN_2c652d9a,14,5,1,2c652d9a_FUN_2c652d9a
0x2c652da8,FUN_2c652da8,186,70,1,2c652da8_FUN_2c652da8
0x2c652e62,FUN_2c652e62,364,131,1,2c652e62_FUN_2c652e62
0x2c652fce,FUN_2c652fce,352,132,1,2c652fce_FUN_2c652fce
0x2c653130,FUN_2c653130,1400,521,1,2c653130_FUN_2c653130
0x2c65372c,FUN_2c65372c,138,54,1,2c65372c_FUN_2c65372c
0x2c6537b6,FUN_2c6537b6,154,55,1,2c6537b6_FUN_2c6537b6
0x2c653850,FUN_2c653850,154,55,1,2c653850_FUN_2c653850
0x2c6538ea,FUN_2c6538ea,114,38,1,2c6538ea_FUN_2c6538ea
0x2c65395c,FUN_2c65395c,114,38,1,2c65395c_FUN_2c65395c
0x2c6539ce,FUN_2c6539ce,158,50,1,2c6539ce_FUN_2c6539ce
0x2c653a6c,FUN_2c653a6c,448,165,1,2c653a6c_FUN_2c653a6c
0x2c653e4c,FUN_2c653e4c,448,165,1,2c653e4c_FUN_2c653e4c
0x2c65422c,FUN_2c65422c,142,49,1,2c65422c_FUN_2c65422c
0x2c6542ba,FUN_2c6542ba,148,52,1,2c6542ba_FUN_2c6542ba
0x2c654350,FUN_2c654350,66,30,1,2c654350_FUN_2c654350
0x2c654398,FUN_2c654398,126,49,1,2c654398_FUN_2c654398
0x2c654416,FUN_2c654416,158,63,1,2c654416_FUN_2c654416
0x2c654540,FUN_2c654540,38,17,1,2c654540_FUN_2c654540
0x2c654566,FUN_2c654566,54,22,1,2c654566_FUN_2c654566
0x2c65459c,FUN_2c65459c,26,10,1,2c65459c_FUN_2c65459c
0x2c6545b6,FUN_2c6545b6,66,28,1,2c6545b6_FUN_2c6545b6
0x2c6545f8,FUN_2c6545f8,66,28,1,2c6545f8_FUN_2c6545f8
0x2c65463a,FUN_2c65463a,66,28,1,2c65463a_FUN_2c65463a
0x2c65467c,FUN_2c65467c,66,28,1,2c65467c_FUN_2c65467c
0x2c6546be,FUN_2c6546be,66,28,1,2c6546be_FUN_2c6546be
0x2c65470a,FUN_2c65470a,112,44,1,2c65470a_FUN_2c65470a
0x2c65477a,FUN_2c65477a,56,22,1,2c65477a_FUN_2c65477a
0x2c6547be,FUN_2c6547be,24,8,1,2c6547be_FUN_2c6547be
0x2c6547d6,FUN_2c6547d6,26,10,1,2c6547d6_FUN_2c6547d6
0x2c6547f0,FUN_2c6547f0,66,28,1,2c6547f0_FUN_2c6547f0
0x2c654832,FUN_2c654832,66,28,1,2c654832_FUN_2c654832
0x2c654874,FUN_2c654874,66,28,1,2c654874_FUN_2c654874
0x2c6548b6,FUN_2c6548b6,66,28,1,2c6548b6_FUN_2c6548b6
0x2c6548f8,FUN_2c6548f8,66,28,1,2c6548f8_FUN_2c6548f8
0x2c654944,FUN_2c654944,112,44,1,2c654944_FUN_2c654944
0x2c6549b4,FUN_2c6549b4,54,22,1,2c6549b4_FUN_2c6549b4
0x2c6549f6,FUN_2c6549f6,24,8,1,2c6549f6_FUN_2c6549f6
0x2c654a10,FUN_2c654a10,66,29,1,2c654a10_FUN_2c654a10
0x2c654a58,FUN_2c654a58,66,30,1,2c654a58_FUN_2c654a58
0x2c654aa4,FUN_2c654aa4,26,11,1,2c654aa4_FUN_2c654aa4
0x2c654ac4,FUN_2c654ac4,18,7,1,2c654ac4_FUN_2c654ac4
0x2c654adc,FUN_2c654adc,32,14,1,2c654adc_FUN_2c654adc
0x2c654b00,FUN_2c654b00,18,7,1,2c654b00_FUN_2c654b00
0x2c654b18,FUN_2c654b18,32,14,1,2c654b18_FUN_2c654b18
0x2c654b3c,FUN_2c654b3c,18,7,1,2c654b3c_FUN_2c654b3c
0x2c654b50,FUN_2c654b50,24,9,1,2c654b50_FUN_2c654b50
0x2c654b6c,FUN_2c654b6c,18,7,1,2c654b6c_FUN_2c654b6c
0x2c654b84,FUN_2c654b84,26,11,1,2c654b84_FUN_2c654b84
0x2c654ba4,FUN_2c654ba4,18,7,1,2c654ba4_FUN_2c654ba4
0x2c654bbc,FUN_2c654bbc,32,14,1,2c654bbc_FUN_2c654bbc
0x2c654be0,FUN_2c654be0,18,7,1,2c654be0_FUN_2c654be0
0x2c654bf8,FUN_2c654bf8,32,14,1,2c654bf8_FUN_2c654bf8
0x2c654c1c,FUN_2c654c1c,18,7,1,2c654c1c_FUN_2c654c1c
0x2c654c30,FUN_2c654c30,24,9,1,2c654c30_FUN_2c654c30
0x2c654c4c,FUN_2c654c4c,18,7,1,2c654c4c_FUN_2c654c4c
0x2c654c60,FUN_2c654c60,24,9,1,2c654c60_FUN_2c654c60
0x2c654c7c,FUN_2c654c7c,18,7,1,2c654c7c_FUN_2c654c7c
0x2c654c90,FUN_2c654c90,24,9,1,2c654c90_FUN_2c654c90
0x2c654cac,FUN_2c654cac,18,7,1,2c654cac_FUN_2c654cac
0x2c654cc0,FUN_2c654cc0,24,9,1,2c654cc0_FUN_2c654cc0
0x2c654cdc,FUN_2c654cdc,18,7,1,2c654cdc_FUN_2c654cdc
0x2c654cf0,FUN_2c654cf0,24,9,1,2c654cf0_FUN_2c654cf0
0x2c654d0c,FUN_2c654d0c,18,7,1,2c654d0c_FUN_2c654d0c
0x2c654d20,FUN_2c654d20,24,9,1,2c654d20_FUN_2c654d20
0x2c654d3c,FUN_2c654d3c,18,7,1,2c654d3c_FUN_2c654d3c
0x2c654d50,FUN_2c654d50,24,9,1,2c654d50_FUN_2c654d50
0x2c654d6c,FUN_2c654d6c,18,7,1,2c654d6c_FUN_2c654d6c
0x2c654d80,FUN_2c654d80,24,9,1,2c654d80_FUN_2c654d80
0x2c654d9c,FUN_2c654d9c,18,7,1,2c654d9c_FUN_2c654d9c
0x2c654db0,FUN_2c654db0,24,9,1,2c654db0_FUN_2c654db0
0x2c654dcc,FUN_2c654dcc,18,7,1,2c654dcc_FUN_2c654dcc
0x2c654dde,FUN_2c654dde,124,45,1,2c654dde_FUN_2c654dde
0x2c654e5a,FUN_2c654e5a,120,45,1,2c654e5a_FUN_2c654e5a
0x2c654efe,FUN_2c654efe,172,64,1,2c654efe_FUN_2c654efe
0x2c654faa,FUN_2c654faa,172,64,1,2c654faa_FUN_2c654faa
0x2c655056,FUN_2c655056,172,64,1,2c655056_FUN_2c655056
0x2c655102,FUN_2c655102,172,64,1,2c655102_FUN_2c655102
0x2c6551ae,FUN_2c6551ae,44,19,1,2c6551ae_FUN_2c6551ae
0x2c6551da,FUN_2c6551da,44,19,1,2c6551da_FUN_2c6551da
0x2c655222,FUN_2c655222,180,67,1,2c655222_FUN_2c655222
0x2c6552d6,FUN_2c6552d6,180,67,1,2c6552d6_FUN_2c6552d6
0x2c65538c,FUN_2c65538c,954,384,1,2c65538c_FUN_2c65538c
0x2c65580c,FUN_2c65580c,36,14,1,2c65580c_FUN_2c65580c
0x2c655896,FUN_2c655896,42,18,1,2c655896_FUN_2c655896
0x2c6558c0,FUN_2c6558c0,134,51,1,2c6558c0_FUN_2c6558c0
0x2c655946,FUN_2c655946,60,25,1,2c655946_FUN_2c655946
0x2c655984,FUN_2c655984,86,38,1,2c655984_FUN_2c655984
0x2c655aa0,FUN_2c655aa0,80,32,1,2c655aa0_FUN_2c655aa0
0x2c655af8,FUN_2c655af8,70,30,1,2c655af8_FUN_2c655af8
0x2c655b40,FUN_2c655b40,38,14,1,2c655b40_FUN_2c655b40
0x2c655bca,FUN_2c655bca,42,18,1,2c655bca_FUN_2c655bca
0x2c655bf4,FUN_2c655bf4,134,51,1,2c655bf4_FUN_2c655bf4
0x2c655c7a,FUN_2c655c7a,60,25,1,2c655c7a_FUN_2c655c7a
0x2c655cb8,FUN_2c655cb8,90,38,1,2c655cb8_FUN_2c655cb8
0x2c655dd8,FUN_2c655dd8,78,32,1,2c655dd8_FUN_2c655dd8
0x2c655e30,FUN_2c655e30,72,30,1,2c655e30_FUN_2c655e30
0x2c655f66,FUN_2c655f66,18,8,1,2c655f66_FUN_2c655f66
0x2c655f7a,FUN_2c655f7a,18,8,1,2c655f7a_FUN_2c655f7a
0x2c655f8e,FUN_2c655f8e,18,8,1,2c655f8e_FUN_2c655f8e
0x2c655fa2,FUN_2c655fa2,18,8,1,2c655fa2_FUN_2c655fa2
0x2c655fb6,FUN_2c655fb6,18,8,1,2c655fb6_FUN_2c655fb6
0x2c655fca,FUN_2c655fca,18,8,1,2c655fca_FUN_2c655fca
0x2c655fde,FUN_2c655fde,18,8,1,2c655fde_FUN_2c655fde
0x2c655ff2,FUN_2c655ff2,18,8,1,2c655ff2_FUN_2c655ff2
0x2c656006,FUN_2c656006,18,8,1,2c656006_FUN_2c656006
0x2c65601a,FUN_2c65601a,18,8,1,2c65601a_FUN_2c65601a
0x2c65602e,FUN_2c65602e,18,8,1,2c65602e_FUN_2c65602e
0x2c656040,FUN_2c656040,16,7,1,2c656040_FUN_2c656040
0x2c656054,FUN_2c656054,18,7,1,2c656054_FUN_2c656054
0x2c656068,FUN_2c656068,16,7,1,2c656068_FUN_2c656068
0x2c65607c,FUN_2c65607c,18,7,1,2c65607c_FUN_2c65607c
0x2c656090,FUN_2c656090,16,7,1,2c656090_FUN_2c656090
0x2c6560a4,FUN_2c6560a4,18,7,1,2c6560a4_FUN_2c6560a4
0x2c6560b8,FUN_2c6560b8,24,9,1,2c6560b8_FUN_2c6560b8
0x2c6560d4,FUN_2c6560d4,18,7,1,2c6560d4_FUN_2c6560d4
0x2c6560e8,FUN_2c6560e8,24,9,1,2c6560e8_FUN_2c6560e8
0x2c656104,FUN_2c656104,18,7,1,2c656104_FUN_2c656104
0x2c656116,FUN_2c656116,20,9,1,2c656116_FUN_2c656116
0x2c65612a,FUN_2c65612a,20,8,1,2c65612a_FUN_2c65612a
0x2c656140,FUN_2c656140,96,32,1,2c656140_FUN_2c656140
0x2c6561a8,FUN_2c6561a8,56,24,1,2c6561a8_FUN_2c6561a8
0x2c6561e8,FUN_2c6561e8,18,7,1,2c6561e8_FUN_2c6561e8
0x2c6561fc,FUN_2c6561fc,96,32,1,2c6561fc_FUN_2c6561fc
0x2c656264,FUN_2c656264,34,15,1,2c656264_FUN_2c656264
0x2c656290,FUN_2c656290,6,3,1,2c656290_FUN_2c656290
0x2c656296,FUN_2c656296,6,3,1,2c656296_FUN_2c656296
0x2c65629c,FUN_2c65629c,14,7,1,2c65629c_FUN_2c65629c
0x2c6562aa,FUN_2c6562aa,14,7,1,2c6562aa_FUN_2c6562aa
0x2c6562b8,FUN_2c6562b8,14,7,1,2c6562b8_FUN_2c6562b8
0x2c6562c6,FUN_2c6562c6,14,7,1,2c6562c6_FUN_2c6562c6
0x2c6562d4,FUN_2c6562d4,6,3,1,2c6562d4_FUN_2c6562d4
0x2c6562da,FUN_2c6562da,10,5,1,2c6562da_FUN_2c6562da
0x2c6562e4,FUN_2c6562e4,10,5,1,2c6562e4_FUN_2c6562e4
0x2c6562ee,FUN_2c6562ee,6,3,1,2c6562ee_FUN_2c6562ee
0x2c6562f4,FUN_2c6562f4,6,3,1,2c6562f4_FUN_2c6562f4
0x2c6562fa,FUN_2c6562fa,14,7,1,2c6562fa_FUN_2c6562fa
0x2c656308,FUN_2c656308,14,7,1,2c656308_FUN_2c656308
0x2c656316,FUN_2c656316,14,7,1,2c656316_FUN_2c656316
0x2c656324,FUN_2c656324,14,7,1,2c656324_FUN_2c656324
0x2c656332,FUN_2c656332,6,3,1,2c656332_FUN_2c656332
0x2c656338,FUN_2c656338,10,5,1,2c656338_FUN_2c656338
0x2c656342,FUN_2c656342,10,5,1,2c656342_FUN_2c656342
0x2c65638a,FUN_2c65638a,62,26,1,2c65638a_FUN_2c65638a
0x2c6563c8,FUN_2c6563c8,42,18,1,2c6563c8_FUN_2c6563c8
0x2c6563f2,FUN_2c6563f2,46,20,1,2c6563f2_FUN_2c6563f2
0x2c656420,FUN_2c656420,6,3,1,2c656420_FUN_2c656420
0x2c656426,FUN_2c656426,6,3,1,2c656426_FUN_2c656426
0x2c65642c,FUN_2c65642c,14,7,1,2c65642c_FUN_2c65642c
0x2c65643a,FUN_2c65643a,14,7,1,2c65643a_FUN_2c65643a
0x2c656448,FUN_2c656448,14,7,1,2c656448_FUN_2c656448
0x2c65645c,FUN_2c65645c,56,24,1,2c65645c_FUN_2c65645c
0x2c656494,FUN_2c656494,56,24,1,2c656494_FUN_2c656494
0x2c6564cc,FUN_2c6564cc,56,24,1,2c6564cc_FUN_2c6564cc
0x2c656504,FUN_2c656504,56,24,1,2c656504_FUN_2c656504
0x2c65653c,FUN_2c65653c,56,24,1,2c65653c_FUN_2c65653c
0x2c656574,FUN_2c656574,26,12,1,2c656574_FUN_2c656574
0x2c656594,FUN_2c656594,6,3,1,2c656594_FUN_2c656594
0x2c65659a,FUN_2c65659a,24,12,1,2c65659a_FUN_2c65659a
0x2c6565d4,FUN_2c6565d4,14,6,1,2c6565d4_FUN_2c6565d4
0x2c6565e2,FUN_2c6565e2,6,3,1,2c6565e2_FUN_2c6565e2
0x2c6565e8,FUN_2c6565e8,52,20,1,2c6565e8_FUN_2c6565e8
0x2c65661c,FUN_2c65661c,560,217,1,2c65661c_FUN_2c65661c
0x2c65685c,FUN_2c65685c,488,189,1,2c65685c_FUN_2c65685c
0x2c656a9c,FUN_2c656a9c,244,83,1,2c656a9c_FUN_2c656a9c
0x2c656b94,FUN_2c656b94,50,18,1,2c656b94_FUN_2c656b94
0x2c656bc6,FUN_2c656bc6,6,3,1,2c656bc6_FUN_2c656bc6
0x2c656bcc,FUN_2c656bcc,6,3,1,2c656bcc_FUN_2c656bcc
0x2c656bd2,FUN_2c656bd2,6,3,1,2c656bd2_FUN_2c656bd2
0x2c656bd8,FUN_2c656bd8,30,13,1,2c656bd8_FUN_2c656bd8
0x2c656bf6,FUN_2c656bf6,36,16,1,2c656bf6_FUN_2c656bf6
0x2c656c1a,FUN_2c656c1a,14,5,1,2c656c1a_FUN_2c656c1a
0x2c656c28,FUN_2c656c28,186,70,1,2c656c28_FUN_2c656c28
0x2c656ce2,FUN_2c656ce2,368,134,1,2c656ce2_FUN_2c656ce2
0x2c656e52,FUN_2c656e52,358,134,1,2c656e52_FUN_2c656e52
0x2c656fb8,FUN_2c656fb8,1392,515,1,2c656fb8_FUN_2c656fb8
0x2c6575ac,FUN_2c6575ac,138,54,1,2c6575ac_FUN_2c6575ac
0x2c657636,FUN_2c657636,154,55,1,2c657636_FUN_2c657636
0x2c6576d0,FUN_2c6576d0,154,55,1,2c6576d0_FUN_2c6576d0
0x2c65776a,FUN_2c65776a,114,38,1,2c65776a_FUN_2c65776a
0x2c6577dc,FUN_2c6577dc,114,38,1,2c6577dc_FUN_2c6577dc
0x2c65784e,FUN_2c65784e,148,48,1,2c65784e_FUN_2c65784e
0x2c6578e4,FUN_2c6578e4,448,164,1,2c6578e4_FUN_2c6578e4
0x2c657cc8,FUN_2c657cc8,448,164,1,2c657cc8_FUN_2c657cc8
0x2c6580ac,FUN_2c6580ac,142,49,1,2c6580ac_FUN_2c6580ac
0x2c65813a,FUN_2c65813a,148,52,1,2c65813a_FUN_2c65813a
0x2c6581d0,FUN_2c6581d0,66,29,1,2c6581d0_FUN_2c6581d0
0x2c658218,FUN_2c658218,132,49,1,2c658218_FUN_2c658218
0x2c65829c,FUN_2c65829c,182,70,1,2c65829c_FUN_2c65829c
0x2c6583de,FUN_2c6583de,40,17,1,2c6583de_FUN_2c6583de
0x2c658408,FUN_2c658408,40,17,1,2c658408_FUN_2c658408
0x2c658430,FUN_2c658430,32,12,1,2c658430_FUN_2c658430
0x2c658450,FUN_2c658450,66,26,1,2c658450_FUN_2c658450
0x2c658492,FUN_2c658492,66,26,1,2c658492_FUN_2c658492
0x2c6584d4,FUN_2c6584d4,14,6,1,2c6584d4_FUN_2c6584d4
0x2c6584ee,FUN_2c6584ee,34,14,1,2c6584ee_FUN_2c6584ee
0x2c658510,FUN_2c658510,180,82,1,2c658510_FUN_2c658510
0x2c658534,FUN_2c658534,40,16,1,2c658534_FUN_2c658534
0x2c658558,FUN_2c658558,36,16,1,2c658558_FUN_2c658558
0x2c65857e,FUN_2c65857e,16,6,1,2c65857e_FUN_2c65857e
0x2c658594,FUN_2c658594,18,7,1,2c658594_FUN_2c658594
0x2c6585a8,FUN_2c6585a8,18,7,1,2c6585a8_FUN_2c6585a8
0x2c6585c0,FUN_2c6585c0,18,7,1,2c6585c0_FUN_2c6585c0
0x2c6585d2,FUN_2c6585d2,14,6,1,2c6585d2_FUN_2c6585d2
0x2c6585e2,FUN_2c6585e2,28,12,1,2c6585e2_FUN_2c6585e2
0x2c6585fe,FUN_2c6585fe,202,84,1,2c6585fe_FUN_2c6585fe
0x2c658612,FUN_2c658612,56,23,1,2c658612_FUN_2c658612
0x2c65864c,FUN_2c65864c,28,12,1,2c65864c_FUN_2c65864c
0x2c658668,FUN_2c658668,6,2,1,2c658668_FUN_2c658668
0x2c65866e,FUN_2c65866e,6,2,1,2c65866e_FUN_2c65866e
0x2c658674,FUN_2c658674,6,2,1,2c658674_FUN_2c658674
0x2c65867a,FUN_2c65867a,6,2,1,2c65867a_FUN_2c65867a
0x2c658680,FUN_2c658680,6,2,1,2c658680_FUN_2c658680
0x2c658686,FUN_2c658686,6,2,1,2c658686_FUN_2c658686
0x2c65868c,FUN_2c65868c,56,19,1,2c65868c_FUN_2c65868c
0x2c6586c4,FUN_2c6586c4,6,2,1,2c6586c4_FUN_2c6586c4
0x2c6586d0,FUN_2c6586d0,138,50,1,2c6586d0_FUN_2c6586d0
0x2c658768,FUN_2c658768,134,47,1,2c658768_FUN_2c658768
0x2c6587f0,FUN_2c6587f0,16,7,1,2c6587f0_FUN_2c6587f0
0x2c658806,FUN_2c658806,14,6,1,2c658806_FUN_2c658806
0x2c658818,FUN_2c658818,18,7,1,2c658818_FUN_2c658818
0x2c65882a,FUN_2c65882a,18,7,1,2c65882a_FUN_2c65882a
0x2c6589ac,FUN_2c6589ac,26,12,1,2c6589ac_FUN_2c6589ac
0x2c6589c6,FUN_2c6589c6,32,15,1,2c6589c6_FUN_2c6589c6
0x2c6589e8,FUN_2c6589e8,52,20,1,2c6589e8_FUN_2c6589e8
0x2c658a20,FUN_2c658a20,18,7,1,2c658a20_FUN_2c658a20
0x2c658a34,FUN_2c658a34,28,12,1,2c658a34_FUN_2c658a34
0x2c658a66,FUN_2c658a66,26,11,1,2c658a66_FUN_2c658a66
0x2c658a94,FUN_2c658a94,18,7,1,2c658a94_FUN_2c658a94
0x2c658ab6,FUN_2c658ab6,18,7,1,2c658ab6_FUN_2c658ab6
0x2c658bee,FUN_2c658bee,18,8,1,2c658bee_FUN_2c658bee
0x2c658c02,FUN_2c658c02,18,8,1,2c658c02_FUN_2c658c02
0x2c658c16,FUN_2c658c16,18,8,1,2c658c16_FUN_2c658c16
0x2c658c2a,FUN_2c658c2a,18,8,1,2c658c2a_FUN_2c658c2a
0x2c658c3e,FUN_2c658c3e,18,8,1,2c658c3e_FUN_2c658c3e
0x2c658c52,FUN_2c658c52,18,8,1,2c658c52_FUN_2c658c52
0x2c658c66,FUN_2c658c66,18,8,1,2c658c66_FUN_2c658c66
0x2c658c7a,FUN_2c658c7a,18,8,1,2c658c7a_FUN_2c658c7a
0x2c658c8e,FUN_2c658c8e,18,8,1,2c658c8e_FUN_2c658c8e
0x2c658ca2,FUN_2c658ca2,18,8,1,2c658ca2_FUN_2c658ca2
0x2c658cb6,FUN_2c658cb6,18,8,1,2c658cb6_FUN_2c658cb6
0x2c658cc8,FUN_2c658cc8,16,7,1,2c658cc8_FUN_2c658cc8
0x2c658cdc,FUN_2c658cdc,16,7,1,2c658cdc_FUN_2c658cdc
0x2c658cf2,FUN_2c658cf2,14,6,1,2c658cf2_FUN_2c658cf2
0x2c658d06,FUN_2c658d06,14,6,1,2c658d06_FUN_2c658d06
0x2c658d1a,FUN_2c658d1a,14,6,1,2c658d1a_FUN_2c658d1a
0x2c658d2e,FUN_2c658d2e,14,6,1,2c658d2e_FUN_2c658d2e
0x2c658d40,FUN_2c658d40,16,7,1,2c658d40_FUN_2c658d40
0x2c658d54,FUN_2c658d54,18,7,1,2c658d54_FUN_2c658d54
0x2c658d66,FUN_2c658d66,18,7,1,2c658d66_FUN_2c658d66
0x2c658d78,FUN_2c658d78,18,7,1,2c658d78_FUN_2c658d78
0x2c658d8a,FUN_2c658d8a,18,7,1,2c658d8a_FUN_2c658d8a
0x2c658d9c,FUN_2c658d9c,18,7,1,2c658d9c_FUN_2c658d9c
0x2c658dae,FUN_2c658dae,18,7,1,2c658dae_FUN_2c658dae
0x2c658dc0,FUN_2c658dc0,18,7,1,2c658dc0_FUN_2c658dc0
0x2c658dd4,FUN_2c658dd4,24,9,1,2c658dd4_FUN_2c658dd4
0x2c658df0,FUN_2c658df0,18,7,1,2c658df0_FUN_2c658df0
0x2c658e04,FUN_2c658e04,24,9,1,2c658e04_FUN_2c658e04
0x2c658e20,FUN_2c658e20,18,7,1,2c658e20_FUN_2c658e20
0x2c658e34,FUN_2c658e34,54,22,1,2c658e34_FUN_2c658e34
0x2c658e70,FUN_2c658e70,18,7,1,2c658e70_FUN_2c658e70
0x2c658e82,FUN_2c658e82,128,49,1,2c658e82_FUN_2c658e82
0x2c658f04,FUN_2c658f04,150,60,1,2c658f04_FUN_2c658f04
0x2c658fa0,FUN_2c658fa0,20,9,1,2c658fa0_FUN_2c658fa0
0x2c658fb4,FUN_2c658fb4,64,25,1,2c658fb4_FUN_2c658fb4
0x2c658ff4,FUN_2c658ff4,40,16,1,2c658ff4_FUN_2c658ff4
0x2c659024,FUN_2c659024,14,6,1,2c659024_FUN_2c659024
0x2c659034,FUN_2c659034,46,17,1,2c659034_FUN_2c659034
0x2c659068,FUN_2c659068,46,17,1,2c659068_FUN_2c659068
0x2c65909c,FUN_2c65909c,6,3,1,2c65909c_FUN_2c65909c
0x2c6590a2,FUN_2c6590a2,6,3,1,2c6590a2_FUN_2c6590a2
0x2c6590a8,FUN_2c6590a8,14,7,1,2c6590a8_FUN_2c6590a8
0x2c6590b6,FUN_2c6590b6,14,7,1,2c6590b6_FUN_2c6590b6
0x2c6590c4,FUN_2c6590c4,14,7,1,2c6590c4_FUN_2c6590c4
0x2c6590d2,FUN_2c6590d2,14,7,1,2c6590d2_FUN_2c6590d2
0x2c6590e0,FUN_2c6590e0,6,3,1,2c6590e0_FUN_2c6590e0
0x2c6590e6,FUN_2c6590e6,10,5,1,2c6590e6_FUN_2c6590e6
0x2c6590f0,FUN_2c6590f0,10,5,1,2c6590f0_FUN_2c6590f0
0x2c6590fa,FUN_2c6590fa,6,3,1,2c6590fa_FUN_2c6590fa
0x2c659100,FUN_2c659100,6,3,1,2c659100_FUN_2c659100
0x2c659106,FUN_2c659106,14,7,1,2c659106_FUN_2c659106
0x2c659114,FUN_2c659114,14,7,1,2c659114_FUN_2c659114
0x2c659122,FUN_2c659122,14,7,1,2c659122_FUN_2c659122
0x2c659130,FUN_2c659130,14,7,1,2c659130_FUN_2c659130
0x2c65913e,FUN_2c65913e,6,3,1,2c65913e_FUN_2c65913e
0x2c659144,FUN_2c659144,10,5,1,2c659144_FUN_2c659144
0x2c65914e,FUN_2c65914e,10,5,1,2c65914e_FUN_2c65914e
0x2c659158,FUN_2c659158,62,26,1,2c659158_FUN_2c659158
0x2c659196,FUN_2c659196,62,26,1,2c659196_FUN_2c659196
0x2c6591d4,FUN_2c6591d4,44,18,1,2c6591d4_FUN_2c6591d4
0x2c659200,FUN_2c659200,48,20,1,2c659200_FUN_2c659200
0x2c659230,FUN_2c659230,36,14,1,2c659230_FUN_2c659230
0x2c659258,FUN_2c659258,6,3,1,2c659258_FUN_2c659258
0x2c65925e,FUN_2c65925e,6,3,1,2c65925e_FUN_2c65925e
0x2c659264,FUN_2c659264,14,7,1,2c659264_FUN_2c659264
0x2c659272,FUN_2c659272,14,7,1,2c659272_FUN_2c659272
0x2c659280,FUN_2c659280,14,7,1,2c659280_FUN_2c659280
0x2c659290,FUN_2c659290,36,16,1,2c659290_FUN_2c659290
0x2c6592b8,FUN_2c6592b8,12,6,1,2c6592b8_FUN_2c6592b8
0x2c6592c4,FUN_2c6592c4,12,6,1,2c6592c4_FUN_2c6592c4
0x2c6592d0,FUN_2c6592d0,12,6,1,2c6592d0_FUN_2c6592d0
0x2c6592dc,FUN_2c6592dc,32,16,1,2c6592dc_FUN_2c6592dc
0x2c6592fc,FUN_2c6592fc,32,16,1,2c6592fc_FUN_2c6592fc
0x2c65931c,FUN_2c65931c,62,26,1,2c65931c_FUN_2c65931c
0x2c65935a,FUN_2c65935a,76,26,1,2c65935a_FUN_2c65935a
0x2c6593ac,FUN_2c6593ac,56,24,1,2c6593ac_FUN_2c6593ac
0x2c6593e4,FUN_2c6593e4,56,24,1,2c6593e4_FUN_2c6593e4
0x2c65941c,FUN_2c65941c,56,24,1,2c65941c_FUN_2c65941c
0x2c659454,FUN_2c659454,56,24,1,2c659454_FUN_2c659454
0x2c65948c,FUN_2c65948c,56,24,1,2c65948c_FUN_2c65948c
0x2c6594c4,FUN_2c6594c4,26,12,1,2c6594c4_FUN_2c6594c4
0x2c6594e4,FUN_2c6594e4,6,3,1,2c6594e4_FUN_2c6594e4
0x2c6594ea,FUN_2c6594ea,24,12,1,2c6594ea_FUN_2c6594ea
0x2c659524,FUN_2c659524,48,18,1,2c659524_FUN_2c659524
0x2c659560,FUN_2c659560,48,18,1,2c659560_FUN_2c659560
0x2c65959c,FUN_2c65959c,238,87,1,2c65959c_FUN_2c65959c
0x2c65970c,FUN_2c65970c,48,18,1,2c65970c_FUN_2c65970c
0x2c659748,FUN_2c659748,278,103,1,2c659748_FUN_2c659748
0x2c659864,FUN_2c659864,68,24,1,2c659864_FUN_2c659864
0x2c6598ac,FUN_2c6598ac,48,18,1,2c6598ac_FUN_2c6598ac
0x2c6598e8,FUN_2c6598e8,278,103,1,2c6598e8_FUN_2c6598e8
0x2c659a04,FUN_2c659a04,68,24,1,2c659a04_FUN_2c659a04
0x2c659a4c,FUN_2c659a4c,48,18,1,2c659a4c_FUN_2c659a4c
0x2c659b3c,FUN_2c659b3c,146,55,1,2c659b3c_FUN_2c659b3c
0x2c659bce,FUN_2c659bce,68,28,1,2c659bce_FUN_2c659bce
0x2c659c12,FUN_2c659c12,38,16,1,2c659c12_FUN_2c659c12
0x2c659c38,FUN_2c659c38,198,79,1,2c659c38_FUN_2c659c38
0x2c659cfe,FUN_2c659cfe,28,11,1,2c659cfe_FUN_2c659cfe
0x2c659d1a,FUN_2c659d1a,98,39,1,2c659d1a_FUN_2c659d1a
0x2c659d7c,FUN_2c659d7c,156,59,1,2c659d7c_FUN_2c659d7c
0x2c659e18,FUN_2c659e18,20,8,1,2c659e18_FUN_2c659e18
0x2c659e2c,FUN_2c659e2c,510,193,1,2c659e2c_FUN_2c659e2c
0x2c65a080,FUN_2c65a080,510,193,1,2c65a080_FUN_2c65a080
0x2c65a2d4,FUN_2c65a2d4,276,93,1,2c65a2d4_FUN_2c65a2d4
0x2c65a3ec,FUN_2c65a3ec,52,19,1,2c65a3ec_FUN_2c65a3ec
0x2c65a420,FUN_2c65a420,124,44,1,2c65a420_FUN_2c65a420
0x2c65a49c,FUN_2c65a49c,68,24,1,2c65a49c_FUN_2c65a49c
0x2c65a4e4,FUN_2c65a4e4,318,119,1,2c65a4e4_FUN_2c65a4e4
0x2c65a622,FUN_2c65a622,40,16,1,2c65a622_FUN_2c65a622
0x2c65a64a,FUN_2c65a64a,252,87,1,2c65a64a_FUN_2c65a64a
0x2c65a746,FUN_2c65a746,280,104,1,2c65a746_FUN_2c65a746
0x2c65a85e,FUN_2c65a85e,40,16,1,2c65a85e_FUN_2c65a85e
0x2c65a886,FUN_2c65a886,88,28,1,2c65a886_FUN_2c65a886
0x2c65a8de,FUN_2c65a8de,356,122,1,2c65a8de_FUN_2c65a8de
0x2c65aa42,FUN_2c65aa42,44,16,1,2c65aa42_FUN_2c65aa42
0x2c65aa6e,FUN_2c65aa6e,296,109,1,2c65aa6e_FUN_2c65aa6e
0x2c65ab96,FUN_2c65ab96,44,16,1,2c65ab96_FUN_2c65ab96
0x2c65abc2,FUN_2c65abc2,514,180,1,2c65abc2_FUN_2c65abc2
0x2c65adc4,FUN_2c65adc4,40,16,1,2c65adc4_FUN_2c65adc4
0x2c65adec,FUN_2c65adec,514,180,1,2c65adec_FUN_2c65adec
0x2c65afee,FUN_2c65afee,40,16,1,2c65afee_FUN_2c65afee
0x2c65b016,FUN_2c65b016,186,70,1,2c65b016_FUN_2c65b016
0x2c65b0d0,FUN_2c65b0d0,364,131,1,2c65b0d0_FUN_2c65b0d0
0x2c65b23c,FUN_2c65b23c,352,132,1,2c65b23c_FUN_2c65b23c
0x2c65b39c,FUN_2c65b39c,1400,521,1,2c65b39c_FUN_2c65b39c
0x2c65b998,FUN_2c65b998,948,355,1,2c65b998_FUN_2c65b998
0x2c65bd54,FUN_2c65bd54,136,48,1,2c65bd54_FUN_2c65bd54
0x2c65bde0,FUN_2c65bde0,136,48,1,2c65bde0_FUN_2c65bde0
0x2c65be6c,FUN_2c65be6c,136,48,1,2c65be6c_FUN_2c65be6c
0x2c65bef8,FUN_2c65bef8,852,320,1,2c65bef8_FUN_2c65bef8
0x2c65c250,FUN_2c65c250,54,22,1,2c65c250_FUN_2c65c250
0x2c65c286,FUN_2c65c286,432,169,1,2c65c286_FUN_2c65c286
0x2c65c438,FUN_2c65c438,836,319,1,2c65c438_FUN_2c65c438
0x2c65c780,FUN_2c65c780,54,22,1,2c65c780_FUN_2c65c780
0x2c65c7b8,FUN_2c65c7b8,822,312,1,2c65c7b8_FUN_2c65c7b8
0x2c65caf4,FUN_2c65caf4,54,22,1,2c65caf4_FUN_2c65caf4
0x2c65cb2c,FUN_2c65cb2c,822,312,1,2c65cb2c_FUN_2c65cb2c
0x2c65ce68,FUN_2c65ce68,54,22,1,2c65ce68_FUN_2c65ce68
0x2c65ce9e,FUN_2c65ce9e,96,33,1,2c65ce9e_FUN_2c65ce9e
0x2c65cf00,FUN_2c65cf00,944,351,1,2c65cf00_FUN_2c65cf00
0x2c65d2b4,FUN_2c65d2b4,54,22,1,2c65d2b4_FUN_2c65d2b4
0x2c65d2ec,FUN_2c65d2ec,902,335,1,2c65d2ec_FUN_2c65d2ec
0x2c65d678,FUN_2c65d678,54,22,1,2c65d678_FUN_2c65d678
0x2c65d6ae,FUN_2c65d6ae,138,54,1,2c65d6ae_FUN_2c65d6ae
0x2c65d738,FUN_2c65d738,154,55,1,2c65d738_FUN_2c65d738
0x2c65d7d2,FUN_2c65d7d2,154,55,1,2c65d7d2_FUN_2c65d7d2
0x2c65d86c,FUN_2c65d86c,114,38,1,2c65d86c_FUN_2c65d86c
0x2c65d8de,FUN_2c65d8de,114,38,1,2c65d8de_FUN_2c65d8de
0x2c65d950,FUN_2c65d950,994,382,1,2c65d950_FUN_2c65d950
0x2c65dd48,FUN_2c65dd48,994,382,1,2c65dd48_FUN_2c65dd48
0x2c65e140,FUN_2c65e140,126,44,1,2c65e140_FUN_2c65e140
0x2c65e1c4,FUN_2c65e1c4,164,56,1,2c65e1c4_FUN_2c65e1c4
0x2c65e35e,FUN_2c65e35e,20,8,1,2c65e35e_FUN_2c65e35e
0x2c65e388,FUN_2c65e388,18,7,1,2c65e388_FUN_2c65e388
0x2c65e3aa,FUN_2c65e3aa,18,7,1,2c65e3aa_FUN_2c65e3aa
0x2c65e51c,FUN_2c65e51c,72,27,1,2c65e51c_FUN_2c65e51c
0x2c65e568,FUN_2c65e568,82,28,1,2c65e568_FUN_2c65e568
0x2c65e5c0,FUN_2c65e5c0,130,53,1,2c65e5c0_FUN_2c65e5c0
0x2c65e646,FUN_2c65e646,22,7,1,2c65e646_FUN_2c65e646
0x2c65e686,FUN_2c65e686,24,11,1,2c65e686_FUN_2c65e686
0x2c65e6ae,FUN_2c65e6ae,22,7,1,2c65e6ae_FUN_2c65e6ae
0x2c65e6ee,FUN_2c65e6ee,24,11,1,2c65e6ee_FUN_2c65e6ee
0x2c65e714,FUN_2c65e714,18,7,1,2c65e714_FUN_2c65e714
0x2c65e72e,FUN_2c65e72e,16,6,1,2c65e72e_FUN_2c65e72e
0x2c65e744,FUN_2c65e744,18,7,1,2c65e744_FUN_2c65e744
0x2c65e756,FUN_2c65e756,18,7,1,2c65e756_FUN_2c65e756
0x2c65e768,FUN_2c65e768,82,35,1,2c65e768_FUN_2c65e768
0x2c65e7ba,FUN_2c65e7ba,92,38,1,2c65e7ba_FUN_2c65e7ba
0x2c65e816,FUN_2c65e816,92,39,1,2c65e816_FUN_2c65e816
0x2c65e872,FUN_2c65e872,82,36,1,2c65e872_FUN_2c65e872
0x2c65e8ca,FUN_2c65e8ca,18,8,1,2c65e8ca_FUN_2c65e8ca
0x2c65e8dc,FUN_2c65e8dc,6,3,1,2c65e8dc_FUN_2c65e8dc
0x2c65e8e8,FUN_2c65e8e8,18,8,1,2c65e8e8_FUN_2c65e8e8
0x2c65e8fa,FUN_2c65e8fa,6,3,1,2c65e8fa_FUN_2c65e8fa
0x2c65e908,FUN_2c65e908,62,22,1,2c65e908_FUN_2c65e908
0x2c65e94c,FUN_2c65e94c,16,6,1,2c65e94c_FUN_2c65e94c
0x2c65e95c,FUN_2c65e95c,24,11,1,2c65e95c_FUN_2c65e95c
0x2c65e978,FUN_2c65e978,24,10,1,2c65e978_FUN_2c65e978
0x2c65e990,FUN_2c65e990,24,12,1,2c65e990_FUN_2c65e990
0x2c65e9a8,FUN_2c65e9a8,32,12,1,2c65e9a8_FUN_2c65e9a8
0x2c65e9c0,FUN_2c65e9c0,24,11,1,2c65e9c0_FUN_2c65e9c0
0x2c65e9d8,FUN_2c65e9d8,34,14,1,2c65e9d8_FUN_2c65e9d8
0x2c65e9fa,FUN_2c65e9fa,52,24,1,2c65e9fa_FUN_2c65e9fa
0x2c65ea2e,FUN_2c65ea2e,10,4,1,2c65ea2e_FUN_2c65ea2e
0x2c65ea38,FUN_2c65ea38,10,4,1,2c65ea38_FUN_2c65ea38
0x2c65ea8e,FUN_2c65ea8e,118,45,1,2c65ea8e_FUN_2c65ea8e
0x2c65eb04,FUN_2c65eb04,42,20,1,2c65eb04_FUN_2c65eb04
0x2c65eb2e,FUN_2c65eb2e,80,36,1,2c65eb2e_FUN_2c65eb2e
0x2c65eb7e,FUN_2c65eb7e,98,43,1,2c65eb7e_FUN_2c65eb7e
0x2c65ebe0,FUN_2c65ebe0,60,27,1,2c65ebe0_FUN_2c65ebe0
0x2c65ec1c,FUN_2c65ec1c,120,49,1,2c65ec1c_FUN_2c65ec1c
0x2c65ec98,FUN_2c65ec98,20,8,1,2c65ec98_FUN_2c65ec98
0x2c65ecac,FUN_2c65ecac,30,14,1,2c65ecac_FUN_2c65ecac
0x2c65ecf0,FUN_2c65ecf0,244,98,1,2c65ecf0_FUN_2c65ecf0
0x2c65ede8,FUN_2c65ede8,64,29,1,2c65ede8_FUN_2c65ede8
0x2c65ee28,FUN_2c65ee28,28,12,1,2c65ee28_FUN_2c65ee28
0x2c65ee48,FUN_2c65ee48,50,21,1,2c65ee48_FUN_2c65ee48
0x2c65efa0,FUN_2c65efa0,66,30,1,2c65efa0_FUN_2c65efa0
0x2c65efe8,FUN_2c65efe8,30,11,1,2c65efe8_FUN_2c65efe8
0x2c65f008,FUN_2c65f008,66,30,1,2c65f008_FUN_2c65f008
0x2c65f168,FUN_2c65f168,18,8,1,2c65f168_FUN_2c65f168
0x2c65f17c,FUN_2c65f17c,18,8,1,2c65f17c_FUN_2c65f17c
0x2c65f190,FUN_2c65f190,18,8,1,2c65f190_FUN_2c65f190
0x2c65f1a4,FUN_2c65f1a4,18,8,1,2c65f1a4_FUN_2c65f1a4
0x2c65f1b8,FUN_2c65f1b8,18,8,1,2c65f1b8_FUN_2c65f1b8
0x2c65f1cc,FUN_2c65f1cc,18,8,1,2c65f1cc_FUN_2c65f1cc
0x2c65f1e0,FUN_2c65f1e0,18,8,1,2c65f1e0_FUN_2c65f1e0
0x2c65f1f4,FUN_2c65f1f4,18,8,1,2c65f1f4_FUN_2c65f1f4
0x2c65f208,FUN_2c65f208,18,8,1,2c65f208_FUN_2c65f208
0x2c65f21c,FUN_2c65f21c,18,8,1,2c65f21c_FUN_2c65f21c
0x2c65f230,FUN_2c65f230,18,8,1,2c65f230_FUN_2c65f230
0x2c65f244,FUN_2c65f244,16,7,1,2c65f244_FUN_2c65f244
0x2c65f258,FUN_2c65f258,16,7,1,2c65f258_FUN_2c65f258
0x2c65f26e,FUN_2c65f26e,14,6,1,2c65f26e_FUN_2c65f26e
0x2c65f282,FUN_2c65f282,14,6,1,2c65f282_FUN_2c65f282
0x2c65f296,FUN_2c65f296,14,6,1,2c65f296_FUN_2c65f296
0x2c65f2aa,FUN_2c65f2aa,14,6,1,2c65f2aa_FUN_2c65f2aa
0x2c65f2bc,FUN_2c65f2bc,16,7,1,2c65f2bc_FUN_2c65f2bc
0x2c65f2d0,FUN_2c65f2d0,18,7,1,2c65f2d0_FUN_2c65f2d0
0x2c65f2e2,FUN_2c65f2e2,18,7,1,2c65f2e2_FUN_2c65f2e2
0x2c65f2f4,FUN_2c65f2f4,18,7,1,2c65f2f4_FUN_2c65f2f4
0x2c65f306,FUN_2c65f306,18,7,1,2c65f306_FUN_2c65f306
0x2c65f318,FUN_2c65f318,18,7,1,2c65f318_FUN_2c65f318
0x2c65f32a,FUN_2c65f32a,18,7,1,2c65f32a_FUN_2c65f32a
0x2c65f33c,FUN_2c65f33c,18,7,1,2c65f33c_FUN_2c65f33c
0x2c65f350,FUN_2c65f350,24,9,1,2c65f350_FUN_2c65f350
0x2c65f36c,FUN_2c65f36c,18,7,1,2c65f36c_FUN_2c65f36c
0x2c65f380,FUN_2c65f380,24,9,1,2c65f380_FUN_2c65f380
0x2c65f39c,FUN_2c65f39c,18,7,1,2c65f39c_FUN_2c65f39c
0x2c65f3b0,FUN_2c65f3b0,10,5,1,2c65f3b0_FUN_2c65f3b0
0x2c65f3ec,FUN_2c65f3ec,18,7,1,2c65f3ec_FUN_2c65f3ec
0x2c65f3fe,FUN_2c65f3fe,134,49,1,2c65f3fe_FUN_2c65f3fe
0x2c65f484,FUN_2c65f484,174,68,1,2c65f484_FUN_2c65f484
0x2c65f53c,FUN_2c65f53c,20,9,1,2c65f53c_FUN_2c65f53c
0x2c65f550,FUN_2c65f550,62,24,1,2c65f550_FUN_2c65f550
0x2c65f590,FUN_2c65f590,40,16,1,2c65f590_FUN_2c65f590
0x2c65f5c8,FUN_2c65f5c8,32,13,1,2c65f5c8_FUN_2c65f5c8
0x2c65f5f0,FUN_2c65f5f0,14,6,1,2c65f5f0_FUN_2c65f5f0
0x2c65f634,FUN_2c65f634,48,17,1,2c65f634_FUN_2c65f634
0x2c65f668,FUN_2c65f668,6,3,1,2c65f668_FUN_2c65f668
0x2c65f66e,FUN_2c65f66e,6,3,1,2c65f66e_FUN_2c65f66e
0x2c65f674,FUN_2c65f674,14,7,1,2c65f674_FUN_2c65f674
0x2c65f682,FUN_2c65f682,14,7,1,2c65f682_FUN_2c65f682
0x2c65f690,FUN_2c65f690,14,7,1,2c65f690_FUN_2c65f690
0x2c65f69e,FUN_2c65f69e,14,7,1,2c65f69e_FUN_2c65f69e
0x2c65f6ac,FUN_2c65f6ac,6,3,1,2c65f6ac_FUN_2c65f6ac
0x2c65f6b2,FUN_2c65f6b2,10,5,1,2c65f6b2_FUN_2c65f6b2
0x2c65f6bc,FUN_2c65f6bc,10,5,1,2c65f6bc_FUN_2c65f6bc
0x2c65f6c6,FUN_2c65f6c6,6,3,1,2c65f6c6_FUN_2c65f6c6
0x2c65f6cc,FUN_2c65f6cc,6,3,1,2c65f6cc_FUN_2c65f6cc
0x2c65f6d2,FUN_2c65f6d2,14,7,1,2c65f6d2_FUN_2c65f6d2
0x2c65f6e0,FUN_2c65f6e0,14,7,1,2c65f6e0_FUN_2c65f6e0
0x2c65f6ee,FUN_2c65f6ee,14,7,1,2c65f6ee_FUN_2c65f6ee
0x2c65f6fc,FUN_2c65f6fc,14,7,1,2c65f6fc_FUN_2c65f6fc
0x2c65f70a,FUN_2c65f70a,6,3,1,2c65f70a_FUN_2c65f70a
0x2c65f710,FUN_2c65f710,10,5,1,2c65f710_FUN_2c65f710
0x2c65f71a,FUN_2c65f71a,10,5,1,2c65f71a_FUN_2c65f71a
0x2c65f724,FUN_2c65f724,62,26,1,2c65f724_FUN_2c65f724
0x2c65f762,FUN_2c65f762,62,26,1,2c65f762_FUN_2c65f762
0x2c65f7a0,FUN_2c65f7a0,42,18,1,2c65f7a0_FUN_2c65f7a0
0x2c65f7ca,FUN_2c65f7ca,46,20,1,2c65f7ca_FUN_2c65f7ca
0x2c65f7f8,FUN_2c65f7f8,38,14,1,2c65f7f8_FUN_2c65f7f8
0x2c65f824,FUN_2c65f824,6,3,1,2c65f824_FUN_2c65f824
0x2c65f82a,FUN_2c65f82a,6,3,1,2c65f82a_FUN_2c65f82a
0x2c65f830,FUN_2c65f830,14,7,1,2c65f830_FUN_2c65f830
0x2c65f83e,FUN_2c65f83e,14,7,1,2c65f83e_FUN_2c65f83e
0x2c65f84c,FUN_2c65f84c,14,7,1,2c65f84c_FUN_2c65f84c
0x2c65f85c,FUN_2c65f85c,36,16,1,2c65f85c_FUN_2c65f85c
0x2c65f884,FUN_2c65f884,12,6,1,2c65f884_FUN_2c65f884
0x2c65f890,FUN_2c65f890,12,6,1,2c65f890_FUN_2c65f890
0x2c65f89c,FUN_2c65f89c,12,6,1,2c65f89c_FUN_2c65f89c
0x2c65f8a8,FUN_2c65f8a8,32,16,1,2c65f8a8_FUN_2c65f8a8
0x2c65f8c8,FUN_2c65f8c8,32,16,1,2c65f8c8_FUN_2c65f8c8
0x2c65f8e8,FUN_2c65f8e8,62,26,1,2c65f8e8_FUN_2c65f8e8
0x2c65f926,FUN_2c65f926,76,26,1,2c65f926_FUN_2c65f926
0x2c65f978,FUN_2c65f978,56,24,1,2c65f978_FUN_2c65f978
0x2c65f9b0,FUN_2c65f9b0,56,24,1,2c65f9b0_FUN_2c65f9b0
0x2c65f9e8,FUN_2c65f9e8,56,24,1,2c65f9e8_FUN_2c65f9e8
0x2c65fa20,FUN_2c65fa20,56,24,1,2c65fa20_FUN_2c65fa20
0x2c65fa58,FUN_2c65fa58,56,24,1,2c65fa58_FUN_2c65fa58
0x2c65fa90,FUN_2c65fa90,26,12,1,2c65fa90_FUN_2c65fa90
0x2c65fab0,FUN_2c65fab0,6,3,1,2c65fab0_FUN_2c65fab0
0x2c65fab6,FUN_2c65fab6,24,12,1,2c65fab6_FUN_2c65fab6
0x2c65faf0,FUN_2c65faf0,48,18,1,2c65faf0_FUN_2c65faf0
0x2c65fb2c,FUN_2c65fb2c,48,18,1,2c65fb2c_FUN_2c65fb2c
0x2c65fbe0,FUN_2c65fbe0,48,18,1,2c65fbe0_FUN_2c65fbe0
0x2c65fc58,FUN_2c65fc58,48,18,1,2c65fc58_FUN_2c65fc58
0x2c65fd48,FUN_2c65fd48,152,57,1,2c65fd48_FUN_2c65fd48
0x2c65fde0,FUN_2c65fde0,72,30,1,2c65fde0_FUN_2c65fde0
0x2c65fe28,FUN_2c65fe28,42,17,1,2c65fe28_FUN_2c65fe28
0x2c65fe52,FUN_2c65fe52,108,40,1,2c65fe52_FUN_2c65fe52
0x2c65febe,FUN_2c65febe,164,60,1,2c65febe_FUN_2c65febe
0x2c6600ac,FUN_2c6600ac,68,24,1,2c6600ac_FUN_2c6600ac
0x2c6600f4,FUN_2c6600f4,322,118,1,2c6600f4_FUN_2c6600f4
0x2c66023c,FUN_2c66023c,68,24,1,2c66023c_FUN_2c66023c
0x2c660284,FUN_2c660284,264,97,1,2c660284_FUN_2c660284
0x2c660394,FUN_2c660394,20,8,1,2c660394_FUN_2c660394
0x2c6603a8,FUN_2c6603a8,510,190,1,2c6603a8_FUN_2c6603a8
0x2c6605fc,FUN_2c6605fc,510,190,1,2c6605fc_FUN_2c6605fc
0x2c660850,FUN_2c660850,254,86,1,2c660850_FUN_2c660850
0x2c660954,FUN_2c660954,50,18,1,2c660954_FUN_2c660954
0x2c660988,FUN_2c660988,70,24,1,2c660988_FUN_2c660988
0x2c6609d4,FUN_2c6609d4,202,79,1,2c6609d4_FUN_2c6609d4
0x2c660a9e,FUN_2c660a9e,28,11,1,2c660a9e_FUN_2c660a9e
0x2c660aba,FUN_2c660aba,316,118,1,2c660aba_FUN_2c660aba
0x2c660bf6,FUN_2c660bf6,38,16,1,2c660bf6_FUN_2c660bf6
0x2c660c1c,FUN_2c660c1c,252,86,1,2c660c1c_FUN_2c660c1c
0x2c660d18,FUN_2c660d18,266,103,1,2c660d18_FUN_2c660d18
0x2c660e22,FUN_2c660e22,38,16,1,2c660e22_FUN_2c660e22
0x2c660e48,FUN_2c660e48,86,28,1,2c660e48_FUN_2c660e48
0x2c660e9e,FUN_2c660e9e,344,121,1,2c660e9e_FUN_2c660e9e
0x2c660ff6,FUN_2c660ff6,42,16,1,2c660ff6_FUN_2c660ff6
0x2c661020,FUN_2c661020,288,108,1,2c661020_FUN_2c661020
0x2c661140,FUN_2c661140,42,16,1,2c661140_FUN_2c661140
0x2c66116a,FUN_2c66116a,504,181,1,2c66116a_FUN_2c66116a
0x2c661362,FUN_2c661362,38,16,1,2c661362_FUN_2c661362
0x2c661388,FUN_2c661388,504,181,1,2c661388_FUN_2c661388
0x2c661580,FUN_2c661580,38,16,1,2c661580_FUN_2c661580
0x2c6615a6,FUN_2c6615a6,116,42,1,2c6615a6_FUN_2c6615a6
0x2c66161a,FUN_2c66161a,186,70,1,2c66161a_FUN_2c66161a
0x2c6616d4,FUN_2c6616d4,368,134,1,2c6616d4_FUN_2c6616d4
0x2c661844,FUN_2c661844,358,134,1,2c661844_FUN_2c661844
0x2c6619ac,FUN_2c6619ac,1392,515,1,2c6619ac_FUN_2c6619ac
0x2c661fa0,FUN_2c661fa0,904,355,1,2c661fa0_FUN_2c661fa0
0x2c66232c,FUN_2c66232c,136,48,1,2c66232c_FUN_2c66232c
0x2c6623b8,FUN_2c6623b8,136,48,1,2c6623b8_FUN_2c6623b8
0x2c662444,FUN_2c662444,136,48,1,2c662444_FUN_2c662444
0x2c6624d0,FUN_2c6624d0,818,320,1,2c6624d0_FUN_2c6624d0
0x2c662808,FUN_2c662808,54,22,1,2c662808_FUN_2c662808
0x2c66283e,FUN_2c66283e,434,168,1,2c66283e_FUN_2c66283e
0x2c6629f0,FUN_2c6629f0,802,319,1,2c6629f0_FUN_2c6629f0
0x2c662d18,FUN_2c662d18,54,22,1,2c662d18_FUN_2c662d18
0x2c662d50,FUN_2c662d50,792,312,1,2c662d50_FUN_2c662d50
0x2c66306c,FUN_2c66306c,54,22,1,2c66306c_FUN_2c66306c
0x2c6630a4,FUN_2c6630a4,792,312,1,2c6630a4_FUN_2c6630a4
0x2c6633c0,FUN_2c6633c0,54,22,1,2c6633c0_FUN_2c6633c0
0x2c6633f6,FUN_2c6633f6,96,33,1,2c6633f6_FUN_2c6633f6
0x2c663458,FUN_2c663458,912,351,1,2c663458_FUN_2c663458
0x2c6637ec,FUN_2c6637ec,54,22,1,2c6637ec_FUN_2c6637ec
0x2c663824,FUN_2c663824,870,335,1,2c663824_FUN_2c663824
0x2c663b90,FUN_2c663b90,54,22,1,2c663b90_FUN_2c663b90
0x2c663bc6,FUN_2c663bc6,138,54,1,2c663bc6_FUN_2c663bc6
0x2c663c50,FUN_2c663c50,154,55,1,2c663c50_FUN_2c663c50
0x2c663cea,FUN_2c663cea,154,55,1,2c663cea_FUN_2c663cea
0x2c663d84,FUN_2c663d84,114,38,1,2c663d84_FUN_2c663d84
0x2c663df6,FUN_2c663df6,114,38,1,2c663df6_FUN_2c663df6
0x2c663e68,FUN_2c663e68,998,379,1,2c663e68_FUN_2c663e68
0x2c664260,FUN_2c664260,992,377,1,2c664260_FUN_2c664260
0x2c664658,FUN_2c664658,126,44,1,2c664658_FUN_2c664658
0x2c6646dc,FUN_2c6646dc,164,56,1,2c6646dc_FUN_2c6646dc
0x2c664850,FUN_2c664850,12,5,1,2c664850_FUN_2c664850
0x2c66485c,FUN_2c66485c,68,24,1,2c66485c_FUN_2c66485c
0x2c6648a4,FUN_2c6648a4,16,6,1,2c6648a4_FUN_2c6648a4
0x2c6648b4,FUN_2c6648b4,24,11,1,2c6648b4_FUN_2c6648b4
0x2c6648d0,FUN_2c6648d0,24,10,1,2c6648d0_FUN_2c6648d0
0x2c6648e8,FUN_2c6648e8,26,12,1,2c6648e8_FUN_2c6648e8
0x2c664902,FUN_2c664902,32,12,1,2c664902_FUN_2c664902
0x2c66491a,FUN_2c66491a,30,13,1,2c66491a_FUN_2c66491a
0x2c664932,FUN_2c664932,50,21,1,2c664932_FUN_2c664932
0x2c664986,FUN_2c664986,12,5,1,2c664986_FUN_2c664986
0x2c664992,FUN_2c664992,12,5,1,2c664992_FUN_2c664992
0x2c66499e,FUN_2c66499e,120,45,1,2c66499e_FUN_2c66499e
0x2c664a16,FUN_2c664a16,78,34,1,2c664a16_FUN_2c664a16
0x2c664a64,FUN_2c664a64,98,43,1,2c664a64_FUN_2c664a64
0x2c664ac6,FUN_2c664ac6,62,26,1,2c664ac6_FUN_2c664ac6
0x2c664b04,FUN_2c664b04,122,48,1,2c664b04_FUN_2c664b04
0x2c664b84,FUN_2c664b84,20,8,1,2c664b84_FUN_2c664b84
0x2c664b98,FUN_2c664b98,24,10,1,2c664b98_FUN_2c664b98
0x2c664bbc,FUN_2c664bbc,264,99,1,2c664bbc_FUN_2c664bbc
0x2c664cc8,FUN_2c664cc8,66,28,1,2c664cc8_FUN_2c664cc8
0x2c664d0c,FUN_2c664d0c,28,12,1,2c664d0c_FUN_2c664d0c
0x2c664d2c,FUN_2c664d2c,52,21,1,2c664d2c_FUN_2c664d2c
0x2c664d64,FUN_2c664d64,66,29,1,2c664d64_FUN_2c664d64
0x2c664dac,FUN_2c664dac,32,11,1,2c664dac_FUN_2c664dac
0x2c664e40,FUN_2c664e40,50,21,1,2c664e40_FUN_2c664e40
0x2c664e80,FUN_2c664e80,16,7,1,2c664e80_FUN_2c664e80
0x2c664e94,FUN_2c664e94,20,8,1,2c664e94_FUN_2c664e94
0x2c664ea8,FUN_2c664ea8,62,24,1,2c664ea8_FUN_2c664ea8
0x2c664ee6,FUN_2c664ee6,24,11,1,2c664ee6_FUN_2c664ee6
0x2c664efe,FUN_2c664efe,42,19,1,2c664efe_FUN_2c664efe
0x2c664f28,thunk_FUN_2c669588,4,1,1,2c664f28_thunk_FUN_2c669588
0x2c664f2c,FUN_2c664f2c,178,73,1,2c664f2c_FUN_2c664f2c
0x2c664fde,FUN_2c664fde,6,2,1,2c664fde_FUN_2c664fde
0x2c664fe4,FUN_2c664fe4,2,1,1,2c664fe4_FUN_2c664fe4
0x2c664ff2,FUN_2c664ff2,14,6,1,2c664ff2_FUN_2c664ff2
0x2c665004,FUN_2c665004,20,8,1,2c665004_FUN_2c665004
0x2c665018,FUN_2c665018,56,26,1,2c665018_FUN_2c665018
0x2c665050,FUN_2c665050,116,48,1,2c665050_FUN_2c665050
0x2c6650c4,FUN_2c6650c4,42,17,1,2c6650c4_FUN_2c6650c4
0x2c6650ee,FUN_2c6650ee,2,1,1,2c6650ee_FUN_2c6650ee
0x2c6650f4,FUN_2c6650f4,44,20,1,2c6650f4_FUN_2c6650f4
0x2c665122,FUN_2c665122,14,6,1,2c665122_FUN_2c665122
0x2c665134,FUN_2c665134,20,8,1,2c665134_FUN_2c665134
0x2c665148,FUN_2c665148,120,48,1,2c665148_FUN_2c665148
0x2c6651ea,FUN_2c6651ea,618,267,1,2c6651ea_FUN_2c6651ea
0x2c665454,FUN_2c665454,312,122,1,2c665454_FUN_2c665454
0x2c66558c,FUN_2c66558c,138,52,1,2c66558c_FUN_2c66558c
0x2c6656d8,FUN_2c6656d8,148,53,1,2c6656d8_FUN_2c6656d8
0x2c6657b0,FUN_2c6657b0,6,3,1,2c6657b0_FUN_2c6657b0
0x2c6657fc,FUN_2c6657fc,28,11,1,2c6657fc_FUN_2c6657fc
0x2c665820,FUN_2c665820,18,7,1,2c665820_FUN_2c665820
0x2c665834,FUN_2c665834,28,11,1,2c665834_FUN_2c665834
0x2c665858,FUN_2c665858,18,7,1,2c665858_FUN_2c665858
0x2c66586c,FUN_2c66586c,26,12,1,2c66586c_FUN_2c66586c
0x2c66588c,FUN_2c66588c,26,12,1,2c66588c_FUN_2c66588c
0x2c6658ac,FUN_2c6658ac,180,69,1,2c6658ac_FUN_2c6658ac
0x2c665960,FUN_2c665960,104,44,1,2c665960_FUN_2c665960
0x2c6659c8,FUN_2c6659c8,14,6,1,2c6659c8_FUN_2c6659c8
0x2c6659da,FUN_2c6659da,88,33,1,2c6659da_FUN_2c6659da
0x2c665a32,FUN_2c665a32,22,9,1,2c665a32_FUN_2c665a32
0x2c665aa8,FUN_2c665aa8,58,24,1,2c665aa8_FUN_2c665aa8
0x2c665ade,FUN_2c665ade,136,57,1,2c665ade_FUN_2c665ade
0x2c665bc0,FUN_2c665bc0,100,42,1,2c665bc0_FUN_2c665bc0
0x2c665bca,FUN_2c665bca,14,6,1,2c665bca_FUN_2c665bca
0x2c665bd8,FUN_2c665bd8,14,6,1,2c665bd8_FUN_2c665bd8
0x2c665be6,FUN_2c665be6,14,6,1,2c665be6_FUN_2c665be6
0x2c665bf4,FUN_2c665bf4,14,6,1,2c665bf4_FUN_2c665bf4
0x2c665c68,FUN_2c665c68,334,121,1,2c665c68_FUN_2c665c68
0x2c665e64,FUN_2c665e64,94,35,1,2c665e64_FUN_2c665e64
0x2c665ec4,FUN_2c665ec4,334,121,1,2c665ec4_FUN_2c665ec4
0x2c666158,FUN_2c666158,40,20,1,2c666158_FUN_2c666158
0x2c666198,FUN_2c666198,12,5,1,2c666198_FUN_2c666198
0x2c6661a4,FUN_2c6661a4,12,5,1,2c6661a4_FUN_2c6661a4
0x2c6661b0,FUN_2c6661b0,26,11,1,2c6661b0_FUN_2c6661b0
0x2c6661ca,FUN_2c6661ca,36,15,1,2c6661ca_FUN_2c6661ca
0x2c6661f6,FUN_2c6661f6,20,7,1,2c6661f6_FUN_2c6661f6
0x2c666220,FUN_2c666220,16,7,1,2c666220_FUN_2c666220
0x2c666230,FUN_2c666230,482,140,1,2c666230_FUN_2c666230
0x2c666588,FUN_2c666588,1552,477,1,2c666588_FUN_2c666588
0x2c666b28,FUN_2c666b28,30,11,1,2c666b28_FUN_2c666b28
0x2c666b46,FUN_2c666b46,94,30,1,2c666b46_FUN_2c666b46
0x2c666bc0,FUN_2c666bc0,18,5,1,2c666bc0_FUN_2c666bc0
0x2c666bd8,FUN_2c666bd8,208,64,1,2c666bd8_FUN_2c666bd8
0x2c666ce0,FUN_2c666ce0,30,11,1,2c666ce0_FUN_2c666ce0
0x2c666cfe,FUN_2c666cfe,96,31,1,2c666cfe_FUN_2c666cfe
0x2c666d78,FUN_2c666d78,750,237,1,2c666d78_FUN_2c666d78
0x2c6670a0,FUN_2c6670a0,494,142,1,2c6670a0_FUN_2c6670a0
0x2c6672a4,FUN_2c6672a4,84,25,1,2c6672a4_FUN_2c6672a4
0x2c667300,FUN_2c667300,66,20,1,2c667300_FUN_2c667300
0x2c667350,FUN_2c667350,62,19,1,2c667350_FUN_2c667350
0x2c6673e0,FUN_2c6673e0,548,150,1,2c6673e0_FUN_2c6673e0
0x2c667690,FUN_2c667690,652,229,1,2c667690_FUN_2c667690
0x2c667938,FUN_2c667938,566,177,1,2c667938_FUN_2c667938
0x2c667bcc,FUN_2c667bcc,6,2,1,2c667bcc_FUN_2c667bcc
0x2c667be0,FUN_2c667be0,228,64,1,2c667be0_FUN_2c667be0
0x2c667d00,FUN_2c667d00,1612,539,1,2c667d00_FUN_2c667d00
0x2c6683a0,FUN_2c6683a0,114,31,1,2c6683a0_FUN_2c6683a0
0x2c668450,FUN_2c668450,6,2,1,2c668450_FUN_2c668450
0x2c668458,FUN_2c668458,6,2,1,2c668458_FUN_2c668458
0x2c668468,FUN_2c668468,6,2,1,2c668468_FUN_2c668468
0x2c668474,FUN_2c668474,16,6,1,2c668474_FUN_2c668474
0x2c668484,FUN_2c668484,42,18,1,2c668484_FUN_2c668484
0x2c6684cc,FUN_2c6684cc,8,3,1,2c6684cc_FUN_2c6684cc
0x2c6684dc,FUN_2c6684dc,66,26,1,2c6684dc_FUN_2c6684dc
0x2c668520,FUN_2c668520,132,51,1,2c668520_FUN_2c668520
0x2c6685b4,FUN_2c6685b4,12,5,1,2c6685b4_FUN_2c6685b4
0x2c6685e0,FUN_2c6685e0,6,3,1,2c6685e0_FUN_2c6685e0
0x2c6685ec,FUN_2c6685ec,32,14,1,2c6685ec_FUN_2c6685ec
0x2c668614,FUN_2c668614,260,119,1,2c668614_FUN_2c668614
0x2c66871c,FUN_2c66871c,108,49,1,2c66871c_FUN_2c66871c
0x2c6687b8,FUN_2c6687b8,54,24,1,2c6687b8_FUN_2c6687b8
0x2c66880c,FUN_2c66880c,44,17,1,2c66880c_FUN_2c66880c
0x2c668838,FUN_2c668838,6,2,1,2c668838_FUN_2c668838
0x2c668844,FUN_2c668844,6,2,1,2c668844_FUN_2c668844
0x2c668850,FUN_2c668850,6,2,1,2c668850_FUN_2c668850
0x2c668868,FUN_2c668868,108,43,1,2c668868_FUN_2c668868
0x2c6688d8,FUN_2c6688d8,130,50,1,2c6688d8_FUN_2c6688d8
0x2c668964,FUN_2c668964,42,18,1,2c668964_FUN_2c668964
0x2c66898c,FUN_2c66898c,32,13,1,2c66898c_FUN_2c66898c
0x2c668d28,FUN_2c668d28,58,23,1,2c668d28_FUN_2c668d28
0x2c668da0,FUN_2c668da0,178,79,1,2c668da0_FUN_2c668da0
0x2c668e60,FUN_2c668e60,24,10,1,2c668e60_FUN_2c668e60
0x2c668e7c,FUN_2c668e7c,118,55,1,2c668e7c_FUN_2c668e7c
0x2c668f04,thunk_FUN_2c66fcc8,4,1,1,2c668f04_thunk_FUN_2c66fcc8
0x2c668f08,FUN_2c668f08,46,19,1,2c668f08_FUN_2c668f08
0x2c668f44,FUN_2c668f44,328,111,1,2c668f44_FUN_2c668f44
0x2c66909c,FUN_2c66909c,56,25,1,2c66909c_FUN_2c66909c
0x2c6690f4,FUN_2c6690f4,332,131,1,2c6690f4_FUN_2c6690f4
0x2c669198,FUN_2c669198,16,7,1,2c669198_FUN_2c669198
0x2c6691d0,FUN_2c6691d0,16,7,1,2c6691d0_FUN_2c6691d0
0x2c669224,FUN_2c669224,524,217,1,2c669224_FUN_2c669224
0x2c669488,FUN_2c669488,8,3,1,2c669488_FUN_2c669488
0x2c669494,FUN_2c669494,62,27,1,2c669494_FUN_2c669494
0x2c6694a4,FUN_2c6694a4,2,1,1,2c6694a4_FUN_2c6694a4
0x2c6694a8,FUN_2c6694a8,2,1,1,2c6694a8_FUN_2c6694a8
0x2c6694aa,FUN_2c6694aa,2,1,1,2c6694aa_FUN_2c6694aa
0x2c6694ac,FUN_2c6694ac,2,1,1,2c6694ac_FUN_2c6694ac
0x2c6694ae,FUN_2c6694ae,74,31,1,2c6694ae_FUN_2c6694ae
0x2c6694f8,FUN_2c6694f8,124,51,1,2c6694f8_FUN_2c6694f8
0x2c669578,FUN_2c669578,10,4,1,2c669578_FUN_2c669578
0x2c669588,FUN_2c669588,10,4,1,2c669588_FUN_2c669588
0x2c669598,FUN_2c669598,42,20,1,2c669598_FUN_2c669598
0x2c66960c,FUN_2c66960c,32,15,1,2c66960c_FUN_2c66960c
0x2c66962c,FUN_2c66962c,426,179,1,2c66962c_FUN_2c66962c
0x2c6697dc,FUN_2c6697dc,806,281,1,2c6697dc_FUN_2c6697dc
0x2c669b10,FUN_2c669b10,44,19,1,2c669b10_FUN_2c669b10
0x2c669b3c,FUN_2c669b3c,146,69,1,2c669b3c_FUN_2c669b3c
0x2c669bd4,FUN_2c669bd4,60,25,1,2c669bd4_FUN_2c669bd4
0x2c669c14,FUN_2c669c14,226,100,1,2c669c14_FUN_2c669c14
0x2c669cfc,FUN_2c669cfc,46,20,1,2c669cfc_FUN_2c669cfc
0x2c669d2a,FUN_2c669d2a,36,16,1,2c669d2a_FUN_2c669d2a
0x2c669d50,FUN_2c669d50,574,238,1,2c669d50_FUN_2c669d50
0x2c669fb0,FUN_2c669fb0,164,68,1,2c669fb0_FUN_2c669fb0
0x2c66a054,FUN_2c66a054,124,50,1,2c66a054_FUN_2c66a054
0x2c66a0d0,FUN_2c66a0d0,1050,430,1,2c66a0d0_FUN_2c66a0d0
0x2c66a50c,FUN_2c66a50c,224,95,1,2c66a50c_FUN_2c66a50c
0x2c66a5ec,FUN_2c66a5ec,324,137,1,2c66a5ec_FUN_2c66a5ec
0x2c66a838,FUN_2c66a838,644,261,1,2c66a838_FUN_2c66a838
0x2c66ac44,FUN_2c66ac44,44,19,1,2c66ac44_FUN_2c66ac44
0x2c66ad16,FUN_2c66ad16,36,15,1,2c66ad16_FUN_2c66ad16
0x2c66ae30,FUN_2c66ae30,50,21,1,2c66ae30_FUN_2c66ae30
0x2c66ae62,FUN_2c66ae62,62,31,1,2c66ae62_FUN_2c66ae62
0x2c66aea0,FUN_2c66aea0,672,277,1,2c66aea0_FUN_2c66aea0
0x2c66b140,FUN_2c66b140,68,30,1,2c66b140_FUN_2c66b140
0x2c66b19c,FUN_2c66b19c,92,37,1,2c66b19c_FUN_2c66b19c
0x2c66b218,FUN_2c66b218,12,5,1,2c66b218_FUN_2c66b218
0x2c66b23c,FUN_2c66b23c,256,111,1,2c66b23c_FUN_2c66b23c
0x2c66b350,FUN_2c66b350,76,35,1,2c66b350_FUN_2c66b350
0x2c66b3a8,FUN_2c66b3a8,28,13,1,2c66b3a8_FUN_2c66b3a8
0x2c66b418,FUN_2c66b418,120,52,1,2c66b418_FUN_2c66b418
0x2c66b44c,thunk_FUN_2c672ea0,4,1,1,2c66b44c_thunk_FUN_2c672ea0
0x2c66b450,FUN_2c66b450,98,41,1,2c66b450_FUN_2c66b450
0x2c66b4b8,FUN_2c66b4b8,56,24,1,2c66b4b8_FUN_2c66b4b8
0x2c66b4f8,FUN_2c66b4f8,78,31,1,2c66b4f8_FUN_2c66b4f8
0x2c66b550,FUN_2c66b550,34,14,1,2c66b550_FUN_2c66b550
0x2c66b576,FUN_2c66b576,88,36,1,2c66b576_FUN_2c66b576
0x2c66b5ae,FUN_2c66b5ae,36,14,1,2c66b5ae_FUN_2c66b5ae
0x2c66b5ec,FUN_2c66b5ec,30,13,1,2c66b5ec_FUN_2c66b5ec
0x2c66b60a,FUN_2c66b60a,26,12,1,2c66b60a_FUN_2c66b60a
0x2c66b624,FUN_2c66b624,20,8,1,2c66b624_FUN_2c66b624
0x2c66b638,thunk_FUN_2c66b624,4,1,1,2c66b638_thunk_FUN_2c66b624
0x2c66b63c,FUN_2c66b63c,34,15,1,2c66b63c_FUN_2c66b63c
0x2c66b660,FUN_2c66b660,52,22,1,2c66b660_FUN_2c66b660
0x2c66b69c,FUN_2c66b69c,362,178,1,2c66b69c_FUN_2c66b69c
0x2c66bb40,FUN_2c66bb40,162,62,1,2c66bb40_FUN_2c66bb40
0x2c66c4e8,thunk_FUN_2c66bb40,4,1,1,2c66c4e8_thunk_FUN_2c66bb40
0x2c66c4ec,FUN_2c66c4ec,16,7,1,2c66c4ec_FUN_2c66c4ec
0x2c66c4fc,FUN_2c66c4fc,62,27,1,2c66c4fc_FUN_2c66c4fc
0x2c66c540,FUN_2c66c540,40,18,1,2c66c540_FUN_2c66c540
0x2c66c568,FUN_2c66c568,38,16,1,2c66c568_FUN_2c66c568
0x2c66c58e,FUN_2c66c58e,40,17,1,2c66c58e_FUN_2c66c58e
0x2c66c5b6,FUN_2c66c5b6,90,39,1,2c66c5b6_FUN_2c66c5b6
0x2c66c5c0,FUN_2c66c5c0,32,14,1,2c66c5c0_FUN_2c66c5c0
0x2c66c5e0,FUN_2c66c5e0,44,20,1,2c66c5e0_FUN_2c66c5e0
0x2c66c60c,FUN_2c66c60c,52,18,1,2c66c60c_FUN_2c66c60c
0x2c66c640,FUN_2c66c640,2778,1027,1,2c66c640_FUN_2c66c640
0x2c66d1ac,FUN_2c66d1ac,6,2,1,2c66d1ac_FUN_2c66d1ac
0x2c66d1b8,FUN_2c66d1b8,14,6,1,2c66d1b8_FUN_2c66d1b8
0x2c66d1d0,FUN_2c66d1d0,106,35,1,2c66d1d0_FUN_2c66d1d0
0x2c66d310,FUN_2c66d310,254,101,1,2c66d310_FUN_2c66d310
0x2c66d414,thunk_FUN_2c66d310,4,1,1,2c66d414_thunk_FUN_2c66d310
0x2c66d418,FUN_2c66d418,14,6,1,2c66d418_FUN_2c66d418
0x2c66d42c,FUN_2c66d42c,296,121,1,2c66d42c_FUN_2c66d42c
0x2c66d654,FUN_2c66d654,236,97,1,2c66d654_FUN_2c66d654
0x2c66d6f8,FUN_2c66d6f8,330,120,1,2c66d6f8_FUN_2c66d6f8
0x2c66d84c,FUN_2c66d84c,8,3,1,2c66d84c_FUN_2c66d84c
0x2c66d858,FUN_2c66d858,6,2,1,2c66d858_FUN_2c66d858
0x2c66d864,FUN_2c66d864,734,271,1,2c66d864_FUN_2c66d864
0x2c66db78,FUN_2c66db78,4,2,1,2c66db78_FUN_2c66db78
0x2c66db7c,FUN_2c66db7c,110,39,1,2c66db7c_FUN_2c66db7c
0x2c66dbec,FUN_2c66dbec,292,127,1,2c66dbec_FUN_2c66dbec
0x2c66ddf4,FUN_2c66ddf4,44,17,1,2c66ddf4_FUN_2c66ddf4
0x2c66de24,FUN_2c66de24,86,36,1,2c66de24_FUN_2c66de24
0x2c66de7c,FUN_2c66de7c,24,10,1,2c66de7c_FUN_2c66de7c
0x2c66de98,FUN_2c66de98,150,70,1,2c66de98_FUN_2c66de98
0x2c66df3c,FUN_2c66df3c,38,18,1,2c66df3c_FUN_2c66df3c
0x2c66e044,FUN_2c66e044,30,13,1,2c66e044_FUN_2c66e044
0x2c66e064,FUN_2c66e064,168,64,1,2c66e064_FUN_2c66e064
0x2c66ea08,thunk_FUN_2c66e064,4,1,1,2c66ea08_thunk_FUN_2c66e064
0x2c66ea0c,FUN_2c66ea0c,18,9,1,2c66ea0c_FUN_2c66ea0c
0x2c66ea1e,FUN_2c66ea1e,242,98,1,2c66ea1e_FUN_2c66ea1e
0x2c66eb10,FUN_2c66eb10,26,11,1,2c66eb10_FUN_2c66eb10
0x2c66eb38,FUN_2c66eb38,122,46,1,2c66eb38_FUN_2c66eb38
0x2c66ed00,FUN_2c66ed00,28,14,1,2c66ed00_FUN_2c66ed00
0x2c66ed1c,FUN_2c66ed1c,6,2,1,2c66ed1c_FUN_2c66ed1c
0x2c66ed5c,FUN_2c66ed5c,202,87,1,2c66ed5c_FUN_2c66ed5c
0x2c66ee38,FUN_2c66ee38,180,62,1,2c66ee38_FUN_2c66ee38
0x2c66ef00,FUN_2c66ef00,176,68,1,2c66ef00_FUN_2c66ef00
0x2c66efc0,FUN_2c66efc0,28,13,1,2c66efc0_FUN_2c66efc0
0x2c66efe0,FUN_2c66efe0,40,16,1,2c66efe0_FUN_2c66efe0
0x2c66f008,FUN_2c66f008,290,102,1,2c66f008_FUN_2c66f008
0x2c66f130,FUN_2c66f130,2692,1014,1,2c66f130_FUN_2c66f130
0x2c66fc0c,FUN_2c66fc0c,132,56,1,2c66fc0c_FUN_2c66fc0c
0x2c66fcc8,FUN_2c66fcc8,116,52,1,2c66fcc8_FUN_2c66fcc8
0x2c66fd14,FUN_2c66fd14,130,55,1,2c66fd14_FUN_2c66fd14
0x2c66fdd4,FUN_2c66fdd4,126,57,1,2c66fdd4_FUN_2c66fdd4
0x2c66fe24,FUN_2c66fe24,30,14,1,2c66fe24_FUN_2c66fe24
0x2c66fe48,FUN_2c66fe48,162,62,1,2c66fe48_FUN_2c66fe48
0x2c66feea,FUN_2c66feea,42,18,1,2c66feea_FUN_2c66feea
0x2c66ff14,FUN_2c66ff14,1146,450,1,2c66ff14_FUN_2c66ff14
0x2c6703a0,FUN_2c6703a0,36,14,1,2c6703a0_FUN_2c6703a0
0x2c6703c4,FUN_2c6703c4,40,17,1,2c6703c4_FUN_2c6703c4
0x2c6703ec,FUN_2c6703ec,312,129,1,2c6703ec_FUN_2c6703ec
0x2c670524,FUN_2c670524,114,41,1,2c670524_FUN_2c670524
0x2c67059c,FUN_2c67059c,14,5,1,2c67059c_FUN_2c67059c
0x2c6705d0,FUN_2c6705d0,4,2,1,2c6705d0_FUN_2c6705d0
0x2c6705d8,FUN_2c6705d8,28,13,1,2c6705d8_FUN_2c6705d8
0x2c670680,FUN_2c670680,4,2,1,2c670680_FUN_2c670680
0x2c670688,FUN_2c670688,32,15,1,2c670688_FUN_2c670688
0x2c6706c8,FUN_2c6706c8,6,2,1,2c6706c8_FUN_2c6706c8
0x2c6706d4,FUN_2c6706d4,6,2,1,2c6706d4_FUN_2c6706d4
0x2c6706e0,FUN_2c6706e0,118,49,1,2c6706e0_FUN_2c6706e0
0x2c670760,FUN_2c670760,60,25,1,2c670760_FUN_2c670760
0x2c6707a4,FUN_2c6707a4,136,51,1,2c6707a4_FUN_2c6707a4
0x2c670834,FUN_2c670834,138,57,1,2c670834_FUN_2c670834
0x2c6708c8,FUN_2c6708c8,64,27,1,2c6708c8_FUN_2c6708c8
0x2c670908,FUN_2c670908,94,45,1,2c670908_FUN_2c670908
0x2c670968,FUN_2c670968,34,14,1,2c670968_FUN_2c670968
0x2c670994,FUN_2c670994,328,115,1,2c670994_FUN_2c670994
0x2c670ae4,FUN_2c670ae4,166,64,1,2c670ae4_FUN_2c670ae4
0x2c670b98,FUN_2c670b98,214,76,1,2c670b98_FUN_2c670b98
0x2c670c78,FUN_2c670c78,56,22,1,2c670c78_FUN_2c670c78
0x2c670cb0,FUN_2c670cb0,278,101,1,2c670cb0_FUN_2c670cb0
0x2c670dd0,FUN_2c670dd0,80,30,1,2c670dd0_FUN_2c670dd0
0x2c670e24,FUN_2c670e24,156,50,1,2c670e24_FUN_2c670e24
0x2c670ec4,FUN_2c670ec4,176,66,1,2c670ec4_FUN_2c670ec4
0x2c670f7c,FUN_2c670f7c,96,31,1,2c670f7c_FUN_2c670f7c
0x2c670fdc,FUN_2c670fdc,70,28,1,2c670fdc_FUN_2c670fdc
0x2c671022,FUN_2c671022,66,26,1,2c671022_FUN_2c671022
0x2c671064,FUN_2c671064,94,37,1,2c671064_FUN_2c671064
0x2c6710c2,FUN_2c6710c2,182,74,1,2c6710c2_FUN_2c6710c2
0x2c671178,FUN_2c671178,490,200,1,2c671178_FUN_2c671178
0x2c671378,FUN_2c671378,122,53,1,2c671378_FUN_2c671378
0x2c6713f2,FUN_2c6713f2,58,25,1,2c6713f2_FUN_2c6713f2
0x2c67142c,FUN_2c67142c,484,210,1,2c67142c_FUN_2c67142c
0x2c671724,FUN_2c671724,174,79,1,2c671724_FUN_2c671724
0x2c6717d8,FUN_2c6717d8,478,192,1,2c6717d8_FUN_2c6717d8
0x2c6719ec,FUN_2c6719ec,112,52,1,2c6719ec_FUN_2c6719ec
0x2c671a5c,FUN_2c671a5c,100,42,1,2c671a5c_FUN_2c671a5c
0x2c671b20,FUN_2c671b20,6,2,1,2c671b20_FUN_2c671b20
0x2c671b2c,FUN_2c671b2c,6,2,1,2c671b2c_FUN_2c671b2c
0x2c671b38,FUN_2c671b38,16,7,1,2c671b38_FUN_2c671b38
0x2c671b48,FUN_2c671b48,204,80,1,2c671b48_FUN_2c671b48
0x2c671c18,FUN_2c671c18,2536,1038,1,2c671c18_FUN_2c671c18
0x2c6726dc,FUN_2c6726dc,630,202,1,2c6726dc_FUN_2c6726dc
0x2c67295e,FUN_2c67295e,20,6,1,2c67295e_FUN_2c67295e
0x2c67297e,FUN_2c67297e,24,8,1,2c67297e_FUN_2c67297e
0x2c6729ca,FUN_2c6729ca,16,5,1,2c6729ca_FUN_2c6729ca
0x2c6729ec,FUN_2c6729ec,90,28,1,2c6729ec_FUN_2c6729ec
0x2c672a48,FUN_2c672a48,160,55,1,2c672a48_FUN_2c672a48
0x2c672ae8,FUN_2c672ae8,50,17,1,2c672ae8_FUN_2c672ae8
0x2c672b18,FUN_2c672b18,40,13,1,2c672b18_FUN_2c672b18
0x2c672b40,FUN_2c672b40,48,15,1,2c672b40_FUN_2c672b40
0x2c672b70,FUN_2c672b70,42,11,1,2c672b70_FUN_2c672b70
0x2c672bb0,FUN_2c672bb0,748,263,1,2c672bb0_FUN_2c672bb0
0x2c672ea0,FUN_2c672ea0,12,5,1,2c672ea0_FUN_2c672ea0
0x2c672ec0,FUN_2c672ec0,12,5,1,2c672ec0_FUN_2c672ec0
0x2c672f22,FUN_2c672f22,74,30,1,2c672f22_FUN_2c672f22
0x2c673644,FUN_2c673644,24,10,1,2c673644_FUN_2c673644
0x2c6737fc,FUN_2c6737fc,98,40,1,2c6737fc_FUN_2c6737fc
0x2c673978,FUN_2c673978,10,5,1,2c673978_FUN_2c673978
0x2c6739e8,FUN_2c6739e8,10,5,1,2c6739e8_FUN_2c6739e8
0x2c6739f8,FUN_2c6739f8,10,5,1,2c6739f8_FUN_2c6739f8
0x2c673a08,FUN_2c673a08,10,5,1,2c673a08_FUN_2c673a08
0x2c673a28,FUN_2c673a28,10,5,1,2c673a28_FUN_2c673a28
0x2c673a68,FUN_2c673a68,10,5,1,2c673a68_FUN_2c673a68
0x2c673a78,FUN_2c673a78,10,5,1,2c673a78_FUN_2c673a78
0x2c673a98,FUN_2c673a98,10,5,1,2c673a98_FUN_2c673a98
0x2c673ab8,FUN_2c673ab8,10,5,1,2c673ab8_FUN_2c673ab8
0x2c673ac8,FUN_2c673ac8,10,5,1,2c673ac8_FUN_2c673ac8
0x2c673ad8,FUN_2c673ad8,10,5,1,2c673ad8_FUN_2c673ad8
0x2c673ae8,FUN_2c673ae8,10,5,1,2c673ae8_FUN_2c673ae8
0x2c673af8,FUN_2c673af8,10,5,1,2c673af8_FUN_2c673af8
0x2c673b08,FUN_2c673b08,10,5,1,2c673b08_FUN_2c673b08
0x2c673b18,FUN_2c673b18,10,5,1,2c673b18_FUN_2c673b18
0x2c673b58,FUN_2c673b58,10,5,1,2c673b58_FUN_2c673b58
0x2c673b78,FUN_2c673b78,10,5,1,2c673b78_FUN_2c673b78
0x2c673bb8,FUN_2c673bb8,10,5,1,2c673bb8_FUN_2c673bb8
0x2c673bc8,FUN_2c673bc8,10,5,1,2c673bc8_FUN_2c673bc8
0x2c673be8,FUN_2c673be8,10,5,1,2c673be8_FUN_2c673be8
0x2c673bf8,FUN_2c673bf8,10,5,1,2c673bf8_FUN_2c673bf8
0x2c673c08,FUN_2c673c08,10,5,1,2c673c08_FUN_2c673c08
0x2c673c28,FUN_2c673c28,10,5,1,2c673c28_FUN_2c673c28
0x2c673c48,FUN_2c673c48,10,5,1,2c673c48_FUN_2c673c48
0x2c673c58,FUN_2c673c58,10,5,1,2c673c58_FUN_2c673c58
0x2c673c88,FUN_2c673c88,10,5,1,2c673c88_FUN_2c673c88
0x2c673ca8,FUN_2c673ca8,10,5,1,2c673ca8_FUN_2c673ca8
0x2c673cc8,FUN_2c673cc8,10,5,1,2c673cc8_FUN_2c673cc8
0x2c673ce8,FUN_2c673ce8,10,5,1,2c673ce8_FUN_2c673ce8
0x2c673d28,FUN_2c673d28,10,5,1,2c673d28_FUN_2c673d28
0x2c673d38,FUN_2c673d38,10,5,1,2c673d38_FUN_2c673d38
0x2c673d48,FUN_2c673d48,10,5,1,2c673d48_FUN_2c673d48
0x2c673d58,FUN_2c673d58,10,5,1,2c673d58_FUN_2c673d58
0x2c673d68,FUN_2c673d68,10,5,1,2c673d68_FUN_2c673d68
0x2c673d88,TRACE,10,5,1,2c673d88_TRACE
0x2c673d98,FUN_2c673d98,10,5,1,2c673d98_FUN_2c673d98
0x2c673da8,FUN_2c673da8,10,5,1,2c673da8_FUN_2c673da8
0x2c673dc8,FUN_2c673dc8,10,5,1,2c673dc8_FUN_2c673dc8
0x2c673de8,FUN_2c673de8,10,5,1,2c673de8_FUN_2c673de8
0x2c673e08,FUN_2c673e08,10,5,1,2c673e08_FUN_2c673e08
0x2c673e28,FUN_2c673e28,10,5,1,2c673e28_FUN_2c673e28
0x2c673e48,FUN_2c673e48,10,5,1,2c673e48_FUN_2c673e48
0x2c673e58,FUN_2c673e58,10,5,1,2c673e58_FUN_2c673e58
0x2c673e68,FUN_2c673e68,10,5,1,2c673e68_FUN_2c673e68
0x2c673e88,FUN_2c673e88,10,5,1,2c673e88_FUN_2c673e88
0x2c673eb8,FUN_2c673eb8,10,5,1,2c673eb8_FUN_2c673eb8
0x2c673ed8,FUN_2c673ed8,10,5,1,2c673ed8_FUN_2c673ed8
0x2c673ee8,FUN_2c673ee8,10,5,1,2c673ee8_FUN_2c673ee8
0x2c673ef8,FUN_2c673ef8,10,5,1,2c673ef8_FUN_2c673ef8
0x2c673f18,FUN_2c673f18,10,5,1,2c673f18_FUN_2c673f18
0x2c673f38,FUN_2c673f38,10,5,1,2c673f38_FUN_2c673f38
0x2c673f78,FUN_2c673f78,10,5,1,2c673f78_FUN_2c673f78
0x2c673fb8,FUN_2c673fb8,10,5,1,2c673fb8_FUN_2c673fb8
0x2c673fd8,FUN_2c673fd8,10,5,1,2c673fd8_FUN_2c673fd8
0x2c674018,FUN_2c674018,10,5,1,2c674018_FUN_2c674018
0x2c674028,FUN_2c674028,10,5,1,2c674028_FUN_2c674028
0x2c674038,FUN_2c674038,10,5,1,2c674038_FUN_2c674038
0x2c674088,FUN_2c674088,10,5,1,2c674088_FUN_2c674088
0x2c674098,FUN_2c674098,10,5,1,2c674098_FUN_2c674098
0x2c6740d8,FUN_2c6740d8,10,5,1,2c6740d8_FUN_2c6740d8
0x2c6740f8,FUN_2c6740f8,10,5,1,2c6740f8_FUN_2c6740f8
0x2c674128,FUN_2c674128,10,5,1,2c674128_FUN_2c674128
0x2c674138,FUN_2c674138,10,5,1,2c674138_FUN_2c674138
0x2c674148,FUN_2c674148,10,5,1,2c674148_FUN_2c674148
0x2c674158,FUN_2c674158,10,5,1,2c674158_FUN_2c674158
0x2c674178,FUN_2c674178,10,5,1,2c674178_FUN_2c674178
0x2c674198,FUN_2c674198,10,5,1,2c674198_FUN_2c674198
0x2c6741b8,FUN_2c6741b8,10,5,1,2c6741b8_FUN_2c6741b8
0x2c6741d8,FUN_2c6741d8,10,5,1,2c6741d8_FUN_2c6741d8
0x2c6741e8,FUN_2c6741e8,10,5,1,2c6741e8_FUN_2c6741e8
0x2c6741f8,FUN_2c6741f8,10,5,1,2c6741f8_FUN_2c6741f8
0x2c674208,FUN_2c674208,10,5,1,2c674208_FUN_2c674208
0x2c674238,FUN_2c674238,10,5,1,2c674238_FUN_2c674238
0x2c674268,FUN_2c674268,10,5,1,2c674268_FUN_2c674268
0x2c674278,FUN_2c674278,10,5,1,2c674278_FUN_2c674278
0x2c674288,FUN_2c674288,10,5,1,2c674288_FUN_2c674288
0x2c674298,FUN_2c674298,10,5,1,2c674298_FUN_2c674298
0x2c6742b8,FUN_2c6742b8,10,5,1,2c6742b8_FUN_2c6742b8
0x2c6742c8,FUN_2c6742c8,10,5,1,2c6742c8_FUN_2c6742c8
0x2c6742d8,FUN_2c6742d8,10,5,1,2c6742d8_FUN_2c6742d8
0x2c6742e8,FUN_2c6742e8,10,5,1,2c6742e8_FUN_2c6742e8
0x2c674348,FUN_2c674348,10,5,1,2c674348_FUN_2c674348
0x2c674398,FUN_2c674398,10,5,1,2c674398_FUN_2c674398
0x2c6743a8,FUN_2c6743a8,10,5,1,2c6743a8_FUN_2c6743a8
0x2c6743d8,FUN_2c6743d8,10,5,1,2c6743d8_FUN_2c6743d8
0x2c674418,FUN_2c674418,10,5,1,2c674418_FUN_2c674418
0x2c674428,FUN_2c674428,10,5,1,2c674428_FUN_2c674428
0x2c674438,FUN_2c674438,10,5,1,2c674438_FUN_2c674438
0x2c674458,FUN_2c674458,10,5,1,2c674458_FUN_2c674458
0x2c674478,FUN_2c674478,10,5,1,2c674478_FUN_2c674478
0x2c674488,FUN_2c674488,10,5,1,2c674488_FUN_2c674488
0x2c674508,FUN_2c674508,10,5,1,2c674508_FUN_2c674508
0x2c674538,FUN_2c674538,10,5,1,2c674538_FUN_2c674538
0x2c674558,FUN_2c674558,10,5,1,2c674558_FUN_2c674558
0x2c674568,FUN_2c674568,10,5,1,2c674568_FUN_2c674568
0x2c6745a8,FUN_2c6745a8,10,5,1,2c6745a8_FUN_2c6745a8
0x2c6745b8,FUN_2c6745b8,10,5,1,2c6745b8_FUN_2c6745b8
0x2c674638,FUN_2c674638,10,5,1,2c674638_FUN_2c674638
0x2c674648,FUN_2c674648,10,5,1,2c674648_FUN_2c674648
0x2c674658,FUN_2c674658,10,5,1,2c674658_FUN_2c674658
0x2c674668,FUN_2c674668,10,5,1,2c674668_FUN_2c674668
0x2c674678,FUN_2c674678,10,5,1,2c674678_FUN_2c674678
0x2c674688,FUN_2c674688,10,5,1,2c674688_FUN_2c674688
0x2c6746b8,FUN_2c6746b8,10,5,1,2c6746b8_FUN_2c6746b8
0x2c6746c8,FUN_2c6746c8,10,5,1,2c6746c8_FUN_2c6746c8
0x2c6746e8,FUN_2c6746e8,10,5,1,2c6746e8_FUN_2c6746e8
0x2c674708,FUN_2c674708,10,5,1,2c674708_FUN_2c674708
0x2c674728,FUN_2c674728,10,5,1,2c674728_FUN_2c674728
0x2c674738,FUN_2c674738,10,5,1,2c674738_FUN_2c674738
0x2c674748,FUN_2c674748,10,5,1,2c674748_FUN_2c674748
0x2c674758,FUN_2c674758,10,5,1,2c674758_FUN_2c674758
0x2c674778,FUN_2c674778,10,5,1,2c674778_FUN_2c674778
0x2c674798,FUN_2c674798,10,5,1,2c674798_FUN_2c674798
0x2c6747a8,FUN_2c6747a8,10,5,1,2c6747a8_FUN_2c6747a8
0x2c674818,FUN_2c674818,10,5,1,2c674818_FUN_2c674818
0x2c674828,stack_chk_fail,10,5,1,2c674828_stack_chk_fail
0x2c674848,FUN_2c674848,10,5,1,2c674848_FUN_2c674848
0x2c674858,FUN_2c674858,10,5,1,2c674858_FUN_2c674858
0x2c674c00,FUN_2c674c00,4,2,1,2c674c00_FUN_2c674c00
0x2c674c20,FUN_2c674c20,4,2,1,2c674c20_FUN_2c674c20
0x2c674c2c,FUN_2c674c2c,76,38,1,2c674c2c_FUN_2c674c2c
