2026-08-27 02:22:21 INFO  (LoggingInitialization) Using log config file: jar:file:/opt/homebrew/Cellar/ghidra/12.1.3/libexec/Ghidra/Framework/Generic/lib/Generic.jar!/generic.log4j.xml  
2026-08-27 02:22:21 INFO  (LoggingInitialization) Using log file: /Users/bimap/Documents/Coding/SmartGlasses/Reverse/firmware/analysis/rtos/lvgl/disasm/script.log  
2026-08-27 02:22:21 DEBUG (GhidraObjectInputFilter) Including serial input filter: FileSystem/data/client.rmi.serial.filter  
2026-08-27 02:22:21 INFO  (Preferences) Loading user preferences: /Users/bimap/Library/ghidra/ghidra_12.1.3_PUBLIC/preferences  
2026-08-27 02:22:21 INFO  (ClassSearcher) Searching for classes...  
2026-08-27 02:22:22 INFO  (ClassSearcher) Class search complete (668 ms)  
2026-08-27 02:22:22 INFO  (DefaultSSLContextInitializer) Initializing SSL Context  
2026-08-27 02:22:22 INFO  (SecureRandomFactory) Initializing Random Number Generator...  
2026-08-27 02:22:22 INFO  (SecureRandomFactory) Random Number Generator initialization complete: NativePRNGNonBlocking  
2026-08-27 02:22:22 INFO  (DefaultTrustManagerFactory) Trust manager disabled, cacerts have not been set  
2026-08-27 02:22:23 INFO  (AnalyzeHeadless) Headless startup complete (1852 ms)  
2026-08-27 02:22:23 INFO  (ClassSearcher) Class searcher loaded 59 extension points (20 false positives)  
2026-08-27 02:22:23 INFO  (HeadlessAnalyzer) HEADLESS Script Paths:
    /opt/homebrew/Cellar/ghidra/12.1.3/libexec/Ghidra/Processors/8051/ghidra_scripts
    /opt/homebrew/Cellar/ghidra/12.1.3/libexec/Ghidra/Debug/Debugger-rmi-trace/ghidra_scripts
    /opt/homebrew/Cellar/ghidra/12.1.3/libexec/Ghidra/Features/FileFormats/ghidra_scripts
    /opt/homebrew/Cellar/ghidra/12.1.3/libexec/Ghidra/Features/Decompiler/ghidra_scripts
    /opt/homebrew/Cellar/ghidra/12.1.3/libexec/Ghidra/Features/PDB/ghidra_scripts
    /Users/bimap/Documents/Coding/SmartGlasses/Reverse/firmware/analysis/rtos/lvgl/scripts
    /opt/homebrew/Cellar/ghidra/12.1.3/libexec/Ghidra/Processors/JVM/ghidra_scripts
    /opt/homebrew/Cellar/ghidra/12.1.3/libexec/Ghidra/Features/SystemEmulation/ghidra_scripts
    /opt/homebrew/Cellar/ghidra/12.1.3/libexec/Ghidra/Processors/PIC/ghidra_scripts
    /opt/homebrew/Cellar/ghidra/12.1.3/libexec/Ghidra/Debug/Debugger/ghidra_scripts
    /opt/homebrew/Cellar/ghidra/12.1.3/libexec/Ghidra/Features/GnuDemangler/ghidra_scripts
    /opt/homebrew/Cellar/ghidra/12.1.3/libexec/Ghidra/Features/MicrosoftCodeAnalyzer/ghidra_scripts
    /opt/homebrew/Cellar/ghidra/12.1.3/libexec/Ghidra/Features/PyGhidra/ghidra_scripts
    /opt/homebrew/Cellar/ghidra/12.1.3/libexec/Ghidra/Features/SwiftDemangler/ghidra_scripts
    /opt/homebrew/Cellar/ghidra/12.1.3/libexec/Ghidra/Features/WildcardAssembler/ghidra_scripts
    /opt/homebrew/Cellar/ghidra/12.1.3/libexec/Ghidra/Features/VersionTracking/ghidra_scripts
    /opt/homebrew/Cellar/ghidra/12.1.3/libexec/Ghidra/Features/BSim/ghidra_scripts
    /opt/homebrew/Cellar/ghidra/12.1.3/libexec/Ghidra/Features/BytePatterns/ghidra_scripts
    /opt/homebrew/Cellar/ghidra/12.1.3/libexec/Ghidra/Processors/Atmel/ghidra_scripts
    /opt/homebrew/Cellar/ghidra/12.1.3/libexec/Ghidra/Features/DecompilerDependent/ghidra_scripts
    /opt/homebrew/Cellar/ghidra/12.1.3/libexec/Ghidra/Processors/DATA/ghidra_scripts
    /opt/homebrew/Cellar/ghidra/12.1.3/libexec/Ghidra/Features/Base/ghidra_scripts
    /opt/homebrew/Cellar/ghidra/12.1.3/libexec/Ghidra/Features/FunctionID/ghidra_scripts  
2026-08-27 02:22:23 INFO  (HeadlessAnalyzer) HEADLESS: execution starts  
2026-08-27 02:22:23 INFO  (HeadlessAnalyzer) Opening existing project: /Users/bimap/Documents/Coding/SmartGlasses/Reverse/firmware/analysis/rtos/lvgl/disasm/proj/lvgl33  
2026-08-27 02:22:23 INFO  (HeadlessProject) Opening project: /Users/bimap/Documents/Coding/SmartGlasses/Reverse/firmware/analysis/rtos/lvgl/disasm/proj/lvgl33  
2026-08-27 02:22:24 INFO  (HeadlessAnalyzer) REPORT: Processing project file: /platform_tester.bin  
2026-08-27 02:22:25 INFO  (HeadlessAnalyzer) REPORT: Execute script: LvglThread.java '/Users/bimap/Documents/Coding/SmartGlasses/Reverse/firmware/analysis/rtos/lvgl/disasm'   
2026-08-27 02:22:25 INFO  (HeadlessAnalyzer) SCRIPT: /Users/bimap/Documents/Coding/SmartGlasses/Reverse/firmware/analysis/rtos/lvgl/scripts/LvglThread.java  
2026-08-27 02:22:26 INFO  (GhidraScript) LvglThread.java> == program ==  
2026-08-27 02:22:26 INFO  (GhidraScript) LvglThread.java>   imageBase = 00000000  
2026-08-27 02:22:26 INFO  (GhidraScript) LvglThread.java>   minAddr   = 2c000000  
2026-08-27 02:22:26 INFO  (GhidraScript) LvglThread.java>   maxAddr   = 2c6753fb  
2026-08-27 02:22:26 INFO  (GhidraScript) LvglThread.java>   language  = ARM:LE:32:v8-m  
2026-08-27 02:22:26 INFO  (GhidraScript) LvglThread.java>   functions = 5771  
2026-08-27 02:22:26 INFO  (GhidraScript) LvglThread.java>   
2026-08-27 02:22:26 INFO  (GhidraScript) LvglThread.java> == A. control 0x2C499270 (jbd4010_display, known-good VA) ==  
2026-08-27 02:22:26 INFO  (GhidraScript) LvglThread.java>   CONTROL-MISS: no function contains 0x2C499270  
2026-08-27 02:22:26 INFO  (GhidraScript) LvglThread.java>   
2026-08-27 02:22:26 INFO  (GhidraScript) LvglThread.java> == B. LVGL core link band ==  
2026-08-27 02:22:26 INFO  (GhidraScript) LvglThread.java>   wrapper 0x2c606ce8 -> 2c606ce8  
2026-08-27 02:22:26 INFO  (GhidraScript) LvglThread.java>   wrapper 0x2c606cf4 -> 2c606cf4  
2026-08-27 02:22:26 INFO  (GhidraScript) LvglThread.java>   wrapper 0x2c606f34 -> 2c606f34  
2026-08-27 02:22:26 INFO  (GhidraScript) LvglThread.java>   wrapper 0x2c606fa8 -> 2c606fa8  
2026-08-27 02:22:26 INFO  (GhidraScript) LvglThread.java>   wrapper 0x2c606ff8 -> 2c606ff8  
2026-08-27 02:22:26 INFO  (GhidraScript) LvglThread.java>   wrapper 0x2c607048 -> 2c607048  
2026-08-27 02:22:26 INFO  (GhidraScript) LvglThread.java>   wrapper 0x2c6070bc -> 2c6070bc  
2026-08-27 02:22:26 INFO  (GhidraScript) LvglThread.java>   wrapper 0x2c60710c -> 2c60710c  
2026-08-27 02:22:26 INFO  (GhidraScript) LvglThread.java>   wrapper 0x2c6072b4 -> 2c6072b4  
2026-08-27 02:22:26 INFO  (GhidraScript) LvglThread.java>   wrapper 0x2c6072bc -> 2c6072bc  
2026-08-27 02:22:26 INFO  (GhidraScript) LvglThread.java>   wrapper 0x2c62b030 -> 2c62b030  
2026-08-27 02:22:26 INFO  (GhidraScript) LvglThread.java>   wrapper 0x2c62c6a0 -> 2c62c6a0  
2026-08-27 02:22:26 INFO  (GhidraScript) LvglThread.java>   wrapper 0x2c62c6b0 -> 2c62c6b0  
2026-08-27 02:22:26 INFO  (GhidraScript) LvglThread.java>   wrapper 0x2c62c730 -> 2c62c730  
2026-08-27 02:22:26 INFO  (GhidraScript) LvglThread.java>   wrapper 0x2c62c770 -> 2c62c770  
2026-08-27 02:22:26 INFO  (GhidraScript) LvglThread.java>   wrapper 0x2c62c7e8 -> 2c62c7e8  
2026-08-27 02:22:26 INFO  (GhidraScript) LvglThread.java>   wrapper span 0x2c606ce8 .. 0x2c62c7e8  
2026-08-27 02:22:26 INFO  (GhidraScript) LvglThread.java>   
2026-08-27 02:22:26 INFO  (GhidraScript) LvglThread.java> == C. never-returning functions with a back edge (while(1) bodies) ==  
2026-08-27 02:22:26 INFO  (GhidraScript) LvglThread.java>   count = 25  
2026-08-27 02:22:26 INFO  (GhidraScript) LvglThread.java>   0x2c00647c size=1698  callers=4   band=no  callees=0x2c013c4c  
2026-08-27 02:22:26 INFO  (GhidraScript) LvglThread.java>   0x2c00b384 size=42    callers=1   band=no  callees=0x2c007708 0x2c008498 0x2c008af4 0x2c008b54 0x2c00aebc 0x2c00b36c 0x2c013870  
2026-08-27 02:22:26 INFO  (GhidraScript) LvglThread.java>   0x2c00c094 size=420   callers=1   band=no  callees=0x2c009b20 0x2c00abe4 0x2c00aebc 0x2c00b160 0x2c00b1ac 0x2c00b250 0x2c00b36c 0x2c00b384 0x2c00b428 0x2c00b47c 0x2c00b4d4 0x2c00bc5c 0x2c00bccc 0x2c00be0c 0x2c00bf74 ...  
2026-08-27 02:22:26 INFO  (GhidraScript) LvglThread.java>   0x2c1361a4 size=404   callers=1   band=no  callees=0x2c134260 0x2c134f0c 0x2c13529c 0x2c1352b4 0x2c1353a0 0x2c135420 0x2c135458 0x2c135590 0x2c1355b4 0x2c135620 0x2c135678 0x2c135da4 0x2c135e14 0x2c135f50 0x2c13608c ...  
2026-08-27 02:22:26 INFO  (GhidraScript) LvglThread.java>   0x2c13635c size=1878  callers=2   band=no  callees=0x2c134f0c 0x2c13529c 0x2c1352b4 0x2c1353a0 0x2c135420 0x2c135458 0x2c135590 0x2c1355b4 0x2c135620 0x2c135678 0x2c135da4 0x2c135e14 0x2c135f50 0x2c13608c 0x2c1361a4 ...  
2026-08-27 02:22:26 INFO  (GhidraScript) LvglThread.java>   0x2c4b6804 size=638   callers=1   band=no  callees=0x2c4b6d30 0x2c4b6dc8 0x2c4b6e64 0x2c4b6fc4 0x2c4b7018 0x2c4b706c 0x2c4b70c0 0x2c4b7178 0x2c4b71dc 0x2c4b723c 0x2c673d68  
2026-08-27 02:22:26 INFO  (GhidraScript) LvglThread.java>   0x2c4b754c size=106   callers=1   band=no  callees=  
2026-08-27 02:22:26 INFO  (GhidraScript) LvglThread.java>   0x2c4d7718 size=142   callers=1   band=no  callees=  
2026-08-27 02:22:26 INFO  (GhidraScript) LvglThread.java>   0x2c4da7c0 size=264   callers=1   band=no  callees=0x2c4d94e8  
2026-08-27 02:22:26 INFO  (GhidraScript) LvglThread.java>   0x2c4e3bb4 size=44    callers=1   band=no  callees=0x2c4e3b34  
2026-08-27 02:22:26 INFO  (GhidraScript) LvglThread.java>   0x2c4e4ff0 size=414   callers=1   band=no  callees=0x2c6741e8  
2026-08-27 02:22:26 INFO  (GhidraScript) LvglThread.java>   0x2c4e51a4 size=2562  callers=1   band=no  callees=0x2c666230 0x2c666d78 0x2c6670a0 0x2c6741e8  
2026-08-27 02:22:26 INFO  (GhidraScript) LvglThread.java>   0x2c514bec size=184   callers=3   band=no  callees=0x2c511f90 0x2c512360 0x2c5125b8 0x2c5167a4 0x2c5167fc 0x2c51681c  
2026-08-27 02:22:26 INFO  (GhidraScript) LvglThread.java>   0x2c557a0e size=74    callers=0   band=no  callees=  
2026-08-27 02:22:26 INFO  (GhidraScript) LvglThread.java>   0x2c569308 size=66    callers=1   band=no  callees=0x2c63df78 0x2c64c9c4 0x2c64c9d6 0x2c64c9ee  
2026-08-27 02:22:26 INFO  (GhidraScript) LvglThread.java>   0x2c5924cc size=178   callers=0   band=no  callees=0x2c5942ec 0x2c59431c 0x2c594324 0x2c5949f4 0x2c64c9c4 0x2c64c9d6 0x2c64c9ee  
2026-08-27 02:22:26 INFO  (GhidraScript) LvglThread.java>   0x2c5924fc size=114   callers=0   band=no  callees=0x2c58df6c 0x2c58e9f8 0x2c62c82c  
2026-08-27 02:22:26 INFO  (GhidraScript) LvglThread.java>   0x2c5925f8 size=78    callers=0   band=no  callees=0x2c62c82c  
2026-08-27 02:22:26 INFO  (GhidraScript) LvglThread.java>   0x2c5958dc size=84    callers=1   band=no  callees=0x2c5949f4 0x2c62c82c 0x2c64c9c4 0x2c64c9d6 0x2c64c9ee  
2026-08-27 02:22:26 INFO  (GhidraScript) LvglThread.java>   0x2c59594c size=86    callers=1   band=no  callees=0x2c5949f4 0x2c62c82c 0x2c64c9c4 0x2c64c9d6 0x2c64c9ee  
2026-08-27 02:22:26 INFO  (GhidraScript) LvglThread.java>   0x2c595aac size=86    callers=1   band=no  callees=0x2c5949f4 0x2c62c82c 0x2c64c9c4 0x2c64c9d6 0x2c64c9ee  
2026-08-27 02:22:26 INFO  (GhidraScript) LvglThread.java>   0x2c5dff30 size=142   callers=1   band=no  callees=0x2c5df27c 0x2c5dfbc0 0x2c5dfde4 0x2c62c82c  
2026-08-27 02:22:26 INFO  (GhidraScript) LvglThread.java>   0x2c5ebf7c size=64    callers=1   band=no  callees=0x2c5e8de4 0x2c5ebdc4  
2026-08-27 02:22:26 INFO  (GhidraScript) LvglThread.java>   0x2c5ebfc0 size=88    callers=1   band=no  callees=0x2c5e8de4 0x2c5e8f58 0x2c5ebdc4  
2026-08-27 02:22:26 INFO  (GhidraScript) LvglThread.java>   0x2c5f545c size=124   callers=3   band=no  callees=0x2c5f7ad4 0x2c5fb8a0 0x2c5fb8f8 0x2c5fb994  
2026-08-27 02:22:26 INFO  (GhidraScript) LvglThread.java>   
2026-08-27 02:22:26 INFO  (GhidraScript) LvglThread.java> == D. LVGL-band functions with exactly one caller, caller loops ==  
2026-08-27 02:22:26 INFO  (GhidraScript) LvglThread.java>   callee 0x2c5e70b0 size=224    <- caller 0x2c5b3c98 size=550   noRet=false  
2026-08-27 02:22:26 INFO  (GhidraScript) LvglThread.java>   callee 0x2c5e73f8 size=206    <- caller 0x2c5e7b34 size=710   noRet=false  
2026-08-27 02:22:26 INFO  (GhidraScript) LvglThread.java>   callee 0x2c5e7538 size=286    <- caller 0x2c5c90e4 size=968   noRet=false  
2026-08-27 02:22:26 INFO  (GhidraScript) LvglThread.java>   callee 0x2c5e7b34 size=710    <- caller 0x2c5c90e4 size=968   noRet=false  
2026-08-27 02:22:26 INFO  (GhidraScript) LvglThread.java>   callee 0x2c5e8e7c size=314    <- caller 0x2c5bd528 size=292   noRet=false  
2026-08-27 02:22:26 INFO  (GhidraScript) LvglThread.java>   callee 0x2c5e97ac size=230    <- caller 0x2c5c90e4 size=968   noRet=false  
2026-08-27 02:22:26 INFO  (GhidraScript) LvglThread.java>   callee 0x2c5ebb8c size=156    <- caller 0x2c58c664 size=3928  noRet=false  
2026-08-27 02:22:26 INFO  (GhidraScript) LvglThread.java>   callee 0x2c5ebc3c size=156    <- caller 0x2c58c664 size=3928  noRet=false  
2026-08-27 02:22:26 INFO  (GhidraScript) LvglThread.java>   callee 0x2c5ebcec size=196    <- caller 0x2c58c664 size=3928  noRet=false  
2026-08-27 02:22:26 INFO  (GhidraScript) LvglThread.java>   callee 0x2c5ebf4c size=314    <- caller 0x2c5ec030 size=92    noRet=false  
2026-08-27 02:22:26 INFO  (GhidraScript) LvglThread.java>   callee 0x2c5ee110 size=326    <- caller 0x2c5de678 size=116   noRet=false  
2026-08-27 02:22:26 INFO  (GhidraScript) LvglThread.java>   callee 0x2c5ee43c size=320    <- caller 0x2c5de6f0 size=166   noRet=false  
2026-08-27 02:22:26 INFO  (GhidraScript) LvglThread.java>   callee 0x2c5f03f4 size=234    <- caller 0x2c5f54d4 size=802   noRet=false  
2026-08-27 02:22:26 INFO  (GhidraScript) LvglThread.java>   callee 0x2c5f07d4 size=150    <- caller 0x2c5f7ad4 size=5098  noRet=false  
2026-08-27 02:22:26 INFO  (GhidraScript) LvglThread.java>   callee 0x2c5f0ce8 size=150    <- caller 0x2c5f7ad4 size=5098  noRet=false  
2026-08-27 02:22:26 INFO  (GhidraScript) LvglThread.java>   callee 0x2c5f118c size=404    <- caller 0x2c5f6f50 size=818   noRet=false  
2026-08-27 02:22:26 INFO  (GhidraScript) LvglThread.java>   callee 0x2c5f50e4 size=140    <- caller 0x2c5f5938 size=3108  noRet=false  
2026-08-27 02:22:26 INFO  (GhidraScript) LvglThread.java>   callee 0x2c5f53dc size=196    <- caller 0x2c5f6de4 size=60    noRet=false  
2026-08-27 02:22:26 INFO  (GhidraScript) LvglThread.java>   callee 0x2c5f583c size=232    <- caller 0x2c5f5938 size=3108  noRet=false  
2026-08-27 02:22:26 INFO  (GhidraScript) LvglThread.java>   callee 0x2c5f6f50 size=818    <- caller 0x2c5f7ad4 size=5098  noRet=false  
2026-08-27 02:22:26 INFO  (GhidraScript) LvglThread.java>   callee 0x2c5f7280 size=920    <- caller 0x2c5f7ad4 size=5098  noRet=false  
2026-08-27 02:22:26 INFO  (GhidraScript) LvglThread.java>   callee 0x2c5f76c4 size=370    <- caller 0x2c5f904c size=780   noRet=false  
2026-08-27 02:22:26 INFO  (GhidraScript) LvglThread.java>   callee 0x2c5f7ad4 size=5098   <- caller 0x2c5f545c size=124   noRet=true  
2026-08-27 02:22:26 INFO  (GhidraScript) LvglThread.java>   callee 0x2c5f904c size=780    <- caller 0x2c5f52a4 size=140   noRet=false  
2026-08-27 02:22:26 INFO  (GhidraScript) LvglThread.java>   callee 0x2c5f960c size=786    <- caller 0x2c5f5938 size=3108  noRet=false  
2026-08-27 02:22:26 INFO  (GhidraScript) LvglThread.java>   callee 0x2c5f9924 size=456    <- caller 0x2c5f5938 size=3108  noRet=false  
2026-08-27 02:22:26 INFO  (GhidraScript) LvglThread.java>   callee 0x2c5f9f08 size=292    <- caller 0x2c5f5938 size=3108  noRet=false  
2026-08-27 02:22:26 INFO  (GhidraScript) LvglThread.java>   callee 0x2c5fa100 size=260    <- caller 0x2c5f4e70 size=440   noRet=false  
2026-08-27 02:22:26 INFO  (GhidraScript) LvglThread.java>   callee 0x2c5fa21c size=204    <- caller 0x2c5fb9e0 size=138   noRet=false  
2026-08-27 02:22:26 INFO  (GhidraScript) LvglThread.java>   callee 0x2c5fa348 size=3698   <- caller 0x2c5f7ad4 size=5098  noRet=false  
2026-08-27 02:22:26 INFO  (GhidraScript) LvglThread.java>   callee 0x2c5fb510 size=358    <- caller 0x2c5fb510 size=358   noRet=false  
2026-08-27 02:22:26 INFO  (GhidraScript) LvglThread.java>   callee 0x2c5fb768 size=162    <- caller 0x2c5f6de4 size=60    noRet=false  
2026-08-27 02:22:26 INFO  (GhidraScript) LvglThread.java>   callee 0x2c5fb8f8 size=134    <- caller 0x2c5f545c size=124   noRet=true  
2026-08-27 02:22:26 INFO  (GhidraScript) LvglThread.java>   callee 0x2c5fbaa4 size=168    <- caller 0x2c5f904c size=780   noRet=false  
2026-08-27 02:22:26 INFO  (GhidraScript) LvglThread.java>   callee 0x2c5fbb60 size=238    <- caller 0x2c5f7ad4 size=5098  noRet=false  
2026-08-27 02:22:26 INFO  (GhidraScript) LvglThread.java>   callee 0x2c5fd510 size=186    <- caller 0x2c511ef0 size=126   noRet=false  
2026-08-27 02:22:26 INFO  (GhidraScript) LvglThread.java>   callee 0x2c5ff4ec size=168    <- caller 0x2c604248 size=322   noRet=false  
2026-08-27 02:22:26 INFO  (GhidraScript) LvglThread.java>   callee 0x2c600ac0 size=218    <- caller 0x2c639164 size=198   noRet=false  
2026-08-27 02:22:26 INFO  (GhidraScript) LvglThread.java>   callee 0x2c600c44 size=134    <- caller 0x2c600c44 size=134   noRet=false  
2026-08-27 02:22:26 INFO  (GhidraScript) LvglThread.java>   callee 0x2c60125c size=298    <- caller 0x2c60138c size=840   noRet=false  
2026-08-27 02:22:26 INFO  (GhidraScript) LvglThread.java>   callee 0x2c6019b8 size=404    <- caller 0x2c6078f0 size=112   noRet=false  
2026-08-27 02:22:26 INFO  (GhidraScript) LvglThread.java>   callee 0x2c60322c size=166    <- caller 0x2c603cfc size=368   noRet=false  
2026-08-27 02:22:26 INFO  (GhidraScript) LvglThread.java>   callee 0x2c603cfc size=368    <- caller 0x2c606b6c size=660   noRet=false  
2026-08-27 02:22:26 INFO  (GhidraScript) LvglThread.java>   callee 0x2c603eb8 size=638    <- caller 0x2c606b6c size=660   noRet=false  
2026-08-27 02:22:26 INFO  (GhidraScript) LvglThread.java>   callee 0x2c606e98 size=150    <- caller 0x2c607654 size=110   noRet=false  
2026-08-27 02:22:26 INFO  (GhidraScript) LvglThread.java>   callee 0x2c607b48 size=1148   <- caller 0x2c608744 size=176   noRet=false  
2026-08-27 02:22:26 INFO  (GhidraScript) LvglThread.java>   callee 0x2c607f9c size=138    <- caller 0x2c60802c size=2384  noRet=false  
2026-08-27 02:22:26 INFO  (GhidraScript) LvglThread.java>   callee 0x2c60a540 size=144    <- caller 0x2c60a5d0 size=3356  noRet=false  
2026-08-27 02:22:26 INFO  (GhidraScript) LvglThread.java>   callee 0x2c60b2f8 size=492    <- caller 0x2c60c244 size=4448  noRet=false  
2026-08-27 02:22:26 INFO  (GhidraScript) LvglThread.java>   callee 0x2c60bb78 size=1732   <- caller 0x2c60c244 size=4448  noRet=false  
2026-08-27 02:22:26 INFO  (GhidraScript) LvglThread.java>   callee 0x2c610588 size=262    <- caller 0x2c610690 size=698   noRet=false  
2026-08-27 02:22:26 INFO  (GhidraScript) LvglThread.java>   callee 0x2c610690 size=698    <- caller 0x2c60b4e4 size=1054  noRet=false  
2026-08-27 02:22:26 INFO  (GhidraScript) LvglThread.java>   callee 0x2c611d2c size=234    <- caller 0x2c639778 size=224   noRet=false  
2026-08-27 02:22:26 INFO  (GhidraScript) LvglThread.java>   callee 0x2c611e18 size=320    <- caller 0x2c639778 size=224   noRet=false  
2026-08-27 02:22:26 INFO  (GhidraScript) LvglThread.java>   callee 0x2c612898 size=216    <- caller 0x2c6132c8 size=88    noRet=false  
2026-08-27 02:22:26 INFO  (GhidraScript) LvglThread.java>   callee 0x2c613670 size=1306   <- caller 0x2c613b8c size=720   noRet=false  
2026-08-27 02:22:26 INFO  (GhidraScript) LvglThread.java>   callee 0x2c614414 size=136    <- caller 0x2c60a5d0 size=3356  noRet=false  
2026-08-27 02:22:26 INFO  (GhidraScript) LvglThread.java>   callee 0x2c61495c size=172    <- caller 0x2c6389d8 size=1804  noRet=false  
2026-08-27 02:22:26 INFO  (GhidraScript) LvglThread.java>   callee 0x2c6155cc size=358    <- caller 0x2c615c0c size=482   noRet=false  
2026-08-27 02:22:26 INFO  (GhidraScript) LvglThread.java>   callee 0x2c615c44 size=806    <- caller 0x2c616ad4 size=4126  noRet=false  
2026-08-27 02:22:26 INFO  (GhidraScript) LvglThread.java>   callee 0x2c615f78 size=974    <- caller 0x2c616ad4 size=4126  noRet=false  
2026-08-27 02:22:26 INFO  (GhidraScript) LvglThread.java>   callee 0x2c616410 size=210    <- caller 0x2c617d00 size=144   noRet=false  
2026-08-27 02:22:26 INFO  (GhidraScript) LvglThread.java>   callee 0x2c6164e4 size=436    <- caller 0x2c616ad4 size=4126  noRet=false  
2026-08-27 02:22:26 INFO  (GhidraScript) LvglThread.java>   callee 0x2c61669c size=438    <- caller 0x2c616854 size=631   noRet=false  
2026-08-27 02:22:26 INFO  (GhidraScript) LvglThread.java>   callee 0x2c616854 size=631    <- caller 0x2c616ad4 size=4126  noRet=false  
2026-08-27 02:22:26 INFO  (GhidraScript) LvglThread.java>   callee 0x2c6173f8 size=360    <- caller 0x2c627228 size=728   noRet=false  
2026-08-27 02:22:26 INFO  (GhidraScript) LvglThread.java>   callee 0x2c617f84 size=142    <- caller 0x2c60802c size=2384  noRet=false  
2026-08-27 02:22:26 INFO  (GhidraScript) LvglThread.java>   callee 0x2c618c94 size=144    <- caller 0x2c531908 size=70    noRet=false  
2026-08-27 02:22:26 INFO  (GhidraScript) LvglThread.java>   callee 0x2c619aa4 size=230    <- caller 0x2c619b8c size=156   noRet=false  
2026-08-27 02:22:26 INFO  (GhidraScript) LvglThread.java>   callee 0x2c61d868 size=13332  <- caller 0x2c62a2f8 size=344   noRet=false  
2026-08-27 02:22:26 INFO  (GhidraScript) LvglThread.java>   callee 0x2c621554 size=298    <- caller 0x2c624090 size=2672  noRet=false  
2026-08-27 02:22:26 INFO  (GhidraScript) LvglThread.java>   callee 0x2c6218e4 size=140    <- caller 0x2c624090 size=2672  noRet=false  
2026-08-27 02:22:26 INFO  (GhidraScript) LvglThread.java>   callee 0x2c6223f8 size=152    <- caller 0x2c622e8c size=2354  noRet=false  
2026-08-27 02:22:26 INFO  (GhidraScript) LvglThread.java>   callee 0x2c622564 size=572    <- caller 0x2c624090 size=2672  noRet=false  
2026-08-27 02:22:26 INFO  (GhidraScript) LvglThread.java>   callee 0x2c622e8c size=2354   <- caller 0x2c6237e4 size=274   noRet=false  
2026-08-27 02:22:26 INFO  (GhidraScript) LvglThread.java>   callee 0x2c6237e4 size=274    <- caller 0x2c623904 size=152   noRet=false  
2026-08-27 02:22:26 INFO  (GhidraScript) LvglThread.java>   callee 0x2c6259f4 size=146    <- caller 0x2c625f8c size=3076  noRet=false  
2026-08-27 02:22:26 INFO  (GhidraScript) LvglThread.java>   callee 0x2c625b00 size=222    <- caller 0x2c625f8c size=3076  noRet=false  
2026-08-27 02:22:26 INFO  (GhidraScript) LvglThread.java>   callee 0x2c625f8c size=3076   <- caller 0x2c626d14 size=288   noRet=false  
2026-08-27 02:22:26 INFO  (GhidraScript) LvglThread.java>   callee 0x2c627144 size=174    <- caller 0x2c627514 size=2164  noRet=false  
2026-08-27 02:22:26 INFO  (GhidraScript) LvglThread.java>   callee 0x2c627228 size=728    <- caller 0x2c627514 size=2164  noRet=false  
2026-08-27 02:22:26 INFO  (GhidraScript) LvglThread.java>   callee 0x2c62992c size=262    <- caller 0x2c629aa4 size=368   noRet=false  
2026-08-27 02:22:26 INFO  (GhidraScript) LvglThread.java>   callee 0x2c629c2c size=202    <- caller 0x2c629d00 size=188   noRet=false  
2026-08-27 02:22:26 INFO  (GhidraScript) LvglThread.java>   callee 0x2c62af34 size=238    <- caller 0x2c6032d4 size=194   noRet=false  
2026-08-27 02:22:26 INFO  (GhidraScript) LvglThread.java>   callee 0x2c62cd70 size=222    <- caller 0x2c62d4fc size=1520  noRet=false  
2026-08-27 02:22:26 INFO  (GhidraScript) LvglThread.java>   callee 0x2c62ed70 size=224    <- caller 0x2c60802c size=2384  noRet=false  
2026-08-27 02:22:26 INFO  (GhidraScript) LvglThread.java>   callee 0x2c630880 size=140    <- caller 0x2c630c30 size=248   noRet=false  
2026-08-27 02:22:26 INFO  (GhidraScript) LvglThread.java>   callee 0x2c631810 size=1256   <- caller 0x2c631d04 size=606   noRet=false  
2026-08-27 02:22:26 INFO  (GhidraScript) LvglThread.java>   callee 0x2c6340f4 size=310    <- caller 0x2c634864 size=242   noRet=false  
2026-08-27 02:22:26 INFO  (GhidraScript) LvglThread.java>   callee 0x2c634864 size=242    <- caller 0x2c634958 size=2288  noRet=false  
2026-08-27 02:22:26 INFO  (GhidraScript) LvglThread.java>   callee 0x2c635da8 size=680    <- caller 0x2c61bcd8 size=326   noRet=false  
2026-08-27 02:22:26 INFO  (GhidraScript) LvglThread.java>   callee 0x2c637138 size=156    <- caller 0x2c627514 size=2164  noRet=false  
2026-08-27 02:22:26 INFO  (GhidraScript) LvglThread.java>   callee 0x2c637598 size=658    <- caller 0x2c637b3c size=1992  noRet=false  
2026-08-27 02:22:26 INFO  (GhidraScript) LvglThread.java>   callee 0x2c6389d8 size=1804   <- caller 0x2c639164 size=198   noRet=false  
2026-08-27 02:22:26 INFO  (GhidraScript) LvglThread.java>   callee 0x2c63dd84 size=138    <- caller 0x2c5c82c8 size=160   noRet=false  
2026-08-27 02:22:26 INFO  (GhidraScript) LvglThread.java>   callee 0x2c63e954 size=254    <- caller 0x2c5cb6a0 size=656   noRet=false  
2026-08-27 02:22:26 INFO  (GhidraScript) LvglThread.java>   callee 0x2c63f2f4 size=288    <- caller 0x2c569a54 size=826   noRet=false  
2026-08-27 02:22:26 INFO  (GhidraScript) LvglThread.java>   callee 0x2c63fa38 size=146    <- caller 0x2c5c82c8 size=160   noRet=false  
2026-08-27 02:22:26 INFO  (GhidraScript) LvglThread.java>   callee 0x2c63faf0 size=196    <- caller 0x2c64129c size=132   noRet=false  
2026-08-27 02:22:26 INFO  (GhidraScript) LvglThread.java>   callee 0x2c6419a8 size=166    <- caller 0x2c5dc5e0 size=206   noRet=false  
2026-08-27 02:22:26 INFO  (GhidraScript) LvglThread.java>   callee 0x2c641abc size=362    <- caller 0x2c641ef4 size=762   noRet=false  
2026-08-27 02:22:26 INFO  (GhidraScript) LvglThread.java>   callee 0x2c645190 size=140    <- caller 0x2c644324 size=94    noRet=false  
2026-08-27 02:22:26 INFO  (GhidraScript) LvglThread.java>   callee 0x2c647930 size=768    <- caller 0x2c647c80 size=66    noRet=false  
2026-08-27 02:22:26 INFO  (GhidraScript) LvglThread.java>   callee 0x2c647cd0 size=682    <- caller 0x2c6481b0 size=248   noRet=false  
2026-08-27 02:22:26 INFO  (GhidraScript) LvglThread.java>   callee 0x2c6484d0 size=148    <- caller 0x2c6481b0 size=248   noRet=false  
2026-08-27 02:22:26 INFO  (GhidraScript) LvglThread.java>   callee 0x2c64e740 size=222    <- caller 0x2c64ed20 size=48    noRet=false  
2026-08-27 02:22:26 INFO  (GhidraScript) LvglThread.java>   callee 0x2c64e8fc size=150    <- caller 0x2c64eb60 size=132   noRet=false  
2026-08-27 02:22:26 INFO  (GhidraScript) LvglThread.java>   callee 0x2c650874 size=146    <- caller 0x2c6558c0 size=134   noRet=false  
2026-08-27 02:22:26 INFO  (GhidraScript) LvglThread.java>   callee 0x2c650b64 size=146    <- caller 0x2c655bf4 size=134   noRet=false  
2026-08-27 02:22:26 INFO  (GhidraScript) LvglThread.java>   callee 0x2c651c5c size=298    <- caller 0x2c651eb4 size=108   noRet=false  
2026-08-27 02:22:26 INFO  (GhidraScript) LvglThread.java>   callee 0x2c652e62 size=364    <- caller 0x2c653130 size=1400  noRet=false  
2026-08-27 02:22:26 INFO  (GhidraScript) LvglThread.java>   callee 0x2c656ce2 size=368    <- caller 0x2c656fb8 size=1392  noRet=false  
2026-08-27 02:22:26 INFO  (GhidraScript) LvglThread.java>   callee 0x2c65a4e4 size=318    <- caller 0x2c65a64a size=252   noRet=false  
2026-08-27 02:22:26 INFO  (GhidraScript) LvglThread.java>   callee 0x2c65b0d0 size=364    <- caller 0x2c65b39c size=1400  noRet=false  
2026-08-27 02:22:26 INFO  (GhidraScript) LvglThread.java>   callee 0x2c65bef8 size=852    <- caller 0x2c65c286 size=432   noRet=false  
2026-08-27 02:22:26 INFO  (GhidraScript) LvglThread.java>   callee 0x2c65d950 size=994    <- caller 0x2c65e140 size=126   noRet=false  
2026-08-27 02:22:26 INFO  (GhidraScript) LvglThread.java>   callee 0x2c65dd48 size=994    <- caller 0x2c65e140 size=126   noRet=false  
2026-08-27 02:22:26 INFO  (GhidraScript) LvglThread.java>   callee 0x2c65ecf0 size=244    <- caller 0x2c6527b0 size=556   noRet=false  
2026-08-27 02:22:26 INFO  (GhidraScript) LvglThread.java>   callee 0x2c660aba size=316    <- caller 0x2c660c1c size=252   noRet=false  
2026-08-27 02:22:26 INFO  (GhidraScript) LvglThread.java>   callee 0x2c6616d4 size=368    <- caller 0x2c6619ac size=1392  noRet=false  
2026-08-27 02:22:26 INFO  (GhidraScript) LvglThread.java>   callee 0x2c6624d0 size=818    <- caller 0x2c66283e size=434   noRet=false  
2026-08-27 02:22:26 INFO  (GhidraScript) LvglThread.java>   callee 0x2c664bbc size=264    <- caller 0x2c65661c size=560   noRet=false  
2026-08-27 02:22:26 INFO  (GhidraScript) LvglThread.java>   callee 0x2c6656d8 size=148    <- caller 0x2c65e140 size=126   noRet=false  
2026-08-27 02:22:26 INFO  (GhidraScript) LvglThread.java>   callee 0x2c666588 size=1552   <- caller 0x2c46fdb0 size=238   noRet=false  
2026-08-27 02:22:26 INFO  (GhidraScript) LvglThread.java>   callee 0x2c666bd8 size=208    <- caller 0x2c667d00 size=1612  noRet=false  
2026-08-27 02:22:26 INFO  (GhidraScript) LvglThread.java>   callee 0x2c667d00 size=1612   <- caller 0x2c667938 size=566   noRet=false  
2026-08-27 02:22:26 INFO  (GhidraScript) LvglThread.java>   callee 0x2c6688d8 size=130    <- caller 0x2c668868 size=108   noRet=false  
2026-08-27 02:22:26 INFO  (GhidraScript) LvglThread.java>   callee 0x2c6690f4 size=332    <- caller 0x2c651d74 size=74    noRet=false  
2026-08-27 02:22:26 INFO  (GhidraScript) LvglThread.java>   callee 0x2c66962c size=426    <- caller 0x2c6697dc size=806   noRet=false  
2026-08-27 02:22:26 INFO  (GhidraScript) LvglThread.java>   callee 0x2c669fb0 size=164    <- caller 0x2c66a0d0 size=1050  noRet=false  
2026-08-27 02:22:26 INFO  (GhidraScript) LvglThread.java>   callee 0x2c66a838 size=644    <- caller 0x2c67142c size=484   noRet=false  
2026-08-27 02:22:26 INFO  (GhidraScript) LvglThread.java>   callee 0x2c66ee38 size=180    <- caller 0x2c64c9c4 size=34    noRet=false  
2026-08-27 02:22:26 INFO  (GhidraScript) LvglThread.java>   callee 0x2c66f008 size=290    <- caller 0x2c66f130 size=2692  noRet=false  
2026-08-27 02:22:26 INFO  (GhidraScript) LvglThread.java>   callee 0x2c66fc0c size=132    <- caller 0x2c66fcc8 size=116   noRet=false  
2026-08-27 02:22:26 INFO  (GhidraScript) LvglThread.java>   callee 0x2c66fd14 size=130    <- caller 0x2c66fdd4 size=126   noRet=false  
2026-08-27 02:22:26 INFO  (GhidraScript) LvglThread.java>   callee 0x2c66fe48 size=162    <- caller 0x2c66ff14 size=1146  noRet=false  
2026-08-27 02:22:26 INFO  (GhidraScript) LvglThread.java>   callee 0x2c66ff14 size=1146   <- caller 0x2c66c640 size=2778  noRet=false  
2026-08-27 02:22:26 INFO  (GhidraScript) LvglThread.java>   callee 0x2c6703ec size=312    <- caller 0x2c66c640 size=2778  noRet=false  
2026-08-27 02:22:26 INFO  (GhidraScript) LvglThread.java>   callee 0x2c670834 size=138    <- caller 0x2c66c640 size=2778  noRet=false  
2026-08-27 02:22:26 INFO  (GhidraScript) LvglThread.java>   callee 0x2c671724 size=174    <- caller 0x2c67142c size=484   noRet=false  
2026-08-27 02:22:26 INFO  (GhidraScript) LvglThread.java>   callee 0x2c6717d8 size=478    <- caller 0x2c67142c size=484   noRet=false  
2026-08-27 02:22:26 INFO  (GhidraScript) LvglThread.java>   callee 0x2c671b48 size=204    <- caller 0x2c671c18 size=2536  noRet=false  
2026-08-27 02:22:26 INFO  (GhidraScript) LvglThread.java>   callee 0x2c671c18 size=2536   <- caller 0x2c671a5c size=100   noRet=false  
2026-08-27 02:22:26 INFO  (GhidraScript) LvglThread.java>   
2026-08-27 02:22:26 INFO  (GhidraScript) LvglThread.java> == E. dumps ==  
2026-08-27 02:22:26 INFO  (GhidraScript) LvglThread.java>   no function at 2c499270  
2026-08-27 02:22:26 INFO  (GhidraScript) LvglThread.java>   dumped 1 functions to /Users/bimap/Documents/Coding/SmartGlasses/Reverse/firmware/analysis/rtos/lvgl/disasm  
2026-08-27 02:22:26 INFO  (HeadlessAnalyzer) REPORT: Save succeeded for processed file: /platform_tester.bin  
2026-08-27 02:23:04 INFO  (LoggingInitialization) Using log config file: jar:file:/opt/homebrew/Cellar/ghidra/12.1.3/libexec/Ghidra/Framework/Generic/lib/Generic.jar!/generic.log4j.xml  
2026-08-27 02:23:04 INFO  (LoggingInitialization) Using log file: /Users/bimap/Documents/Coding/SmartGlasses/Reverse/firmware/analysis/rtos/lvgl/disasm/script.log  
2026-08-27 02:23:04 DEBUG (GhidraObjectInputFilter) Including serial input filter: FileSystem/data/client.rmi.serial.filter  
2026-08-27 02:23:04 INFO  (Preferences) Loading user preferences: /Users/bimap/Library/ghidra/ghidra_12.1.3_PUBLIC/preferences  
2026-08-27 02:23:04 INFO  (ClassSearcher) Searching for classes...  
2026-08-27 02:23:05 INFO  (ClassSearcher) Class search complete (648 ms)  
2026-08-27 02:23:05 INFO  (DefaultSSLContextInitializer) Initializing SSL Context  
2026-08-27 02:23:05 INFO  (SecureRandomFactory) Initializing Random Number Generator...  
2026-08-27 02:23:05 INFO  (SecureRandomFactory) Random Number Generator initialization complete: NativePRNGNonBlocking  
2026-08-27 02:23:05 INFO  (DefaultTrustManagerFactory) Trust manager disabled, cacerts have not been set  
2026-08-27 02:23:06 INFO  (AnalyzeHeadless) Headless startup complete (1948 ms)  
2026-08-27 02:23:06 INFO  (ClassSearcher) Class searcher loaded 59 extension points (20 false positives)  
2026-08-27 02:23:06 INFO  (HeadlessAnalyzer) HEADLESS Script Paths:
    /opt/homebrew/Cellar/ghidra/12.1.3/libexec/Ghidra/Processors/8051/ghidra_scripts
    /opt/homebrew/Cellar/ghidra/12.1.3/libexec/Ghidra/Debug/Debugger-rmi-trace/ghidra_scripts
    /opt/homebrew/Cellar/ghidra/12.1.3/libexec/Ghidra/Features/FileFormats/ghidra_scripts
    /opt/homebrew/Cellar/ghidra/12.1.3/libexec/Ghidra/Features/Decompiler/ghidra_scripts
    /opt/homebrew/Cellar/ghidra/12.1.3/libexec/Ghidra/Features/PDB/ghidra_scripts
    /Users/bimap/Documents/Coding/SmartGlasses/Reverse/firmware/analysis/rtos/lvgl/scripts
    /opt/homebrew/Cellar/ghidra/12.1.3/libexec/Ghidra/Processors/JVM/ghidra_scripts
    /opt/homebrew/Cellar/ghidra/12.1.3/libexec/Ghidra/Features/SystemEmulation/ghidra_scripts
    /opt/homebrew/Cellar/ghidra/12.1.3/libexec/Ghidra/Processors/PIC/ghidra_scripts
    /opt/homebrew/Cellar/ghidra/12.1.3/libexec/Ghidra/Debug/Debugger/ghidra_scripts
    /opt/homebrew/Cellar/ghidra/12.1.3/libexec/Ghidra/Features/GnuDemangler/ghidra_scripts
    /opt/homebrew/Cellar/ghidra/12.1.3/libexec/Ghidra/Features/MicrosoftCodeAnalyzer/ghidra_scripts
    /opt/homebrew/Cellar/ghidra/12.1.3/libexec/Ghidra/Features/PyGhidra/ghidra_scripts
    /opt/homebrew/Cellar/ghidra/12.1.3/libexec/Ghidra/Features/SwiftDemangler/ghidra_scripts
    /opt/homebrew/Cellar/ghidra/12.1.3/libexec/Ghidra/Features/WildcardAssembler/ghidra_scripts
    /opt/homebrew/Cellar/ghidra/12.1.3/libexec/Ghidra/Features/VersionTracking/ghidra_scripts
    /opt/homebrew/Cellar/ghidra/12.1.3/libexec/Ghidra/Features/BSim/ghidra_scripts
    /opt/homebrew/Cellar/ghidra/12.1.3/libexec/Ghidra/Features/BytePatterns/ghidra_scripts
    /opt/homebrew/Cellar/ghidra/12.1.3/libexec/Ghidra/Processors/Atmel/ghidra_scripts
    /opt/homebrew/Cellar/ghidra/12.1.3/libexec/Ghidra/Features/DecompilerDependent/ghidra_scripts
    /opt/homebrew/Cellar/ghidra/12.1.3/libexec/Ghidra/Processors/DATA/ghidra_scripts
    /opt/homebrew/Cellar/ghidra/12.1.3/libexec/Ghidra/Features/Base/ghidra_scripts
    /opt/homebrew/Cellar/ghidra/12.1.3/libexec/Ghidra/Features/FunctionID/ghidra_scripts  
2026-08-27 02:23:06 INFO  (HeadlessAnalyzer) HEADLESS: execution starts  
2026-08-27 02:23:06 INFO  (HeadlessAnalyzer) Opening existing project: /Users/bimap/Documents/Coding/SmartGlasses/Reverse/firmware/analysis/rtos/lvgl/disasm/proj/lvgl33  
2026-08-27 02:23:06 INFO  (HeadlessProject) Opening project: /Users/bimap/Documents/Coding/SmartGlasses/Reverse/firmware/analysis/rtos/lvgl/disasm/proj/lvgl33  
2026-08-27 02:23:07 INFO  (HeadlessAnalyzer) REPORT: Processing project file: /platform_tester.bin  
2026-08-27 02:23:07 INFO  (HeadlessAnalyzer) REPORT: Execute script: LvglThread.java '/Users/bimap/Documents/Coding/SmartGlasses/Reverse/firmware/analysis/rtos/lvgl/disasm'   
2026-08-27 02:23:08 INFO  (HeadlessAnalyzer) SCRIPT: /Users/bimap/Documents/Coding/SmartGlasses/Reverse/firmware/analysis/rtos/lvgl/scripts/LvglThread.java  
2026-08-27 02:23:09 DEBUG (InstructionError) Instruction conflict details at 2c007e88
  New Instruction: strmi r11,[r1],-r8,lsl #0xa
     LRset(01,01)        == 0x0
     TMode(00,00)        == 0x0
  Existing Instruction: push {r3,lr}
     LRset(01,01)        == 0x0
     TMode(00,00)        == 0x1  
2026-08-27 02:23:09 DEBUG (InstructionError) Instruction conflict details at 2c007f9c
  New Instruction: bmi 0x2c211fe0
     LRset(01,01)        == 0x0
     TMode(00,00)        == 0x0
  Existing Instruction: cmp r0,#0xf
     LRset(01,01)        == 0x0
     TMode(00,00)        == 0x1  
2026-08-27 02:23:09 DEBUG (InstructionError) Instruction conflict details at 2c00fec0
  New Instruction: blmi 0x2c6bd388
     LRset(01,01)        == 0x0
     TMode(00,00)        == 0x0
  Existing Instruction: push {r4,r5,lr}
     LRset(01,01)        == 0x0
     TMode(00,00)        == 0x1  
2026-08-27 02:23:09 DEBUG (InstructionError) Instruction conflict details at 2c020be4
  New Instruction: swimi 0xf0e92d
     LRset(01,01)        == 0x0
     TMode(00,00)        == 0x0
  Existing Instruction: push {r4,r5,r6,r7,r8,r9,r10,r11,lr}
     LRset(01,01)        == 0x0
     TMode(00,00)        == 0x1  
2026-08-27 02:23:10 DEBUG (InstructionError) Instruction conflict details at 2c547744
  New Instruction: ldmib r3,{r0,r1,r2,r8,r9,r10,r11,sp,pc}^
     LRset(01,01)        == 0x0
     TMode(00,00)        == 0x0
  Existing Instruction: add r7,sp,#0x1c
     LRset(01,01)        == 0x0
     TMode(00,00)        == 0x1  
2026-08-27 02:23:10 DEBUG (InstructionError) Instruction conflict details at 2c547744
  New Instruction: ldmib r3,{r0,r1,r2,r8,r9,r10,r11,sp,pc}^
     LRset(01,01)        == 0x0
     TMode(00,00)        == 0x0
  Existing Instruction: add r7,sp,#0x1c
     LRset(01,01)        == 0x0
     TMode(00,00)        == 0x1  
2026-08-27 02:23:10 DEBUG (InstructionError) Instruction conflict details at 2c66956c
  New Instruction: movwmi r8,#0x59a0
     LRset(01,01)        == 0x0
     TMode(00,00)        == 0x0
  Existing Instruction: ldrh r0,[r4,#0xc]
     LRset(01,01)        == 0x0
     TMode(00,00)        == 0x1  
2026-08-27 02:23:10 DEBUG (InstructionError) Instruction conflict details at 2c135530
  New Instruction: andeq pc,r1,#0x10
     LRset(01,01)        == 0x0
     TMode(00,00)        == 0x0
  Existing Instruction: ands r2,r0,#0x1
     LRset(01,01)        == 0x0
     TMode(00,00)        == 0x1  
2026-08-27 02:23:10 DEBUG (InstructionError) Instruction conflict details at 2c50fbf4
  New Instruction: vldrle.64 d2,[r4]
     LRset(01,01)        == 0x0
     TMode(00,00)        == 0x0
  Existing Instruction: cmp r3,#0x0
     LRset(01,01)        == 0x0
     TMode(00,00)        == 0x1  
2026-08-27 02:23:10 DEBUG (InstructionError) Instruction conflict details at 2c50fbf4
  New Instruction: vldrle.64 d2,[r4]
     LRset(01,01)        == 0x0
     TMode(00,00)        == 0x0
  Existing Instruction: cmp r3,#0x0
     LRset(01,01)        == 0x0
     TMode(00,00)        == 0x1  
2026-08-27 02:23:10 DEBUG (InstructionError) Instruction conflict details at 2c13ee20
  New Instruction: swilt 0x4770
     LRset(01,01)        == 0x0
     TMode(00,00)        == 0x0
  Existing Instruction: bx lr
     LRset(01,01)        == 0x0
     TMode(00,00)        == 0x1  
2026-08-27 02:23:10 DEBUG (InstructionError) Instruction conflict details at 2c13ee38
  New Instruction: swilt 0x4770
     LRset(01,01)        == 0x0
     TMode(00,00)        == 0x0
  Existing Instruction: bx lr
     LRset(01,01)        == 0x0
     TMode(00,00)        == 0x1  
2026-08-27 02:23:10 DEBUG (InstructionError) Instruction conflict details at 2c13ee68
  New Instruction: swilt 0x4770
     LRset(01,01)        == 0x0
     TMode(00,00)        == 0x0
  Existing Instruction: bx lr
     LRset(01,01)        == 0x0
     TMode(00,00)        == 0x1  
2026-08-27 02:23:10 DEBUG (InstructionError) Instruction conflict details at 2c13ee98
  New Instruction: swilt 0x4770
     LRset(01,01)        == 0x0
     TMode(00,00)        == 0x0
  Existing Instruction: bx lr
     LRset(01,01)        == 0x0
     TMode(00,00)        == 0x1  
2026-08-27 02:23:10 DEBUG (InstructionError) Instruction conflict details at 2c13eeb8
  New Instruction: swilt 0x4770
     LRset(01,01)        == 0x0
     TMode(00,00)        == 0x0
  Existing Instruction: bx lr
     LRset(01,01)        == 0x0
     TMode(00,00)        == 0x1  
2026-08-27 02:23:10 DEBUG (InstructionError) Instruction conflict details at 2c13eec0
  New Instruction: swilt 0x4770
     LRset(01,01)        == 0x0
     TMode(00,00)        == 0x0
  Existing Instruction: bx lr
     LRset(01,01)        == 0x0
     TMode(00,00)        == 0x1  
2026-08-27 02:23:10 DEBUG (InstructionError) Instruction conflict details at 2c13eecc
  New Instruction: swilt 0x4770
     LRset(01,01)        == 0x0
     TMode(00,00)        == 0x0
  Existing Instruction: bx lr
     LRset(01,01)        == 0x0
     TMode(00,00)        == 0x1  
2026-08-27 02:23:10 DEBUG (InstructionError) Instruction conflict details at 2c13eee8
  New Instruction: swilt 0x4770
     LRset(01,01)        == 0x0
     TMode(00,00)        == 0x0
  Existing Instruction: bx lr
     LRset(01,01)        == 0x0
     TMode(00,00)        == 0x1  
2026-08-27 02:23:10 DEBUG (InstructionError) Instruction conflict details at 2c13eef4
  New Instruction: swilt 0x4770
     LRset(01,01)        == 0x0
     TMode(00,00)        == 0x0
  Existing Instruction: bx lr
     LRset(01,01)        == 0x0
     TMode(00,00)        == 0x1  
2026-08-27 02:23:10 DEBUG (InstructionError) Instruction conflict details at 2c13ef18
  New Instruction: swilt 0x4770
     LRset(01,01)        == 0x0
     TMode(00,00)        == 0x0
  Existing Instruction: bx lr
     LRset(01,01)        == 0x0
     TMode(00,00)        == 0x1  
2026-08-27 02:23:10 DEBUG (InstructionError) Instruction conflict details at 2c13ef24
  New Instruction: swilt 0x4770
     LRset(01,01)        == 0x0
     TMode(00,00)        == 0x0
  Existing Instruction: bx lr
     LRset(01,01)        == 0x0
     TMode(00,00)        == 0x1  
2026-08-27 02:23:10 DEBUG (InstructionError) Instruction conflict details at 2c13ef2c
  New Instruction: swilt 0x4770
     LRset(01,01)        == 0x0
     TMode(00,00)        == 0x0
  Existing Instruction: bx lr
     LRset(01,01)        == 0x0
     TMode(00,00)        == 0x1  
2026-08-27 02:23:10 DEBUG (InstructionError) Instruction conflict details at 2c13ef3c
  New Instruction: swilt 0x4770
     LRset(01,01)        == 0x0
     TMode(00,00)        == 0x0
  Existing Instruction: bx lr
     LRset(01,01)        == 0x0
     TMode(00,00)        == 0x1  
2026-08-27 02:23:10 DEBUG (InstructionError) Instruction conflict details at 2c13ef4c
  New Instruction: swilt 0x4770
     LRset(01,01)        == 0x0
     TMode(00,00)        == 0x0
  Existing Instruction: bx lr
     LRset(01,01)        == 0x0
     TMode(00,00)        == 0x1  
2026-08-27 02:23:10 DEBUG (InstructionError) Instruction conflict details at 2c13f46c
  New Instruction: addlt r11,r3,r0, lsl #0xa
     LRset(01,01)        == 0x0
     TMode(00,00)        == 0x0
  Existing Instruction: push {lr}
     LRset(01,01)        == 0x0
     TMode(00,00)        == 0x1  
2026-08-27 02:23:10 DEBUG (InstructionError) Instruction conflict details at 2c142530
  New Instruction: stmdbcs r0,{r0,r1,r2,r4,r5,r8,r10,r12,sp,pc}
     LRset(01,01)        == 0x0
     TMode(00,00)        == 0x0
  Existing Instruction: push {r0,r1,r2,r4,r5,lr}
     LRset(01,01)        == 0x0
     TMode(00,00)        == 0x1  
2026-08-27 02:23:10 DEBUG (CreateThunkFunctionCmd) Created new external location for address 2d530e94: <EXTERNAL>::EXT_FUN_2d530e94  
2026-08-27 02:23:10 DEBUG (InstructionError) Instruction conflict details at 2c1446bc
  New Instruction: vldmiavs r8,{d20}
     LRset(01,01)        == 0x0
     TMode(00,00)        == 0x0
  Existing Instruction: ldr r3,[0x2c1446c8]
     LRset(01,01)        == 0x0
     TMode(00,00)        == 0x1  
2026-08-27 02:23:10 DEBUG (InstructionError) Instruction conflict details at 2c14486c
  New Instruction: vldrvs.64 d4,[r8,#-0x4]
     LRset(01,01)        == 0x0
     TMode(00,00)        == 0x0
  Existing Instruction: ldr r3,[0x2c144874]
     LRset(01,01)        == 0x0
     TMode(00,00)        == 0x1  
2026-08-27 02:23:10 DEBUG (InstructionError) Instruction conflict details at 2c213088
  New Instruction: str r6,[sp,#0x0]
     LRset(01,01)        == 0x0
     TMode(00,00)        == 0x1
  Existing Instruction: orrvss r9,r9,#0x0
     LRset(01,01)        == 0x0
     TMode(00,00)        == 0x0  
2026-08-27 02:23:10 DEBUG (InstructionError) Instruction conflict details at 2c4c2164
  New Instruction: stmdbeq r0,{r0,r1,r2,r3,r6,r12,sp,lr,pc}
     LRset(01,01)        == 0x0
     TMode(00,00)        == 0x0
  Existing Instruction: mov.w r9,#0x0
     LRset(01,01)        == 0x0
     TMode(00,00)        == 0x1  
2026-08-27 02:23:10 DEBUG (InstructionError) Instruction conflict details at 2c4c2164
  New Instruction: stmdbeq r0,{r0,r1,r2,r3,r6,r12,sp,lr,pc}
     LRset(01,01)        == 0x0
     TMode(00,00)        == 0x0
  Existing Instruction: mov.w r9,#0x0
     LRset(01,01)        == 0x0
     TMode(00,00)        == 0x1  
2026-08-27 02:23:11 DEBUG (InstructionError) Instruction conflict details at 2c022e8c
  New Instruction: andlss r2,r1,#0x0
     LRset(01,01)        == 0x0
     TMode(00,00)        == 0x0
  Existing Instruction: movs r3,#0x0
     LRset(01,01)        == 0x0
     TMode(00,00)        == 0x1  
2026-08-27 02:23:11 DEBUG (InstructionError) Instruction conflict details at 2c022e8c
  New Instruction: andlss r2,r1,#0x0
     LRset(01,01)        == 0x0
     TMode(00,00)        == 0x0
  Existing Instruction: movs r3,#0x0
     LRset(01,01)        == 0x0
     TMode(00,00)        == 0x1  
2026-08-27 02:23:11 DEBUG (InstructionError) Instruction conflict details at 2c0139d4
  New Instruction: ldclt p0,cr2,[r8,#-0x4]!
     LRset(01,01)        == 0x0
     TMode(00,00)        == 0x0
  Existing Instruction: movs r0,#0x1
     LRset(01,01)        == 0x0
     TMode(00,00)        == 0x1  
2026-08-27 02:23:11 DEBUG (InstructionError) Instruction conflict details at 2c0139d4
  New Instruction: ldclt p0,cr2,[r8,#-0x4]!
     LRset(01,01)        == 0x0
     TMode(00,00)        == 0x0
  Existing Instruction: movs r0,#0x1
     LRset(01,01)        == 0x0
     TMode(00,00)        == 0x1  
2026-08-27 02:23:11 DEBUG (InstructionError) Instruction conflict details at 2c469a34
  New Instruction: stmdbmi pc!,{r2,sp}
     LRset(01,01)        == 0x0
     TMode(00,00)        == 0x0
  Existing Instruction: movs r0,#0x4
     LRset(01,01)        == 0x0
     TMode(00,00)        == 0x1  
2026-08-27 02:23:11 DEBUG (InstructionError) Instruction conflict details at 2c469a20
  New Instruction: swilt 0x4770
     LRset(01,01)        == 0x0
     TMode(00,00)        == 0x0
  Existing Instruction: bx lr
     LRset(01,01)        == 0x0
     TMode(00,00)        == 0x1  
2026-08-27 02:23:11 DEBUG (InstructionError) Instruction conflict details at 2c46c95c
  New Instruction: mvnmis lr,sp, lsr #0x12
     LRset(01,01)        == 0x0
     TMode(00,00)        == 0x0
  Existing Instruction: push {r4,r5,r6,r7,r8,lr}
     LRset(01,01)        == 0x0
     TMode(00,00)        == 0x1  
2026-08-27 02:23:11 DEBUG (InstructionError) Instruction conflict details at 2c47c4dc
  New Instruction: mcrrcc p8,0xf,r8,r0,cr0
     LRset(01,01)        == 0x0
     TMode(00,00)        == 0x0
  Existing Instruction: ldrh r0,[r6,#0x6]
     LRset(01,01)        == 0x0
     TMode(00,00)        == 0x1  
2026-08-27 02:23:11 DEBUG (InstructionError) Instruction conflict details at 2c4833b8
  New Instruction: andcs r11,r1,r6, lsl #0x1
     LRset(01,01)        == 0x0
     TMode(00,00)        == 0x0
  Existing Instruction: sub sp,#0x18
     LRset(01,01)        == 0x0
     TMode(00,00)        == 0x1  
2026-08-27 02:23:11 DEBUG (InstructionError) Instruction conflict details at 2c4833b4
  New Instruction: blmi 0x2d4b097c
     LRset(01,01)        == 0x0
     TMode(00,00)        == 0x0
  Existing Instruction: push {r4,r5,r6,lr}
     LRset(01,01)        == 0x0
     TMode(00,00)        == 0x1  
2026-08-27 02:23:11 DEBUG (InstructionError) Instruction conflict details at 2c483ae8
  New Instruction: andcs r11,r1,r8, lsl #0xa
     LRset(01,01)        == 0x0
     TMode(00,00)        == 0x0
  Existing Instruction: push {r3,lr}
     LRset(01,01)        == 0x0
     TMode(00,00)        == 0x1  
2026-08-27 02:23:11 DEBUG (InstructionError) Instruction conflict details at 2c5acf90
  New Instruction: swige 0x7d043
     LRset(01,01)        == 0x0
     TMode(00,00)        == 0x0
  Existing Instruction: beq 0x2c5ad01a
     LRset(01,01)        == 0x0
     TMode(00,00)        == 0x1  
2026-08-27 02:23:11 DEBUG (InstructionError) Instruction conflict details at 2c5acf90
  New Instruction: swige 0x7d043
     LRset(01,01)        == 0x0
     TMode(00,00)        == 0x0
  Existing Instruction: beq 0x2c5ad01a
     LRset(01,01)        == 0x0
     TMode(00,00)        == 0x1  
2026-08-27 02:23:11 DEBUG (InstructionError) Instruction conflict details at 2c48ba3c
  New Instruction: movweq pc,#0x4f
     LRset(01,01)        == 0x0
     TMode(00,00)        == 0x0
  Existing Instruction: mov.w r3,#0x0
     LRset(01,01)        == 0x0
     TMode(00,00)        == 0x1  
2026-08-27 02:23:11 DEBUG (InstructionError) Instruction conflict details at 2c48c450
  New Instruction: swimi 0xf0e92d
     LRset(01,01)        == 0x0
     TMode(00,00)        == 0x0
  Existing Instruction: push {r4,r5,r6,r7,r8,r9,r10,r11,lr}
     LRset(01,01)        == 0x0
     TMode(00,00)        == 0x1  
2026-08-27 02:23:11 DEBUG (InstructionError) Instruction conflict details at 2c48d300
  New Instruction: cdpne p1,0x4,cr2,cr2,cr0,0x0
     LRset(01,01)        == 0x0
     TMode(00,00)        == 0x0
  Existing Instruction: movs r1,#0x0
     LRset(01,01)        == 0x0
     TMode(00,00)        == 0x1  
2026-08-27 02:23:11 DEBUG (InstructionError) Instruction conflict details at 2c48ed34
  New Instruction: ldrlt r2,[r0,#-0x802]!
     LRset(01,01)        == 0x0
     TMode(00,00)        == 0x0
  Existing Instruction: cmp r0,#0x2
     LRset(01,01)        == 0x0
     TMode(00,00)        == 0x1  
2026-08-27 02:23:11 DEBUG (InstructionError) Instruction conflict details at 2c490268
  New Instruction: ldrbmi r4,[r0,-r0,lsl #0x10]!
     LRset(01,01)        == 0x0
     TMode(00,00)        == 0x0
  Existing Instruction: ldr r0,[0x2c49026c]
     LRset(01,01)        == 0x0
     TMode(00,00)        == 0x1  
2026-08-27 02:23:11 DEBUG (InstructionError) Instruction conflict details at 2c490758
  New Instruction: mvnmis lr,#0xb4000
     LRset(01,01)        == 0x0
     TMode(00,00)        == 0x0
  Existing Instruction: push {r4,r5,r6,r7,r8,r9,lr}
     LRset(01,01)        == 0x0
     TMode(00,00)        == 0x1  
2026-08-27 02:23:11 DEBUG (InstructionError) Instruction conflict details at 2c6410f0
  New Instruction: stcmi p5,cr11,[r9,#-0xe0]
     LRset(01,01)        == 0x0
     TMode(00,00)        == 0x0
  Existing Instruction: push {r3,r4,r5,lr}
     LRset(01,01)        == 0x0
     TMode(00,00)        == 0x1  
2026-08-27 02:23:11 DEBUG (InstructionError) Instruction conflict details at 2c497e28
  New Instruction: bllt 0x2b6d5e2c
     LRset(01,01)        == 0x0
     TMode(00,00)        == 0x0
  Existing Instruction: b.w 0x2c4975bc
     LRset(01,01)        == 0x0
     TMode(00,00)        == 0x1  
2026-08-27 02:23:11 DEBUG (InstructionError) Instruction conflict details at 2c497e28
  New Instruction: bllt 0x2b6d5e2c
     LRset(01,01)        == 0x0
     TMode(00,00)        == 0x0
  Existing Instruction: b.w 0x2c4975bc
     LRset(01,01)        == 0x0
     TMode(00,00)        == 0x1  
2026-08-27 02:23:11 DEBUG (InstructionError) Instruction conflict details at 2c49bfc8
  New Instruction: stc2 p1,cr15,[lr],#-0x360
     LRset(01,01)        == 0x0
     TMode(00,00)        == 0x0
  Existing Instruction: bl 0x2c674828
     LRset(01,01)        == 0x0
     TMode(00,00)        == 0x1  
2026-08-27 02:23:11 DEBUG (InstructionError) Instruction conflict details at 2c4a8a90
  New Instruction: addlt r4,r8,sp, lsl r6
     LRset(01,01)        == 0x0
     TMode(00,00)        == 0x0
  Existing Instruction: mov r5,r3
     LRset(01,01)        == 0x0
     TMode(00,00)        == 0x1  
2026-08-27 02:23:11 DEBUG (InstructionError) Instruction conflict details at 2c625d9c
  New Instruction: mrrcpl p1,0x6,r6,r3,cr1
     LRset(01,01)        == 0x0
     TMode(00,00)        == 0x0
  Existing Instruction: str r1,[r4,#0x14]
     LRset(01,01)        == 0x0
     TMode(00,00)        == 0x1  
2026-08-27 02:23:11 DEBUG (InstructionError) Instruction conflict details at 2c625d9c
  New Instruction: mrrcpl p1,0x6,r6,r3,cr1
     LRset(01,01)        == 0x0
     TMode(00,00)        == 0x0
  Existing Instruction: str r1,[r4,#0x14]
     LRset(01,01)        == 0x0
     TMode(00,00)        == 0x1  
2026-08-27 02:23:11 DEBUG (InstructionError) Instruction conflict details at 2c52bf90
  New Instruction: strtmi lr,[r12],-r12,lsr #32
     LRset(01,01)        == 0x0
     TMode(00,00)        == 0x0
  Existing Instruction: b 0x2c52bfec
     LRset(01,01)        == 0x0
     TMode(00,00)        == 0x1  
2026-08-27 02:23:11 DEBUG (InstructionError) Instruction conflict details at 2c5ec034
  New Instruction: strmi r11,[r5],-r5,lsl #0x1
     LRset(01,01)        == 0x0
     TMode(00,00)        == 0x0
  Existing Instruction: sub sp,#0x14
     LRset(01,01)        == 0x0
     TMode(00,00)        == 0x1  
2026-08-27 02:23:11 DEBUG (InstructionError) Instruction conflict details at 2c62bf00
  New Instruction: andcs r9,r3,r0
     LRset(01,01)        == 0x0
     TMode(00,00)        == 0x0
  Existing Instruction: str r0,[sp,#0x0]
     LRset(01,01)        == 0x0
     TMode(00,00)        == 0x1  
2026-08-27 02:23:11 DEBUG (InstructionError) Instruction conflict details at 2c62c044
  New Instruction: eornes pc,r3,r2, asr r8
     LRset(01,01)        == 0x0
     TMode(00,00)        == 0x0
  Existing Instruction: ldr.w r1,[r2,r3,lsl #0x3]
     LRset(01,01)        == 0x0
     TMode(00,00)        == 0x1  
2026-08-27 02:23:11 DEBUG (InstructionError) Instruction conflict details at 2c52bb24
  New Instruction: blx 0x2b20687a
     LRset(01,01)        == 0x0
     TMode(00,00)        == 0x0
  Existing Instruction: ldr r3,[r2,#0x34]
     LRset(01,01)        == 0x0
     TMode(00,00)        == 0x1  
2026-08-27 02:23:11 DEBUG (InstructionError) Instruction conflict details at 2c52bb24
  New Instruction: blx 0x2b20687a
     LRset(01,01)        == 0x0
     TMode(00,00)        == 0x0
  Existing Instruction: ldr r3,[r2,#0x34]
     LRset(01,01)        == 0x0
     TMode(00,00)        == 0x1  
2026-08-27 02:23:11 DEBUG (InstructionError) Instruction conflict details at 2c52bf90
  New Instruction: strtmi lr,[r12],-r12,lsr #32
     LRset(01,01)        == 0x0
     TMode(00,00)        == 0x0
  Existing Instruction: b 0x2c52bfec
     LRset(01,01)        == 0x0
     TMode(00,00)        == 0x1  
2026-08-27 02:23:11 DEBUG (InstructionError) Instruction conflict details at 2c5ec034
  New Instruction: strmi r11,[r5],-r5,lsl #0x1
     LRset(01,01)        == 0x0
     TMode(00,00)        == 0x0
  Existing Instruction: sub sp,#0x14
     LRset(01,01)        == 0x0
     TMode(00,00)        == 0x1  
2026-08-27 02:23:11 DEBUG (InstructionError) Instruction conflict details at 2c62bf00
  New Instruction: andcs r9,r3,r0
     LRset(01,01)        == 0x0
     TMode(00,00)        == 0x0
  Existing Instruction: str r0,[sp,#0x0]
     LRset(01,01)        == 0x0
     TMode(00,00)        == 0x1  
2026-08-27 02:23:11 DEBUG (InstructionError) Instruction conflict details at 2c62c044
  New Instruction: eornes pc,r3,r2, asr r8
     LRset(01,01)        == 0x0
     TMode(00,00)        == 0x0
  Existing Instruction: ldr.w r1,[r2,r3,lsl #0x3]
     LRset(01,01)        == 0x0
     TMode(00,00)        == 0x1  
2026-08-27 02:23:11 DEBUG (InstructionError) Instruction conflict details at 2c4b5510
  New Instruction: stcmi p5,cr11,[lr,#-0x1c0]
     LRset(01,01)        == 0x0
     TMode(00,00)        == 0x0
  Existing Instruction: push {r4,r5,r6,lr}
     LRset(01,01)        == 0x0
     TMode(00,00)        == 0x1  
2026-08-27 02:23:11 DEBUG (InstructionError) Instruction conflict details at 2c4b5d00
  New Instruction: blcs 0x2c4cb574
     LRset(01,01)        == 0x0
     TMode(00,00)        == 0x0
  Existing Instruction: ldrsb r3,[r3,r0]
     LRset(01,01)        == 0x0
     TMode(00,00)        == 0x1  
2026-08-27 02:23:11 DEBUG (InstructionError) Instruction conflict details at 2c4b5cfc
  New Instruction: blmi 0x2c7a3124
     LRset(01,01)        == 0x0
     TMode(00,00)        == 0x0
  Existing Instruction: push {r3,lr}
     LRset(01,01)        == 0x0
     TMode(00,00)        == 0x1  
2026-08-27 02:23:11 DEBUG (InstructionError) Instruction conflict details at 2c4cb5c0
  New Instruction: stmib r5,{r3,r6,r9,r10,lr}^
     LRset(01,01)        == 0x0
     TMode(00,00)        == 0x0
  Existing Instruction: mov r0,r9
     LRset(01,01)        == 0x0
     TMode(00,00)        == 0x1  
2026-08-27 02:23:11 DEBUG (InstructionError) Instruction conflict details at 2c4cb5c0
  New Instruction: stmib r5,{r3,r6,r9,r10,lr}^
     LRset(01,01)        == 0x0
     TMode(00,00)        == 0x0
  Existing Instruction: mov r0,r9
     LRset(01,01)        == 0x0
     TMode(00,00)        == 0x1  
2026-08-27 02:23:11 DEBUG (InstructionError) Instruction conflict details at 2c4b6cac
  New Instruction: ldmdavc r8,{r0,r8,r9,r11,lr}
     LRset(01,01)        == 0x0
     TMode(00,00)        == 0x0
  Existing Instruction: ldr r3,[0x2c4b6cb4]
     LRset(01,01)        == 0x0
     TMode(00,00)        == 0x1  
2026-08-27 02:23:11 DEBUG (InstructionError) Instruction conflict details at 2c4b9448
  New Instruction: andcs r11,r0,r8, lsl #0x2
     LRset(01,01)        == 0x0
     TMode(00,00)        == 0x0
  Existing Instruction: cbz r0,0x2c4b944e
     LRset(01,01)        == 0x0
     TMode(00,00)        == 0x1  
2026-08-27 02:23:11 DEBUG (InstructionError) Instruction conflict details at 2c4be7a8
  New Instruction: strlt r2,[r0,#-0x81f]
     LRset(01,01)        == 0x0
     TMode(00,00)        == 0x0
  Existing Instruction: cmp r0,#0x1f
     LRset(01,01)        == 0x0
     TMode(00,00)        == 0x1  
2026-08-27 02:23:11 DEBUG (CreateThunkFunctionCmd) Created new external location for address 2d889124: <EXTERNAL>::EXT_FUN_2d889124  
2026-08-27 02:23:11 DEBUG (CreateThunkFunctionCmd) Created new external location for address 2d88915c: <EXTERNAL>::EXT_FUN_2d88915c  
2026-08-27 02:23:11 DEBUG (CreateThunkFunctionCmd) Created new external location for address 2d8891f0: <EXTERNAL>::EXT_FUN_2d8891f0  
2026-08-27 02:23:11 DEBUG (InstructionError) Instruction conflict details at 2c4bf3bc
  New Instruction: andcs r11,r0,r0, lsl r5
     LRset(01,01)        == 0x0
     TMode(00,00)        == 0x0
  Existing Instruction: push {r4,lr}
     LRset(01,01)        == 0x0
     TMode(00,00)        == 0x1  
2026-08-27 02:23:11 DEBUG (InstructionError) Instruction conflict details at 2c4c04a0
  New Instruction: andeq pc,pc,r0, lsr #32
     LRset(01,01)        == 0x0
     TMode(00,00)        == 0x0
  Existing Instruction: bic r0,r0,#0xf
     LRset(01,01)        == 0x0
     TMode(00,00)        == 0x1  
2026-08-27 02:23:11 DEBUG (InstructionError) Instruction conflict details at 2c4c049c
  New Instruction: blvs 0x2aad30ac
     LRset(01,01)        == 0x0
     TMode(00,00)        == 0x0
  Existing Instruction: ldr r3,[0x2c4c04a8]
     LRset(01,01)        == 0x0
     TMode(00,00)        == 0x1  
2026-08-27 02:23:11 DEBUG (InstructionError) Instruction conflict details at 2c4c0eb4
  New Instruction: strcs r11,[r0],#-0x5f0
     LRset(01,01)        == 0x0
     TMode(00,00)        == 0x0
  Existing Instruction: push {r4,r5,r6,r7,lr}
     LRset(01,01)        == 0x0
     TMode(00,00)        == 0x1  
2026-08-27 02:23:11 DEBUG (InstructionError) Instruction conflict details at 2c4c1a28
  New Instruction: andvcs r4,r8,r1, lsl #0x16
     LRset(01,01)        == 0x0
     TMode(00,00)        == 0x0
  Existing Instruction: ldr r3,[0x2c4c1a30]
     LRset(01,01)        == 0x0
     TMode(00,00)        == 0x1  
2026-08-27 02:23:11 DEBUG (InstructionError) Instruction conflict details at 2c60111c
  New Instruction: strbmi r3,[r3],#-0xb01
     LRset(01,01)        == 0x0
     TMode(00,00)        == 0x0
  Existing Instruction: subs r3,#0x1
     LRset(01,01)        == 0x0
     TMode(00,00)        == 0x1  
2026-08-27 02:23:11 DEBUG (InstructionError) Instruction conflict details at 2c60121c
  New Instruction: bls 0x2cb12270
     LRset(01,01)        == 0x0
     TMode(00,00)        == 0x0
  Existing Instruction: add r3,r2
     LRset(01,01)        == 0x0
     TMode(00,00)        == 0x1  
2026-08-27 02:23:11 DEBUG (InstructionError) Instruction conflict details at 2c60111c
  New Instruction: strbmi r3,[r3],#-0xb01
     LRset(01,01)        == 0x0
     TMode(00,00)        == 0x0
  Existing Instruction: subs r3,#0x1
     LRset(01,01)        == 0x0
     TMode(00,00)        == 0x1  
2026-08-27 02:23:11 DEBUG (InstructionError) Instruction conflict details at 2c60121c
  New Instruction: bls 0x2cb12270
     LRset(01,01)        == 0x0
     TMode(00,00)        == 0x0
  Existing Instruction: add r3,r2
     LRset(01,01)        == 0x0
     TMode(00,00)        == 0x1  
2026-08-27 02:23:11 DEBUG (InstructionError) Instruction conflict details at 2c5015a4
  New Instruction: vpadd.i8 d20,d0,d6
     LRset(01,01)        == 0x0
     TMode(00,00)        == 0x0
  Existing Instruction: ldr r3,[0x2c501600]
     LRset(01,01)        == 0x0
     TMode(00,00)        == 0x1  
2026-08-27 02:23:11 DEBUG (InstructionError) Instruction conflict details at 2c641200
  New Instruction: ldmdavs r12,{r0,r1,r2,r8,r9,r11,lr}
     LRset(01,01)        == 0x0
     TMode(00,00)        == 0x0
  Existing Instruction: ldr r3,[0x2c641220]
     LRset(01,01)        == 0x0
     TMode(00,00)        == 0x1  
2026-08-27 02:23:11 DEBUG (InstructionError) Instruction conflict details at 2c601114
  New Instruction: ldrtmi r9,[r11],#-0xa0a
     LRset(01,01)        == 0x0
     TMode(00,00)        == 0x0
  Existing Instruction: ldr r2,[sp,#0x28]
     LRset(01,01)        == 0x0
     TMode(00,00)        == 0x1  
2026-08-27 02:23:11 DEBUG (InstructionError) Instruction conflict details at 2c5015a4
  New Instruction: vpadd.i8 d20,d0,d6
     LRset(01,01)        == 0x0
     TMode(00,00)        == 0x0
  Existing Instruction: ldr r3,[0x2c501600]
     LRset(01,01)        == 0x0
     TMode(00,00)        == 0x1  
2026-08-27 02:23:11 DEBUG (InstructionError) Instruction conflict details at 2c641200
  New Instruction: ldmdavs r12,{r0,r1,r2,r8,r9,r11,lr}
     LRset(01,01)        == 0x0
     TMode(00,00)        == 0x0
  Existing Instruction: ldr r3,[0x2c641220]
     LRset(01,01)        == 0x0
     TMode(00,00)        == 0x1  
2026-08-27 02:23:11 DEBUG (InstructionError) Instruction conflict details at 2c4ca90c
  New Instruction: addlt r11,r4,r0, lsl r5
     LRset(01,01)        == 0x0
     TMode(00,00)        == 0x0
  Existing Instruction: push {r4,lr}
     LRset(01,01)        == 0x0
     TMode(00,00)        == 0x1  
2026-08-27 02:23:11 DEBUG (InstructionError) Instruction conflict details at 2c4ca92c
  New Instruction: addlt r11,r2,r0, lsl r5
     LRset(01,01)        == 0x0
     TMode(00,00)        == 0x0
  Existing Instruction: push {r4,lr}
     LRset(01,01)        == 0x0
     TMode(00,00)        == 0x1  
2026-08-27 02:23:11 DEBUG (InstructionError) Instruction conflict details at 2c4ca92c
  New Instruction: addlt r11,r2,r0, lsl r5
     LRset(01,01)        == 0x0
     TMode(00,00)        == 0x0
  Existing Instruction: push {r4,lr}
     LRset(01,01)        == 0x0
     TMode(00,00)        == 0x1  
2026-08-27 02:23:11 DEBUG (InstructionError) Instruction conflict details at 2c4de580
  New Instruction: ldrlt r4,[r0,#-0xb05]
     LRset(01,01)        == 0x0
     TMode(00,00)        == 0x0
  Existing Instruction: ldr r3,[0x2c4de598]
     LRset(01,01)        == 0x0
     TMode(00,00)        == 0x1  
2026-08-27 02:23:11 DEBUG (InstructionError) Instruction conflict details at 2c4de9c0
  New Instruction: cdpne p8,0x4,cr6,cr3,cr0,0x2
     LRset(01,01)        == 0x0
     TMode(00,00)        == 0x0
  Existing Instruction: ldr r0,[r0,#0x4]
     LRset(01,01)        == 0x0
     TMode(00,00)        == 0x1  
2026-08-27 02:23:11 DEBUG (InstructionError) Instruction conflict details at 2c4f954c
  New Instruction: streq pc,[r2,#-0x10e]
     LRset(01,01)        == 0x0
     TMode(00,00)        == 0x0
  Existing Instruction: add.w r5,lr,#0x2
     LRset(01,01)        == 0x0
     TMode(00,00)        == 0x1  
2026-08-27 02:23:11 DEBUG (InstructionError) Instruction conflict details at 2c4f954c
  New Instruction: streq pc,[r2,#-0x10e]
     LRset(01,01)        == 0x0
     TMode(00,00)        == 0x0
  Existing Instruction: add.w r5,lr,#0x2
     LRset(01,01)        == 0x0
     TMode(00,00)        == 0x1  
2026-08-27 02:23:11 DEBUG (InstructionError) Instruction conflict details at 2c5ba24c
  New Instruction: blx 0x2c0f653c
     LRset(01,01)        == 0x0
     TMode(00,00)        == 0x0
  Existing Instruction: bl 0x2c674828
     LRset(01,01)        == 0x0
     TMode(00,00)        == 0x1  
2026-08-27 02:23:11 DEBUG (InstructionError) Instruction conflict details at 2c4e043c
  New Instruction: sbclt r11,r9,#0x8e
     LRset(01,01)        == 0x0
     TMode(00,00)        == 0x0
  Existing Instruction: sub sp,#0x38
     LRset(01,01)        == 0x0
     TMode(00,00)        == 0x1  
2026-08-27 02:23:11 DEBUG (InstructionError) Instruction conflict details at 2c4e0438
  New Instruction: blmi 0x2d10d880
     LRset(01,01)        == 0x0
     TMode(00,00)        == 0x0
  Existing Instruction: push {r4,lr}
     LRset(01,01)        == 0x0
     TMode(00,00)        == 0x1  
2026-08-27 02:23:11 DEBUG (InstructionError) Instruction conflict details at 2c5bc1e4
  New Instruction: rsccss r4,r1,#0xe0000
     LRset(01,01)        == 0x0
     TMode(00,00)        == 0x0
  Existing Instruction: ldr r0,[0x2c5bc220]
     LRset(01,01)        == 0x0
     TMode(00,00)        == 0x1  
2026-08-27 02:23:11 DEBUG (InstructionError) Instruction conflict details at 2c561684
  New Instruction: addhis pc,r11,r0, lsl #0x4
     LRset(01,01)        == 0x0
     TMode(00,00)        == 0x0
  Existing Instruction: bhi.w 0x2c5617be
     LRset(01,01)        == 0x0
     TMode(00,00)        == 0x1  
2026-08-27 02:23:11 DEBUG (InstructionError) Instruction conflict details at 2c561684
  New Instruction: addhis pc,r11,r0, lsl #0x4
     LRset(01,01)        == 0x0
     TMode(00,00)        == 0x0
  Existing Instruction: bhi.w 0x2c5617be
     LRset(01,01)        == 0x0
     TMode(00,00)        == 0x1  
2026-08-27 02:23:11 DEBUG (InstructionError) Instruction conflict details at 2c4ebe34
  New Instruction: bmi 0x2d574378
     LRset(01,01)        == 0x0
     TMode(00,00)        == 0x0
  Existing Instruction: movs r1,#0x4f
     LRset(01,01)        == 0x0
     TMode(00,00)        == 0x1  
2026-08-27 02:23:11 DEBUG (InstructionError) Instruction conflict details at 2c4ebe2c
  New Instruction: mcrrmi p5,0x3,r11,r2,cr0
     LRset(01,01)        == 0x0
     TMode(00,00)        == 0x0
  Existing Instruction: push {r4,r5,lr}
     LRset(01,01)        == 0x0
     TMode(00,00)        == 0x1  
2026-08-27 02:23:11 DEBUG (InstructionError) Instruction conflict details at 2c4f4e54
  New Instruction: addvc pc,r0,pc, asr #0x8
     LRset(01,01)        == 0x0
     TMode(00,00)        == 0x0
  Existing Instruction: mov.w r0,#0x100
     LRset(01,01)        == 0x0
     TMode(00,00)        == 0x1  
2026-08-27 02:23:11 DEBUG (InstructionError) Instruction conflict details at 2c4fab58
  New Instruction: stmdami r11,{r4,r8,r10,r12,sp,pc}
     LRset(01,01)        == 0x0
     TMode(00,00)        == 0x0
  Existing Instruction: push {r4,lr}
     LRset(01,01)        == 0x0
     TMode(00,00)        == 0x1  
2026-08-27 02:23:11 DEBUG (InstructionError) Instruction conflict details at 2c4fac1c
  New Instruction: ldmdavc r8,{r1,r8,r9,r11,lr}
     LRset(01,01)        == 0x0
     TMode(00,00)        == 0x0
  Existing Instruction: ldr r3,[0x2c4fac28]
     LRset(01,01)        == 0x0
     TMode(00,00)        == 0x1  
2026-08-27 02:23:11 DEBUG (InstructionError) Instruction conflict details at 2c4faf28
  New Instruction: stmib sp,{r0,r1,r3,r9,r11,lr}^
     LRset(01,01)        == 0x0
     TMode(00,00)        == 0x0
  Existing Instruction: ldr r2,[0x2c4faf58]
     LRset(01,01)        == 0x0
     TMode(00,00)        == 0x1  
2026-08-27 02:23:11 DEBUG (InstructionError) Instruction conflict details at 2c4faf18
  New Instruction: stmdbmi r12,{r4,r5,r8,r10,r12,sp,pc}
     LRset(01,01)        == 0x0
     TMode(00,00)        == 0x0
  Existing Instruction: push {r4,r5,lr}
     LRset(01,01)        == 0x0
     TMode(00,00)        == 0x1  
2026-08-27 02:23:11 DEBUG (InstructionError) Instruction conflict details at 2c58eb5c
  New Instruction: stmiaeq r12!,{r2,r8,r12,sp,lr,pc}
     LRset(01,01)        == 0x0
     TMode(00,00)        == 0x0
  Existing Instruction: add.w r8,r4,#0xac
     LRset(01,01)        == 0x0
     TMode(00,00)        == 0x1  
2026-08-27 02:23:11 DEBUG (InstructionError) Instruction conflict details at 2c58eb5c
  New Instruction: stmiaeq r12!,{r2,r8,r12,sp,lr,pc}
     LRset(01,01)        == 0x0
     TMode(00,00)        == 0x0
  Existing Instruction: add.w r8,r4,#0xac
     LRset(01,01)        == 0x0
     TMode(00,00)        == 0x1  
2026-08-27 02:23:11 DEBUG (InstructionError) Instruction conflict details at 2c511370
  New Instruction: stcmi p0,cr11,[lr,#-0x20c]
     LRset(01,01)        == 0x0
     TMode(00,00)        == 0x0
  Existing Instruction: sub sp,#0xc
     LRset(01,01)        == 0x0
     TMode(00,00)        == 0x1  
2026-08-27 02:23:11 DEBUG (InstructionError) Instruction conflict details at 2c51136c
  New Instruction: blmi 0x2c8be834
     LRset(01,01)        == 0x0
     TMode(00,00)        == 0x0
  Existing Instruction: push {r4,r5,lr}
     LRset(01,01)        == 0x0
     TMode(00,00)        == 0x1  
2026-08-27 02:23:11 DEBUG (InstructionError) Instruction conflict details at 2c5115d4
  New Instruction: subeq lr,r1,r0, lsl #0x16
     LRset(01,01)        == 0x0
     TMode(00,00)        == 0x0
  Existing Instruction: add.w r0,r0,r1, lsl #0x1
     LRset(01,01)        == 0x0
     TMode(00,00)        == 0x1  
2026-08-27 02:23:11 DEBUG (InstructionError) Instruction conflict details at 2c51775c
  New Instruction: movwcs r11,#0x510
     LRset(01,01)        == 0x0
     TMode(00,00)        == 0x0
  Existing Instruction: push {r4,lr}
     LRset(01,01)        == 0x0
     TMode(00,00)        == 0x1  
2026-08-27 02:23:11 DEBUG (InstructionError) Instruction conflict details at 2c51890c
  New Instruction: sbclt r3,r0,#0x10000
     LRset(01,01)        == 0x0
     TMode(00,00)        == 0x0
  Existing Instruction: subs r0,#0x1
     LRset(01,01)        == 0x0
     TMode(00,00)        == 0x1  
2026-08-27 02:23:11 DEBUG (InstructionError) Instruction conflict details at 2c518a74
  New Instruction: sbclt r3,r0,#0x10000
     LRset(01,01)        == 0x0
     TMode(00,00)        == 0x0
  Existing Instruction: subs r0,#0x1
     LRset(01,01)        == 0x0
     TMode(00,00)        == 0x1  
2026-08-27 02:23:11 DEBUG (InstructionError) Instruction conflict details at 2c521100
  New Instruction: ldcmi p0,cr11,[r4,#-0x20c]
     LRset(01,01)        == 0x0
     TMode(00,00)        == 0x0
  Existing Instruction: sub sp,#0xc
     LRset(01,01)        == 0x0
     TMode(00,00)        == 0x1  
2026-08-27 02:23:11 DEBUG (InstructionError) Instruction conflict details at 2c5210fc
  New Instruction: blmi 0x2ca4e5c4
     LRset(01,01)        == 0x0
     TMode(00,00)        == 0x0
  Existing Instruction: push {r4,r5,lr}
     LRset(01,01)        == 0x0
     TMode(00,00)        == 0x1  
2026-08-27 02:23:11 DEBUG (InstructionError) Instruction conflict details at 2c522304
  New Instruction: rsccss r4,r8,#0x4000
     LRset(01,01)        == 0x0
     TMode(00,00)        == 0x0
  Existing Instruction: ldr r3,[0x2c522348]
     LRset(01,01)        == 0x0
     TMode(00,00)        == 0x1  
2026-08-27 02:23:11 DEBUG (InstructionError) Instruction conflict details at 2c525a58
  New Instruction: ldcmi p5,cr11,[r5,#-0xc0]
     LRset(01,01)        == 0x0
     TMode(00,00)        == 0x0
  Existing Instruction: push {r4,r5,lr}
     LRset(01,01)        == 0x0
     TMode(00,00)        == 0x1  
2026-08-27 02:23:11 DEBUG (InstructionError) Instruction conflict details at 2c52613c
  New Instruction: mrcmi p5,0x0,r11,cr6,cr0,0x3
     LRset(01,01)        == 0x0
     TMode(00,00)        == 0x0
  Existing Instruction: push {r4,r5,r6,lr}
     LRset(01,01)        == 0x0
     TMode(00,00)        == 0x1  
2026-08-27 02:23:11 DEBUG (InstructionError) Instruction conflict details at 2c526da8
  New Instruction: ldmdami r3,{r4,r8,r10,r12,sp,pc}
     LRset(01,01)        == 0x0
     TMode(00,00)        == 0x0
  Existing Instruction: push {r4,lr}
     LRset(01,01)        == 0x0
     TMode(00,00)        == 0x1  
2026-08-27 02:23:11 DEBUG (InstructionError) Instruction conflict details at 2c530878
  New Instruction: ldclmi p5,cr11,[r7,#-0x3c0]!
     LRset(01,01)        == 0x0
     TMode(00,00)        == 0x0
  Existing Instruction: push {r4,r5,r6,r7,lr}
     LRset(01,01)        == 0x0
     TMode(00,00)        == 0x1  
2026-08-27 02:23:11 DEBUG (InstructionError) Instruction conflict details at 2c530d54
  New Instruction: strmi r11,[r12],-r7,lsl #0x1
     LRset(01,01)        == 0x0
     TMode(00,00)        == 0x0
  Existing Instruction: sub sp,#0x1c
     LRset(01,01)        == 0x0
     TMode(00,00)        == 0x1  
2026-08-27 02:23:11 DEBUG (InstructionError) Instruction conflict details at 2c530d48
  New Instruction: ldrbmi r6,[r0,-r0,lsl #0x10]!
     LRset(01,01)        == 0x0
     TMode(00,00)        == 0x0
  Existing Instruction: ldr r0,[r0,#0x0]
     LRset(01,01)        == 0x0
     TMode(00,00)        == 0x1  
2026-08-27 02:23:11 ERROR (CreateFunctionCmd) Failed to create function at 2c531138 since its body contains referring thunk at 2c53129c  
2026-08-27 02:23:11 DEBUG (InstructionError) Instruction conflict details at 2c53605c
  New Instruction: addlt r11,r3,r0, lsl #0xa
     LRset(01,01)        == 0x0
     TMode(00,00)        == 0x0
  Existing Instruction: push {lr}
     LRset(01,01)        == 0x0
     TMode(00,00)        == 0x1  
2026-08-27 02:23:11 DEBUG (InstructionError) Instruction conflict details at 2c536050
  New Instruction: ldrbmi r4,[r0,-r0,lsl #0x10]!
     LRset(01,01)        == 0x0
     TMode(00,00)        == 0x0
  Existing Instruction: ldr r0,[0x2c536054]
     LRset(01,01)        == 0x0
     TMode(00,00)        == 0x1  
2026-08-27 02:23:11 DEBUG (InstructionError) Instruction conflict details at 2c53653c
  New Instruction: ldmdbmi r7!,{r4,r5,r8,r10,r12,sp,pc}
     LRset(01,01)        == 0x0
     TMode(00,00)        == 0x0
  Existing Instruction: push {r4,r5,lr}
     LRset(01,01)        == 0x0
     TMode(00,00)        == 0x1  
2026-08-27 02:23:11 DEBUG (InstructionError) Instruction conflict details at 2c53b758
  New Instruction: stmib r0,{r8,r9,sp}^
     LRset(01,01)        == 0x0
     TMode(00,00)        == 0x0
  Existing Instruction: movs r3,#0x0
     LRset(01,01)        == 0x0
     TMode(00,00)        == 0x1  
2026-08-27 02:23:11 DEBUG (InstructionError) Instruction conflict details at 2c546fa4
  New Instruction: adclt r11,r1,r0, lsr r5
     LRset(01,01)        == 0x0
     TMode(00,00)        == 0x0
  Existing Instruction: push {r4,r5,lr}
     LRset(01,01)        == 0x0
     TMode(00,00)        == 0x1  
2026-08-27 02:23:11 DEBUG (InstructionError) Instruction conflict details at 2c547b70
  New Instruction: ldrbmi r7,[r0,-r0,lsl #0x1e]!
     LRset(01,01)        == 0x0
     TMode(00,00)        == 0x0
  Existing Instruction: ldrb r0,[r0,#0x1c]
     LRset(01,01)        == 0x0
     TMode(00,00)        == 0x1  
2026-08-27 02:23:11 DEBUG (InstructionError) Instruction conflict details at 2c547c50
  New Instruction: ldmib r4,{r5,r6,r7,r8,r12,sp,pc}^
     LRset(01,01)        == 0x0
     TMode(00,00)        == 0x0
  Existing Instruction: cbz r0,0x2c547c8c
     LRset(01,01)        == 0x0
     TMode(00,00)        == 0x1  
2026-08-27 02:23:11 DEBUG (InstructionError) Instruction conflict details at 2c547c38
  New Instruction: andcs r11,r1,#0x4000000
     LRset(01,01)        == 0x0
     TMode(00,00)        == 0x0
  Existing Instruction: push {r4,lr}
     LRset(01,01)        == 0x0
     TMode(00,00)        == 0x1  
2026-08-27 02:23:11 ERROR (CreateFunctionCmd) Failed to create function at 2c562d80 since its body contains referring thunk at 2c562d08  
2026-08-27 02:23:11 DEBUG (InstructionError) Instruction conflict details at 2c571de0
  New Instruction: movwcs lr,#0x49d0
     LRset(01,01)        == 0x0
     TMode(00,00)        == 0x0
  Existing Instruction: ldrd r2,r3,[r0,#0x10]
     LRset(01,01)        == 0x0
     TMode(00,00)        == 0x1  
2026-08-27 02:23:11 DEBUG (InstructionError) Instruction conflict details at 2c576724
  New Instruction: ldcmi p5,cr11,[r2],#-0xc0
     LRset(01,01)        == 0x0
     TMode(00,00)        == 0x0
  Existing Instruction: push {r4,r5,lr}
     LRset(01,01)        == 0x0
     TMode(00,00)        == 0x1  
2026-08-27 02:23:11 DEBUG (InstructionError) Instruction conflict details at 2c578cc4
  New Instruction: eorcss r4,r12,#0x400000
     LRset(01,01)        == 0x0
     TMode(00,00)        == 0x0
  Existing Instruction: mov r4,r0
     LRset(01,01)        == 0x0
     TMode(00,00)        == 0x1  
2026-08-27 02:23:11 DEBUG (InstructionError) Instruction conflict details at 2c57a68c
  New Instruction: stcmi p0,cr11,[r8,#-0x214]
     LRset(01,01)        == 0x0
     TMode(00,00)        == 0x0
  Existing Instruction: sub sp,#0x14
     LRset(01,01)        == 0x0
     TMode(00,00)        == 0x1  
2026-08-27 02:23:11 DEBUG (InstructionError) Instruction conflict details at 2c57a688
  New Instruction: blmi 0x2c7a7b50
     LRset(01,01)        == 0x0
     TMode(00,00)        == 0x0
  Existing Instruction: push {r4,r5,lr}
     LRset(01,01)        == 0x0
     TMode(00,00)        == 0x1  
2026-08-27 02:23:11 DEBUG (InstructionError) Instruction conflict details at 2c57f8b4
  New Instruction: swimi 0xf0e92d
     LRset(01,01)        == 0x0
     TMode(00,00)        == 0x0
  Existing Instruction: push {r4,r5,r6,r7,r8,r9,r10,r11,lr}
     LRset(01,01)        == 0x0
     TMode(00,00)        == 0x1  
2026-08-27 02:23:11 DEBUG (InstructionError) Instruction conflict details at 2c580334
  New Instruction: movwcs lr,#0x49d0
     LRset(01,01)        == 0x0
     TMode(00,00)        == 0x0
  Existing Instruction: ldrd r2,r3,[r0,#0x10]
     LRset(01,01)        == 0x0
     TMode(00,00)        == 0x1  
2026-08-27 02:23:11 DEBUG (InstructionError) Instruction conflict details at 2c59ba28
  New Instruction: addlt r11,r2,r0, lsl r5
     LRset(01,01)        == 0x0
     TMode(00,00)        == 0x0
  Existing Instruction: push {r4,lr}
     LRset(01,01)        == 0x0
     TMode(00,00)        == 0x1  
2026-08-27 02:23:11 DEBUG (InstructionError) Instruction conflict details at 2c5a25f4
  New Instruction: ldrbmi r6,[r0,-r0,asr #0x1d]!
     LRset(01,01)        == 0x0
     TMode(00,00)        == 0x0
  Existing Instruction: ldr r0,[r0,#0x6c]
     LRset(01,01)        == 0x0
     TMode(00,00)        == 0x1  
2026-08-27 02:23:11 DEBUG (InstructionError) Instruction conflict details at 2c5a6d5c
  New Instruction: ldmdavc r8,{r0,r8,r9,r11,lr}
     LRset(01,01)        == 0x0
     TMode(00,00)        == 0x0
  Existing Instruction: ldr r3,[0x2c5a6d64]
     LRset(01,01)        == 0x0
     TMode(00,00)        == 0x1  
2026-08-27 02:23:11 DEBUG (InstructionError) Instruction conflict details at 2c5a76e0
  New Instruction: mcrmi p5,0x1,r11,cr9,cr0,0x3
     LRset(01,01)        == 0x0
     TMode(00,00)        == 0x0
  Existing Instruction: push {r4,r5,r6,lr}
     LRset(01,01)        == 0x0
     TMode(00,00)        == 0x1  
2026-08-27 02:23:11 DEBUG (InstructionError) Instruction conflict details at 2c5aa218
  New Instruction: smlabtpl r0,sp,r9,lr
     LRset(01,01)        == 0x0
     TMode(00,00)        == 0x0
  Existing Instruction: strd r5,r1,[sp,#0x0]
     LRset(01,01)        == 0x0
     TMode(00,00)        == 0x1  
2026-08-27 02:23:11 DEBUG (InstructionError) Instruction conflict details at 2c5ae440
  New Instruction: swimi 0xf0e92d
     LRset(01,01)        == 0x0
     TMode(00,00)        == 0x0
  Existing Instruction: push {r4,r5,r6,r7,r8,r9,r10,r11,lr}
     LRset(01,01)        == 0x0
     TMode(00,00)        == 0x1  
2026-08-27 02:23:11 DEBUG (InstructionError) Instruction conflict details at 2c65f244
  New Instruction: ldrlt r4,[r0,#-0xb03]
     LRset(01,01)        == 0x0
     TMode(00,00)        == 0x0
  Existing Instruction: ldr r3,[0x2c65f254]
     LRset(01,01)        == 0x0
     TMode(00,00)        == 0x1  
2026-08-27 02:23:12 DEBUG (InstructionError) Instruction conflict details at 2c5c5b3c
  New Instruction: movwlt r6,#0xb803
     LRset(01,01)        == 0x0
     TMode(00,00)        == 0x0
  Existing Instruction: ldr r3,[r0,#0x0]
     LRset(01,01)        == 0x0
     TMode(00,00)        == 0x1  
2026-08-27 02:23:12 DEBUG (InstructionError) Instruction conflict details at 2c5c6a48
  New Instruction: eorvc pc,r6,r0, lsl #0xa
     LRset(01,01)        == 0x0
     TMode(00,00)        == 0x0
  Existing Instruction: add.w r0,r0,#0x298
     LRset(01,01)        == 0x0
     TMode(00,00)        == 0x1  
2026-08-27 02:23:12 DEBUG (InstructionError) Instruction conflict details at 2c5c6a60
  New Instruction: eorvcs pc,r6,r0, lsl #0xa
     LRset(01,01)        == 0x0
     TMode(00,00)        == 0x0
  Existing Instruction: add.w r0,r0,#0x2d8
     LRset(01,01)        == 0x0
     TMode(00,00)        == 0x1  
2026-08-27 02:23:12 DEBUG (InstructionError) Instruction conflict details at 2c5c6bac
  New Instruction: andcc r2,r8,r0, lsl #0x6
     LRset(01,01)        == 0x0
     TMode(00,00)        == 0x0
  Existing Instruction: movs r3,#0x0
     LRset(01,01)        == 0x0
     TMode(00,00)        == 0x1  
2026-08-27 02:23:12 DEBUG (InstructionError) Instruction conflict details at 2c5c6e8c
  New Instruction: ldrbmi r2,[r0,-r0]!
     LRset(01,01)        == 0x0
     TMode(00,00)        == 0x0
  Existing Instruction: movs r0,#0x0
     LRset(01,01)        == 0x0
     TMode(00,00)        == 0x1  
2026-08-27 02:23:12 DEBUG (InstructionError) Instruction conflict details at 2c5c7174
  New Instruction: eorvc pc,r6,r0, lsl #0xa
     LRset(01,01)        == 0x0
     TMode(00,00)        == 0x0
  Existing Instruction: add.w r0,r0,#0x298
     LRset(01,01)        == 0x0
     TMode(00,00)        == 0x1  
2026-08-27 02:23:12 DEBUG (InstructionError) Instruction conflict details at 2c5c9b84
  New Instruction: ldmdbvs r11,{r0,r1,r11,sp,lr}^
     LRset(01,01)        == 0x0
     TMode(00,00)        == 0x0
  Existing Instruction: ldr r3,[r0,#0x0]
     LRset(01,01)        == 0x0
     TMode(00,00)        == 0x1  
2026-08-27 02:23:12 DEBUG (InstructionError) Instruction conflict details at 2c5d63bc
  New Instruction: stmdavc r2,{r0,r1,r2,r8,r12,lr,pc}^
     LRset(01,01)        == 0x0
     TMode(00,00)        == 0x0
  Existing Instruction: bne 0x2c5d63ce
     LRset(01,01)        == 0x0
     TMode(00,00)        == 0x1  
2026-08-27 02:23:12 DEBUG (InstructionError) Instruction conflict details at 2c5d63b8
  New Instruction: blcs 0x2e4743cc
     LRset(01,01)        == 0x0
     TMode(00,00)        == 0x0
  Existing Instruction: ldrb r3,[r0,#0x0]
     LRset(01,01)        == 0x0
     TMode(00,00)        == 0x1  
2026-08-27 02:23:12 DEBUG (InstructionError) Instruction conflict details at 2c5d68ec
  New Instruction: cdplt p0,0xf,cr15,cr2,cr5,0x3
     LRset(01,01)        == 0x0
     TMode(00,00)        == 0x0
  Existing Instruction: b.w 0x2c63c6d4
     LRset(01,01)        == 0x0
     TMode(00,00)        == 0x1  
2026-08-27 02:23:12 DEBUG (InstructionError) Instruction conflict details at 2c5dccec
  New Instruction: stmdavs r1,{r4,r8,r10,r12,sp,pc}
     LRset(01,01)        == 0x0
     TMode(00,00)        == 0x0
  Existing Instruction: push {r4,lr}
     LRset(01,01)        == 0x0
     TMode(00,00)        == 0x1  
2026-08-27 02:23:12 DEBUG (InstructionError) Instruction conflict details at 2c5e4950
  New Instruction: ldmdavs r8,{r0,r8,r9,r11,lr}
     LRset(01,01)        == 0x0
     TMode(00,00)        == 0x0
  Existing Instruction: ldr r3,[0x2c5e4958]
     LRset(01,01)        == 0x0
     TMode(00,00)        == 0x1  
2026-08-27 02:23:12 DEBUG (InstructionError) Instruction conflict details at 2c5e689c
  New Instruction: ldcmi p5,cr11,[r3,#-0x3c0]
     LRset(01,01)        == 0x0
     TMode(00,00)        == 0x0
  Existing Instruction: push {r4,r5,r6,r7,lr}
     LRset(01,01)        == 0x0
     TMode(00,00)        == 0x1  
2026-08-27 02:23:12 DEBUG (InstructionError) Instruction conflict details at 2c5e70b0
  New Instruction: ldrlt r2,[r0,#-0xa03]!
     LRset(01,01)        == 0x0
     TMode(00,00)        == 0x0
  Existing Instruction: cmp r2,#0x3
     LRset(01,01)        == 0x0
     TMode(00,00)        == 0x1  
2026-08-27 02:23:12 DEBUG (InstructionError) Instruction conflict details at 2c5e8f4c
  New Instruction: strmi r2,[r3],-r0,lsl #0x4
     LRset(01,01)        == 0x0
     TMode(00,00)        == 0x0
  Existing Instruction: movs r2,#0x0
     LRset(01,01)        == 0x0
     TMode(00,00)        == 0x1  
2026-08-27 02:23:12 DEBUG (InstructionError) Instruction conflict details at 2c5ef8fc
  New Instruction: ldrbmi r7,[r0,-r0,asr #0x18]!
     LRset(01,01)        == 0x0
     TMode(00,00)        == 0x0
  Existing Instruction: ldrb r0,[r0,#0x11]
     LRset(01,01)        == 0x0
     TMode(00,00)        == 0x1  
2026-08-27 02:23:12 DEBUG (InstructionError) Instruction conflict details at 2c5ef9d8
  New Instruction: ldrbmi r7,[r0,-r0,lsl #0x18]!
     LRset(01,01)        == 0x0
     TMode(00,00)        == 0x0
  Existing Instruction: ldrb r0,[r0,#0x10]
     LRset(01,01)        == 0x0
     TMode(00,00)        == 0x1  
2026-08-27 02:23:12 DEBUG (InstructionError) Instruction conflict details at 2c5ef9f4
  New Instruction: ldmdblt r11!,{r0,r1,r7,r10,r11,r12,sp,lr}
     LRset(01,01)        == 0x0
     TMode(00,00)        == 0x0
  Existing Instruction: ldrb r3,[r0,#0x12]
     LRset(01,01)        == 0x0
     TMode(00,00)        == 0x1  
2026-08-27 02:23:12 DEBUG (InstructionError) Instruction conflict details at 2c5fdb14
  New Instruction: strmi r4,[r8],r1,lsl #0xd
     LRset(01,01)        == 0x0
     TMode(00,00)        == 0x0
  Existing Instruction: mov r9,r0
     LRset(01,01)        == 0x0
     TMode(00,00)        == 0x1  
2026-08-27 02:23:12 DEBUG (InstructionError) Instruction conflict details at 2c5fdb08
  New Instruction: mvnmis lr,#0xb4000
     LRset(01,01)        == 0x0
     TMode(00,00)        == 0x0
  Existing Instruction: push {r4,r5,r6,r7,r8,r9,lr}
     LRset(01,01)        == 0x0
     TMode(00,00)        == 0x1  
2026-08-27 02:23:12 DEBUG (InstructionError) Instruction conflict details at 2c5febfc
  New Instruction: stmdbmi r11,{r4,r8,r10,r12,sp,pc}
     LRset(01,01)        == 0x0
     TMode(00,00)        == 0x0
  Existing Instruction: push {r4,lr}
     LRset(01,01)        == 0x0
     TMode(00,00)        == 0x1  
2026-08-27 02:23:12 DEBUG (InstructionError) Instruction conflict details at 2c5ff5cc
  New Instruction: stmdavs r3,{r3,r7,r8,r12,sp,pc}
     LRset(01,01)        == 0x0
     TMode(00,00)        == 0x0
  Existing Instruction: cbz r0,0x2c5ff5f2
     LRset(01,01)        == 0x0
     TMode(00,00)        == 0x1  
2026-08-27 02:23:12 DEBUG (InstructionError) Instruction conflict details at 2c5ff608
  New Instruction: stmdavs r3,{r3,r4,r6,r8,r12,sp,pc}
     LRset(01,01)        == 0x0
     TMode(00,00)        == 0x0
  Existing Instruction: cbz r0,0x2c5ff622
     LRset(01,01)        == 0x0
     TMode(00,00)        == 0x1  
2026-08-27 02:23:12 DEBUG (InstructionError) Instruction conflict details at 2c5ff66c
  New Instruction: ldmdavs r8,{r0,r8,r9,r11,lr}
     LRset(01,01)        == 0x0
     TMode(00,00)        == 0x0
  Existing Instruction: ldr r3,[0x2c5ff674]
     LRset(01,01)        == 0x0
     TMode(00,00)        == 0x1  
2026-08-27 02:23:12 DEBUG (InstructionError) Instruction conflict details at 2c602428
  New Instruction: ldmdavs r11,{r0,r3,r8,r9,r11,lr}
     LRset(01,01)        == 0x0
     TMode(00,00)        == 0x0
  Existing Instruction: ldr r3,[0x2c602450]
     LRset(01,01)        == 0x0
     TMode(00,00)        == 0x1  
2026-08-27 02:23:12 DEBUG (InstructionError) Instruction conflict details at 2c60260c
  New Instruction: swilt 0x942b05
     LRset(01,01)        == 0x0
     TMode(00,00)        == 0x0
  Existing Instruction: cmp r3,#0x5
     LRset(01,01)        == 0x0
     TMode(00,00)        == 0x1  
2026-08-27 02:23:12 DEBUG (InstructionError) Instruction conflict details at 2c602608
  New Instruction: blcc 0x2cb20e1c
     LRset(01,01)        == 0x0
     TMode(00,00)        == 0x0
  Existing Instruction: ldrb r3,[r0,#0x8]
     LRset(01,01)        == 0x0
     TMode(00,00)        == 0x1  
2026-08-27 02:23:12 DEBUG (InstructionError) Instruction conflict details at 2c60265c
  New Instruction: mvnmis lr,sp, lsr #0x12
     LRset(01,01)        == 0x0
     TMode(00,00)        == 0x0
  Existing Instruction: push {r4,r5,r6,r7,r8,lr}
     LRset(01,01)        == 0x0
     TMode(00,00)        == 0x1  
2026-08-27 02:23:12 DEBUG (InstructionError) Instruction conflict details at 2c602bc4
  New Instruction: blmi 0x2c6ef04c
     LRset(01,01)        == 0x0
     TMode(00,00)        == 0x0
  Existing Instruction: cbz r0,0x2c602bd0
     LRset(01,01)        == 0x0
     TMode(00,00)        == 0x1  
2026-08-27 02:23:12 DEBUG (InstructionError) Instruction conflict details at 2c602d28
  New Instruction: stmdami r10,{r4,r8,r10,r12,sp,pc}
     LRset(01,01)        == 0x0
     TMode(00,00)        == 0x0
  Existing Instruction: push {r4,lr}
     LRset(01,01)        == 0x0
     TMode(00,00)        == 0x1  
2026-08-27 02:23:12 DEBUG (InstructionError) Instruction conflict details at 2c602de4
  New Instruction: ldmdavs r8,{r0,r8,r9,r11,lr}
     LRset(01,01)        == 0x0
     TMode(00,00)        == 0x0
  Existing Instruction: ldr r3,[0x2c602dec]
     LRset(01,01)        == 0x0
     TMode(00,00)        == 0x1  
2026-08-27 02:23:12 DEBUG (InstructionError) Instruction conflict details at 2c6033a8
  New Instruction: andvcs r4,r8,r1, lsl #0x16
     LRset(01,01)        == 0x0
     TMode(00,00)        == 0x0
  Existing Instruction: ldr r3,[0x2c6033b0]
     LRset(01,01)        == 0x0
     TMode(00,00)        == 0x1  
2026-08-27 02:23:12 DEBUG (InstructionError) Instruction conflict details at 2c606ca0
  New Instruction: ldrmi r4,[r3],-r12,lsl #0xd
     LRset(01,01)        == 0x0
     TMode(00,00)        == 0x0
  Existing Instruction: mov r12,r1
     LRset(01,01)        == 0x0
     TMode(00,00)        == 0x1  
2026-08-27 02:23:12 DEBUG (InstructionError) Instruction conflict details at 2c617e20
  New Instruction: mvnmis lr,sp, lsr #0x12
     LRset(01,01)        == 0x0
     TMode(00,00)        == 0x0
  Existing Instruction: push {r4,r5,r6,r7,r8,lr}
     LRset(01,01)        == 0x0
     TMode(00,00)        == 0x1  
2026-08-27 02:23:12 DEBUG (InstructionError) Instruction conflict details at 2c617ef0
  New Instruction: addne pc,r10,r0, lsl #0x11
     LRset(01,01)        == 0x0
     TMode(00,00)        == 0x0
  Existing Instruction: strb.w r1,[r0,#0x8a]
     LRset(01,01)        == 0x0
     TMode(00,00)        == 0x1  
2026-08-27 02:23:12 DEBUG (InstructionError) Instruction conflict details at 2c62107c
  New Instruction: ldrbmi r6,[r0,-r0,asr #0x11]!
     LRset(01,01)        == 0x0
     TMode(00,00)        == 0x0
  Existing Instruction: ldr r0,[r0,#0xc]
     LRset(01,01)        == 0x0
     TMode(00,00)        == 0x1  
2026-08-27 02:23:12 DEBUG (InstructionError) Instruction conflict details at 2c5fa264
  New Instruction: stmdage r4,{r0,r6,r9,r10,lr}
     LRset(01,01)        == 0x0
     TMode(00,00)        == 0x0
  Existing Instruction: mov r1,r8
     LRset(01,01)        == 0x0
     TMode(00,00)        == 0x1  
2026-08-27 02:23:12 DEBUG (InstructionError) Instruction conflict details at 2c5fa264
  New Instruction: stmdage r4,{r0,r6,r9,r10,lr}
     LRset(01,01)        == 0x0
     TMode(00,00)        == 0x0
  Existing Instruction: mov r1,r8
     LRset(01,01)        == 0x0
     TMode(00,00)        == 0x1  
2026-08-27 02:23:12 DEBUG (InstructionError) Instruction conflict details at 2c622564
  New Instruction: mvnmis lr,#0xb4000
     LRset(01,01)        == 0x0
     TMode(00,00)        == 0x0
  Existing Instruction: push {r4,r5,r6,r7,r8,r9,lr}
     LRset(01,01)        == 0x0
     TMode(00,00)        == 0x1  
2026-08-27 02:23:12 DEBUG (InstructionError) Instruction conflict details at 2c629c30
  New Instruction: strmi r11,[r4],-r4,lsl #0x1
     LRset(01,01)        == 0x0
     TMode(00,00)        == 0x0
  Existing Instruction: sub sp,#0x10
     LRset(01,01)        == 0x0
     TMode(00,00)        == 0x1  
2026-08-27 02:23:12 DEBUG (InstructionError) Instruction conflict details at 2c629c2c
  New Instruction: blmi 0x2d2d71f4
     LRset(01,01)        == 0x0
     TMode(00,00)        == 0x0
  Existing Instruction: push {r4,r5,r6,lr}
     LRset(01,01)        == 0x0
     TMode(00,00)        == 0x1  
2026-08-27 02:23:12 DEBUG (InstructionError) Instruction conflict details at 2c62a470
  New Instruction: ldmdavs r8,{r0,r8,r9,r11,lr}
     LRset(01,01)        == 0x0
     TMode(00,00)        == 0x0
  Existing Instruction: ldr r3,[0x2c62a478]
     LRset(01,01)        == 0x0
     TMode(00,00)        == 0x1  
2026-08-27 02:23:12 DEBUG (InstructionError) Instruction conflict details at 2c62a640
  New Instruction: stmdahi r3,{r0,r8,r11,r12,sp}^
     LRset(01,01)        == 0x0
     TMode(00,00)        == 0x0
  Existing Instruction: subs r1,#0x1
     LRset(01,01)        == 0x0
     TMode(00,00)        == 0x1  
2026-08-27 02:23:12 DEBUG (InstructionError) Instruction conflict details at 2c62be88
  New Instruction: stmdami r2,{r3,r8,r11,r12,sp,pc}
     LRset(01,01)        == 0x0
     TMode(00,00)        == 0x0
  Existing Instruction: cbnz r0,0x2c62be8e
     LRset(01,01)        == 0x0
     TMode(00,00)        == 0x1  
2026-08-27 02:23:12 DEBUG (InstructionError) Instruction conflict details at 2c62c850
  New Instruction: blls 0x2ac068c0
     LRset(01,01)        == 0x0
     TMode(00,00)        == 0x0
  Existing Instruction: ldr r2,[r3,#0x0]
     LRset(01,01)        == 0x0
     TMode(00,00)        == 0x1  
2026-08-27 02:23:12 DEBUG (InstructionError) Instruction conflict details at 2c62c82c
  New Instruction: swimi 0xf0e92d
     LRset(01,01)        == 0x0
     TMode(00,00)        == 0x0
  Existing Instruction: push {r4,r5,r6,r7,r8,r9,r10,r11,lr}
     LRset(01,01)        == 0x0
     TMode(00,00)        == 0x1  
2026-08-27 02:23:12 DEBUG (InstructionError) Instruction conflict details at 2c632620
  New Instruction: ldrbmi r8,[r0,-r0,asr #0x1d]!
     LRset(01,01)        == 0x0
     TMode(00,00)        == 0x0
  Existing Instruction: ldrh r0,[r0,#0x36]
     LRset(01,01)        == 0x0
     TMode(00,00)        == 0x1  
2026-08-27 02:23:12 DEBUG (InstructionError) Instruction conflict details at 2c63d1d8
  New Instruction: ldmdale r8,{r2,r3,r6,r7,r11,sp}
     LRset(01,01)        == 0x0
     TMode(00,00)        == 0x0
  Existing Instruction: cmp r0,#0xcc
     LRset(01,01)        == 0x0
     TMode(00,00)        == 0x1  
2026-08-27 02:23:12 DEBUG (InstructionError) Instruction conflict details at 2c63e8a0
  New Instruction: stmdb sp!,{r0,r2,r3,r4,r11,sp}
     LRset(01,01)        == 0x0
     TMode(00,00)        == 0x0
  Existing Instruction: cmp r0,#0x1d
     LRset(01,01)        == 0x0
     TMode(00,00)        == 0x1  
2026-08-27 02:23:12 DEBUG (InstructionError) Instruction conflict details at 2c6431bc
  New Instruction: blmi 0x2d9ef418
     LRset(01,01)        == 0x0
     TMode(00,00)        == 0x0
  Existing Instruction: sub sp,#0x54
     LRset(01,01)        == 0x0
     TMode(00,00)        == 0x1  
2026-08-27 02:23:12 DEBUG (InstructionError) Instruction conflict details at 2c643a20
  New Instruction: strls r4,[r0],#-0xa08
     LRset(01,01)        == 0x0
     TMode(00,00)        == 0x0
  Existing Instruction: ldr r2,[0x2c643a44]
     LRset(01,01)        == 0x0
     TMode(00,00)        == 0x1  
2026-08-27 02:23:12 DEBUG (InstructionError) Instruction conflict details at 2c643a10
  New Instruction: swilt 0x4770
     LRset(01,01)        == 0x0
     TMode(00,00)        == 0x0
  Existing Instruction: bx lr
     LRset(01,01)        == 0x0
     TMode(00,00)        == 0x1  
2026-08-27 02:23:12 DEBUG (InstructionError) Instruction conflict details at 2c643a54
  New Instruction: swilt 0x4770
     LRset(01,01)        == 0x0
     TMode(00,00)        == 0x0
  Existing Instruction: bx lr
     LRset(01,01)        == 0x0
     TMode(00,00)        == 0x1  
2026-08-27 02:23:12 DEBUG (InstructionError) Instruction conflict details at 2c643a60
  New Instruction: swilt 0x4770
     LRset(01,01)        == 0x0
     TMode(00,00)        == 0x0
  Existing Instruction: bx lr
     LRset(01,01)        == 0x0
     TMode(00,00)        == 0x1  
2026-08-27 02:23:12 DEBUG (InstructionError) Instruction conflict details at 2c643a7c
  New Instruction: swilt 0x4770
     LRset(01,01)        == 0x0
     TMode(00,00)        == 0x0
  Existing Instruction: bx lr
     LRset(01,01)        == 0x0
     TMode(00,00)        == 0x1  
2026-08-27 02:23:12 DEBUG (InstructionError) Instruction conflict details at 2c643a9c
  New Instruction: swilt 0x4770
     LRset(01,01)        == 0x0
     TMode(00,00)        == 0x0
  Existing Instruction: bx lr
     LRset(01,01)        == 0x0
     TMode(00,00)        == 0x1  
2026-08-27 02:23:12 DEBUG (InstructionError) Instruction conflict details at 2c643ab0
  New Instruction: swilt 0x4770
     LRset(01,01)        == 0x0
     TMode(00,00)        == 0x0
  Existing Instruction: bx lr
     LRset(01,01)        == 0x0
     TMode(00,00)        == 0x1  
2026-08-27 02:23:12 DEBUG (InstructionError) Instruction conflict details at 2c643ac8
  New Instruction: swilt 0x4770
     LRset(01,01)        == 0x0
     TMode(00,00)        == 0x0
  Existing Instruction: bx lr
     LRset(01,01)        == 0x0
     TMode(00,00)        == 0x1  
2026-08-27 02:23:12 DEBUG (InstructionError) Instruction conflict details at 2c643ae0
  New Instruction: swilt 0x4770
     LRset(01,01)        == 0x0
     TMode(00,00)        == 0x0
  Existing Instruction: bx lr
     LRset(01,01)        == 0x0
     TMode(00,00)        == 0x1  
2026-08-27 02:23:12 DEBUG (InstructionError) Instruction conflict details at 2c643ae8
  New Instruction: swilt 0x4770
     LRset(01,01)        == 0x0
     TMode(00,00)        == 0x0
  Existing Instruction: bx lr
     LRset(01,01)        == 0x0
     TMode(00,00)        == 0x1  
2026-08-27 02:23:12 DEBUG (InstructionError) Instruction conflict details at 2c643af0
  New Instruction: swilt 0x4770
     LRset(01,01)        == 0x0
     TMode(00,00)        == 0x0
  Existing Instruction: bx lr
     LRset(01,01)        == 0x0
     TMode(00,00)        == 0x1  
2026-08-27 02:23:12 DEBUG (InstructionError) Instruction conflict details at 2c643afc
  New Instruction: swilt 0x4770
     LRset(01,01)        == 0x0
     TMode(00,00)        == 0x0
  Existing Instruction: bx lr
     LRset(01,01)        == 0x0
     TMode(00,00)        == 0x1  
2026-08-27 02:23:12 DEBUG (InstructionError) Instruction conflict details at 2c643b08
  New Instruction: swilt 0x4770
     LRset(01,01)        == 0x0
     TMode(00,00)        == 0x0
  Existing Instruction: bx lr
     LRset(01,01)        == 0x0
     TMode(00,00)        == 0x1  
2026-08-27 02:23:12 DEBUG (InstructionError) Instruction conflict details at 2c643b18
  New Instruction: swilt 0x4770
     LRset(01,01)        == 0x0
     TMode(00,00)        == 0x0
  Existing Instruction: bx lr
     LRset(01,01)        == 0x0
     TMode(00,00)        == 0x1  
2026-08-27 02:23:12 DEBUG (InstructionError) Instruction conflict details at 2c643b2c
  New Instruction: swilt 0x4770
     LRset(01,01)        == 0x0
     TMode(00,00)        == 0x0
  Existing Instruction: bx lr
     LRset(01,01)        == 0x0
     TMode(00,00)        == 0x1  
2026-08-27 02:23:12 DEBUG (InstructionError) Instruction conflict details at 2c643b3c
  New Instruction: swilt 0x4770
     LRset(01,01)        == 0x0
     TMode(00,00)        == 0x0
  Existing Instruction: bx lr
     LRset(01,01)        == 0x0
     TMode(00,00)        == 0x1  
2026-08-27 02:23:12 DEBUG (InstructionError) Instruction conflict details at 2c643b48
  New Instruction: swilt 0x4770
     LRset(01,01)        == 0x0
     TMode(00,00)        == 0x0
  Existing Instruction: bx lr
     LRset(01,01)        == 0x0
     TMode(00,00)        == 0x1  
2026-08-27 02:23:12 DEBUG (InstructionError) Instruction conflict details at 2c643b70
  New Instruction: swilt 0x4770
     LRset(01,01)        == 0x0
     TMode(00,00)        == 0x0
  Existing Instruction: bx lr
     LRset(01,01)        == 0x0
     TMode(00,00)        == 0x1  
2026-08-27 02:23:12 DEBUG (InstructionError) Instruction conflict details at 2c643bc0
  New Instruction: swilt 0x4770
     LRset(01,01)        == 0x0
     TMode(00,00)        == 0x0
  Existing Instruction: bx lr
     LRset(01,01)        == 0x0
     TMode(00,00)        == 0x1  
2026-08-27 02:23:12 DEBUG (InstructionError) Instruction conflict details at 2c643bd8
  New Instruction: swilt 0x4770
     LRset(01,01)        == 0x0
     TMode(00,00)        == 0x0
  Existing Instruction: bx lr
     LRset(01,01)        == 0x0
     TMode(00,00)        == 0x1  
2026-08-27 02:23:12 DEBUG (InstructionError) Instruction conflict details at 2c643be8
  New Instruction: swilt 0x4770
     LRset(01,01)        == 0x0
     TMode(00,00)        == 0x0
  Existing Instruction: bx lr
     LRset(01,01)        == 0x0
     TMode(00,00)        == 0x1  
2026-08-27 02:23:12 DEBUG (InstructionError) Instruction conflict details at 2c648328
  New Instruction: ldmdavs r8,{r0,r8,r9,r11,lr}
     LRset(01,01)        == 0x0
     TMode(00,00)        == 0x0
  Existing Instruction: ldr r3,[0x2c648330]
     LRset(01,01)        == 0x0
     TMode(00,00)        == 0x1  
2026-08-27 02:23:12 DEBUG (InstructionError) Instruction conflict details at 2c64c9c4
  New Instruction: strmi r4,[r1],-r11,lsl #0xc
     LRset(01,01)        == 0x0
     TMode(00,00)        == 0x0
  Existing Instruction: mov r3,r1
     LRset(01,01)        == 0x0
     TMode(00,00)        == 0x1  
2026-08-27 02:23:12 DEBUG (InstructionError) Instruction conflict details at 2c64ce2c
  New Instruction: stmdavs r3,{r3,r4,r5,r8,r10,r12,sp,pc}^
     LRset(01,01)        == 0x0
     TMode(00,00)        == 0x0
  Existing Instruction: push {r3,r4,r5,lr}
     LRset(01,01)        == 0x0
     TMode(00,00)        == 0x1  
2026-08-27 02:23:12 DEBUG (InstructionError) Instruction conflict details at 2c6565e0
  New Instruction: stmdavs r3,{r5,r6,r8,r9,r10,lr}
     LRset(01,01)        == 0x0
     TMode(00,00)        == 0x0
  Existing Instruction: bx r12
     LRset(01,01)        == 0x0
     TMode(00,00)        == 0x1  
2026-08-27 02:23:12 DEBUG (InstructionError) Instruction conflict details at 2c6565d4
  New Instruction: stmdavs r4,{r4,r10,r12,sp,pc}
     LRset(01,01)        == 0x0
     TMode(00,00)        == 0x0
  Existing Instruction: push {r4}
     LRset(01,01)        == 0x0
     TMode(00,00)        == 0x1  
2026-08-27 02:23:12 DEBUG (InstructionError) Instruction conflict details at 2c65f2bc
  New Instruction: ldrlt r4,[r0,#-0xb03]
     LRset(01,01)        == 0x0
     TMode(00,00)        == 0x0
  Existing Instruction: ldr r3,[0x2c65f2cc]
     LRset(01,01)        == 0x0
     TMode(00,00)        == 0x1  
2026-08-27 02:23:12 DEBUG (InstructionError) Instruction conflict details at 2c667bf8
  New Instruction: cdp p0,0x2,cr13,cr0,cr1,0x3
     LRset(01,01)        == 0x0
     TMode(00,00)        == 0x0
  Existing Instruction: beq 0x2c667cbe
     LRset(01,01)        == 0x0
     TMode(00,00)        == 0x1  
2026-08-27 02:23:12 DEBUG (InstructionError) Instruction conflict details at 2c667be0
  New Instruction: bcc 0x2aaa3428
     LRset(01,01)        == 0x0
     TMode(00,00)        == 0x0
  Existing Instruction: vmov r3,s1
     LRset(01,01)        == 0x0
     TMode(00,00)        == 0x1  
2026-08-27 02:23:12 DEBUG (InstructionError) Instruction conflict details at 2c66ae44
  New Instruction: blcc 0x2c7a8f50
     LRset(01,01)        == 0x0
     TMode(00,00)        == 0x0
  Existing Instruction: str.w r3,[r1],#0x4
     LRset(01,01)        == 0x0
     TMode(00,00)        == 0x1  
2026-08-27 02:23:12 DEBUG (InstructionError) Instruction conflict details at 2c66ae30
  New Instruction: ldrlt r2,[r0,#-0xb02]
     LRset(01,01)        == 0x0
     TMode(00,00)        == 0x0
  Existing Instruction: cmp r3,#0x2
     LRset(01,01)        == 0x0
     TMode(00,00)        == 0x1  
2026-08-27 02:23:12 DEBUG (InstructionError) Instruction conflict details at 2c670680
  New Instruction: ldrbmi r4,[r0,-r0,lsl #0x10]!
     LRset(01,01)        == 0x0
     TMode(00,00)        == 0x0
  Existing Instruction: ldr r0,[0x2c670684]
     LRset(01,01)        == 0x0
     TMode(00,00)        == 0x1  
2026-08-27 02:23:12 INFO  (GhidraScript) LvglThread.java> == 0. forced function creation from BL targets ==  
2026-08-27 02:23:12 INFO  (GhidraScript) LvglThread.java>   created=3961 already=5165 failed=2857  
2026-08-27 02:23:12 INFO  (GhidraScript) LvglThread.java>   
2026-08-27 02:23:12 INFO  (GhidraScript) LvglThread.java> == program ==  
2026-08-27 02:23:12 INFO  (GhidraScript) LvglThread.java>   imageBase = 00000000  
2026-08-27 02:23:12 INFO  (GhidraScript) LvglThread.java>   minAddr   = 2c000000  
2026-08-27 02:23:12 INFO  (GhidraScript) LvglThread.java>   maxAddr   = 2c6753fb  
2026-08-27 02:23:12 INFO  (GhidraScript) LvglThread.java>   language  = ARM:LE:32:v8-m  
2026-08-27 02:23:12 INFO  (GhidraScript) LvglThread.java>   functions = 9738  
2026-08-27 02:23:12 INFO  (GhidraScript) LvglThread.java>   
2026-08-27 02:23:12 INFO  (GhidraScript) LvglThread.java> == A. control 0x2C499270 (jbd4010_display, known-good VA) ==  
2026-08-27 02:23:12 INFO  (GhidraScript) LvglThread.java>   CONTROL-MISS: no function contains 0x2C499270  
2026-08-27 02:23:12 INFO  (GhidraScript) LvglThread.java>   
2026-08-27 02:23:12 INFO  (GhidraScript) LvglThread.java> == B. LVGL core link band ==  
2026-08-27 02:23:12 INFO  (GhidraScript) LvglThread.java>   wrapper 0x2c606ce8 -> 2c606ce8  
2026-08-27 02:23:12 INFO  (GhidraScript) LvglThread.java>   wrapper 0x2c606cf4 -> 2c606cf4  
2026-08-27 02:23:12 INFO  (GhidraScript) LvglThread.java>   wrapper 0x2c606f34 -> 2c606f34  
2026-08-27 02:23:12 INFO  (GhidraScript) LvglThread.java>   wrapper 0x2c606fa8 -> 2c606fa8  
2026-08-27 02:23:12 INFO  (GhidraScript) LvglThread.java>   wrapper 0x2c606ff8 -> 2c606ff8  
2026-08-27 02:23:12 INFO  (GhidraScript) LvglThread.java>   wrapper 0x2c607048 -> 2c607048  
2026-08-27 02:23:12 INFO  (GhidraScript) LvglThread.java>   wrapper 0x2c6070bc -> 2c6070bc  
2026-08-27 02:23:12 INFO  (GhidraScript) LvglThread.java>   wrapper 0x2c60710c -> 2c60710c  
2026-08-27 02:23:12 INFO  (GhidraScript) LvglThread.java>   wrapper 0x2c6072b4 -> 2c6072b4  
2026-08-27 02:23:12 INFO  (GhidraScript) LvglThread.java>   wrapper 0x2c6072bc -> 2c6072bc  
2026-08-27 02:23:12 INFO  (GhidraScript) LvglThread.java>   wrapper 0x2c62b030 -> 2c62b030  
2026-08-27 02:23:12 INFO  (GhidraScript) LvglThread.java>   wrapper 0x2c62c6a0 -> 2c62c6a0  
2026-08-27 02:23:12 INFO  (GhidraScript) LvglThread.java>   wrapper 0x2c62c6b0 -> 2c62c6b0  
2026-08-27 02:23:12 INFO  (GhidraScript) LvglThread.java>   wrapper 0x2c62c730 -> 2c62c730  
2026-08-27 02:23:12 INFO  (GhidraScript) LvglThread.java>   wrapper 0x2c62c770 -> 2c62c770  
2026-08-27 02:23:12 INFO  (GhidraScript) LvglThread.java>   wrapper 0x2c62c7e8 -> 2c62c7e8  
2026-08-27 02:23:12 INFO  (GhidraScript) LvglThread.java>   wrapper span 0x2c606ce8 .. 0x2c62c7e8  
2026-08-27 02:23:12 INFO  (GhidraScript) LvglThread.java>   
2026-08-27 02:23:12 INFO  (GhidraScript) LvglThread.java> == C. never-returning functions with a back edge (while(1) bodies) ==  
2026-08-27 02:23:12 INFO  (GhidraScript) LvglThread.java>   count = 114  
2026-08-27 02:23:12 INFO  (GhidraScript) LvglThread.java>   0x2c00647c size=702   callers=4   band=no  callees=0x2c013c4c  
2026-08-27 02:23:12 INFO  (GhidraScript) LvglThread.java>   0x2c00b384 size=42    callers=1   band=no  callees=0x2c007708 0x2c008498 0x2c008af4 0x2c008b54 0x2c00aebc 0x2c00b36c 0x2c013870  
2026-08-27 02:23:12 INFO  (GhidraScript) LvglThread.java>   0x2c00c094 size=420   callers=1   band=no  callees=0x2c009b20 0x2c00abe4 0x2c00aebc 0x2c00b160 0x2c00b1ac 0x2c00b250 0x2c00b36c 0x2c00b384 0x2c00b428 0x2c00b47c 0x2c00b4d4 0x2c00bc5c 0x2c00bccc 0x2c00be0c 0x2c00bf74 ...  
2026-08-27 02:23:12 INFO  (GhidraScript) LvglThread.java>   0x2c019ef4 size=186   callers=1   band=no  callees=  
2026-08-27 02:23:12 INFO  (GhidraScript) LvglThread.java>   0x2c01b404 size=2018  callers=1   band=no  callees=  
2026-08-27 02:23:12 INFO  (GhidraScript) LvglThread.java>   0x2c0217b8 size=2230  callers=1   band=no  callees=  
2026-08-27 02:23:12 INFO  (GhidraScript) LvglThread.java>   0x2c02381c size=458   callers=1   band=no  callees=  
2026-08-27 02:23:12 INFO  (GhidraScript) LvglThread.java>   0x2c0239f0 size=542   callers=0   band=no  callees=  
2026-08-27 02:23:12 INFO  (GhidraScript) LvglThread.java>   0x2c1361a4 size=404   callers=1   band=no  callees=0x2c134260 0x2c134f0c 0x2c13529c 0x2c1352b4 0x2c1353a0 0x2c135420 0x2c135458 0x2c135590 0x2c1355b4 0x2c135620 0x2c135678 0x2c135da4 0x2c135e14 0x2c135f50 0x2c13608c ...  
2026-08-27 02:23:12 INFO  (GhidraScript) LvglThread.java>   0x2c1363b4 size=1790  callers=0   band=no  callees=0x2c134f0c 0x2c13529c 0x2c1352b4 0x2c1353a0 0x2c135420 0x2c135458 0x2c135590 0x2c1355b4 0x2c135620 0x2c135678 0x2c135da4 0x2c135e14 0x2c135f50 0x2c13608c 0x2c13635c ...  
2026-08-27 02:23:12 INFO  (GhidraScript) LvglThread.java>   0x2c142474 size=36    callers=0   band=no  callees=  
2026-08-27 02:23:12 INFO  (GhidraScript) LvglThread.java>   0x2c2d48d4 size=80    callers=0   band=no  callees=  
2026-08-27 02:23:12 INFO  (GhidraScript) LvglThread.java>   0x2c2d5b90 size=56    callers=0   band=no  callees=  
2026-08-27 02:23:12 INFO  (GhidraScript) LvglThread.java>   0x2c46a680 size=1906  callers=1   band=no  callees=0x2c46a598 0x2c46a5bc 0x2c46bc5c 0x2c46c508 0x2c46c5e8 0x2c46c72c 0x2c46c768 0x2c46c8d8 0x2c669494 0x2c669588 0x2c66b60a 0x2c66b660 0x2c66c4fc 0x2c66c540 0x2c674668 ...  
2026-08-27 02:23:12 INFO  (GhidraScript) LvglThread.java>   0x2c47f118 size=102   callers=1   band=no  callees=  
2026-08-27 02:23:12 INFO  (GhidraScript) LvglThread.java>   0x2c48d3f2 size=324   callers=0   band=no  callees=0x2c48d300  
2026-08-27 02:23:12 INFO  (GhidraScript) LvglThread.java>   0x2c48e3e8 size=62    callers=46  band=no  callees=0x2c674268  
2026-08-27 02:23:12 INFO  (GhidraScript) LvglThread.java>   0x2c49fb3a size=272   callers=0   band=no  callees=  
2026-08-27 02:23:12 INFO  (GhidraScript) LvglThread.java>   0x2c4a7ba0 size=354   callers=0   band=no  callees=  
2026-08-27 02:23:12 INFO  (GhidraScript) LvglThread.java>   0x2c4ac670 size=122   callers=2   band=no  callees=0x2c4ac5f0 0x2c6444fc  
2026-08-27 02:23:12 INFO  (GhidraScript) LvglThread.java>   0x2c4af5fa size=542   callers=0   band=no  callees=0x2c4add48 0x2c4ae004 0x2c4ae148 0x2c4ae20c  
2026-08-27 02:23:12 INFO  (GhidraScript) LvglThread.java>   0x2c4b6804 size=628   callers=1   band=no  callees=0x2c4b6d30 0x2c4b6dc8 0x2c4b6e64 0x2c4b6fc4 0x2c4b7018 0x2c4b706c 0x2c4b70c0 0x2c4b7178 0x2c4b71dc 0x2c4b723c 0x2c673d68  
2026-08-27 02:23:12 INFO  (GhidraScript) LvglThread.java>   0x2c4b754c size=106   callers=1   band=no  callees=  
2026-08-27 02:23:12 INFO  (GhidraScript) LvglThread.java>   0x2c4c75b2 size=634   callers=0   band=no  callees=0x2c4c6710 0x2c673b08 0x2c6741e8  
2026-08-27 02:23:12 INFO  (GhidraScript) LvglThread.java>   0x2c4ce4e0 size=568   callers=2   band=no  callees=0x2c4d74d4  
2026-08-27 02:23:12 INFO  (GhidraScript) LvglThread.java>   0x2c4cede0 size=876   callers=0   band=no  callees=0x2c4d74d4 0x2c4d7598 0x2c4d766c 0x2c4d768c 0x2c4d76a8  
2026-08-27 02:23:12 INFO  (GhidraScript) LvglThread.java>   0x2c4d04da size=314   callers=0   band=no  callees=0x2c4cca80 0x2c4d7080 0x2c674268  
2026-08-27 02:23:12 INFO  (GhidraScript) LvglThread.java>   0x2c4d4ada size=46    callers=0   band=no  callees=0x2c4d74d4  
2026-08-27 02:23:12 INFO  (GhidraScript) LvglThread.java>   0x2c4d4b5c size=1108  callers=3   band=no  callees=0x2c4d74d4  
2026-08-27 02:23:12 INFO  (GhidraScript) LvglThread.java>   0x2c4d6f58 size=104   callers=0   band=no  callees=0x2c4d74d4 0x2c4d7598  
2026-08-27 02:23:12 INFO  (GhidraScript) LvglThread.java>   0x2c4d7746 size=96    callers=0   band=no  callees=  
2026-08-27 02:23:12 INFO  (GhidraScript) LvglThread.java>   0x2c4d8848 size=2530  callers=1   band=no  callees=  
2026-08-27 02:23:12 INFO  (GhidraScript) LvglThread.java>   0x2c4d9604 size=296   callers=1   band=no  callees=0x2c4d954c 0x2c4d95b0 0x2c4da7c0  
2026-08-27 02:23:12 INFO  (GhidraScript) LvglThread.java>   0x2c4d972c size=208   callers=0   band=no  callees=0x2c4d9db4  
2026-08-27 02:23:12 INFO  (GhidraScript) LvglThread.java>   0x2c4da6b4 size=42    callers=0   band=no  callees=  
2026-08-27 02:23:12 INFO  (GhidraScript) LvglThread.java>   0x2c4da7c0 size=264   callers=1   band=no  callees=0x2c4d94e8  
2026-08-27 02:23:12 INFO  (GhidraScript) LvglThread.java>   0x2c4dad9a size=922   callers=0   band=no  callees=0x2c4d74d4 0x2c4d7598 0x2c4d766c 0x2c674268  
2026-08-27 02:23:12 INFO  (GhidraScript) LvglThread.java>   0x2c4e3bb4 size=44    callers=1   band=no  callees=0x2c4e3b34  
2026-08-27 02:23:12 INFO  (GhidraScript) LvglThread.java>   0x2c4e4ff0 size=414   callers=1   band=no  callees=0x2c6741e8  
2026-08-27 02:23:12 INFO  (GhidraScript) LvglThread.java>   0x2c4e51a4 size=1946  callers=1   band=no  callees=0x2c666230 0x2c666d78 0x2c6670a0 0x2c6741e8  
2026-08-27 02:23:12 INFO  (GhidraScript) LvglThread.java>   0x2c4f2d00 size=114   callers=2   band=no  callees=0x2c4f2d00  
2026-08-27 02:23:12 INFO  (GhidraScript) LvglThread.java>   0x2c4f384c size=672   callers=5   band=no  callees=0x2c4f1588 0x2c4f1b28 0x2c4f2ab8 0x2c4f2bfc 0x2c4f3220  
2026-08-27 02:23:12 INFO  (GhidraScript) LvglThread.java>   0x2c50f9b8 size=620   callers=8   band=YES callees=0x2c50f11c 0x2c6033b4 0x2c60747c 0x2c62c0d8 0x2c62ca10 0x2c62ca20 0x2c62e838  
2026-08-27 02:23:12 INFO  (GhidraScript) LvglThread.java>   0x2c514bec size=184   callers=3   band=no  callees=0x2c511f90 0x2c512360 0x2c5125b8 0x2c5167a4 0x2c5167fc 0x2c51681c  
2026-08-27 02:23:12 INFO  (GhidraScript) LvglThread.java>   0x2c516126 size=98    callers=0   band=no  callees=0x2c5115bc 0x2c5115c0 0x2c516324 0x2c5166cc 0x2c62c82c  
2026-08-27 02:23:12 INFO  (GhidraScript) LvglThread.java>   0x2c51e44c size=86    callers=0   band=no  callees=0x2c62c82c  
2026-08-27 02:23:12 INFO  (GhidraScript) LvglThread.java>   0x2c52e9c0 size=76    callers=0   band=no  callees=0x2c472680  
2026-08-27 02:23:12 INFO  (GhidraScript) LvglThread.java>   0x2c530e58 size=144   callers=0   band=no  callees=0x2c47245c 0x2c48dea0 0x2c48e3b8 0x2c5315e0 0x2c5321c4  
2026-08-27 02:23:12 INFO  (GhidraScript) LvglThread.java>   0x2c53129c size=732   callers=0   band=no  callees=0x2c47245c 0x2c472680 0x2c530f1c 0x2c53159c 0x2c62c82c 0x2c674668  
2026-08-27 02:23:12 INFO  (GhidraScript) LvglThread.java>   0x2c5385f4 size=64    callers=1   band=no  callees=0x2c5361c4 0x2c64c9c4 0x2c64c9d6 0x2c64c9ee  
2026-08-27 02:23:12 INFO  (GhidraScript) LvglThread.java>   0x2c5512b8 size=386   callers=0   band=no  callees=0x2c47245c 0x2c54f538 0x2c674668  
2026-08-27 02:23:12 INFO  (GhidraScript) LvglThread.java>   0x2c5518bc size=608   callers=0   band=no  callees=  
2026-08-27 02:23:12 INFO  (GhidraScript) LvglThread.java>   0x2c557a0e size=74    callers=0   band=no  callees=  
2026-08-27 02:23:12 INFO  (GhidraScript) LvglThread.java>   0x2c55a1a0 size=654   callers=4   band=no  callees=0x2c47245c 0x2c472680 0x2c541e5c 0x2c557fc0 0x2c5580bc 0x2c5581ac 0x2c558840 0x2c64cdb4  
2026-08-27 02:23:12 INFO  (GhidraScript) LvglThread.java>   0x2c55a42e size=4272  callers=0   band=no  callees=0x2c4723c4 0x2c47245c 0x2c472680 0x2c541e5c 0x2c557f50 0x2c557fc0 0x2c5580bc 0x2c5581ac 0x2c558840 0x2c64cdb4 0x2c674668  
2026-08-27 02:23:12 INFO  (GhidraScript) LvglThread.java>   0x2c569308 size=66    callers=1   band=no  callees=0x2c63df78 0x2c64c9c4 0x2c64c9d6 0x2c64c9ee  
2026-08-27 02:23:12 INFO  (GhidraScript) LvglThread.java>   0x2c569360 size=66    callers=1   band=no  callees=0x2c63e030 0x2c64c9c4 0x2c64c9d6 0x2c64c9ee  
2026-08-27 02:23:12 INFO  (GhidraScript) LvglThread.java>   0x2c56ca64 size=146   callers=1   band=no  callees=0x2c472680 0x2c6043d8 0x2c64c9d2  
2026-08-27 02:23:12 INFO  (GhidraScript) LvglThread.java>   0x2c56ce26 size=140   callers=0   band=no  callees=0x2c673eb8 0x2c674668  
2026-08-27 02:23:12 INFO  (GhidraScript) LvglThread.java>   0x2c576d04 size=196   callers=0   band=no  callees=0x2c472680 0x2c52f5f4 0x2c576ad0  
2026-08-27 02:23:12 INFO  (GhidraScript) LvglThread.java>   0x2c57e4f8 size=118   callers=0   band=no  callees=0x2c4723c4 0x2c47245c 0x2c57e018  
2026-08-27 02:23:12 INFO  (GhidraScript) LvglThread.java>   0x2c584c58 size=214   callers=0   band=no  callees=0x2c472680 0x2c58c558 0x2c58c608 0x2c58c9d8 0x2c64c9c4 0x2c64c9d6 0x2c64c9ee  
2026-08-27 02:23:12 INFO  (GhidraScript) LvglThread.java>   0x2c591218 size=466   callers=0   band=no  callees=0x2c472680 0x2c556ca0 0x2c58d598 0x2c58d6c0 0x2c58e14c 0x2c590f14 0x2c62c82c 0x2c66b624 0x2c674668  
2026-08-27 02:23:12 INFO  (GhidraScript) LvglThread.java>   0x2c5924cc size=178   callers=0   band=no  callees=0x2c5942ec 0x2c59431c 0x2c594324 0x2c5949f4 0x2c64c9c4 0x2c64c9d6 0x2c64c9ee  
2026-08-27 02:23:12 INFO  (GhidraScript) LvglThread.java>   0x2c5924fc size=114   callers=0   band=no  callees=0x2c58df6c 0x2c58e9f8 0x2c62c82c  
2026-08-27 02:23:12 INFO  (GhidraScript) LvglThread.java>   0x2c5925f8 size=78    callers=0   band=no  callees=0x2c62c82c  
2026-08-27 02:23:12 INFO  (GhidraScript) LvglThread.java>   0x2c592b00 size=1076  callers=1   band=no  callees=0x2c4723c4 0x2c47245c 0x2c472680 0x2c52f5f4 0x2c543d78 0x2c5561f0 0x2c58c9d8 0x2c58df6c 0x2c58e644 0x2c591d68 0x2c591dd8 0x2c591ec8 0x2c66c4ec 0x2c674268 0x2c674668 ...  
2026-08-27 02:23:12 INFO  (GhidraScript) LvglThread.java>   0x2c5958dc size=84    callers=1   band=no  callees=0x2c5949f4 0x2c62c82c 0x2c64c9c4 0x2c64c9d6 0x2c64c9ee  
2026-08-27 02:23:12 INFO  (GhidraScript) LvglThread.java>   0x2c59594c size=86    callers=1   band=no  callees=0x2c5949f4 0x2c62c82c 0x2c64c9c4 0x2c64c9d6 0x2c64c9ee  
2026-08-27 02:23:12 INFO  (GhidraScript) LvglThread.java>   0x2c595aac size=86    callers=1   band=no  callees=0x2c5949f4 0x2c62c82c 0x2c64c9c4 0x2c64c9d6 0x2c64c9ee  
2026-08-27 02:23:12 INFO  (GhidraScript) LvglThread.java>   0x2c59a6f4 size=90    callers=0   band=no  callees=0x2c62c82c 0x2c63b4b8  
2026-08-27 02:23:12 INFO  (GhidraScript) LvglThread.java>   0x2c59c5e4 size=306   callers=0   band=no  callees=0x2c59c5dc 0x2c64c9ce  
2026-08-27 02:23:12 INFO  (GhidraScript) LvglThread.java>   0x2c5b10b8 size=456   callers=2   band=YES callees=0x2c5afd38 0x2c5eba54 0x2c602454 0x2c6036dc 0x2c603a04 0x2c6041dc 0x2c6041fc 0x2c6043d8 0x2c60497c 0x2c606a10 0x2c606a28 0x2c606d30 0x2c606d3c 0x2c606d54 0x2c606d60 ...  
2026-08-27 02:23:12 INFO  (GhidraScript) LvglThread.java>   0x2c5b8bfc size=956   callers=0   band=YES callees=0x2c47245c 0x2c48e424 0x2c48e83c 0x2c48e84c 0x2c5b8a68 0x2c62be88 0x2c62c82c 0x2c6435c4 0x2c66c4ec 0x2c672b70 0x2c674268  
2026-08-27 02:23:12 INFO  (GhidraScript) LvglThread.java>   0x2c5bfa56 size=380   callers=0   band=no  callees=0x2c472680 0x2c5c0cec 0x2c5c0e60 0x2c64c9c4 0x2c64c9d6 0x2c64c9ee  
2026-08-27 02:23:12 INFO  (GhidraScript) LvglThread.java>   0x2c5bfc80 size=60    callers=0   band=no  callees=0x2c674668  
2026-08-27 02:23:12 INFO  (GhidraScript) LvglThread.java>   0x2c5c6cc4 size=128   callers=0   band=no  callees=0x2c5958dc 0x2c59594c 0x2c5c55d8 0x2c5c5a38 0x2c5c5b3c 0x2c62c82c 0x2c66b624  
2026-08-27 02:23:12 INFO  (GhidraScript) LvglThread.java>   0x2c5cdd20 size=126   callers=0   band=no  callees=0x2c673eb8 0x2c674668  
2026-08-27 02:23:12 INFO  (GhidraScript) LvglThread.java>   0x2c5ce90a size=46    callers=0   band=no  callees=0x2c66960c  
2026-08-27 02:23:12 INFO  (GhidraScript) LvglThread.java>   0x2c5de488 size=292   callers=6   band=no  callees=0x2c472680 0x2c5ddc98 0x2c5de330 0x2c66b624  
2026-08-27 02:23:12 INFO  (GhidraScript) LvglThread.java>   0x2c5dff30 size=142   callers=1   band=no  callees=0x2c5df27c 0x2c5dfbc0 0x2c5dfde4 0x2c62c82c  
2026-08-27 02:23:12 INFO  (GhidraScript) LvglThread.java>   0x2c5ebf7c size=64    callers=1   band=no  callees=0x2c5e8de4 0x2c5ebdc4  
2026-08-27 02:23:12 INFO  (GhidraScript) LvglThread.java>   0x2c5ebfc0 size=88    callers=1   band=no  callees=0x2c5e8de4 0x2c5e8f58 0x2c5ebdc4  
2026-08-27 02:23:12 INFO  (GhidraScript) LvglThread.java>   0x2c5f4e70 size=194   callers=2   band=no  callees=0x2c5fa100 0x2c66b60a  
2026-08-27 02:23:12 INFO  (GhidraScript) LvglThread.java>   0x2c5f545c size=124   callers=3   band=no  callees=0x2c5f7ad4 0x2c5fb8a0 0x2c5fb8f8 0x2c5fb994  
2026-08-27 02:23:12 INFO  (GhidraScript) LvglThread.java>   0x2c5f7944 size=80    callers=0   band=no  callees=0x2c5fb998  
2026-08-27 02:23:12 INFO  (GhidraScript) LvglThread.java>   0x2c603eb8 size=236   callers=1   band=YES callees=0x2c62b108  
2026-08-27 02:23:12 INFO  (GhidraScript) LvglThread.java>   0x2c604b28 size=206   callers=4   band=YES callees=0x2c6033b4 0x2c60460c 0x2c6046d8 0x2c608c7c  
2026-08-27 02:23:12 INFO  (GhidraScript) LvglThread.java>   0x2c609196 size=1108  callers=0   band=YES callees=0x2c602340 0x2c6041d4 0x2c604a04 0x2c604a14 0x2c604a20 0x2c604a44 0x2c604a50 0x2c605068 0x2c605090 0x2c606b94 0x2c608cbc 0x2c608dec 0x2c608f1c 0x2c62a624  
2026-08-27 02:23:12 INFO  (GhidraScript) LvglThread.java>   0x2c60a5d0 size=428   callers=0   band=YES callees=0x2c61314c 0x2c613e5c 0x2c614414 0x2c6144a0  
2026-08-27 02:23:12 INFO  (GhidraScript) LvglThread.java>   0x2c60ab7c size=710   callers=0   band=YES callees=0x2c61319c 0x2c613e5c 0x2c6144a0 0x2c62a6b4 0x2c62e208  
2026-08-27 02:23:12 INFO  (GhidraScript) LvglThread.java>   0x2c60f7a8 size=414   callers=0   band=YES callees=0x2c62a6b4 0x2c62bf1c  
2026-08-27 02:23:12 INFO  (GhidraScript) LvglThread.java>   0x2c613762 size=220   callers=0   band=YES callees=0x2c62c3b0  
2026-08-27 02:23:12 INFO  (GhidraScript) LvglThread.java>   0x2c6167f4 size=50    callers=0   band=no  callees=0x2c62ca28  
2026-08-27 02:23:12 INFO  (GhidraScript) LvglThread.java>   0x2c61d868 size=2360  callers=1   band=YES callees=0x2c62a470 0x2c62a47c 0x2c62a4c4 0x2c62ae04 0x2c62b03c 0x2c62be88 0x2c62c6a0 0x2c62c6d0 0x2c62c6d8 0x2c62c6e0 0x2c62c6e8 0x2c62c6f0 0x2c62c6f8 0x2c62c700 0x2c62c708 ...  
2026-08-27 02:23:12 INFO  (GhidraScript) LvglThread.java>   0x2c622734 size=54    callers=0   band=no  callees=  
2026-08-27 02:23:12 INFO  (GhidraScript) LvglThread.java>   0x2c634b52 size=66    callers=0   band=no  callees=0x2c5ff4d8 0x2c5ff4e4 0x2c602340  
2026-08-27 02:23:12 INFO  (GhidraScript) LvglThread.java>   0x2c63f0a8 size=202   callers=3   band=no  callees=0x2c48ef34 0x2c48f2d4 0x2c63ef20 0x2c64078c 0x2c640a50 0x2c640dc0  
2026-08-27 02:23:12 INFO  (GhidraScript) LvglThread.java>   0x2c64447c size=40    callers=3   band=no  callees=  
2026-08-27 02:23:12 INFO  (GhidraScript) LvglThread.java>   0x2c64e54c size=448   callers=0   band=no  callees=0x2c64e3e6 0x2c64e410  
2026-08-27 02:23:12 INFO  (GhidraScript) LvglThread.java>   0x2c65a4e4 size=304   callers=1   band=no  callees=0x2c659c12 0x2c659cfe 0x2c659d1a 0x2c65a49c  
2026-08-27 02:23:12 INFO  (GhidraScript) LvglThread.java>   0x2c65c7b8 size=454   callers=0   band=no  callees=0x2c6510f6 0x2c651292 0x2c652d58 0x2c652d76 0x2c652d9a 0x2c658fa0 0x2c65a49c  
2026-08-27 02:23:12 INFO  (GhidraScript) LvglThread.java>   0x2c65d3c6 size=244   callers=0   band=no  callees=0x2c6510f6 0x2c651292 0x2c652d58 0x2c652d9a 0x2c658fa0 0x2c672ae8  
2026-08-27 02:23:12 INFO  (GhidraScript) LvglThread.java>   0x2c660aba size=244   callers=1   band=no  callees=0x2c65fe28 0x2c65fe52 0x2c660988  
2026-08-27 02:23:12 INFO  (GhidraScript) LvglThread.java>   0x2c66bb40 size=148   callers=0   band=no  callees=0x2c66d654  
2026-08-27 02:23:12 INFO  (GhidraScript) LvglThread.java>   0x2c66cda2 size=1220  callers=0   band=no  callees=0x2c66c60c 0x2c6706e0 0x2c670760 0x2c670968 0x2c670994 0x2c670ae4 0x2c670b98 0x2c670c78 0x2c670cb0 0x2c670dd0 0x2c670ec4 0x2c670f7c 0x2c6729ec 0x2c672b40 0x2c674668 ...  
2026-08-27 02:23:12 INFO  (GhidraScript) LvglThread.java>   0x2c66f3cc size=1324  callers=0   band=no  callees=0x2c670760 0x2c6707a4 0x2c6708c8 0x2c670968 0x2c670994 0x2c670ae4 0x2c670b98 0x2c670c78  
2026-08-27 02:23:12 INFO  (GhidraScript) LvglThread.java>   0x2c66f950 size=654   callers=0   band=no  callees=0x2c66f008 0x2c6706e0 0x2c670760 0x2c6707a4 0x2c670b98 0x2c670c78 0x2c670cb0 0x2c674668  
2026-08-27 02:23:12 INFO  (GhidraScript) LvglThread.java>   0x2c671178 size=354   callers=3   band=no  callees=0x2c643680 0x2c669c14 0x2c6710c2  
2026-08-27 02:23:12 INFO  (GhidraScript) LvglThread.java>   0x2c67142c size=168   callers=1   band=no  callees=0x2c6813f2  
2026-08-27 02:23:12 INFO  (GhidraScript) LvglThread.java>   0x2c6717d8 size=452   callers=1   band=no  callees=0x2c643680 0x2c6719ec 0x2c67d650  
2026-08-27 02:23:12 INFO  (GhidraScript) LvglThread.java>   0x2c671d74 size=922   callers=0   band=no  callees=0x2c668520 0x2c669c14 0x2c6710c2 0x2c671b48  
2026-08-27 02:23:12 INFO  (GhidraScript) LvglThread.java>   0x2c6720cc size=352   callers=0   band=no  callees=0x2c669b3c 0x2c6710c2  
2026-08-27 02:23:12 INFO  (GhidraScript) LvglThread.java>   0x2c672442 size=542   callers=0   band=no  callees=0x2c6710c2  
2026-08-27 02:23:12 INFO  (GhidraScript) LvglThread.java>   
2026-08-27 02:23:12 INFO  (GhidraScript) LvglThread.java> == D. LVGL-band functions with exactly one caller, caller loops ==  
2026-08-27 02:23:12 INFO  (GhidraScript) LvglThread.java>   callee 0x2c5e70b0 size=224    <- caller 0x2c5b3c98 size=550   noRet=false  
2026-08-27 02:23:12 INFO  (GhidraScript) LvglThread.java>   callee 0x2c5e73f8 size=206    <- caller 0x2c5e7b34 size=710   noRet=false  
2026-08-27 02:23:12 INFO  (GhidraScript) LvglThread.java>   callee 0x2c5e7538 size=286    <- caller 0x2c5c90e4 size=868   noRet=false  
2026-08-27 02:23:12 INFO  (GhidraScript) LvglThread.java>   callee 0x2c5e7b34 size=710    <- caller 0x2c5c90e4 size=868   noRet=false  
2026-08-27 02:23:12 INFO  (GhidraScript) LvglThread.java>   callee 0x2c5e8e7c size=314    <- caller 0x2c5bd528 size=292   noRet=false  
2026-08-27 02:23:12 INFO  (GhidraScript) LvglThread.java>   callee 0x2c5ebb8c size=156    <- caller 0x2c58c664 size=2286  noRet=false  
2026-08-27 02:23:12 INFO  (GhidraScript) LvglThread.java>   callee 0x2c5ee110 size=326    <- caller 0x2c5de678 size=116   noRet=false  
2026-08-27 02:23:12 INFO  (GhidraScript) LvglThread.java>   callee 0x2c5ee43c size=302    <- caller 0x2c5de6f0 size=166   noRet=false  
2026-08-27 02:23:12 INFO  (GhidraScript) LvglThread.java>   callee 0x2c5f03f4 size=234    <- caller 0x2c5f54d4 size=802   noRet=false  
2026-08-27 02:23:12 INFO  (GhidraScript) LvglThread.java>   callee 0x2c5f07d4 size=150    <- caller 0x2c5f7ad4 size=5098  noRet=false  
2026-08-27 02:23:12 INFO  (GhidraScript) LvglThread.java>   callee 0x2c5f0ce8 size=150    <- caller 0x2c5f7ad4 size=5098  noRet=false  
2026-08-27 02:23:12 INFO  (GhidraScript) LvglThread.java>   callee 0x2c5f118c size=404    <- caller 0x2c5f6f50 size=818   noRet=false  
2026-08-27 02:23:12 INFO  (GhidraScript) LvglThread.java>   callee 0x2c5f50e4 size=140    <- caller 0x2c5f5938 size=3108  noRet=false  
2026-08-27 02:23:12 INFO  (GhidraScript) LvglThread.java>   callee 0x2c5f53dc size=196    <- caller 0x2c5f6de4 size=60    noRet=false  
2026-08-27 02:23:12 INFO  (GhidraScript) LvglThread.java>   callee 0x2c5f583c size=232    <- caller 0x2c5f5938 size=3108  noRet=false  
2026-08-27 02:23:12 INFO  (GhidraScript) LvglThread.java>   callee 0x2c5f6f50 size=818    <- caller 0x2c5f7ad4 size=5098  noRet=false  
2026-08-27 02:23:12 INFO  (GhidraScript) LvglThread.java>   callee 0x2c5f7280 size=920    <- caller 0x2c5f7ad4 size=5098  noRet=false  
2026-08-27 02:23:12 INFO  (GhidraScript) LvglThread.java>   callee 0x2c5f76c4 size=370    <- caller 0x2c5f904c size=780   noRet=false  
2026-08-27 02:23:12 INFO  (GhidraScript) LvglThread.java>   callee 0x2c5f7ad4 size=5098   <- caller 0x2c5f545c size=124   noRet=true  
2026-08-27 02:23:12 INFO  (GhidraScript) LvglThread.java>   callee 0x2c5f904c size=780    <- caller 0x2c5f52a4 size=140   noRet=false  
2026-08-27 02:23:12 INFO  (GhidraScript) LvglThread.java>   callee 0x2c5f960c size=786    <- caller 0x2c5f5938 size=3108  noRet=false  
2026-08-27 02:23:12 INFO  (GhidraScript) LvglThread.java>   callee 0x2c5f9924 size=456    <- caller 0x2c5f5938 size=3108  noRet=false  
2026-08-27 02:23:12 INFO  (GhidraScript) LvglThread.java>   callee 0x2c5f9f08 size=286    <- caller 0x2c5f5938 size=3108  noRet=false  
2026-08-27 02:23:12 INFO  (GhidraScript) LvglThread.java>   callee 0x2c5fa100 size=260    <- caller 0x2c5f4e70 size=194   noRet=true  
2026-08-27 02:23:12 INFO  (GhidraScript) LvglThread.java>   callee 0x2c5fa21c size=204    <- caller 0x2c5fb9e0 size=138   noRet=false  
2026-08-27 02:23:12 INFO  (GhidraScript) LvglThread.java>   callee 0x2c5fa348 size=3698   <- caller 0x2c5f7ad4 size=5098  noRet=false  
2026-08-27 02:23:12 INFO  (GhidraScript) LvglThread.java>   callee 0x2c5fb510 size=358    <- caller 0x2c5fb510 size=358   noRet=false  
2026-08-27 02:23:12 INFO  (GhidraScript) LvglThread.java>   callee 0x2c5fb768 size=162    <- caller 0x2c5f6de4 size=60    noRet=false  
2026-08-27 02:23:12 INFO  (GhidraScript) LvglThread.java>   callee 0x2c5fb8f8 size=134    <- caller 0x2c5f545c size=124   noRet=true  
2026-08-27 02:23:12 INFO  (GhidraScript) LvglThread.java>   callee 0x2c5fbaa4 size=168    <- caller 0x2c5f904c size=780   noRet=false  
2026-08-27 02:23:12 INFO  (GhidraScript) LvglThread.java>   callee 0x2c5fbb60 size=238    <- caller 0x2c5f7ad4 size=5098  noRet=false  
2026-08-27 02:23:12 INFO  (GhidraScript) LvglThread.java>   callee 0x2c5fd510 size=186    <- caller 0x2c511ef0 size=126   noRet=false  
2026-08-27 02:23:12 INFO  (GhidraScript) LvglThread.java>   callee 0x2c5ff4ec size=168    <- caller 0x2c604248 size=322   noRet=false  
2026-08-27 02:23:12 INFO  (GhidraScript) LvglThread.java>   callee 0x2c600ac0 size=218    <- caller 0x2c639164 size=198   noRet=false  
2026-08-27 02:23:12 INFO  (GhidraScript) LvglThread.java>   callee 0x2c600c44 size=134    <- caller 0x2c600c44 size=134   noRet=false  
2026-08-27 02:23:12 INFO  (GhidraScript) LvglThread.java>   callee 0x2c60125c size=298    <- caller 0x2c60138c size=840   noRet=false  
2026-08-27 02:23:12 INFO  (GhidraScript) LvglThread.java>   callee 0x2c6019b8 size=404    <- caller 0x2c6078f0 size=112   noRet=false  
2026-08-27 02:23:12 INFO  (GhidraScript) LvglThread.java>   callee 0x2c60322c size=166    <- caller 0x2c603cfc size=368   noRet=false  
2026-08-27 02:23:12 INFO  (GhidraScript) LvglThread.java>   callee 0x2c603cfc size=368    <- caller 0x2c6061ec size=640   noRet=false  
2026-08-27 02:23:12 INFO  (GhidraScript) LvglThread.java>   callee 0x2c603eb8 size=236    <- caller 0x2c6061ec size=640   noRet=false  
2026-08-27 02:23:12 INFO  (GhidraScript) LvglThread.java>   callee 0x2c606e98 size=150    <- caller 0x2c607654 size=110   noRet=false  
2026-08-27 02:23:12 INFO  (GhidraScript) LvglThread.java>   callee 0x2c607b48 size=1148   <- caller 0x2c608744 size=176   noRet=false  
2026-08-27 02:23:12 INFO  (GhidraScript) LvglThread.java>   callee 0x2c607f9c size=138    <- caller 0x2c60802c size=1410  noRet=false  
2026-08-27 02:23:12 INFO  (GhidraScript) LvglThread.java>   callee 0x2c60a540 size=144    <- caller 0x2c60a780 size=852   noRet=false  
2026-08-27 02:23:12 INFO  (GhidraScript) LvglThread.java>   callee 0x2c60b2f8 size=492    <- caller 0x2c60c244 size=2924  noRet=false  
2026-08-27 02:23:12 INFO  (GhidraScript) LvglThread.java>   callee 0x2c60bb78 size=508    <- caller 0x2c60c244 size=2924  noRet=false  
2026-08-27 02:23:12 INFO  (GhidraScript) LvglThread.java>   callee 0x2c610588 size=262    <- caller 0x2c610690 size=698   noRet=false  
2026-08-27 02:23:12 INFO  (GhidraScript) LvglThread.java>   callee 0x2c610690 size=698    <- caller 0x2c60b4e4 size=1054  noRet=false  
2026-08-27 02:23:12 INFO  (GhidraScript) LvglThread.java>   callee 0x2c611d2c size=234    <- caller 0x2c639778 size=216   noRet=false  
2026-08-27 02:23:12 INFO  (GhidraScript) LvglThread.java>   callee 0x2c611e18 size=320    <- caller 0x2c639778 size=216   noRet=false  
2026-08-27 02:23:12 INFO  (GhidraScript) LvglThread.java>   callee 0x2c612898 size=216    <- caller 0x2c6132c8 size=88    noRet=false  
2026-08-27 02:23:12 INFO  (GhidraScript) LvglThread.java>   callee 0x2c613670 size=276    <- caller 0x2c613b8c size=720   noRet=false  
2026-08-27 02:23:12 INFO  (GhidraScript) LvglThread.java>   callee 0x2c614414 size=136    <- caller 0x2c60a5d0 size=428   noRet=true  
2026-08-27 02:23:12 INFO  (GhidraScript) LvglThread.java>   callee 0x2c61495c size=172    <- caller 0x2c6389d8 size=1804  noRet=false  
2026-08-27 02:23:12 INFO  (GhidraScript) LvglThread.java>   callee 0x2c6155cc size=222    <- caller 0x2c6156e6 size=380   noRet=false  
2026-08-27 02:23:12 INFO  (GhidraScript) LvglThread.java>   callee 0x2c615c44 size=806    <- caller 0x2c616ad4 size=4126  noRet=false  
2026-08-27 02:23:12 INFO  (GhidraScript) LvglThread.java>   callee 0x2c615f78 size=974    <- caller 0x2c616ad4 size=4126  noRet=false  
2026-08-27 02:23:12 INFO  (GhidraScript) LvglThread.java>   callee 0x2c616410 size=210    <- caller 0x2c617d00 size=144   noRet=false  
2026-08-27 02:23:12 INFO  (GhidraScript) LvglThread.java>   callee 0x2c6164e4 size=436    <- caller 0x2c616ad4 size=4126  noRet=false  
2026-08-27 02:23:12 INFO  (GhidraScript) LvglThread.java>   callee 0x2c61669c size=388    <- caller 0x2c616854 size=631   noRet=false  
2026-08-27 02:23:12 INFO  (GhidraScript) LvglThread.java>   callee 0x2c616854 size=631    <- caller 0x2c616ad4 size=4126  noRet=false  
2026-08-27 02:23:12 INFO  (GhidraScript) LvglThread.java>   callee 0x2c6173f8 size=360    <- caller 0x2c627228 size=728   noRet=false  
2026-08-27 02:23:12 INFO  (GhidraScript) LvglThread.java>   callee 0x2c617f84 size=142    <- caller 0x2c60802c size=1410  noRet=false  
2026-08-27 02:23:12 INFO  (GhidraScript) LvglThread.java>   callee 0x2c619aa4 size=230    <- caller 0x2c619b8c size=156   noRet=false  
2026-08-27 02:23:12 INFO  (GhidraScript) LvglThread.java>   callee 0x2c61d868 size=2360   <- caller 0x2c62a2f8 size=344   noRet=false  
2026-08-27 02:23:12 INFO  (GhidraScript) LvglThread.java>   callee 0x2c621554 size=298    <- caller 0x2c624090 size=2672  noRet=false  
2026-08-27 02:23:12 INFO  (GhidraScript) LvglThread.java>   callee 0x2c6218e4 size=140    <- caller 0x2c624090 size=2672  noRet=false  
2026-08-27 02:23:12 INFO  (GhidraScript) LvglThread.java>   callee 0x2c6223f8 size=152    <- caller 0x2c622e8c size=2354  noRet=false  
2026-08-27 02:23:12 INFO  (GhidraScript) LvglThread.java>   callee 0x2c622564 size=414    <- caller 0x2c624090 size=2672  noRet=false  
2026-08-27 02:23:12 INFO  (GhidraScript) LvglThread.java>   callee 0x2c622e8c size=2354   <- caller 0x2c6237e4 size=274   noRet=false  
2026-08-27 02:23:12 INFO  (GhidraScript) LvglThread.java>   callee 0x2c6237e4 size=274    <- caller 0x2c623904 size=152   noRet=false  
2026-08-27 02:23:12 INFO  (GhidraScript) LvglThread.java>   callee 0x2c625b00 size=222    <- caller 0x2c62603e size=2730  noRet=false  
2026-08-27 02:23:12 INFO  (GhidraScript) LvglThread.java>   callee 0x2c625f8c size=178    <- caller 0x2c626d14 size=288   noRet=false  
2026-08-27 02:23:12 INFO  (GhidraScript) LvglThread.java>   callee 0x2c627144 size=174    <- caller 0x2c627514 size=2164  noRet=false  
2026-08-27 02:23:12 INFO  (GhidraScript) LvglThread.java>   callee 0x2c627228 size=728    <- caller 0x2c627514 size=2164  noRet=false  
2026-08-27 02:23:12 INFO  (GhidraScript) LvglThread.java>   callee 0x2c62992c size=262    <- caller 0x2c629aa4 size=368   noRet=false  
2026-08-27 02:23:12 INFO  (GhidraScript) LvglThread.java>   callee 0x2c629c2c size=202    <- caller 0x2c629d00 size=188   noRet=false  
2026-08-27 02:23:12 INFO  (GhidraScript) LvglThread.java>   callee 0x2c62af34 size=238    <- caller 0x2c6032d4 size=194   noRet=false  
2026-08-27 02:23:12 INFO  (GhidraScript) LvglThread.java>   callee 0x2c62ed70 size=224    <- caller 0x2c60802c size=1410  noRet=false  
2026-08-27 02:23:12 INFO  (GhidraScript) LvglThread.java>   callee 0x2c630880 size=140    <- caller 0x2c630c30 size=248   noRet=false  
2026-08-27 02:23:12 INFO  (GhidraScript) LvglThread.java>   callee 0x2c631810 size=1256   <- caller 0x2c631d04 size=606   noRet=false  
2026-08-27 02:23:12 INFO  (GhidraScript) LvglThread.java>   callee 0x2c6340f4 size=310    <- caller 0x2c634864 size=242   noRet=false  
2026-08-27 02:23:12 INFO  (GhidraScript) LvglThread.java>   callee 0x2c634864 size=242    <- caller 0x2c634958 size=1994  noRet=false  
2026-08-27 02:23:12 INFO  (GhidraScript) LvglThread.java>   callee 0x2c635da8 size=680    <- caller 0x2c61bcd8 size=326   noRet=false  
2026-08-27 02:23:12 INFO  (GhidraScript) LvglThread.java>   callee 0x2c637138 size=156    <- caller 0x2c627514 size=2164  noRet=false  
2026-08-27 02:23:12 INFO  (GhidraScript) LvglThread.java>   callee 0x2c637598 size=652    <- caller 0x2c637b3c size=1992  noRet=false  
2026-08-27 02:23:12 INFO  (GhidraScript) LvglThread.java>   callee 0x2c6389d8 size=1804   <- caller 0x2c639164 size=198   noRet=false  
2026-08-27 02:23:12 INFO  (GhidraScript) LvglThread.java>   callee 0x2c63e954 size=254    <- caller 0x2c5d6608 size=504   noRet=false  
2026-08-27 02:23:12 INFO  (GhidraScript) LvglThread.java>   callee 0x2c63faf0 size=196    <- caller 0x2c64129c size=132   noRet=false  
2026-08-27 02:23:12 INFO  (GhidraScript) LvglThread.java>   callee 0x2c641abc size=362    <- caller 0x2c641ef4 size=762   noRet=false  
2026-08-27 02:23:12 INFO  (GhidraScript) LvglThread.java>   callee 0x2c645190 size=140    <- caller 0x2c644324 size=94    noRet=false  
2026-08-27 02:23:12 INFO  (GhidraScript) LvglThread.java>   callee 0x2c647930 size=768    <- caller 0x2c647c80 size=66    noRet=false  
2026-08-27 02:23:12 INFO  (GhidraScript) LvglThread.java>   callee 0x2c647cd0 size=682    <- caller 0x2c6481b0 size=248   noRet=false  
2026-08-27 02:23:12 INFO  (GhidraScript) LvglThread.java>   callee 0x2c6484d0 size=148    <- caller 0x2c6481b0 size=248   noRet=false  
2026-08-27 02:23:12 INFO  (GhidraScript) LvglThread.java>   callee 0x2c64e740 size=222    <- caller 0x2c64ed20 size=48    noRet=false  
2026-08-27 02:23:12 INFO  (GhidraScript) LvglThread.java>   callee 0x2c64e8fc size=150    <- caller 0x2c64eb60 size=132   noRet=false  
2026-08-27 02:23:12 INFO  (GhidraScript) LvglThread.java>   callee 0x2c650874 size=146    <- caller 0x2c6558c0 size=134   noRet=false  
2026-08-27 02:23:12 INFO  (GhidraScript) LvglThread.java>   callee 0x2c650b64 size=146    <- caller 0x2c655bf4 size=134   noRet=false  
2026-08-27 02:23:12 INFO  (GhidraScript) LvglThread.java>   callee 0x2c651c5c size=298    <- caller 0x2c651eb4 size=108   noRet=false  
2026-08-27 02:23:12 INFO  (GhidraScript) LvglThread.java>   callee 0x2c652e62 size=364    <- caller 0x2c653130 size=1400  noRet=false  
2026-08-27 02:23:12 INFO  (GhidraScript) LvglThread.java>   callee 0x2c656ce2 size=368    <- caller 0x2c656fb8 size=1392  noRet=false  
2026-08-27 02:23:12 INFO  (GhidraScript) LvglThread.java>   callee 0x2c65a4e4 size=304    <- caller 0x2c65a64a size=252   noRet=false  
2026-08-27 02:23:12 INFO  (GhidraScript) LvglThread.java>   callee 0x2c65b0d0 size=364    <- caller 0x2c65b39c size=1400  noRet=false  
2026-08-27 02:23:12 INFO  (GhidraScript) LvglThread.java>   callee 0x2c65bef8 size=852    <- caller 0x2c65c286 size=432   noRet=false  
2026-08-27 02:23:12 INFO  (GhidraScript) LvglThread.java>   callee 0x2c65dd48 size=994    <- caller 0x2c65e140 size=126   noRet=false  
2026-08-27 02:23:12 INFO  (GhidraScript) LvglThread.java>   callee 0x2c65ecf0 size=244    <- caller 0x2c6527b0 size=556   noRet=false  
2026-08-27 02:23:12 INFO  (GhidraScript) LvglThread.java>   callee 0x2c660aba size=244    <- caller 0x2c660c2a size=238   noRet=false  
2026-08-27 02:23:12 INFO  (GhidraScript) LvglThread.java>   callee 0x2c6616d4 size=366    <- caller 0x2c6619ac size=1392  noRet=false  
2026-08-27 02:23:12 INFO  (GhidraScript) LvglThread.java>   callee 0x2c6624d0 size=818    <- caller 0x2c66283e size=434   noRet=false  
2026-08-27 02:23:12 INFO  (GhidraScript) LvglThread.java>   callee 0x2c664bbc size=264    <- caller 0x2c65661c size=560   noRet=false  
2026-08-27 02:23:12 INFO  (GhidraScript) LvglThread.java>   callee 0x2c6656d8 size=148    <- caller 0x2c65e140 size=126   noRet=false  
2026-08-27 02:23:12 INFO  (GhidraScript) LvglThread.java>   callee 0x2c666588 size=1464   <- caller 0x2c46fdb0 size=238   noRet=false  
2026-08-27 02:23:12 INFO  (GhidraScript) LvglThread.java>   callee 0x2c6688d8 size=130    <- caller 0x2c668868 size=108   noRet=false  
2026-08-27 02:23:12 INFO  (GhidraScript) LvglThread.java>   callee 0x2c6690f4 size=332    <- caller 0x2c651d74 size=74    noRet=false  
2026-08-27 02:23:12 INFO  (GhidraScript) LvglThread.java>   callee 0x2c66962c size=426    <- caller 0x2c6697dc size=806   noRet=false  
2026-08-27 02:23:12 INFO  (GhidraScript) LvglThread.java>   callee 0x2c669fb0 size=164    <- caller 0x2c66a0d0 size=1050  noRet=false  
2026-08-27 02:23:12 INFO  (GhidraScript) LvglThread.java>   callee 0x2c66a838 size=644    <- caller 0x2c6714d4 size=316   noRet=false  
2026-08-27 02:23:12 INFO  (GhidraScript) LvglThread.java>   callee 0x2c66ee38 size=180    <- caller 0x2c64c9c4 size=34    noRet=false  
2026-08-27 02:23:12 INFO  (GhidraScript) LvglThread.java>   callee 0x2c66f008 size=290    <- caller 0x2c66f950 size=654   noRet=true  
2026-08-27 02:23:12 INFO  (GhidraScript) LvglThread.java>   callee 0x2c66fc0c size=132    <- caller 0x2c66fcc8 size=116   noRet=false  
2026-08-27 02:23:12 INFO  (GhidraScript) LvglThread.java>   callee 0x2c66fd14 size=130    <- caller 0x2c66fdd4 size=126   noRet=false  
2026-08-27 02:23:12 INFO  (GhidraScript) LvglThread.java>   callee 0x2c66fe48 size=162    <- caller 0x2c66ff14 size=1146  noRet=false  
2026-08-27 02:23:12 INFO  (GhidraScript) LvglThread.java>   callee 0x2c66ff14 size=1146   <- caller 0x2c66c640 size=1146  noRet=false  
2026-08-27 02:23:12 INFO  (GhidraScript) LvglThread.java>   callee 0x2c6703ec size=312    <- caller 0x2c66c640 size=1146  noRet=false  
2026-08-27 02:23:12 INFO  (GhidraScript) LvglThread.java>   callee 0x2c671724 size=174    <- caller 0x2c6714d4 size=316   noRet=false  
2026-08-27 02:23:12 INFO  (GhidraScript) LvglThread.java>   callee 0x2c6717d8 size=452    <- caller 0x2c6714d4 size=316   noRet=false  
2026-08-27 02:23:12 INFO  (GhidraScript) LvglThread.java>   callee 0x2c671b48 size=204    <- caller 0x2c671d74 size=922   noRet=true  
2026-08-27 02:23:12 INFO  (GhidraScript) LvglThread.java>   callee 0x2c671c18 size=218    <- caller 0x2c671a5c size=100   noRet=false  
2026-08-27 02:23:12 INFO  (GhidraScript) LvglThread.java>   
2026-08-27 02:23:12 INFO  (GhidraScript) LvglThread.java> == E. dumps ==  
2026-08-27 02:23:12 INFO  (GhidraScript) LvglThread.java>   no function at 2c499270  
2026-08-27 02:23:12 INFO  (GhidraScript) LvglThread.java>   dumped 1 functions to /Users/bimap/Documents/Coding/SmartGlasses/Reverse/firmware/analysis/rtos/lvgl/disasm  
2026-08-27 02:23:13 INFO  (HeadlessAnalyzer) REPORT: Save succeeded for processed file: /platform_tester.bin  
2026-08-27 02:23:42 INFO  (LoggingInitialization) Using log config file: jar:file:/opt/homebrew/Cellar/ghidra/12.1.3/libexec/Ghidra/Framework/Generic/lib/Generic.jar!/generic.log4j.xml  
2026-08-27 02:23:42 INFO  (LoggingInitialization) Using log file: /Users/bimap/Documents/Coding/SmartGlasses/Reverse/firmware/analysis/rtos/lvgl/disasm/script.log  
2026-08-27 02:23:42 DEBUG (GhidraObjectInputFilter) Including serial input filter: FileSystem/data/client.rmi.serial.filter  
2026-08-27 02:23:42 INFO  (Preferences) Loading user preferences: /Users/bimap/Library/ghidra/ghidra_12.1.3_PUBLIC/preferences  
2026-08-27 02:23:42 INFO  (ClassSearcher) Searching for classes...  
2026-08-27 02:23:43 INFO  (ClassSearcher) Class search complete (755 ms)  
2026-08-27 02:23:43 INFO  (DefaultSSLContextInitializer) Initializing SSL Context  
2026-08-27 02:23:43 INFO  (SecureRandomFactory) Initializing Random Number Generator...  
2026-08-27 02:23:43 INFO  (SecureRandomFactory) Random Number Generator initialization complete: NativePRNGNonBlocking  
2026-08-27 02:23:43 INFO  (DefaultTrustManagerFactory) Trust manager disabled, cacerts have not been set  
2026-08-27 02:23:44 INFO  (AnalyzeHeadless) Headless startup complete (2865 ms)  
2026-08-27 02:23:44 INFO  (ClassSearcher) Class searcher loaded 59 extension points (20 false positives)  
2026-08-27 02:23:44 INFO  (HeadlessAnalyzer) HEADLESS Script Paths:
    /opt/homebrew/Cellar/ghidra/12.1.3/libexec/Ghidra/Processors/8051/ghidra_scripts
    /opt/homebrew/Cellar/ghidra/12.1.3/libexec/Ghidra/Debug/Debugger-rmi-trace/ghidra_scripts
    /opt/homebrew/Cellar/ghidra/12.1.3/libexec/Ghidra/Features/FileFormats/ghidra_scripts
    /opt/homebrew/Cellar/ghidra/12.1.3/libexec/Ghidra/Features/Decompiler/ghidra_scripts
    /opt/homebrew/Cellar/ghidra/12.1.3/libexec/Ghidra/Features/PDB/ghidra_scripts
    /Users/bimap/Documents/Coding/SmartGlasses/Reverse/firmware/analysis/rtos/lvgl/scripts
    /opt/homebrew/Cellar/ghidra/12.1.3/libexec/Ghidra/Processors/JVM/ghidra_scripts
    /opt/homebrew/Cellar/ghidra/12.1.3/libexec/Ghidra/Features/SystemEmulation/ghidra_scripts
    /opt/homebrew/Cellar/ghidra/12.1.3/libexec/Ghidra/Processors/PIC/ghidra_scripts
    /opt/homebrew/Cellar/ghidra/12.1.3/libexec/Ghidra/Debug/Debugger/ghidra_scripts
    /opt/homebrew/Cellar/ghidra/12.1.3/libexec/Ghidra/Features/GnuDemangler/ghidra_scripts
    /opt/homebrew/Cellar/ghidra/12.1.3/libexec/Ghidra/Features/MicrosoftCodeAnalyzer/ghidra_scripts
    /opt/homebrew/Cellar/ghidra/12.1.3/libexec/Ghidra/Features/PyGhidra/ghidra_scripts
    /opt/homebrew/Cellar/ghidra/12.1.3/libexec/Ghidra/Features/SwiftDemangler/ghidra_scripts
    /opt/homebrew/Cellar/ghidra/12.1.3/libexec/Ghidra/Features/WildcardAssembler/ghidra_scripts
    /opt/homebrew/Cellar/ghidra/12.1.3/libexec/Ghidra/Features/VersionTracking/ghidra_scripts
    /opt/homebrew/Cellar/ghidra/12.1.3/libexec/Ghidra/Features/BSim/ghidra_scripts
    /opt/homebrew/Cellar/ghidra/12.1.3/libexec/Ghidra/Features/BytePatterns/ghidra_scripts
    /opt/homebrew/Cellar/ghidra/12.1.3/libexec/Ghidra/Processors/Atmel/ghidra_scripts
    /opt/homebrew/Cellar/ghidra/12.1.3/libexec/Ghidra/Features/DecompilerDependent/ghidra_scripts
    /opt/homebrew/Cellar/ghidra/12.1.3/libexec/Ghidra/Processors/DATA/ghidra_scripts
    /opt/homebrew/Cellar/ghidra/12.1.3/libexec/Ghidra/Features/Base/ghidra_scripts
    /opt/homebrew/Cellar/ghidra/12.1.3/libexec/Ghidra/Features/FunctionID/ghidra_scripts  
2026-08-27 02:23:44 INFO  (HeadlessAnalyzer) HEADLESS: execution starts  
2026-08-27 02:23:44 INFO  (HeadlessAnalyzer) Opening existing project: /Users/bimap/Documents/Coding/SmartGlasses/Reverse/firmware/analysis/rtos/lvgl/disasm/proj/lvgl33  
2026-08-27 02:23:44 INFO  (HeadlessProject) Opening project: /Users/bimap/Documents/Coding/SmartGlasses/Reverse/firmware/analysis/rtos/lvgl/disasm/proj/lvgl33  
2026-08-27 02:23:46 INFO  (HeadlessAnalyzer) REPORT: Processing project file: /platform_tester.bin  
2026-08-27 02:23:46 INFO  (HeadlessAnalyzer) REPORT: Execute script: LvglThread.java '/Users/bimap/Documents/Coding/SmartGlasses/Reverse/firmware/analysis/rtos/lvgl/disasm'   
2026-08-27 02:23:47 INFO  (HeadlessAnalyzer) SCRIPT: /Users/bimap/Documents/Coding/SmartGlasses/Reverse/firmware/analysis/rtos/lvgl/scripts/LvglThread.java  
2026-08-27 02:23:48 INFO  (GhidraScript) LvglThread.java> == 0. forced function creation from BL targets ==  
2026-08-27 02:23:48 INFO  (GhidraScript) LvglThread.java>   created=0 already=9126 failed=2857  
2026-08-27 02:23:48 DEBUG (InstructionError) Instruction conflict details at 2c013d7c
  New Instruction: stmdami r2,{r0,r10,r12,sp,pc}
     LRset(01,01)        == 0x0
     TMode(00,00)        == 0x0
  Existing Instruction: push {r0}
     LRset(01,01)        == 0x0
     TMode(00,00)        == 0x1  
2026-08-27 02:23:49 DEBUG (InstructionError) Instruction conflict details at 2c6197d8
  New Instruction: strtmi r11,[r0],-lr,lsr #0x2
     LRset(01,01)        == 0x0
     TMode(00,00)        == 0x0
  Existing Instruction: cbz r6,0x2c6197e6
     LRset(01,01)        == 0x0
     TMode(00,00)        == 0x1  
2026-08-27 02:23:49 DEBUG (InstructionError) Instruction conflict details at 2c6197d8
  New Instruction: strtmi r11,[r0],-lr,lsr #0x2
     LRset(01,01)        == 0x0
     TMode(00,00)        == 0x0
  Existing Instruction: cbz r6,0x2c6197e6
     LRset(01,01)        == 0x0
     TMode(00,00)        == 0x1  
2026-08-27 02:23:49 DEBUG (InstructionError) Instruction conflict details at 2c56ce18
  New Instruction: bl 0x2c853628
     LRset(01,01)        == 0x0
     TMode(00,00)        == 0x0
  Existing Instruction: ldr r2,[sp,#0x8]
     LRset(01,01)        == 0x0
     TMode(00,00)        == 0x1  
2026-08-27 02:23:49 DEBUG (InstructionError) Instruction conflict details at 2c56ce18
  New Instruction: bl 0x2c853628
     LRset(01,01)        == 0x0
     TMode(00,00)        == 0x0
  Existing Instruction: ldr r2,[sp,#0x8]
     LRset(01,01)        == 0x0
     TMode(00,00)        == 0x1  
2026-08-27 02:23:50 DEBUG (InstructionError) Instruction conflict details at 2c5f6848
  New Instruction: swilt 0xbdf0
     LRset(01,01)        == 0x0
     TMode(00,00)        == 0x0
  Existing Instruction: pop {r4,r5,r6,r7,pc}
     LRset(01,01)        == 0x0
     TMode(00,00)        == 0x1  
2026-08-27 02:23:50 DEBUG (InstructionError) Instruction conflict details at 2c5f6848
  New Instruction: swilt 0xbdf0
     LRset(01,01)        == 0x0
     TMode(00,00)        == 0x0
  Existing Instruction: pop {r4,r5,r6,r7,pc}
     LRset(01,01)        == 0x0
     TMode(00,00)        == 0x1  
2026-08-27 02:23:50 DEBUG (InstructionError) Instruction conflict details at 2c46a1ec
  New Instruction: ldmdavs r11,{r2,r8,r11,sp,pc}
     LRset(01,01)        == 0x0
     TMode(00,00)        == 0x0
  Existing Instruction: add r1,sp,#0x10
     LRset(01,01)        == 0x0
     TMode(00,00)        == 0x1  
2026-08-27 02:23:50 DEBUG (InstructionError) Instruction conflict details at 2c46a1e4
  New Instruction: strlt r11,[r0,#-0x40f]
     LRset(01,01)        == 0x0
     TMode(00,00)        == 0x0
  Existing Instruction: push {r0,r1,r2,r3}
     LRset(01,01)        == 0x0
     TMode(00,00)        == 0x1  
2026-08-27 02:23:50 DEBUG (InstructionError) Instruction conflict details at 2c64cdb4
  New Instruction: andvs r6,r1,r11, asr #0x10
     LRset(01,01)        == 0x0
     TMode(00,00)        == 0x0
  Existing Instruction: ldr r3,[r1,#0x4]
     LRset(01,01)        == 0x0
     TMode(00,00)        == 0x1  
2026-08-27 02:23:51 DEBUG (InstructionError) Instruction conflict details at 2c4fa744
  New Instruction: ldrbcc pc,[pc,#0x4f]!
     LRset(01,01)        == 0x0
     TMode(00,00)        == 0x0
  Existing Instruction: mov.w r5,#0xffffffff
     LRset(01,01)        == 0x0
     TMode(00,00)        == 0x1  
2026-08-27 02:23:51 DEBUG (InstructionError) Instruction conflict details at 2c52af18
  New Instruction: stmdbmi r3,{r0,r4,r5,r7,r12,sp,pc}^
     LRset(01,01)        == 0x0
     TMode(00,00)        == 0x0
  Existing Instruction: sub sp,#0xc4
     LRset(01,01)        == 0x0
     TMode(00,00)        == 0x1  
2026-08-27 02:23:51 DEBUG (InstructionError) Instruction conflict details at 2c52af18
  New Instruction: stmdbmi r3,{r0,r4,r5,r7,r12,sp,pc}^
     LRset(01,01)        == 0x0
     TMode(00,00)        == 0x0
  Existing Instruction: sub sp,#0xc4
     LRset(01,01)        == 0x0
     TMode(00,00)        == 0x1  
2026-08-27 02:23:51 DEBUG (InstructionError) Instruction conflict details at 2c46a548
  New Instruction: push {r1,r2,r3}
     LRset(01,01)        == 0x0
     TMode(00,00)        == 0x1
  Existing Instruction: ldrlt r11,[r0,#-0x40e]!
     LRset(01,01)        == 0x0
     TMode(00,00)        == 0x0  
2026-08-27 02:23:51 DEBUG (InstructionError) Instruction conflict details at 2c46a548
  New Instruction: push {r1,r2,r3}
     LRset(01,01)        == 0x0
     TMode(00,00)        == 0x1
  Existing Instruction: ldrlt r11,[r0,#-0x40e]!
     LRset(01,01)        == 0x0
     TMode(00,00)        == 0x0  
2026-08-27 02:23:51 DEBUG (InstructionError) Instruction conflict details at 2c5b2c84
  New Instruction: addlt r4,r2,r5, lsl #0x18
     LRset(01,01)        == 0x0
     TMode(00,00)        == 0x0
  Existing Instruction: ldr r4,[0x2c5b2c9c]
     LRset(01,01)        == 0x0
     TMode(00,00)        == 0x1  
2026-08-27 02:23:51 DEBUG (InstructionError) Instruction conflict details at 2c5eee1c
  New Instruction: strpl lr,[r2,#-0x9cd]
     LRset(01,01)        == 0x0
     TMode(00,00)        == 0x0
  Existing Instruction: strd r5,r5,[sp,#0x8]
     LRset(01,01)        == 0x0
     TMode(00,00)        == 0x1  
2026-08-27 02:23:51 DEBUG (InstructionError) Instruction conflict details at 2c5eee0c
  New Instruction: strls r4,[r0],-r4,lsl #0xc
     LRset(01,01)        == 0x0
     TMode(00,00)        == 0x0
  Existing Instruction: mov r4,r0
     LRset(01,01)        == 0x0
     TMode(00,00)        == 0x1  
2026-08-27 02:23:51 DEBUG (InstructionError) Instruction conflict details at 2c5ef5b0
  New Instruction: mcrr2 p0,0x3,pc,r6,cr12
     LRset(01,01)        == 0x0
     TMode(00,00)        == 0x0
  Existing Instruction: bl 0x2c62be40
     LRset(01,01)        == 0x0
     TMode(00,00)        == 0x1  
2026-08-27 02:23:51 DEBUG (InstructionError) Instruction conflict details at 2c63f6f4
  New Instruction: stmia sp,{r0,r1,r3,r6,r7,r9,sp}
     LRset(01,01)        == 0x0
     TMode(00,00)        == 0x0
  Existing Instruction: movs r2,#0xcb
     LRset(01,01)        == 0x0
     TMode(00,00)        == 0x1  
2026-08-27 02:23:51 DEBUG (InstructionError) Instruction conflict details at 2c63f6e8
  New Instruction: ldmdami r2,{r4,r5,r8,r10,r12,sp,pc}
     LRset(01,01)        == 0x0
     TMode(00,00)        == 0x0
  Existing Instruction: push {r4,r5,lr}
     LRset(01,01)        == 0x0
     TMode(00,00)        == 0x1  
2026-08-27 02:23:51 DEBUG (InstructionError) Instruction conflict details at 2c63f844
  New Instruction: stmdals r0,{r4,r6,r8,r12,sp,pc}
     LRset(01,01)        == 0x0
     TMode(00,00)        == 0x0
  Existing Instruction: cbz r0,0x2c63f85c
     LRset(01,01)        == 0x0
     TMode(00,00)        == 0x1  
2026-08-27 02:23:51 DEBUG (InstructionError) Instruction conflict details at 2c63f82c
  New Instruction: addlt r11,r7,r0, lsl #0xa
     LRset(01,01)        == 0x0
     TMode(00,00)        == 0x0
  Existing Instruction: push {lr}
     LRset(01,01)        == 0x0
     TMode(00,00)        == 0x1  
2026-08-27 02:23:51 DEBUG (InstructionError) Instruction conflict details at 2c63ff60
  New Instruction: strmi r11,[sp],-r10,lsl #0x1
     LRset(01,01)        == 0x0
     TMode(00,00)        == 0x0
  Existing Instruction: sub sp,#0x28
     LRset(01,01)        == 0x0
     TMode(00,00)        == 0x1  
2026-08-27 02:23:51 DEBUG (InstructionError) Instruction conflict details at 2c63ff5c
  New Instruction: blmi 0x2d46d524
     LRset(01,01)        == 0x0
     TMode(00,00)        == 0x0
  Existing Instruction: push {r4,r5,r6,lr}
     LRset(01,01)        == 0x0
     TMode(00,00)        == 0x1  
2026-08-27 02:23:51 DEBUG (InstructionError) Instruction conflict details at 2c64f67c
  New Instruction: addlt r11,r11,r0, lsr r5
     LRset(01,01)        == 0x0
     TMode(00,00)        == 0x0
  Existing Instruction: push {r4,r5,lr}
     LRset(01,01)        == 0x0
     TMode(00,00)        == 0x1  
2026-08-27 02:23:51 DEBUG (InstructionError) Instruction conflict details at 2c6547f0
  New Instruction: addlt r11,r11,r0, lsr r5
     LRset(01,01)        == 0x0
     TMode(00,00)        == 0x0
  Existing Instruction: push {r4,r5,lr}
     LRset(01,01)        == 0x0
     TMode(00,00)        == 0x1  
2026-08-27 02:23:52 DEBUG (InstructionError) Instruction conflict details at 2c669dec
  New Instruction: bcs 0x2cfd621c
     LRset(01,01)        == 0x0
     TMode(00,00)        == 0x0
  Existing Instruction: cbz r2,0x2c669df2
     LRset(01,01)        == 0x0
     TMode(00,00)        == 0x1  
2026-08-27 02:23:52 DEBUG (InstructionError) Instruction conflict details at 2c669dec
  New Instruction: bcs 0x2cfd621c
     LRset(01,01)        == 0x0
     TMode(00,00)        == 0x0
  Existing Instruction: cbz r2,0x2c669df2
     LRset(01,01)        == 0x0
     TMode(00,00)        == 0x1  
2026-08-27 02:23:52 DEBUG (InstructionError) Instruction conflict details at 2c669e3c
  New Instruction: stc2 p7,cr15,[r0],#-0x364
     LRset(01,01)        == 0x0
     TMode(00,00)        == 0x0
  Existing Instruction: bl 0x2c643680
     LRset(01,01)        == 0x0
     TMode(00,00)        == 0x1  
2026-08-27 02:23:52 DEBUG (InstructionError) Instruction conflict details at 2c658600
  New Instruction: bvs 0x2c669e18
     LRset(01,01)        == 0x0
     TMode(00,00)        == 0x0
  Existing Instruction: mov r4,r0
     LRset(01,01)        == 0x0
     TMode(00,00)        == 0x1  
2026-08-27 02:23:52 DEBUG (CreateThunkFunctionCmd) Created new external location for address 2da5fba4: <EXTERNAL>::EXT_FUN_2da5fba4  
2026-08-27 02:23:52 DEBUG (InstructionError) Instruction conflict details at 2c151328
  New Instruction: lsls r4,r2,#0x3
     LRset(01,01)        == 0x0
     TMode(00,00)        == 0x1
  Existing Instruction: ldrsbeq r0,[r8],#0x4
     LRset(01,01)        == 0x0
     TMode(00,00)        == 0x0  
2026-08-27 02:23:53 DEBUG (InstructionError) Instruction conflict details at 2c4ed000
  New Instruction: andls r4,r1,r4, lsl #0xc
     LRset(01,01)        == 0x0
     TMode(00,00)        == 0x0
  Existing Instruction: mov r4,r0
     LRset(01,01)        == 0x0
     TMode(00,00)        == 0x1  
2026-08-27 02:23:53 DEBUG (InstructionError) Instruction conflict details at 2c4ecffc
  New Instruction: blx 0x2c629458
     LRset(01,01)        == 0x0
     TMode(00,00)        == 0x0
  Existing Instruction: bl 0x2c602408
     LRset(01,01)        == 0x0
     TMode(00,00)        == 0x1  
2026-08-27 02:23:53 DEBUG (InstructionError) Instruction conflict details at 2c513cec
  New Instruction: stmdbmi r6,{r10,r12}
     LRset(01,01)        == 0x0
     TMode(00,00)        == 0x0
  Existing Instruction: asrs r0,r0,#0x10
     LRset(01,01)        == 0x0
     TMode(00,00)        == 0x1  
2026-08-27 02:23:53 DEBUG (InstructionError) Instruction conflict details at 2c571140
  New Instruction: addmi sp,r11,#0xa800
     LRset(01,01)        == 0x0
     TMode(00,00)        == 0x0
  Existing Instruction: blt 0x2c571198
     LRset(01,01)        == 0x0
     TMode(00,00)        == 0x1  
2026-08-27 02:23:53 DEBUG (InstructionError) Instruction conflict details at 2c571138
  New Instruction: stmdavs r3,{r4,r8,r10,r12,sp,pc}
     LRset(01,01)        == 0x0
     TMode(00,00)        == 0x0
  Existing Instruction: push {r4,lr}
     LRset(01,01)        == 0x0
     TMode(00,00)        == 0x1  
2026-08-27 02:23:53 DEBUG (InstructionError) Instruction conflict details at 2c5784f4
  New Instruction: stmdbmi r8,{r2,sp}
     LRset(01,01)        == 0x0
     TMode(00,00)        == 0x0
  Existing Instruction: movs r0,#0x4
     LRset(01,01)        == 0x0
     TMode(00,00)        == 0x1  
2026-08-27 02:23:54 INFO  (GhidraScript) LvglThread.java>   gap-scan created=268  
2026-08-27 02:23:54 INFO  (GhidraScript) LvglThread.java>   
2026-08-27 02:23:54 INFO  (GhidraScript) LvglThread.java> == program ==  
2026-08-27 02:23:54 INFO  (GhidraScript) LvglThread.java>   imageBase = 00000000  
2026-08-27 02:23:54 INFO  (GhidraScript) LvglThread.java>   minAddr   = 2c000000  
2026-08-27 02:23:54 INFO  (GhidraScript) LvglThread.java>   maxAddr   = 2c6753fb  
2026-08-27 02:23:54 INFO  (GhidraScript) LvglThread.java>   language  = ARM:LE:32:v8-m  
2026-08-27 02:23:54 INFO  (GhidraScript) LvglThread.java>   functions = 12147  
2026-08-27 02:23:54 INFO  (GhidraScript) LvglThread.java>   
2026-08-27 02:23:54 INFO  (GhidraScript) LvglThread.java> == A. control 0x2C499270 (jbd4010_display, known-good VA) ==  
2026-08-27 02:23:54 INFO  (GhidraScript) LvglThread.java>   entry=2c499270 size=20 entryMatches=true  
2026-08-27 02:23:54 INFO  (GhidraScript) LvglThread.java>   noReturnFlow=true backEdges=0  
2026-08-27 02:23:54 INFO  (GhidraScript) LvglThread.java>   callees=  
2026-08-27 02:23:54 INFO  (GhidraScript) LvglThread.java>   
2026-08-27 02:23:54 INFO  (GhidraScript) LvglThread.java> == B. LVGL core link band ==  
2026-08-27 02:23:54 INFO  (GhidraScript) LvglThread.java>   wrapper 0x2c606ce8 -> 2c606ce8  
2026-08-27 02:23:54 INFO  (GhidraScript) LvglThread.java>   wrapper 0x2c606cf4 -> 2c606cf4  
2026-08-27 02:23:54 INFO  (GhidraScript) LvglThread.java>   wrapper 0x2c606f34 -> 2c606f34  
2026-08-27 02:23:54 INFO  (GhidraScript) LvglThread.java>   wrapper 0x2c606fa8 -> 2c606fa8  
2026-08-27 02:23:54 INFO  (GhidraScript) LvglThread.java>   wrapper 0x2c606ff8 -> 2c606ff8  
2026-08-27 02:23:54 INFO  (GhidraScript) LvglThread.java>   wrapper 0x2c607048 -> 2c607048  
2026-08-27 02:23:54 INFO  (GhidraScript) LvglThread.java>   wrapper 0x2c6070bc -> 2c6070bc  
2026-08-27 02:23:54 INFO  (GhidraScript) LvglThread.java>   wrapper 0x2c60710c -> 2c60710c  
2026-08-27 02:23:54 INFO  (GhidraScript) LvglThread.java>   wrapper 0x2c6072b4 -> 2c6072b4  
2026-08-27 02:23:54 INFO  (GhidraScript) LvglThread.java>   wrapper 0x2c6072bc -> 2c6072bc  
2026-08-27 02:23:54 INFO  (GhidraScript) LvglThread.java>   wrapper 0x2c62b030 -> 2c62b030  
2026-08-27 02:23:54 INFO  (GhidraScript) LvglThread.java>   wrapper 0x2c62c6a0 -> 2c62c6a0  
2026-08-27 02:23:54 INFO  (GhidraScript) LvglThread.java>   wrapper 0x2c62c6b0 -> 2c62c6b0  
2026-08-27 02:23:54 INFO  (GhidraScript) LvglThread.java>   wrapper 0x2c62c730 -> 2c62c730  
2026-08-27 02:23:54 INFO  (GhidraScript) LvglThread.java>   wrapper 0x2c62c770 -> 2c62c770  
2026-08-27 02:23:54 INFO  (GhidraScript) LvglThread.java>   wrapper 0x2c62c7e8 -> 2c62c7e8  
2026-08-27 02:23:54 INFO  (GhidraScript) LvglThread.java>   wrapper span 0x2c606ce8 .. 0x2c62c7e8  
2026-08-27 02:23:54 INFO  (GhidraScript) LvglThread.java>   
2026-08-27 02:23:54 INFO  (GhidraScript) LvglThread.java> == C. never-returning functions with a back edge (while(1) bodies) ==  
2026-08-27 02:23:54 INFO  (GhidraScript) LvglThread.java>   count = 118  
2026-08-27 02:23:54 INFO  (GhidraScript) LvglThread.java>   0x2c00647c size=702   callers=4   band=no  callees=0x2c013c4c  
2026-08-27 02:23:54 INFO  (GhidraScript) LvglThread.java>   0x2c00b384 size=42    callers=1   band=no  callees=0x2c007708 0x2c008498 0x2c008af4 0x2c008b54 0x2c00aebc 0x2c00b36c 0x2c013870  
2026-08-27 02:23:54 INFO  (GhidraScript) LvglThread.java>   0x2c00c094 size=420   callers=1   band=no  callees=0x2c009b20 0x2c00abe4 0x2c00aebc 0x2c00b160 0x2c00b1ac 0x2c00b250 0x2c00b36c 0x2c00b384 0x2c00b428 0x2c00b47c 0x2c00b4d4 0x2c00bc5c 0x2c00bccc 0x2c00be0c 0x2c00bf74 ...  
2026-08-27 02:23:54 INFO  (GhidraScript) LvglThread.java>   0x2c019ef4 size=186   callers=1   band=no  callees=  
2026-08-27 02:23:54 INFO  (GhidraScript) LvglThread.java>   0x2c01b404 size=2018  callers=1   band=no  callees=  
2026-08-27 02:23:54 INFO  (GhidraScript) LvglThread.java>   0x2c0217b8 size=2230  callers=1   band=no  callees=  
2026-08-27 02:23:54 INFO  (GhidraScript) LvglThread.java>   0x2c02381c size=458   callers=1   band=no  callees=  
2026-08-27 02:23:54 INFO  (GhidraScript) LvglThread.java>   0x2c0239f0 size=542   callers=0   band=no  callees=  
2026-08-27 02:23:54 INFO  (GhidraScript) LvglThread.java>   0x2c1361a4 size=404   callers=1   band=no  callees=0x2c134260 0x2c134f0c 0x2c13529c 0x2c1352b4 0x2c1353a0 0x2c135420 0x2c135458 0x2c135590 0x2c1355b4 0x2c135620 0x2c135678 0x2c135da4 0x2c135e14 0x2c135f50 0x2c13608c ...  
2026-08-27 02:23:54 INFO  (GhidraScript) LvglThread.java>   0x2c1363b4 size=1790  callers=0   band=no  callees=0x2c134f0c 0x2c13529c 0x2c1352b4 0x2c1353a0 0x2c135420 0x2c135458 0x2c135590 0x2c1355b4 0x2c135620 0x2c135678 0x2c135da4 0x2c135e14 0x2c135f50 0x2c13608c 0x2c13635c ...  
2026-08-27 02:23:54 INFO  (GhidraScript) LvglThread.java>   0x2c142474 size=36    callers=0   band=no  callees=  
2026-08-27 02:23:54 INFO  (GhidraScript) LvglThread.java>   0x2c2d48d4 size=80    callers=0   band=no  callees=  
2026-08-27 02:23:54 INFO  (GhidraScript) LvglThread.java>   0x2c2d5b90 size=56    callers=0   band=no  callees=  
2026-08-27 02:23:54 INFO  (GhidraScript) LvglThread.java>   0x2c46a680 size=1906  callers=1   band=no  callees=0x2c46a598 0x2c46a5bc 0x2c46bc5c 0x2c46c508 0x2c46c5e8 0x2c46c72c 0x2c46c768 0x2c46c8d8 0x2c669494 0x2c669588 0x2c66b60a 0x2c66b660 0x2c66c4fc 0x2c66c540 0x2c674668 ...  
2026-08-27 02:23:54 INFO  (GhidraScript) LvglThread.java>   0x2c47f118 size=102   callers=1   band=no  callees=  
2026-08-27 02:23:54 INFO  (GhidraScript) LvglThread.java>   0x2c48d3f2 size=324   callers=0   band=no  callees=0x2c48d300  
2026-08-27 02:23:54 INFO  (GhidraScript) LvglThread.java>   0x2c48e3e8 size=62    callers=47  band=no  callees=0x2c674268  
2026-08-27 02:23:54 INFO  (GhidraScript) LvglThread.java>   0x2c49fb3a size=272   callers=0   band=no  callees=  
2026-08-27 02:23:54 INFO  (GhidraScript) LvglThread.java>   0x2c4a7ba0 size=354   callers=0   band=no  callees=  
2026-08-27 02:23:54 INFO  (GhidraScript) LvglThread.java>   0x2c4ac670 size=122   callers=2   band=no  callees=0x2c4ac5f0 0x2c6444fc  
2026-08-27 02:23:54 INFO  (GhidraScript) LvglThread.java>   0x2c4af5fa size=542   callers=0   band=no  callees=0x2c4add48 0x2c4ae004 0x2c4ae148 0x2c4ae20c  
2026-08-27 02:23:54 INFO  (GhidraScript) LvglThread.java>   0x2c4b6804 size=628   callers=1   band=no  callees=0x2c4b6d30 0x2c4b6dc8 0x2c4b6e64 0x2c4b6fc4 0x2c4b7018 0x2c4b706c 0x2c4b70c0 0x2c4b7178 0x2c4b71dc 0x2c4b723c 0x2c673d68  
2026-08-27 02:23:54 INFO  (GhidraScript) LvglThread.java>   0x2c4b754c size=106   callers=1   band=no  callees=  
2026-08-27 02:23:54 INFO  (GhidraScript) LvglThread.java>   0x2c4c75b2 size=634   callers=0   band=no  callees=0x2c4c6710 0x2c673b08 0x2c6741e8  
2026-08-27 02:23:54 INFO  (GhidraScript) LvglThread.java>   0x2c4ce4e0 size=568   callers=2   band=no  callees=0x2c4d74d4  
2026-08-27 02:23:54 INFO  (GhidraScript) LvglThread.java>   0x2c4cede0 size=876   callers=0   band=no  callees=0x2c4d74d4 0x2c4d7598 0x2c4d766c 0x2c4d768c 0x2c4d76a8  
2026-08-27 02:23:54 INFO  (GhidraScript) LvglThread.java>   0x2c4d04da size=314   callers=0   band=no  callees=0x2c4cca80 0x2c4d7080 0x2c674268  
2026-08-27 02:23:54 INFO  (GhidraScript) LvglThread.java>   0x2c4d4ada size=46    callers=0   band=no  callees=0x2c4d74d4  
2026-08-27 02:23:54 INFO  (GhidraScript) LvglThread.java>   0x2c4d4b5c size=1108  callers=3   band=no  callees=0x2c4d74d4  
2026-08-27 02:23:54 INFO  (GhidraScript) LvglThread.java>   0x2c4d6f58 size=104   callers=0   band=no  callees=0x2c4d74d4 0x2c4d7598  
2026-08-27 02:23:54 INFO  (GhidraScript) LvglThread.java>   0x2c4d7746 size=96    callers=0   band=no  callees=  
2026-08-27 02:23:54 INFO  (GhidraScript) LvglThread.java>   0x2c4d8848 size=2530  callers=1   band=no  callees=  
2026-08-27 02:23:54 INFO  (GhidraScript) LvglThread.java>   0x2c4d9604 size=296   callers=1   band=no  callees=0x2c4d954c 0x2c4d95b0 0x2c4da7c0  
2026-08-27 02:23:54 INFO  (GhidraScript) LvglThread.java>   0x2c4d972c size=208   callers=0   band=no  callees=0x2c4d9db4  
2026-08-27 02:23:54 INFO  (GhidraScript) LvglThread.java>   0x2c4da6b4 size=42    callers=0   band=no  callees=  
2026-08-27 02:23:54 INFO  (GhidraScript) LvglThread.java>   0x2c4da7c0 size=264   callers=1   band=no  callees=0x2c4d94e8  
2026-08-27 02:23:54 INFO  (GhidraScript) LvglThread.java>   0x2c4dad9a size=922   callers=0   band=no  callees=0x2c4d74d4 0x2c4d7598 0x2c4d766c 0x2c674268  
2026-08-27 02:23:54 INFO  (GhidraScript) LvglThread.java>   0x2c4e3bb4 size=44    callers=1   band=no  callees=0x2c4e3b34  
2026-08-27 02:23:54 INFO  (GhidraScript) LvglThread.java>   0x2c4e4ff0 size=414   callers=1   band=no  callees=0x2c6741e8  
2026-08-27 02:23:54 INFO  (GhidraScript) LvglThread.java>   0x2c4e51a4 size=1946  callers=1   band=no  callees=0x2c666230 0x2c666d78 0x2c6670a0 0x2c6741e8  
2026-08-27 02:23:54 INFO  (GhidraScript) LvglThread.java>   0x2c4ee4d0 size=32    callers=0   band=no  callees=0x2b7ac4ec 0x2cf930e8  
2026-08-27 02:23:54 INFO  (GhidraScript) LvglThread.java>   0x2c4f2d00 size=114   callers=2   band=no  callees=0x2c4f2d00  
2026-08-27 02:23:54 INFO  (GhidraScript) LvglThread.java>   0x2c4f384c size=672   callers=5   band=no  callees=0x2c4f1588 0x2c4f1b28 0x2c4f2ab8 0x2c4f2bfc 0x2c4f3220  
2026-08-27 02:23:54 INFO  (GhidraScript) LvglThread.java>   0x2c50f9b8 size=620   callers=8   band=YES callees=0x2c50f11c 0x2c6033b4 0x2c60747c 0x2c62c0d8 0x2c62ca10 0x2c62ca20 0x2c62e838  
2026-08-27 02:23:54 INFO  (GhidraScript) LvglThread.java>   0x2c514bec size=184   callers=3   band=no  callees=0x2c511f90 0x2c512360 0x2c5125b8 0x2c5167a4 0x2c5167fc 0x2c51681c  
2026-08-27 02:23:54 INFO  (GhidraScript) LvglThread.java>   0x2c516126 size=98    callers=0   band=no  callees=0x2c5115bc 0x2c5115c0 0x2c516324 0x2c5166cc 0x2c62c82c  
2026-08-27 02:23:54 INFO  (GhidraScript) LvglThread.java>   0x2c51e44c size=86    callers=0   band=no  callees=0x2c62c82c  
2026-08-27 02:23:54 INFO  (GhidraScript) LvglThread.java>   0x2c52e9c0 size=76    callers=0   band=no  callees=0x2c472680  
2026-08-27 02:23:54 INFO  (GhidraScript) LvglThread.java>   0x2c530e58 size=144   callers=0   band=no  callees=0x2c47245c 0x2c48dea0 0x2c48e3b8 0x2c5315e0 0x2c5321c4  
2026-08-27 02:23:54 INFO  (GhidraScript) LvglThread.java>   0x2c53129c size=732   callers=0   band=no  callees=0x2c47245c 0x2c472680 0x2c530f1c 0x2c53159c 0x2c62c82c 0x2c674668  
2026-08-27 02:23:54 INFO  (GhidraScript) LvglThread.java>   0x2c5385f4 size=64    callers=1   band=no  callees=0x2c5361c4 0x2c64c9c4 0x2c64c9d6 0x2c64c9ee  
2026-08-27 02:23:54 INFO  (GhidraScript) LvglThread.java>   0x2c5512b8 size=386   callers=0   band=no  callees=0x2c47245c 0x2c54f538 0x2c674668  
2026-08-27 02:23:54 INFO  (GhidraScript) LvglThread.java>   0x2c5518bc size=608   callers=0   band=no  callees=  
2026-08-27 02:23:54 INFO  (GhidraScript) LvglThread.java>   0x2c557a0e size=74    callers=0   band=no  callees=  
2026-08-27 02:23:54 INFO  (GhidraScript) LvglThread.java>   0x2c55a1a0 size=654   callers=4   band=no  callees=0x2c47245c 0x2c472680 0x2c541e5c 0x2c557fc0 0x2c5580bc 0x2c5581ac 0x2c558840 0x2c64cdb4  
2026-08-27 02:23:54 INFO  (GhidraScript) LvglThread.java>   0x2c55a42e size=4272  callers=0   band=no  callees=0x2c4723c4 0x2c47245c 0x2c472680 0x2c541e5c 0x2c557f50 0x2c557fc0 0x2c5580bc 0x2c5581ac 0x2c558840 0x2c64cdb4 0x2c674668  
2026-08-27 02:23:54 INFO  (GhidraScript) LvglThread.java>   0x2c569308 size=66    callers=1   band=no  callees=0x2c63df78 0x2c64c9c4 0x2c64c9d6 0x2c64c9ee  
2026-08-27 02:23:54 INFO  (GhidraScript) LvglThread.java>   0x2c569360 size=66    callers=1   band=no  callees=0x2c63e030 0x2c64c9c4 0x2c64c9d6 0x2c64c9ee  
2026-08-27 02:23:54 INFO  (GhidraScript) LvglThread.java>   0x2c56ca64 size=146   callers=1   band=no  callees=0x2c472680 0x2c6043d8 0x2c64c9d2  
2026-08-27 02:23:54 INFO  (GhidraScript) LvglThread.java>   0x2c56ce26 size=140   callers=0   band=no  callees=0x2c673eb8 0x2c674668  
2026-08-27 02:23:54 INFO  (GhidraScript) LvglThread.java>   0x2c576d04 size=196   callers=0   band=no  callees=0x2c472680 0x2c52f5f4 0x2c576ad0  
2026-08-27 02:23:54 INFO  (GhidraScript) LvglThread.java>   0x2c578d2c size=80    callers=0   band=no  callees=0x2c5949f4 0x2c62c82c 0x2c64c9c4 0x2c64c9d6 0x2c64c9ee  
2026-08-27 02:23:54 INFO  (GhidraScript) LvglThread.java>   0x2c57e4f8 size=118   callers=0   band=no  callees=0x2c4723c4 0x2c47245c 0x2c57e018  
2026-08-27 02:23:54 INFO  (GhidraScript) LvglThread.java>   0x2c584c58 size=214   callers=0   band=no  callees=0x2c472680 0x2c58c558 0x2c58c608 0x2c58c9d8 0x2c64c9c4 0x2c64c9d6 0x2c64c9ee  
2026-08-27 02:23:54 INFO  (GhidraScript) LvglThread.java>   0x2c591218 size=466   callers=0   band=no  callees=0x2c472680 0x2c556ca0 0x2c58d598 0x2c58d6c0 0x2c58e14c 0x2c590f14 0x2c62c82c 0x2c66b624 0x2c674668  
2026-08-27 02:23:54 INFO  (GhidraScript) LvglThread.java>   0x2c5924cc size=178   callers=1   band=no  callees=0x2c5942ec 0x2c59431c 0x2c594324 0x2c5949f4 0x2c64c9c4 0x2c64c9d6 0x2c64c9ee  
2026-08-27 02:23:54 INFO  (GhidraScript) LvglThread.java>   0x2c5924fc size=114   callers=0   band=no  callees=0x2c58df6c 0x2c58e9f8 0x2c62c82c  
2026-08-27 02:23:54 INFO  (GhidraScript) LvglThread.java>   0x2c5925f8 size=78    callers=0   band=no  callees=0x2c62c82c  
2026-08-27 02:23:54 INFO  (GhidraScript) LvglThread.java>   0x2c592b00 size=1076  callers=1   band=no  callees=0x2c4723c4 0x2c47245c 0x2c472680 0x2c52f5f4 0x2c543d78 0x2c5561f0 0x2c58c9d8 0x2c58df6c 0x2c58e644 0x2c591d68 0x2c591dd8 0x2c591ec8 0x2c66c4ec 0x2c674268 0x2c674668 ...  
2026-08-27 02:23:54 INFO  (GhidraScript) LvglThread.java>   0x2c5958dc size=84    callers=1   band=no  callees=0x2c5949f4 0x2c62c82c 0x2c64c9c4 0x2c64c9d6 0x2c64c9ee  
2026-08-27 02:23:54 INFO  (GhidraScript) LvglThread.java>   0x2c59594c size=86    callers=1   band=no  callees=0x2c5949f4 0x2c62c82c 0x2c64c9c4 0x2c64c9d6 0x2c64c9ee  
2026-08-27 02:23:54 INFO  (GhidraScript) LvglThread.java>   0x2c595aac size=86    callers=1   band=no  callees=0x2c5949f4 0x2c62c82c 0x2c64c9c4 0x2c64c9d6 0x2c64c9ee  
2026-08-27 02:23:54 INFO  (GhidraScript) LvglThread.java>   0x2c59a6f4 size=90    callers=0   band=no  callees=0x2c62c82c 0x2c63b4b8  
2026-08-27 02:23:54 INFO  (GhidraScript) LvglThread.java>   0x2c59c5e4 size=306   callers=0   band=no  callees=0x2c59c5dc 0x2c64c9ce  
2026-08-27 02:23:54 INFO  (GhidraScript) LvglThread.java>   0x2c5aff78 size=50    callers=0   band=no  callees=0x2c5abf68 0x2c5ac178  
2026-08-27 02:23:54 INFO  (GhidraScript) LvglThread.java>   0x2c5b10b8 size=456   callers=2   band=YES callees=0x2c5afd38 0x2c5eba54 0x2c602454 0x2c6036dc 0x2c603a04 0x2c6041dc 0x2c6041fc 0x2c6043d8 0x2c60497c 0x2c606a10 0x2c606a28 0x2c606d30 0x2c606d3c 0x2c606d54 0x2c606d60 ...  
2026-08-27 02:23:54 INFO  (GhidraScript) LvglThread.java>   0x2c5b8bfc size=956   callers=0   band=YES callees=0x2c47245c 0x2c48e424 0x2c48e83c 0x2c48e84c 0x2c5b8a68 0x2c62be88 0x2c62c82c 0x2c6435c4 0x2c66c4ec 0x2c672b70 0x2c674268  
2026-08-27 02:23:54 INFO  (GhidraScript) LvglThread.java>   0x2c5bfa56 size=380   callers=0   band=no  callees=0x2c472680 0x2c5c0cec 0x2c5c0e60 0x2c64c9c4 0x2c64c9d6 0x2c64c9ee  
2026-08-27 02:23:54 INFO  (GhidraScript) LvglThread.java>   0x2c5bfc80 size=60    callers=0   band=no  callees=0x2c674668  
2026-08-27 02:23:54 INFO  (GhidraScript) LvglThread.java>   0x2c5c6cc4 size=128   callers=0   band=no  callees=0x2c5958dc 0x2c59594c 0x2c5c55d8 0x2c5c5a38 0x2c5c5b3c 0x2c62c82c 0x2c66b624  
2026-08-27 02:23:54 INFO  (GhidraScript) LvglThread.java>   0x2c5cdd20 size=126   callers=0   band=no  callees=0x2c673eb8 0x2c674668  
2026-08-27 02:23:54 INFO  (GhidraScript) LvglThread.java>   0x2c5ce90a size=46    callers=0   band=no  callees=0x2c66960c  
2026-08-27 02:23:54 INFO  (GhidraScript) LvglThread.java>   0x2c5d7570 size=122   callers=0   band=no  callees=0x2c48e5b4 0x2c48e738 0x2c5d73dc 0x2c5dcca4 0x2c62c82c  
2026-08-27 02:23:54 INFO  (GhidraScript) LvglThread.java>   0x2c5de488 size=292   callers=6   band=no  callees=0x2c472680 0x2c5ddc98 0x2c5de330 0x2c66b624  
2026-08-27 02:23:54 INFO  (GhidraScript) LvglThread.java>   0x2c5dff30 size=142   callers=1   band=no  callees=0x2c5df27c 0x2c5dfbc0 0x2c5dfde4 0x2c62c82c  
2026-08-27 02:23:54 INFO  (GhidraScript) LvglThread.java>   0x2c5ebf7c size=64    callers=1   band=no  callees=0x2c5e8de4 0x2c5ebdc4  
2026-08-27 02:23:54 INFO  (GhidraScript) LvglThread.java>   0x2c5ebfc0 size=88    callers=1   band=no  callees=0x2c5e8de4 0x2c5e8f58 0x2c5ebdc4  
2026-08-27 02:23:54 INFO  (GhidraScript) LvglThread.java>   0x2c5f4e70 size=194   callers=2   band=no  callees=0x2c5fa100 0x2c66b60a  
2026-08-27 02:23:54 INFO  (GhidraScript) LvglThread.java>   0x2c5f545c size=124   callers=3   band=no  callees=0x2c5f7ad4 0x2c5fb8a0 0x2c5fb8f8 0x2c5fb994  
2026-08-27 02:23:54 INFO  (GhidraScript) LvglThread.java>   0x2c5f7944 size=80    callers=0   band=no  callees=0x2c5fb998  
2026-08-27 02:23:54 INFO  (GhidraScript) LvglThread.java>   0x2c603eb8 size=236   callers=1   band=YES callees=0x2c62b108  
2026-08-27 02:23:54 INFO  (GhidraScript) LvglThread.java>   0x2c604b28 size=206   callers=4   band=YES callees=0x2c6033b4 0x2c60460c 0x2c6046d8 0x2c608c7c  
2026-08-27 02:23:54 INFO  (GhidraScript) LvglThread.java>   0x2c609196 size=1108  callers=0   band=YES callees=0x2c602340 0x2c6041d4 0x2c604a04 0x2c604a14 0x2c604a20 0x2c604a44 0x2c604a50 0x2c605068 0x2c605090 0x2c606b94 0x2c608cbc 0x2c608dec 0x2c608f1c 0x2c62a624  
2026-08-27 02:23:54 INFO  (GhidraScript) LvglThread.java>   0x2c60a5d0 size=428   callers=0   band=YES callees=0x2c61314c 0x2c613e5c 0x2c614414 0x2c6144a0  
2026-08-27 02:23:54 INFO  (GhidraScript) LvglThread.java>   0x2c60ab7c size=710   callers=0   band=YES callees=0x2c61319c 0x2c613e5c 0x2c6144a0 0x2c62a6b4 0x2c62e208  
2026-08-27 02:23:54 INFO  (GhidraScript) LvglThread.java>   0x2c60f7a8 size=414   callers=0   band=YES callees=0x2c62a6b4 0x2c62bf1c  
2026-08-27 02:23:54 INFO  (GhidraScript) LvglThread.java>   0x2c613762 size=220   callers=0   band=YES callees=0x2c62c3b0  
2026-08-27 02:23:54 INFO  (GhidraScript) LvglThread.java>   0x2c6167f4 size=50    callers=0   band=no  callees=0x2c62ca28  
2026-08-27 02:23:54 INFO  (GhidraScript) LvglThread.java>   0x2c61d868 size=2360  callers=1   band=YES callees=0x2c62a470 0x2c62a47c 0x2c62a4c4 0x2c62ae04 0x2c62b03c 0x2c62be88 0x2c62c6a0 0x2c62c6d0 0x2c62c6d8 0x2c62c6e0 0x2c62c6e8 0x2c62c6f0 0x2c62c6f8 0x2c62c700 0x2c62c708 ...  
2026-08-27 02:23:54 INFO  (GhidraScript) LvglThread.java>   0x2c622734 size=54    callers=0   band=no  callees=  
2026-08-27 02:23:54 INFO  (GhidraScript) LvglThread.java>   0x2c634b52 size=66    callers=0   band=no  callees=0x2c5ff4d8 0x2c5ff4e4 0x2c602340  
2026-08-27 02:23:54 INFO  (GhidraScript) LvglThread.java>   0x2c63f0a8 size=202   callers=3   band=no  callees=0x2c48ef34 0x2c48f2d4 0x2c63ef20 0x2c64078c 0x2c640a50 0x2c640dc0  
2026-08-27 02:23:54 INFO  (GhidraScript) LvglThread.java>   0x2c64447c size=40    callers=3   band=no  callees=  
2026-08-27 02:23:54 INFO  (GhidraScript) LvglThread.java>   0x2c64e54c size=448   callers=0   band=no  callees=0x2c64e3e6 0x2c64e410  
2026-08-27 02:23:54 INFO  (GhidraScript) LvglThread.java>   0x2c65a4e4 size=304   callers=1   band=no  callees=0x2c659c12 0x2c659cfe 0x2c659d1a 0x2c65a49c  
2026-08-27 02:23:54 INFO  (GhidraScript) LvglThread.java>   0x2c65c7b8 size=454   callers=0   band=no  callees=0x2c6510f6 0x2c651292 0x2c652d58 0x2c652d76 0x2c652d9a 0x2c658fa0 0x2c65a49c  
2026-08-27 02:23:54 INFO  (GhidraScript) LvglThread.java>   0x2c65d3c6 size=244   callers=0   band=no  callees=0x2c6510f6 0x2c651292 0x2c652d58 0x2c652d9a 0x2c658fa0 0x2c672ae8  
2026-08-27 02:23:54 INFO  (GhidraScript) LvglThread.java>   0x2c660aba size=244   callers=1   band=no  callees=0x2c65fe28 0x2c65fe52 0x2c660988  
2026-08-27 02:23:54 INFO  (GhidraScript) LvglThread.java>   0x2c66bb40 size=148   callers=0   band=no  callees=0x2c66d654  
2026-08-27 02:23:54 INFO  (GhidraScript) LvglThread.java>   0x2c66cda2 size=1220  callers=0   band=no  callees=0x2c66c60c 0x2c6706e0 0x2c670760 0x2c670968 0x2c670994 0x2c670ae4 0x2c670b98 0x2c670c78 0x2c670cb0 0x2c670dd0 0x2c670ec4 0x2c670f7c 0x2c6729ec 0x2c672b40 0x2c674668 ...  
2026-08-27 02:23:54 INFO  (GhidraScript) LvglThread.java>   0x2c66f3cc size=1324  callers=0   band=no  callees=0x2c670760 0x2c6707a4 0x2c6708c8 0x2c670968 0x2c670994 0x2c670ae4 0x2c670b98 0x2c670c78  
2026-08-27 02:23:54 INFO  (GhidraScript) LvglThread.java>   0x2c66f950 size=654   callers=0   band=no  callees=0x2c66f008 0x2c6706e0 0x2c670760 0x2c6707a4 0x2c670b98 0x2c670c78 0x2c670cb0 0x2c674668  
2026-08-27 02:23:54 INFO  (GhidraScript) LvglThread.java>   0x2c671178 size=354   callers=3   band=no  callees=0x2c643680 0x2c669c14 0x2c6710c2  
2026-08-27 02:23:54 INFO  (GhidraScript) LvglThread.java>   0x2c67142c size=168   callers=1   band=no  callees=0x2c6813f2  
2026-08-27 02:23:54 INFO  (GhidraScript) LvglThread.java>   0x2c6717d8 size=452   callers=1   band=no  callees=0x2c643680 0x2c6719ec 0x2c67d650  
2026-08-27 02:23:54 INFO  (GhidraScript) LvglThread.java>   0x2c671d74 size=922   callers=0   band=no  callees=0x2c668520 0x2c669c14 0x2c6710c2 0x2c671b48  
2026-08-27 02:23:54 INFO  (GhidraScript) LvglThread.java>   0x2c6720cc size=352   callers=0   band=no  callees=0x2c669b3c 0x2c6710c2  
2026-08-27 02:23:54 INFO  (GhidraScript) LvglThread.java>   0x2c672442 size=542   callers=0   band=no  callees=0x2c6710c2  
2026-08-27 02:23:54 INFO  (GhidraScript) LvglThread.java>   
2026-08-27 02:23:54 INFO  (GhidraScript) LvglThread.java> == D. LVGL-band functions with exactly one caller, caller loops ==  
2026-08-27 02:23:54 INFO  (GhidraScript) LvglThread.java>   callee 0x2c5e70b0 size=224    <- caller 0x2c5b3c98 size=550   noRet=false  
2026-08-27 02:23:54 INFO  (GhidraScript) LvglThread.java>   callee 0x2c5e73f8 size=206    <- caller 0x2c5e7b34 size=710   noRet=false  
2026-08-27 02:23:54 INFO  (GhidraScript) LvglThread.java>   callee 0x2c5e7538 size=286    <- caller 0x2c5c90e4 size=868   noRet=false  
2026-08-27 02:23:54 INFO  (GhidraScript) LvglThread.java>   callee 0x2c5e7b34 size=710    <- caller 0x2c5c90e4 size=868   noRet=false  
2026-08-27 02:23:54 INFO  (GhidraScript) LvglThread.java>   callee 0x2c5e8e7c size=314    <- caller 0x2c5bd528 size=292   noRet=false  
2026-08-27 02:23:54 INFO  (GhidraScript) LvglThread.java>   callee 0x2c5ebb8c size=156    <- caller 0x2c58c664 size=2286  noRet=false  
2026-08-27 02:23:54 INFO  (GhidraScript) LvglThread.java>   callee 0x2c5ee110 size=326    <- caller 0x2c5de678 size=116   noRet=false  
2026-08-27 02:23:54 INFO  (GhidraScript) LvglThread.java>   callee 0x2c5ee43c size=302    <- caller 0x2c5de6f0 size=166   noRet=false  
2026-08-27 02:23:54 INFO  (GhidraScript) LvglThread.java>   callee 0x2c5f03f4 size=234    <- caller 0x2c5f54d4 size=802   noRet=false  
2026-08-27 02:23:54 INFO  (GhidraScript) LvglThread.java>   callee 0x2c5f07d4 size=150    <- caller 0x2c5f7ad4 size=5098  noRet=false  
2026-08-27 02:23:54 INFO  (GhidraScript) LvglThread.java>   callee 0x2c5f0ce8 size=150    <- caller 0x2c5f7ad4 size=5098  noRet=false  
2026-08-27 02:23:54 INFO  (GhidraScript) LvglThread.java>   callee 0x2c5f118c size=404    <- caller 0x2c5f6f50 size=818   noRet=false  
2026-08-27 02:23:54 INFO  (GhidraScript) LvglThread.java>   callee 0x2c5f50e4 size=140    <- caller 0x2c5f5938 size=3108  noRet=false  
2026-08-27 02:23:54 INFO  (GhidraScript) LvglThread.java>   callee 0x2c5f53dc size=196    <- caller 0x2c5f6de4 size=60    noRet=false  
2026-08-27 02:23:54 INFO  (GhidraScript) LvglThread.java>   callee 0x2c5f583c size=232    <- caller 0x2c5f5938 size=3108  noRet=false  
2026-08-27 02:23:54 INFO  (GhidraScript) LvglThread.java>   callee 0x2c5f6f50 size=818    <- caller 0x2c5f7ad4 size=5098  noRet=false  
2026-08-27 02:23:54 INFO  (GhidraScript) LvglThread.java>   callee 0x2c5f7280 size=920    <- caller 0x2c5f7ad4 size=5098  noRet=false  
2026-08-27 02:23:54 INFO  (GhidraScript) LvglThread.java>   callee 0x2c5f76c4 size=370    <- caller 0x2c5f904c size=780   noRet=false  
2026-08-27 02:23:54 INFO  (GhidraScript) LvglThread.java>   callee 0x2c5f7ad4 size=5098   <- caller 0x2c5f545c size=124   noRet=true  
2026-08-27 02:23:54 INFO  (GhidraScript) LvglThread.java>   callee 0x2c5f904c size=780    <- caller 0x2c5f52a4 size=140   noRet=false  
2026-08-27 02:23:54 INFO  (GhidraScript) LvglThread.java>   callee 0x2c5f960c size=786    <- caller 0x2c5f5938 size=3108  noRet=false  
2026-08-27 02:23:54 INFO  (GhidraScript) LvglThread.java>   callee 0x2c5f9924 size=456    <- caller 0x2c5f5938 size=3108  noRet=false  
2026-08-27 02:23:54 INFO  (GhidraScript) LvglThread.java>   callee 0x2c5f9f08 size=286    <- caller 0x2c5f5938 size=3108  noRet=false  
2026-08-27 02:23:54 INFO  (GhidraScript) LvglThread.java>   callee 0x2c5fa100 size=260    <- caller 0x2c5f4e70 size=194   noRet=true  
2026-08-27 02:23:54 INFO  (GhidraScript) LvglThread.java>   callee 0x2c5fa21c size=204    <- caller 0x2c5fb9e0 size=138   noRet=false  
2026-08-27 02:23:54 INFO  (GhidraScript) LvglThread.java>   callee 0x2c5fa348 size=3698   <- caller 0x2c5f7ad4 size=5098  noRet=false  
2026-08-27 02:23:54 INFO  (GhidraScript) LvglThread.java>   callee 0x2c5fb510 size=358    <- caller 0x2c5fb510 size=358   noRet=false  
2026-08-27 02:23:54 INFO  (GhidraScript) LvglThread.java>   callee 0x2c5fb768 size=162    <- caller 0x2c5f6de4 size=60    noRet=false  
2026-08-27 02:23:54 INFO  (GhidraScript) LvglThread.java>   callee 0x2c5fb8f8 size=134    <- caller 0x2c5f545c size=124   noRet=true  
2026-08-27 02:23:54 INFO  (GhidraScript) LvglThread.java>   callee 0x2c5fbaa4 size=168    <- caller 0x2c5f904c size=780   noRet=false  
2026-08-27 02:23:54 INFO  (GhidraScript) LvglThread.java>   callee 0x2c5fbb60 size=238    <- caller 0x2c5f7ad4 size=5098  noRet=false  
2026-08-27 02:23:54 INFO  (GhidraScript) LvglThread.java>   callee 0x2c5fd510 size=186    <- caller 0x2c511ef0 size=126   noRet=false  
2026-08-27 02:23:54 INFO  (GhidraScript) LvglThread.java>   callee 0x2c5ff4ec size=168    <- caller 0x2c604248 size=322   noRet=false  
2026-08-27 02:23:54 INFO  (GhidraScript) LvglThread.java>   callee 0x2c600ac0 size=218    <- caller 0x2c639164 size=198   noRet=false  
2026-08-27 02:23:54 INFO  (GhidraScript) LvglThread.java>   callee 0x2c600c44 size=134    <- caller 0x2c600c44 size=134   noRet=false  
2026-08-27 02:23:54 INFO  (GhidraScript) LvglThread.java>   callee 0x2c60125c size=298    <- caller 0x2c60138c size=840   noRet=false  
2026-08-27 02:23:54 INFO  (GhidraScript) LvglThread.java>   callee 0x2c6019b8 size=404    <- caller 0x2c6078f0 size=112   noRet=false  
2026-08-27 02:23:54 INFO  (GhidraScript) LvglThread.java>   callee 0x2c60322c size=166    <- caller 0x2c603cfc size=368   noRet=false  
2026-08-27 02:23:54 INFO  (GhidraScript) LvglThread.java>   callee 0x2c603cfc size=368    <- caller 0x2c6061ec size=640   noRet=false  
2026-08-27 02:23:54 INFO  (GhidraScript) LvglThread.java>   callee 0x2c603eb8 size=236    <- caller 0x2c6061ec size=640   noRet=false  
2026-08-27 02:23:54 INFO  (GhidraScript) LvglThread.java>   callee 0x2c606e98 size=150    <- caller 0x2c607654 size=110   noRet=false  
2026-08-27 02:23:54 INFO  (GhidraScript) LvglThread.java>   callee 0x2c607b48 size=1148   <- caller 0x2c608744 size=176   noRet=false  
2026-08-27 02:23:54 INFO  (GhidraScript) LvglThread.java>   callee 0x2c607f9c size=138    <- caller 0x2c60802c size=1410  noRet=false  
2026-08-27 02:23:54 INFO  (GhidraScript) LvglThread.java>   callee 0x2c60a540 size=144    <- caller 0x2c60a780 size=852   noRet=false  
2026-08-27 02:23:54 INFO  (GhidraScript) LvglThread.java>   callee 0x2c60b2f8 size=492    <- caller 0x2c60c244 size=2924  noRet=false  
2026-08-27 02:23:54 INFO  (GhidraScript) LvglThread.java>   callee 0x2c60bb78 size=508    <- caller 0x2c60c244 size=2924  noRet=false  
2026-08-27 02:23:54 INFO  (GhidraScript) LvglThread.java>   callee 0x2c610588 size=262    <- caller 0x2c610690 size=698   noRet=false  
2026-08-27 02:23:54 INFO  (GhidraScript) LvglThread.java>   callee 0x2c610690 size=698    <- caller 0x2c60b4e4 size=1054  noRet=false  
2026-08-27 02:23:54 INFO  (GhidraScript) LvglThread.java>   callee 0x2c611d2c size=234    <- caller 0x2c639778 size=216   noRet=false  
2026-08-27 02:23:54 INFO  (GhidraScript) LvglThread.java>   callee 0x2c611e18 size=320    <- caller 0x2c639778 size=216   noRet=false  
2026-08-27 02:23:54 INFO  (GhidraScript) LvglThread.java>   callee 0x2c612898 size=216    <- caller 0x2c6132c8 size=88    noRet=false  
2026-08-27 02:23:54 INFO  (GhidraScript) LvglThread.java>   callee 0x2c613670 size=276    <- caller 0x2c613b8c size=720   noRet=false  
2026-08-27 02:23:54 INFO  (GhidraScript) LvglThread.java>   callee 0x2c614414 size=136    <- caller 0x2c60a5d0 size=428   noRet=true  
2026-08-27 02:23:54 INFO  (GhidraScript) LvglThread.java>   callee 0x2c61495c size=172    <- caller 0x2c6389d8 size=1804  noRet=false  
2026-08-27 02:23:54 INFO  (GhidraScript) LvglThread.java>   callee 0x2c6155cc size=222    <- caller 0x2c6156e6 size=380   noRet=false  
2026-08-27 02:23:54 INFO  (GhidraScript) LvglThread.java>   callee 0x2c615c44 size=806    <- caller 0x2c616ad4 size=4126  noRet=false  
2026-08-27 02:23:54 INFO  (GhidraScript) LvglThread.java>   callee 0x2c615f78 size=974    <- caller 0x2c616ad4 size=4126  noRet=false  
2026-08-27 02:23:54 INFO  (GhidraScript) LvglThread.java>   callee 0x2c616410 size=210    <- caller 0x2c617d00 size=144   noRet=false  
2026-08-27 02:23:54 INFO  (GhidraScript) LvglThread.java>   callee 0x2c6164e4 size=436    <- caller 0x2c616ad4 size=4126  noRet=false  
2026-08-27 02:23:54 INFO  (GhidraScript) LvglThread.java>   callee 0x2c61669c size=388    <- caller 0x2c616854 size=631   noRet=false  
2026-08-27 02:23:54 INFO  (GhidraScript) LvglThread.java>   callee 0x2c616854 size=631    <- caller 0x2c616ad4 size=4126  noRet=false  
2026-08-27 02:23:54 INFO  (GhidraScript) LvglThread.java>   callee 0x2c6173f8 size=360    <- caller 0x2c627228 size=728   noRet=false  
2026-08-27 02:23:54 INFO  (GhidraScript) LvglThread.java>   callee 0x2c617f84 size=142    <- caller 0x2c60802c size=1410  noRet=false  
2026-08-27 02:23:54 INFO  (GhidraScript) LvglThread.java>   callee 0x2c619aa4 size=230    <- caller 0x2c619b8c size=156   noRet=false  
2026-08-27 02:23:54 INFO  (GhidraScript) LvglThread.java>   callee 0x2c61d868 size=2360   <- caller 0x2c62a2f8 size=344   noRet=false  
2026-08-27 02:23:54 INFO  (GhidraScript) LvglThread.java>   callee 0x2c621554 size=298    <- caller 0x2c624090 size=2672  noRet=false  
2026-08-27 02:23:54 INFO  (GhidraScript) LvglThread.java>   callee 0x2c6218e4 size=140    <- caller 0x2c624090 size=2672  noRet=false  
2026-08-27 02:23:54 INFO  (GhidraScript) LvglThread.java>   callee 0x2c6223f8 size=152    <- caller 0x2c622e8c size=2354  noRet=false  
2026-08-27 02:23:54 INFO  (GhidraScript) LvglThread.java>   callee 0x2c622564 size=414    <- caller 0x2c624090 size=2672  noRet=false  
2026-08-27 02:23:54 INFO  (GhidraScript) LvglThread.java>   callee 0x2c622e8c size=2354   <- caller 0x2c6237e4 size=274   noRet=false  
2026-08-27 02:23:54 INFO  (GhidraScript) LvglThread.java>   callee 0x2c6237e4 size=274    <- caller 0x2c623904 size=152   noRet=false  
2026-08-27 02:23:54 INFO  (GhidraScript) LvglThread.java>   callee 0x2c625b00 size=222    <- caller 0x2c62603e size=2730  noRet=false  
2026-08-27 02:23:54 INFO  (GhidraScript) LvglThread.java>   callee 0x2c625f8c size=178    <- caller 0x2c626d14 size=288   noRet=false  
2026-08-27 02:23:54 INFO  (GhidraScript) LvglThread.java>   callee 0x2c627144 size=174    <- caller 0x2c627514 size=2164  noRet=false  
2026-08-27 02:23:54 INFO  (GhidraScript) LvglThread.java>   callee 0x2c627228 size=728    <- caller 0x2c627514 size=2164  noRet=false  
2026-08-27 02:23:54 INFO  (GhidraScript) LvglThread.java>   callee 0x2c62992c size=262    <- caller 0x2c629aa4 size=368   noRet=false  
2026-08-27 02:23:54 INFO  (GhidraScript) LvglThread.java>   callee 0x2c629c2c size=202    <- caller 0x2c629d00 size=188   noRet=false  
2026-08-27 02:23:54 INFO  (GhidraScript) LvglThread.java>   callee 0x2c62af34 size=238    <- caller 0x2c6032d4 size=194   noRet=false  
2026-08-27 02:23:55 INFO  (GhidraScript) LvglThread.java>   callee 0x2c62ed70 size=224    <- caller 0x2c60802c size=1410  noRet=false  
2026-08-27 02:23:55 INFO  (GhidraScript) LvglThread.java>   callee 0x2c630880 size=140    <- caller 0x2c630c30 size=248   noRet=false  
2026-08-27 02:23:55 INFO  (GhidraScript) LvglThread.java>   callee 0x2c631810 size=1256   <- caller 0x2c631d04 size=606   noRet=false  
2026-08-27 02:23:55 INFO  (GhidraScript) LvglThread.java>   callee 0x2c6340f4 size=310    <- caller 0x2c634864 size=242   noRet=false  
2026-08-27 02:23:55 INFO  (GhidraScript) LvglThread.java>   callee 0x2c634864 size=242    <- caller 0x2c634958 size=1994  noRet=false  
2026-08-27 02:23:55 INFO  (GhidraScript) LvglThread.java>   callee 0x2c635da8 size=680    <- caller 0x2c61bcd8 size=326   noRet=false  
2026-08-27 02:23:55 INFO  (GhidraScript) LvglThread.java>   callee 0x2c637138 size=156    <- caller 0x2c627514 size=2164  noRet=false  
2026-08-27 02:23:55 INFO  (GhidraScript) LvglThread.java>   callee 0x2c637598 size=652    <- caller 0x2c637b3c size=1992  noRet=false  
2026-08-27 02:23:55 INFO  (GhidraScript) LvglThread.java>   callee 0x2c6389d8 size=1804   <- caller 0x2c639164 size=198   noRet=false  
2026-08-27 02:23:55 INFO  (GhidraScript) LvglThread.java>   callee 0x2c63e954 size=254    <- caller 0x2c5d6608 size=504   noRet=false  
2026-08-27 02:23:55 INFO  (GhidraScript) LvglThread.java>   callee 0x2c63faf0 size=196    <- caller 0x2c64129c size=132   noRet=false  
2026-08-27 02:23:55 INFO  (GhidraScript) LvglThread.java>   callee 0x2c641abc size=362    <- caller 0x2c641ef4 size=762   noRet=false  
2026-08-27 02:23:55 INFO  (GhidraScript) LvglThread.java>   callee 0x2c645190 size=140    <- caller 0x2c644324 size=94    noRet=false  
2026-08-27 02:23:55 INFO  (GhidraScript) LvglThread.java>   callee 0x2c647930 size=768    <- caller 0x2c647c80 size=66    noRet=false  
2026-08-27 02:23:55 INFO  (GhidraScript) LvglThread.java>   callee 0x2c647cd0 size=682    <- caller 0x2c6481b0 size=248   noRet=false  
2026-08-27 02:23:55 INFO  (GhidraScript) LvglThread.java>   callee 0x2c6484d0 size=148    <- caller 0x2c6481b0 size=248   noRet=false  
2026-08-27 02:23:55 INFO  (GhidraScript) LvglThread.java>   callee 0x2c64e740 size=222    <- caller 0x2c64ed20 size=48    noRet=false  
2026-08-27 02:23:55 INFO  (GhidraScript) LvglThread.java>   callee 0x2c64e8fc size=150    <- caller 0x2c64eb60 size=132   noRet=false  
2026-08-27 02:23:55 INFO  (GhidraScript) LvglThread.java>   callee 0x2c650874 size=146    <- caller 0x2c6558c0 size=134   noRet=false  
2026-08-27 02:23:55 INFO  (GhidraScript) LvglThread.java>   callee 0x2c650b64 size=146    <- caller 0x2c655bf4 size=134   noRet=false  
2026-08-27 02:23:55 INFO  (GhidraScript) LvglThread.java>   callee 0x2c651c5c size=298    <- caller 0x2c651eb4 size=108   noRet=false  
2026-08-27 02:23:55 INFO  (GhidraScript) LvglThread.java>   callee 0x2c652e62 size=364    <- caller 0x2c653130 size=1400  noRet=false  
2026-08-27 02:23:55 INFO  (GhidraScript) LvglThread.java>   callee 0x2c656ce2 size=368    <- caller 0x2c656fb8 size=1392  noRet=false  
2026-08-27 02:23:55 INFO  (GhidraScript) LvglThread.java>   callee 0x2c65a4e4 size=304    <- caller 0x2c65a64a size=252   noRet=false  
2026-08-27 02:23:55 INFO  (GhidraScript) LvglThread.java>   callee 0x2c65b0d0 size=364    <- caller 0x2c65b39c size=1400  noRet=false  
2026-08-27 02:23:55 INFO  (GhidraScript) LvglThread.java>   callee 0x2c65bef8 size=852    <- caller 0x2c65c286 size=432   noRet=false  
2026-08-27 02:23:55 INFO  (GhidraScript) LvglThread.java>   callee 0x2c65dd48 size=994    <- caller 0x2c65e140 size=126   noRet=false  
2026-08-27 02:23:55 INFO  (GhidraScript) LvglThread.java>   callee 0x2c65ecf0 size=244    <- caller 0x2c6527b0 size=556   noRet=false  
2026-08-27 02:23:55 INFO  (GhidraScript) LvglThread.java>   callee 0x2c660aba size=244    <- caller 0x2c660c2a size=238   noRet=false  
2026-08-27 02:23:55 INFO  (GhidraScript) LvglThread.java>   callee 0x2c6616d4 size=366    <- caller 0x2c6619ac size=1392  noRet=false  
2026-08-27 02:23:55 INFO  (GhidraScript) LvglThread.java>   callee 0x2c6624d0 size=818    <- caller 0x2c66283e size=434   noRet=false  
2026-08-27 02:23:55 INFO  (GhidraScript) LvglThread.java>   callee 0x2c664bbc size=264    <- caller 0x2c65661c size=560   noRet=false  
2026-08-27 02:23:55 INFO  (GhidraScript) LvglThread.java>   callee 0x2c6656d8 size=148    <- caller 0x2c65e140 size=126   noRet=false  
2026-08-27 02:23:55 INFO  (GhidraScript) LvglThread.java>   callee 0x2c666588 size=1464   <- caller 0x2c46fdb0 size=238   noRet=false  
2026-08-27 02:23:55 INFO  (GhidraScript) LvglThread.java>   callee 0x2c6688d8 size=130    <- caller 0x2c668868 size=108   noRet=false  
2026-08-27 02:23:55 INFO  (GhidraScript) LvglThread.java>   callee 0x2c6690f4 size=332    <- caller 0x2c651d74 size=74    noRet=false  
2026-08-27 02:23:55 INFO  (GhidraScript) LvglThread.java>   callee 0x2c66962c size=426    <- caller 0x2c6697dc size=806   noRet=false  
2026-08-27 02:23:55 INFO  (GhidraScript) LvglThread.java>   callee 0x2c669fb0 size=164    <- caller 0x2c66a0d0 size=1050  noRet=false  
2026-08-27 02:23:55 INFO  (GhidraScript) LvglThread.java>   callee 0x2c66a838 size=644    <- caller 0x2c6714d4 size=316   noRet=false  
2026-08-27 02:23:55 INFO  (GhidraScript) LvglThread.java>   callee 0x2c66ee38 size=180    <- caller 0x2c64c9c4 size=34    noRet=false  
2026-08-27 02:23:55 INFO  (GhidraScript) LvglThread.java>   callee 0x2c66f008 size=290    <- caller 0x2c66f950 size=654   noRet=true  
2026-08-27 02:23:55 INFO  (GhidraScript) LvglThread.java>   callee 0x2c66fc0c size=132    <- caller 0x2c66fcc8 size=116   noRet=false  
2026-08-27 02:23:55 INFO  (GhidraScript) LvglThread.java>   callee 0x2c66fd14 size=130    <- caller 0x2c66fdd4 size=126   noRet=false  
2026-08-27 02:23:55 INFO  (GhidraScript) LvglThread.java>   callee 0x2c66fe48 size=162    <- caller 0x2c66ff14 size=1146  noRet=false  
2026-08-27 02:23:55 INFO  (GhidraScript) LvglThread.java>   callee 0x2c66ff14 size=1146   <- caller 0x2c66c640 size=1146  noRet=false  
2026-08-27 02:23:55 INFO  (GhidraScript) LvglThread.java>   callee 0x2c6703ec size=312    <- caller 0x2c66c640 size=1146  noRet=false  
2026-08-27 02:23:55 INFO  (GhidraScript) LvglThread.java>   callee 0x2c671724 size=174    <- caller 0x2c6714d4 size=316   noRet=false  
2026-08-27 02:23:55 INFO  (GhidraScript) LvglThread.java>   callee 0x2c6717d8 size=452    <- caller 0x2c6714d4 size=316   noRet=false  
2026-08-27 02:23:55 INFO  (GhidraScript) LvglThread.java>   callee 0x2c671b48 size=204    <- caller 0x2c671d74 size=922   noRet=true  
2026-08-27 02:23:55 INFO  (GhidraScript) LvglThread.java>   callee 0x2c671c18 size=218    <- caller 0x2c671a5c size=100   noRet=false  
2026-08-27 02:23:55 INFO  (GhidraScript) LvglThread.java>   
2026-08-27 02:23:55 INFO  (GhidraScript) LvglThread.java> == E. dumps ==  
2026-08-27 02:23:55 WARN  (DecompileCallback) Decompiling 2c499270, pcode error at 2c499284: Unable to resolve constructor at 2c499284  
2026-08-27 02:23:55 INFO  (GhidraScript) LvglThread.java>   dumped 1 functions to /Users/bimap/Documents/Coding/SmartGlasses/Reverse/firmware/analysis/rtos/lvgl/disasm  
2026-08-27 02:23:55 INFO  (HeadlessAnalyzer) REPORT: Save succeeded for processed file: /platform_tester.bin  
2026-08-27 02:24:28 INFO  (LoggingInitialization) Using log config file: jar:file:/opt/homebrew/Cellar/ghidra/12.1.3/libexec/Ghidra/Framework/Generic/lib/Generic.jar!/generic.log4j.xml  
2026-08-27 02:24:28 INFO  (LoggingInitialization) Using log file: /Users/bimap/Documents/Coding/SmartGlasses/Reverse/firmware/analysis/rtos/lvgl/disasm/script.log  
2026-08-27 02:24:28 DEBUG (GhidraObjectInputFilter) Including serial input filter: FileSystem/data/client.rmi.serial.filter  
2026-08-27 02:24:28 INFO  (Preferences) Loading user preferences: /Users/bimap/Library/ghidra/ghidra_12.1.3_PUBLIC/preferences  
2026-08-27 02:24:28 INFO  (ClassSearcher) Searching for classes...  
2026-08-27 02:24:28 INFO  (ClassSearcher) Class search complete (432 ms)  
2026-08-27 02:24:28 INFO  (DefaultSSLContextInitializer) Initializing SSL Context  
2026-08-27 02:24:28 INFO  (SecureRandomFactory) Initializing Random Number Generator...  
2026-08-27 02:24:28 INFO  (SecureRandomFactory) Random Number Generator initialization complete: NativePRNGNonBlocking  
2026-08-27 02:24:28 INFO  (DefaultTrustManagerFactory) Trust manager disabled, cacerts have not been set  
2026-08-27 02:24:29 INFO  (AnalyzeHeadless) Headless startup complete (1897 ms)  
2026-08-27 02:24:29 INFO  (ClassSearcher) Class searcher loaded 59 extension points (20 false positives)  
2026-08-27 02:24:29 INFO  (HeadlessAnalyzer) HEADLESS Script Paths:
    /opt/homebrew/Cellar/ghidra/12.1.3/libexec/Ghidra/Processors/8051/ghidra_scripts
    /opt/homebrew/Cellar/ghidra/12.1.3/libexec/Ghidra/Debug/Debugger-rmi-trace/ghidra_scripts
    /opt/homebrew/Cellar/ghidra/12.1.3/libexec/Ghidra/Features/FileFormats/ghidra_scripts
    /opt/homebrew/Cellar/ghidra/12.1.3/libexec/Ghidra/Features/Decompiler/ghidra_scripts
    /opt/homebrew/Cellar/ghidra/12.1.3/libexec/Ghidra/Features/PDB/ghidra_scripts
    /Users/bimap/Documents/Coding/SmartGlasses/Reverse/firmware/analysis/rtos/lvgl/scripts
    /opt/homebrew/Cellar/ghidra/12.1.3/libexec/Ghidra/Processors/JVM/ghidra_scripts
    /opt/homebrew/Cellar/ghidra/12.1.3/libexec/Ghidra/Features/SystemEmulation/ghidra_scripts
    /opt/homebrew/Cellar/ghidra/12.1.3/libexec/Ghidra/Processors/PIC/ghidra_scripts
    /opt/homebrew/Cellar/ghidra/12.1.3/libexec/Ghidra/Debug/Debugger/ghidra_scripts
    /opt/homebrew/Cellar/ghidra/12.1.3/libexec/Ghidra/Features/GnuDemangler/ghidra_scripts
    /opt/homebrew/Cellar/ghidra/12.1.3/libexec/Ghidra/Features/MicrosoftCodeAnalyzer/ghidra_scripts
    /opt/homebrew/Cellar/ghidra/12.1.3/libexec/Ghidra/Features/PyGhidra/ghidra_scripts
    /opt/homebrew/Cellar/ghidra/12.1.3/libexec/Ghidra/Features/SwiftDemangler/ghidra_scripts
    /opt/homebrew/Cellar/ghidra/12.1.3/libexec/Ghidra/Features/WildcardAssembler/ghidra_scripts
    /opt/homebrew/Cellar/ghidra/12.1.3/libexec/Ghidra/Features/VersionTracking/ghidra_scripts
    /opt/homebrew/Cellar/ghidra/12.1.3/libexec/Ghidra/Features/BSim/ghidra_scripts
    /opt/homebrew/Cellar/ghidra/12.1.3/libexec/Ghidra/Features/BytePatterns/ghidra_scripts
    /opt/homebrew/Cellar/ghidra/12.1.3/libexec/Ghidra/Processors/Atmel/ghidra_scripts
    /opt/homebrew/Cellar/ghidra/12.1.3/libexec/Ghidra/Features/DecompilerDependent/ghidra_scripts
    /opt/homebrew/Cellar/ghidra/12.1.3/libexec/Ghidra/Processors/DATA/ghidra_scripts
    /opt/homebrew/Cellar/ghidra/12.1.3/libexec/Ghidra/Features/Base/ghidra_scripts
    /opt/homebrew/Cellar/ghidra/12.1.3/libexec/Ghidra/Features/FunctionID/ghidra_scripts  
2026-08-27 02:24:29 INFO  (HeadlessAnalyzer) HEADLESS: execution starts  
2026-08-27 02:24:29 INFO  (HeadlessAnalyzer) Opening existing project: /Users/bimap/Documents/Coding/SmartGlasses/Reverse/firmware/analysis/rtos/lvgl/disasm/proj/lvgl33  
2026-08-27 02:24:29 INFO  (HeadlessProject) Opening project: /Users/bimap/Documents/Coding/SmartGlasses/Reverse/firmware/analysis/rtos/lvgl/disasm/proj/lvgl33  
2026-08-27 02:24:30 INFO  (HeadlessAnalyzer) REPORT: Processing project file: /platform_tester.bin  
2026-08-27 02:24:31 INFO  (HeadlessAnalyzer) REPORT: Execute script: LvglThread.java '/Users/bimap/Documents/Coding/SmartGlasses/Reverse/firmware/analysis/rtos/lvgl/disasm'   
2026-08-27 02:24:32 INFO  (HeadlessAnalyzer) SCRIPT: /Users/bimap/Documents/Coding/SmartGlasses/Reverse/firmware/analysis/rtos/lvgl/scripts/LvglThread.java  
2026-08-27 02:24:32 INFO  (GhidraScript) LvglThread.java> == 0. forced function creation from BL targets ==  
2026-08-27 02:24:32 INFO  (GhidraScript) LvglThread.java>   created=0 already=9126 failed=2857  
2026-08-27 02:24:37 INFO  (GhidraScript) LvglThread.java>   gap-scan created=20  
2026-08-27 02:24:37 INFO  (GhidraScript) LvglThread.java>   exported 12226 function entries to ghidra_functions.txt  
2026-08-27 02:24:37 INFO  (GhidraScript) LvglThread.java>   
2026-08-27 02:24:37 INFO  (GhidraScript) LvglThread.java> == program ==  
2026-08-27 02:24:37 INFO  (GhidraScript) LvglThread.java>   imageBase = 00000000  
2026-08-27 02:24:37 INFO  (GhidraScript) LvglThread.java>   minAddr   = 2c000000  
2026-08-27 02:24:37 INFO  (GhidraScript) LvglThread.java>   maxAddr   = 2c6753fb  
2026-08-27 02:24:37 INFO  (GhidraScript) LvglThread.java>   language  = ARM:LE:32:v8-m  
2026-08-27 02:24:37 INFO  (GhidraScript) LvglThread.java>   functions = 12231  
2026-08-27 02:24:37 INFO  (GhidraScript) LvglThread.java>   
2026-08-27 02:24:37 INFO  (GhidraScript) LvglThread.java> == A. control 0x2C499270 (jbd4010_display, known-good VA) ==  
2026-08-27 02:24:37 INFO  (GhidraScript) LvglThread.java>   entry=2c499270 size=20 entryMatches=true  
2026-08-27 02:24:37 INFO  (GhidraScript) LvglThread.java>   noReturnFlow=true backEdges=0  
2026-08-27 02:24:37 INFO  (GhidraScript) LvglThread.java>   callees=  
2026-08-27 02:24:37 INFO  (GhidraScript) LvglThread.java>   
2026-08-27 02:24:37 INFO  (GhidraScript) LvglThread.java> == B. LVGL core link band ==  
2026-08-27 02:24:37 INFO  (GhidraScript) LvglThread.java>   wrapper 0x2c606ce8 -> 2c606ce8  
2026-08-27 02:24:37 INFO  (GhidraScript) LvglThread.java>   wrapper 0x2c606cf4 -> 2c606cf4  
2026-08-27 02:24:37 INFO  (GhidraScript) LvglThread.java>   wrapper 0x2c606f34 -> 2c606f34  
2026-08-27 02:24:37 INFO  (GhidraScript) LvglThread.java>   wrapper 0x2c606fa8 -> 2c606fa8  
2026-08-27 02:24:37 INFO  (GhidraScript) LvglThread.java>   wrapper 0x2c606ff8 -> 2c606ff8  
2026-08-27 02:24:37 INFO  (GhidraScript) LvglThread.java>   wrapper 0x2c607048 -> 2c607048  
2026-08-27 02:24:37 INFO  (GhidraScript) LvglThread.java>   wrapper 0x2c6070bc -> 2c6070bc  
2026-08-27 02:24:37 INFO  (GhidraScript) LvglThread.java>   wrapper 0x2c60710c -> 2c60710c  
2026-08-27 02:24:37 INFO  (GhidraScript) LvglThread.java>   wrapper 0x2c6072b4 -> 2c6072b4  
2026-08-27 02:24:37 INFO  (GhidraScript) LvglThread.java>   wrapper 0x2c6072bc -> 2c6072bc  
2026-08-27 02:24:37 INFO  (GhidraScript) LvglThread.java>   wrapper 0x2c62b030 -> 2c62b030  
2026-08-27 02:24:37 INFO  (GhidraScript) LvglThread.java>   wrapper 0x2c62c6a0 -> 2c62c6a0  
2026-08-27 02:24:37 INFO  (GhidraScript) LvglThread.java>   wrapper 0x2c62c6b0 -> 2c62c6b0  
2026-08-27 02:24:37 INFO  (GhidraScript) LvglThread.java>   wrapper 0x2c62c730 -> 2c62c730  
2026-08-27 02:24:37 INFO  (GhidraScript) LvglThread.java>   wrapper 0x2c62c770 -> 2c62c770  
2026-08-27 02:24:37 INFO  (GhidraScript) LvglThread.java>   wrapper 0x2c62c7e8 -> 2c62c7e8  
2026-08-27 02:24:37 INFO  (GhidraScript) LvglThread.java>   wrapper span 0x2c606ce8 .. 0x2c62c7e8  
2026-08-27 02:24:37 INFO  (GhidraScript) LvglThread.java>   
2026-08-27 02:24:37 INFO  (GhidraScript) LvglThread.java> == C. never-returning functions with a back edge (while(1) bodies) ==  
2026-08-27 02:24:37 INFO  (GhidraScript) LvglThread.java>   count = 118  
2026-08-27 02:24:37 INFO  (GhidraScript) LvglThread.java>   0x2c00647c size=702   callers=4   band=no  callees=0x2c013c4c  
2026-08-27 02:24:37 INFO  (GhidraScript) LvglThread.java>   0x2c00b384 size=42    callers=1   band=no  callees=0x2c007708 0x2c008498 0x2c008af4 0x2c008b54 0x2c00aebc 0x2c00b36c 0x2c013870  
2026-08-27 02:24:37 INFO  (GhidraScript) LvglThread.java>   0x2c00c094 size=420   callers=1   band=no  callees=0x2c009b20 0x2c00abe4 0x2c00aebc 0x2c00b160 0x2c00b1ac 0x2c00b250 0x2c00b36c 0x2c00b384 0x2c00b428 0x2c00b47c 0x2c00b4d4 0x2c00bc5c 0x2c00bccc 0x2c00be0c 0x2c00bf74 ...  
2026-08-27 02:24:37 INFO  (GhidraScript) LvglThread.java>   0x2c019ef4 size=186   callers=1   band=no  callees=  
2026-08-27 02:24:37 INFO  (GhidraScript) LvglThread.java>   0x2c01b404 size=2018  callers=1   band=no  callees=  
2026-08-27 02:24:37 INFO  (GhidraScript) LvglThread.java>   0x2c0217b8 size=2230  callers=1   band=no  callees=  
2026-08-27 02:24:37 INFO  (GhidraScript) LvglThread.java>   0x2c02381c size=458   callers=1   band=no  callees=  
2026-08-27 02:24:37 INFO  (GhidraScript) LvglThread.java>   0x2c0239f0 size=542   callers=0   band=no  callees=  
2026-08-27 02:24:37 INFO  (GhidraScript) LvglThread.java>   0x2c1361a4 size=404   callers=1   band=no  callees=0x2c134260 0x2c134f0c 0x2c13529c 0x2c1352b4 0x2c1353a0 0x2c135420 0x2c135458 0x2c135590 0x2c1355b4 0x2c135620 0x2c135678 0x2c135da4 0x2c135e14 0x2c135f50 0x2c13608c ...  
2026-08-27 02:24:37 INFO  (GhidraScript) LvglThread.java>   0x2c1363b4 size=1790  callers=0   band=no  callees=0x2c134f0c 0x2c13529c 0x2c1352b4 0x2c1353a0 0x2c135420 0x2c135458 0x2c135590 0x2c1355b4 0x2c135620 0x2c135678 0x2c135da4 0x2c135e14 0x2c135f50 0x2c13608c 0x2c13635c ...  
2026-08-27 02:24:37 INFO  (GhidraScript) LvglThread.java>   0x2c142474 size=36    callers=0   band=no  callees=  
2026-08-27 02:24:37 INFO  (GhidraScript) LvglThread.java>   0x2c2d48d4 size=80    callers=0   band=no  callees=  
2026-08-27 02:24:37 INFO  (GhidraScript) LvglThread.java>   0x2c2d5b90 size=56    callers=0   band=no  callees=  
2026-08-27 02:24:37 INFO  (GhidraScript) LvglThread.java>   0x2c46a680 size=1906  callers=1   band=no  callees=0x2c46a598 0x2c46a5bc 0x2c46bc5c 0x2c46c508 0x2c46c5e8 0x2c46c72c 0x2c46c768 0x2c46c8d8 0x2c669494 0x2c669588 0x2c66b60a 0x2c66b660 0x2c66c4fc 0x2c66c540 0x2c674668 ...  
2026-08-27 02:24:37 INFO  (GhidraScript) LvglThread.java>   0x2c47f118 size=102   callers=1   band=no  callees=  
2026-08-27 02:24:37 INFO  (GhidraScript) LvglThread.java>   0x2c48d3f2 size=324   callers=0   band=no  callees=0x2c48d300  
2026-08-27 02:24:37 INFO  (GhidraScript) LvglThread.java>   0x2c48e3e8 size=62    callers=47  band=no  callees=0x2c674268  
2026-08-27 02:24:37 INFO  (GhidraScript) LvglThread.java>   0x2c49fb3a size=272   callers=0   band=no  callees=  
2026-08-27 02:24:37 INFO  (GhidraScript) LvglThread.java>   0x2c4a7ba0 size=354   callers=0   band=no  callees=  
2026-08-27 02:24:37 INFO  (GhidraScript) LvglThread.java>   0x2c4ac670 size=122   callers=2   band=no  callees=0x2c4ac5f0 0x2c6444fc  
2026-08-27 02:24:37 INFO  (GhidraScript) LvglThread.java>   0x2c4af5fa size=542   callers=0   band=no  callees=0x2c4add48 0x2c4ae004 0x2c4ae148 0x2c4ae20c  
2026-08-27 02:24:37 INFO  (GhidraScript) LvglThread.java>   0x2c4b6804 size=628   callers=1   band=no  callees=0x2c4b6d30 0x2c4b6dc8 0x2c4b6e64 0x2c4b6fc4 0x2c4b7018 0x2c4b706c 0x2c4b70c0 0x2c4b7178 0x2c4b71dc 0x2c4b723c 0x2c673d68  
2026-08-27 02:24:37 INFO  (GhidraScript) LvglThread.java>   0x2c4b754c size=106   callers=1   band=no  callees=  
2026-08-27 02:24:37 INFO  (GhidraScript) LvglThread.java>   0x2c4c75b2 size=634   callers=0   band=no  callees=0x2c4c6710 0x2c673b08 0x2c6741e8  
2026-08-27 02:24:37 INFO  (GhidraScript) LvglThread.java>   0x2c4ce4e0 size=568   callers=2   band=no  callees=0x2c4d74d4  
2026-08-27 02:24:37 INFO  (GhidraScript) LvglThread.java>   0x2c4cede0 size=876   callers=0   band=no  callees=0x2c4d74d4 0x2c4d7598 0x2c4d766c 0x2c4d768c 0x2c4d76a8  
2026-08-27 02:24:37 INFO  (GhidraScript) LvglThread.java>   0x2c4d04da size=314   callers=0   band=no  callees=0x2c4cca80 0x2c4d7080 0x2c674268  
2026-08-27 02:24:37 INFO  (GhidraScript) LvglThread.java>   0x2c4d4ada size=46    callers=0   band=no  callees=0x2c4d74d4  
2026-08-27 02:24:37 INFO  (GhidraScript) LvglThread.java>   0x2c4d4b5c size=1108  callers=3   band=no  callees=0x2c4d74d4  
2026-08-27 02:24:37 INFO  (GhidraScript) LvglThread.java>   0x2c4d6f58 size=104   callers=0   band=no  callees=0x2c4d74d4 0x2c4d7598  
2026-08-27 02:24:37 INFO  (GhidraScript) LvglThread.java>   0x2c4d7746 size=96    callers=0   band=no  callees=  
2026-08-27 02:24:37 INFO  (GhidraScript) LvglThread.java>   0x2c4d8848 size=2530  callers=1   band=no  callees=  
2026-08-27 02:24:37 INFO  (GhidraScript) LvglThread.java>   0x2c4d9604 size=296   callers=1   band=no  callees=0x2c4d954c 0x2c4d95b0 0x2c4da7c0  
2026-08-27 02:24:37 INFO  (GhidraScript) LvglThread.java>   0x2c4d972c size=208   callers=0   band=no  callees=0x2c4d9db4  
2026-08-27 02:24:37 INFO  (GhidraScript) LvglThread.java>   0x2c4da6b4 size=42    callers=0   band=no  callees=  
2026-08-27 02:24:37 INFO  (GhidraScript) LvglThread.java>   0x2c4da7c0 size=264   callers=1   band=no  callees=0x2c4d94e8  
2026-08-27 02:24:37 INFO  (GhidraScript) LvglThread.java>   0x2c4dad9a size=922   callers=0   band=no  callees=0x2c4d74d4 0x2c4d7598 0x2c4d766c 0x2c674268  
2026-08-27 02:24:37 INFO  (GhidraScript) LvglThread.java>   0x2c4e3bb4 size=44    callers=1   band=no  callees=0x2c4e3b34  
2026-08-27 02:24:37 INFO  (GhidraScript) LvglThread.java>   0x2c4e4ff0 size=414   callers=1   band=no  callees=0x2c6741e8  
2026-08-27 02:24:37 INFO  (GhidraScript) LvglThread.java>   0x2c4e51a4 size=1946  callers=1   band=no  callees=0x2c666230 0x2c666d78 0x2c6670a0 0x2c6741e8  
2026-08-27 02:24:37 INFO  (GhidraScript) LvglThread.java>   0x2c4ee4d0 size=32    callers=0   band=no  callees=0x2b7ac4ec 0x2cf930e8  
2026-08-27 02:24:37 INFO  (GhidraScript) LvglThread.java>   0x2c4f2d00 size=114   callers=2   band=no  callees=0x2c4f2d00  
2026-08-27 02:24:37 INFO  (GhidraScript) LvglThread.java>   0x2c4f384c size=672   callers=5   band=no  callees=0x2c4f1588 0x2c4f1b28 0x2c4f2ab8 0x2c4f2bfc 0x2c4f3220  
2026-08-27 02:24:37 INFO  (GhidraScript) LvglThread.java>   0x2c50f9b8 size=620   callers=8   band=YES callees=0x2c50f11c 0x2c6033b4 0x2c60747c 0x2c62c0d8 0x2c62ca10 0x2c62ca20 0x2c62e838  
2026-08-27 02:24:37 INFO  (GhidraScript) LvglThread.java>   0x2c514bec size=184   callers=3   band=no  callees=0x2c511f90 0x2c512360 0x2c5125b8 0x2c5167a4 0x2c5167fc 0x2c51681c  
2026-08-27 02:24:37 INFO  (GhidraScript) LvglThread.java>   0x2c516126 size=98    callers=0   band=no  callees=0x2c5115bc 0x2c5115c0 0x2c516324 0x2c5166cc 0x2c62c82c  
2026-08-27 02:24:37 INFO  (GhidraScript) LvglThread.java>   0x2c51e44c size=86    callers=0   band=no  callees=0x2c62c82c  
2026-08-27 02:24:37 INFO  (GhidraScript) LvglThread.java>   0x2c52e9c0 size=76    callers=0   band=no  callees=0x2c472680  
2026-08-27 02:24:37 INFO  (GhidraScript) LvglThread.java>   0x2c530e58 size=144   callers=0   band=no  callees=0x2c47245c 0x2c48dea0 0x2c48e3b8 0x2c5315e0 0x2c5321c4  
2026-08-27 02:24:37 INFO  (GhidraScript) LvglThread.java>   0x2c53129c size=732   callers=0   band=no  callees=0x2c47245c 0x2c472680 0x2c530f1c 0x2c53159c 0x2c62c82c 0x2c674668  
2026-08-27 02:24:37 INFO  (GhidraScript) LvglThread.java>   0x2c5385f4 size=64    callers=1   band=no  callees=0x2c5361c4 0x2c64c9c4 0x2c64c9d6 0x2c64c9ee  
2026-08-27 02:24:37 INFO  (GhidraScript) LvglThread.java>   0x2c5512b8 size=386   callers=0   band=no  callees=0x2c47245c 0x2c54f538 0x2c674668  
2026-08-27 02:24:37 INFO  (GhidraScript) LvglThread.java>   0x2c5518bc size=608   callers=0   band=no  callees=  
2026-08-27 02:24:37 INFO  (GhidraScript) LvglThread.java>   0x2c557a0e size=74    callers=0   band=no  callees=  
2026-08-27 02:24:37 INFO  (GhidraScript) LvglThread.java>   0x2c55a1a0 size=654   callers=4   band=no  callees=0x2c47245c 0x2c472680 0x2c541e5c 0x2c557fc0 0x2c5580bc 0x2c5581ac 0x2c558840 0x2c64cdb4  
2026-08-27 02:24:37 INFO  (GhidraScript) LvglThread.java>   0x2c55a42e size=4272  callers=0   band=no  callees=0x2c4723c4 0x2c47245c 0x2c472680 0x2c541e5c 0x2c557f50 0x2c557fc0 0x2c5580bc 0x2c5581ac 0x2c558840 0x2c64cdb4 0x2c674668  
2026-08-27 02:24:37 INFO  (GhidraScript) LvglThread.java>   0x2c569308 size=66    callers=1   band=no  callees=0x2c63df78 0x2c64c9c4 0x2c64c9d6 0x2c64c9ee  
2026-08-27 02:24:37 INFO  (GhidraScript) LvglThread.java>   0x2c569360 size=66    callers=1   band=no  callees=0x2c63e030 0x2c64c9c4 0x2c64c9d6 0x2c64c9ee  
2026-08-27 02:24:37 INFO  (GhidraScript) LvglThread.java>   0x2c56ca64 size=146   callers=1   band=no  callees=0x2c472680 0x2c6043d8 0x2c64c9d2  
2026-08-27 02:24:37 INFO  (GhidraScript) LvglThread.java>   0x2c56ce26 size=140   callers=0   band=no  callees=0x2c673eb8 0x2c674668  
2026-08-27 02:24:37 INFO  (GhidraScript) LvglThread.java>   0x2c576d04 size=196   callers=0   band=no  callees=0x2c472680 0x2c52f5f4 0x2c576ad0  
2026-08-27 02:24:37 INFO  (GhidraScript) LvglThread.java>   0x2c578d2c size=80    callers=0   band=no  callees=0x2c5949f4 0x2c62c82c 0x2c64c9c4 0x2c64c9d6 0x2c64c9ee  
2026-08-27 02:24:37 INFO  (GhidraScript) LvglThread.java>   0x2c57e4f8 size=118   callers=0   band=no  callees=0x2c4723c4 0x2c47245c 0x2c57e018  
2026-08-27 02:24:37 INFO  (GhidraScript) LvglThread.java>   0x2c584c58 size=214   callers=0   band=no  callees=0x2c472680 0x2c58c558 0x2c58c608 0x2c58c9d8 0x2c64c9c4 0x2c64c9d6 0x2c64c9ee  
2026-08-27 02:24:37 INFO  (GhidraScript) LvglThread.java>   0x2c591218 size=466   callers=0   band=no  callees=0x2c472680 0x2c556ca0 0x2c58d598 0x2c58d6c0 0x2c58e14c 0x2c590f14 0x2c62c82c 0x2c66b624 0x2c674668  
2026-08-27 02:24:37 INFO  (GhidraScript) LvglThread.java>   0x2c5924cc size=178   callers=1   band=no  callees=0x2c5942ec 0x2c59431c 0x2c594324 0x2c5949f4 0x2c64c9c4 0x2c64c9d6 0x2c64c9ee  
2026-08-27 02:24:37 INFO  (GhidraScript) LvglThread.java>   0x2c5924fc size=114   callers=0   band=no  callees=0x2c58df6c 0x2c58e9f8 0x2c62c82c  
2026-08-27 02:24:37 INFO  (GhidraScript) LvglThread.java>   0x2c5925f8 size=78    callers=0   band=no  callees=0x2c62c82c  
2026-08-27 02:24:37 INFO  (GhidraScript) LvglThread.java>   0x2c592b00 size=1076  callers=1   band=no  callees=0x2c4723c4 0x2c47245c 0x2c472680 0x2c52f5f4 0x2c543d78 0x2c5561f0 0x2c58c9d8 0x2c58df6c 0x2c58e644 0x2c591d68 0x2c591dd8 0x2c591ec8 0x2c66c4ec 0x2c674268 0x2c674668 ...  
2026-08-27 02:24:37 INFO  (GhidraScript) LvglThread.java>   0x2c5958dc size=84    callers=1   band=no  callees=0x2c5949f4 0x2c62c82c 0x2c64c9c4 0x2c64c9d6 0x2c64c9ee  
2026-08-27 02:24:37 INFO  (GhidraScript) LvglThread.java>   0x2c59594c size=86    callers=1   band=no  callees=0x2c5949f4 0x2c62c82c 0x2c64c9c4 0x2c64c9d6 0x2c64c9ee  
2026-08-27 02:24:37 INFO  (GhidraScript) LvglThread.java>   0x2c595aac size=86    callers=1   band=no  callees=0x2c5949f4 0x2c62c82c 0x2c64c9c4 0x2c64c9d6 0x2c64c9ee  
2026-08-27 02:24:37 INFO  (GhidraScript) LvglThread.java>   0x2c59a6f4 size=90    callers=0   band=no  callees=0x2c62c82c 0x2c63b4b8  
2026-08-27 02:24:37 INFO  (GhidraScript) LvglThread.java>   0x2c59c5e4 size=306   callers=0   band=no  callees=0x2c59c5dc 0x2c64c9ce  
2026-08-27 02:24:37 INFO  (GhidraScript) LvglThread.java>   0x2c5aff78 size=50    callers=0   band=no  callees=0x2c5abf68 0x2c5ac178  
2026-08-27 02:24:37 INFO  (GhidraScript) LvglThread.java>   0x2c5b10b8 size=456   callers=2   band=YES callees=0x2c5afd38 0x2c5eba54 0x2c602454 0x2c6036dc 0x2c603a04 0x2c6041dc 0x2c6041fc 0x2c6043d8 0x2c60497c 0x2c606a10 0x2c606a28 0x2c606d30 0x2c606d3c 0x2c606d54 0x2c606d60 ...  
2026-08-27 02:24:37 INFO  (GhidraScript) LvglThread.java>   0x2c5b8bfc size=956   callers=0   band=YES callees=0x2c47245c 0x2c48e424 0x2c48e83c 0x2c48e84c 0x2c5b8a68 0x2c62be88 0x2c62c82c 0x2c6435c4 0x2c66c4ec 0x2c672b70 0x2c674268  
2026-08-27 02:24:37 INFO  (GhidraScript) LvglThread.java>   0x2c5bfa56 size=380   callers=0   band=no  callees=0x2c472680 0x2c5c0cec 0x2c5c0e60 0x2c64c9c4 0x2c64c9d6 0x2c64c9ee  
2026-08-27 02:24:37 INFO  (GhidraScript) LvglThread.java>   0x2c5bfc80 size=60    callers=0   band=no  callees=0x2c674668  
2026-08-27 02:24:37 INFO  (GhidraScript) LvglThread.java>   0x2c5c6cc4 size=128   callers=0   band=no  callees=0x2c5958dc 0x2c59594c 0x2c5c55d8 0x2c5c5a38 0x2c5c5b3c 0x2c62c82c 0x2c66b624  
2026-08-27 02:24:37 INFO  (GhidraScript) LvglThread.java>   0x2c5cdd20 size=126   callers=0   band=no  callees=0x2c673eb8 0x2c674668  
2026-08-27 02:24:37 INFO  (GhidraScript) LvglThread.java>   0x2c5ce90a size=46    callers=0   band=no  callees=0x2c66960c  
2026-08-27 02:24:37 INFO  (GhidraScript) LvglThread.java>   0x2c5d7570 size=122   callers=0   band=no  callees=0x2c48e5b4 0x2c48e738 0x2c5d73dc 0x2c5dcca4 0x2c62c82c  
2026-08-27 02:24:37 INFO  (GhidraScript) LvglThread.java>   0x2c5de488 size=292   callers=6   band=no  callees=0x2c472680 0x2c5ddc98 0x2c5de330 0x2c66b624  
2026-08-27 02:24:37 INFO  (GhidraScript) LvglThread.java>   0x2c5dff30 size=142   callers=1   band=no  callees=0x2c5df27c 0x2c5dfbc0 0x2c5dfde4 0x2c62c82c  
2026-08-27 02:24:37 INFO  (GhidraScript) LvglThread.java>   0x2c5ebf7c size=64    callers=1   band=no  callees=0x2c5e8de4 0x2c5ebdc4  
2026-08-27 02:24:37 INFO  (GhidraScript) LvglThread.java>   0x2c5ebfc0 size=88    callers=1   band=no  callees=0x2c5e8de4 0x2c5e8f58 0x2c5ebdc4  
2026-08-27 02:24:37 INFO  (GhidraScript) LvglThread.java>   0x2c5f4e70 size=194   callers=2   band=no  callees=0x2c5fa100 0x2c66b60a  
2026-08-27 02:24:37 INFO  (GhidraScript) LvglThread.java>   0x2c5f545c size=124   callers=3   band=no  callees=0x2c5f7ad4 0x2c5fb8a0 0x2c5fb8f8 0x2c5fb994  
2026-08-27 02:24:37 INFO  (GhidraScript) LvglThread.java>   0x2c5f7944 size=80    callers=0   band=no  callees=0x2c5fb998  
2026-08-27 02:24:37 INFO  (GhidraScript) LvglThread.java>   0x2c603eb8 size=236   callers=1   band=YES callees=0x2c62b108  
2026-08-27 02:24:37 INFO  (GhidraScript) LvglThread.java>   0x2c604b28 size=206   callers=4   band=YES callees=0x2c6033b4 0x2c60460c 0x2c6046d8 0x2c608c7c  
2026-08-27 02:24:37 INFO  (GhidraScript) LvglThread.java>   0x2c609196 size=1108  callers=0   band=YES callees=0x2c602340 0x2c6041d4 0x2c604a04 0x2c604a14 0x2c604a20 0x2c604a44 0x2c604a50 0x2c605068 0x2c605090 0x2c606b94 0x2c608cbc 0x2c608dec 0x2c608f1c 0x2c62a624  
2026-08-27 02:24:37 INFO  (GhidraScript) LvglThread.java>   0x2c60a5d0 size=428   callers=0   band=YES callees=0x2c61314c 0x2c613e5c 0x2c614414 0x2c6144a0  
2026-08-27 02:24:37 INFO  (GhidraScript) LvglThread.java>   0x2c60ab7c size=710   callers=0   band=YES callees=0x2c61319c 0x2c613e5c 0x2c6144a0 0x2c62a6b4 0x2c62e208  
2026-08-27 02:24:37 INFO  (GhidraScript) LvglThread.java>   0x2c60f7a8 size=414   callers=0   band=YES callees=0x2c62a6b4 0x2c62bf1c  
2026-08-27 02:24:37 INFO  (GhidraScript) LvglThread.java>   0x2c613762 size=220   callers=0   band=YES callees=0x2c62c3b0  
2026-08-27 02:24:37 INFO  (GhidraScript) LvglThread.java>   0x2c6167f4 size=50    callers=0   band=no  callees=0x2c62ca28  
2026-08-27 02:24:37 INFO  (GhidraScript) LvglThread.java>   0x2c61d868 size=2360  callers=1   band=YES callees=0x2c62a470 0x2c62a47c 0x2c62a4c4 0x2c62ae04 0x2c62b03c 0x2c62be88 0x2c62c6a0 0x2c62c6d0 0x2c62c6d8 0x2c62c6e0 0x2c62c6e8 0x2c62c6f0 0x2c62c6f8 0x2c62c700 0x2c62c708 ...  
2026-08-27 02:24:37 INFO  (GhidraScript) LvglThread.java>   0x2c622734 size=54    callers=0   band=no  callees=  
2026-08-27 02:24:37 INFO  (GhidraScript) LvglThread.java>   0x2c634b52 size=66    callers=0   band=no  callees=0x2c5ff4d8 0x2c5ff4e4 0x2c602340  
2026-08-27 02:24:37 INFO  (GhidraScript) LvglThread.java>   0x2c63f0a8 size=202   callers=3   band=no  callees=0x2c48ef34 0x2c48f2d4 0x2c63ef20 0x2c64078c 0x2c640a50 0x2c640dc0  
2026-08-27 02:24:37 INFO  (GhidraScript) LvglThread.java>   0x2c64447c size=40    callers=3   band=no  callees=  
2026-08-27 02:24:37 INFO  (GhidraScript) LvglThread.java>   0x2c64e54c size=448   callers=0   band=no  callees=0x2c64e3e6 0x2c64e410  
2026-08-27 02:24:37 INFO  (GhidraScript) LvglThread.java>   0x2c65a4e4 size=304   callers=1   band=no  callees=0x2c659c12 0x2c659cfe 0x2c659d1a 0x2c65a49c  
2026-08-27 02:24:37 INFO  (GhidraScript) LvglThread.java>   0x2c65c7b8 size=454   callers=0   band=no  callees=0x2c6510f6 0x2c651292 0x2c652d58 0x2c652d76 0x2c652d9a 0x2c658fa0 0x2c65a49c  
2026-08-27 02:24:37 INFO  (GhidraScript) LvglThread.java>   0x2c65d3c6 size=244   callers=0   band=no  callees=0x2c6510f6 0x2c651292 0x2c652d58 0x2c652d9a 0x2c658fa0 0x2c672ae8  
2026-08-27 02:24:37 INFO  (GhidraScript) LvglThread.java>   0x2c660aba size=244   callers=1   band=no  callees=0x2c65fe28 0x2c65fe52 0x2c660988  
2026-08-27 02:24:37 INFO  (GhidraScript) LvglThread.java>   0x2c66bb40 size=148   callers=0   band=no  callees=0x2c66d654  
2026-08-27 02:24:37 INFO  (GhidraScript) LvglThread.java>   0x2c66cda2 size=1220  callers=0   band=no  callees=0x2c66c60c 0x2c6706e0 0x2c670760 0x2c670968 0x2c670994 0x2c670ae4 0x2c670b98 0x2c670c78 0x2c670cb0 0x2c670dd0 0x2c670ec4 0x2c670f7c 0x2c6729ec 0x2c672b40 0x2c674668 ...  
2026-08-27 02:24:37 INFO  (GhidraScript) LvglThread.java>   0x2c66f3cc size=1324  callers=0   band=no  callees=0x2c670760 0x2c6707a4 0x2c6708c8 0x2c670968 0x2c670994 0x2c670ae4 0x2c670b98 0x2c670c78  
2026-08-27 02:24:37 INFO  (GhidraScript) LvglThread.java>   0x2c66f950 size=654   callers=0   band=no  callees=0x2c66f008 0x2c6706e0 0x2c670760 0x2c6707a4 0x2c670b98 0x2c670c78 0x2c670cb0 0x2c674668  
2026-08-27 02:24:37 INFO  (GhidraScript) LvglThread.java>   0x2c671178 size=354   callers=3   band=no  callees=0x2c643680 0x2c669c14 0x2c6710c2  
2026-08-27 02:24:37 INFO  (GhidraScript) LvglThread.java>   0x2c67142c size=168   callers=1   band=no  callees=0x2c6813f2  
2026-08-27 02:24:37 INFO  (GhidraScript) LvglThread.java>   0x2c6717d8 size=452   callers=1   band=no  callees=0x2c643680 0x2c6719ec 0x2c67d650  
2026-08-27 02:24:37 INFO  (GhidraScript) LvglThread.java>   0x2c671d74 size=922   callers=0   band=no  callees=0x2c668520 0x2c669c14 0x2c6710c2 0x2c671b48  
2026-08-27 02:24:37 INFO  (GhidraScript) LvglThread.java>   0x2c6720cc size=352   callers=0   band=no  callees=0x2c669b3c 0x2c6710c2  
2026-08-27 02:24:37 INFO  (GhidraScript) LvglThread.java>   0x2c672442 size=542   callers=0   band=no  callees=0x2c6710c2  
2026-08-27 02:24:37 INFO  (GhidraScript) LvglThread.java>   
2026-08-27 02:24:37 INFO  (GhidraScript) LvglThread.java> == D. LVGL-band functions with exactly one caller, caller loops ==  
2026-08-27 02:24:37 INFO  (GhidraScript) LvglThread.java>   callee 0x2c5e70b0 size=224    <- caller 0x2c5b3c98 size=550   noRet=false  
2026-08-27 02:24:37 INFO  (GhidraScript) LvglThread.java>   callee 0x2c5e73f8 size=206    <- caller 0x2c5e7b34 size=710   noRet=false  
2026-08-27 02:24:37 INFO  (GhidraScript) LvglThread.java>   callee 0x2c5e7538 size=286    <- caller 0x2c5c90e4 size=868   noRet=false  
2026-08-27 02:24:37 INFO  (GhidraScript) LvglThread.java>   callee 0x2c5e7b34 size=710    <- caller 0x2c5c90e4 size=868   noRet=false  
2026-08-27 02:24:37 INFO  (GhidraScript) LvglThread.java>   callee 0x2c5e8e7c size=314    <- caller 0x2c5bd528 size=292   noRet=false  
2026-08-27 02:24:37 INFO  (GhidraScript) LvglThread.java>   callee 0x2c5ebb8c size=156    <- caller 0x2c58c664 size=2286  noRet=false  
2026-08-27 02:24:37 INFO  (GhidraScript) LvglThread.java>   callee 0x2c5ee110 size=326    <- caller 0x2c5de678 size=116   noRet=false  
2026-08-27 02:24:37 INFO  (GhidraScript) LvglThread.java>   callee 0x2c5ee43c size=302    <- caller 0x2c5de6f0 size=166   noRet=false  
2026-08-27 02:24:37 INFO  (GhidraScript) LvglThread.java>   callee 0x2c5f03f4 size=234    <- caller 0x2c5f54d4 size=802   noRet=false  
2026-08-27 02:24:37 INFO  (GhidraScript) LvglThread.java>   callee 0x2c5f07d4 size=150    <- caller 0x2c5f7ad4 size=5098  noRet=false  
2026-08-27 02:24:37 INFO  (GhidraScript) LvglThread.java>   callee 0x2c5f0ce8 size=150    <- caller 0x2c5f7ad4 size=5098  noRet=false  
2026-08-27 02:24:37 INFO  (GhidraScript) LvglThread.java>   callee 0x2c5f118c size=404    <- caller 0x2c5f6f50 size=818   noRet=false  
2026-08-27 02:24:37 INFO  (GhidraScript) LvglThread.java>   callee 0x2c5f50e4 size=140    <- caller 0x2c5f5938 size=3108  noRet=false  
2026-08-27 02:24:37 INFO  (GhidraScript) LvglThread.java>   callee 0x2c5f53dc size=196    <- caller 0x2c5f6de4 size=60    noRet=false  
2026-08-27 02:24:37 INFO  (GhidraScript) LvglThread.java>   callee 0x2c5f583c size=232    <- caller 0x2c5f5938 size=3108  noRet=false  
2026-08-27 02:24:37 INFO  (GhidraScript) LvglThread.java>   callee 0x2c5f6f50 size=818    <- caller 0x2c5f7ad4 size=5098  noRet=false  
2026-08-27 02:24:37 INFO  (GhidraScript) LvglThread.java>   callee 0x2c5f7280 size=920    <- caller 0x2c5f7ad4 size=5098  noRet=false  
2026-08-27 02:24:37 INFO  (GhidraScript) LvglThread.java>   callee 0x2c5f76c4 size=370    <- caller 0x2c5f904c size=780   noRet=false  
2026-08-27 02:24:37 INFO  (GhidraScript) LvglThread.java>   callee 0x2c5f7ad4 size=5098   <- caller 0x2c5f545c size=124   noRet=true  
2026-08-27 02:24:37 INFO  (GhidraScript) LvglThread.java>   callee 0x2c5f904c size=780    <- caller 0x2c5f52a4 size=140   noRet=false  
2026-08-27 02:24:37 INFO  (GhidraScript) LvglThread.java>   callee 0x2c5f960c size=786    <- caller 0x2c5f5938 size=3108  noRet=false  
2026-08-27 02:24:37 INFO  (GhidraScript) LvglThread.java>   callee 0x2c5f9924 size=456    <- caller 0x2c5f5938 size=3108  noRet=false  
2026-08-27 02:24:37 INFO  (GhidraScript) LvglThread.java>   callee 0x2c5f9f08 size=286    <- caller 0x2c5f5938 size=3108  noRet=false  
2026-08-27 02:24:37 INFO  (GhidraScript) LvglThread.java>   callee 0x2c5fa100 size=260    <- caller 0x2c5f4e70 size=194   noRet=true  
2026-08-27 02:24:37 INFO  (GhidraScript) LvglThread.java>   callee 0x2c5fa21c size=204    <- caller 0x2c5fb9e0 size=138   noRet=false  
2026-08-27 02:24:37 INFO  (GhidraScript) LvglThread.java>   callee 0x2c5fa348 size=3698   <- caller 0x2c5f7ad4 size=5098  noRet=false  
2026-08-27 02:24:37 INFO  (GhidraScript) LvglThread.java>   callee 0x2c5fb510 size=358    <- caller 0x2c5fb510 size=358   noRet=false  
2026-08-27 02:24:37 INFO  (GhidraScript) LvglThread.java>   callee 0x2c5fb768 size=162    <- caller 0x2c5f6de4 size=60    noRet=false  
2026-08-27 02:24:37 INFO  (GhidraScript) LvglThread.java>   callee 0x2c5fb8f8 size=134    <- caller 0x2c5f545c size=124   noRet=true  
2026-08-27 02:24:37 INFO  (GhidraScript) LvglThread.java>   callee 0x2c5fbaa4 size=168    <- caller 0x2c5f904c size=780   noRet=false  
2026-08-27 02:24:37 INFO  (GhidraScript) LvglThread.java>   callee 0x2c5fbb60 size=238    <- caller 0x2c5f7ad4 size=5098  noRet=false  
2026-08-27 02:24:37 INFO  (GhidraScript) LvglThread.java>   callee 0x2c5fd510 size=186    <- caller 0x2c511ef0 size=126   noRet=false  
2026-08-27 02:24:37 INFO  (GhidraScript) LvglThread.java>   callee 0x2c5ff4ec size=168    <- caller 0x2c604248 size=322   noRet=false  
2026-08-27 02:24:37 INFO  (GhidraScript) LvglThread.java>   callee 0x2c600ac0 size=218    <- caller 0x2c639164 size=198   noRet=false  
2026-08-27 02:24:37 INFO  (GhidraScript) LvglThread.java>   callee 0x2c600c44 size=134    <- caller 0x2c600c44 size=134   noRet=false  
2026-08-27 02:24:37 INFO  (GhidraScript) LvglThread.java>   callee 0x2c60125c size=298    <- caller 0x2c60138c size=840   noRet=false  
2026-08-27 02:24:37 INFO  (GhidraScript) LvglThread.java>   callee 0x2c6019b8 size=404    <- caller 0x2c6078f0 size=112   noRet=false  
2026-08-27 02:24:37 INFO  (GhidraScript) LvglThread.java>   callee 0x2c60322c size=166    <- caller 0x2c603cfc size=368   noRet=false  
2026-08-27 02:24:37 INFO  (GhidraScript) LvglThread.java>   callee 0x2c603cfc size=368    <- caller 0x2c6061ec size=640   noRet=false  
2026-08-27 02:24:37 INFO  (GhidraScript) LvglThread.java>   callee 0x2c603eb8 size=236    <- caller 0x2c6061ec size=640   noRet=false  
2026-08-27 02:24:37 INFO  (GhidraScript) LvglThread.java>   callee 0x2c606e98 size=150    <- caller 0x2c607654 size=110   noRet=false  
2026-08-27 02:24:37 INFO  (GhidraScript) LvglThread.java>   callee 0x2c607b48 size=1148   <- caller 0x2c608744 size=176   noRet=false  
2026-08-27 02:24:37 INFO  (GhidraScript) LvglThread.java>   callee 0x2c607f9c size=138    <- caller 0x2c60802c size=1410  noRet=false  
2026-08-27 02:24:37 INFO  (GhidraScript) LvglThread.java>   callee 0x2c60a540 size=144    <- caller 0x2c60a780 size=852   noRet=false  
2026-08-27 02:24:37 INFO  (GhidraScript) LvglThread.java>   callee 0x2c60b2f8 size=492    <- caller 0x2c60c244 size=2924  noRet=false  
2026-08-27 02:24:37 INFO  (GhidraScript) LvglThread.java>   callee 0x2c60bb78 size=508    <- caller 0x2c60c244 size=2924  noRet=false  
2026-08-27 02:24:37 INFO  (GhidraScript) LvglThread.java>   callee 0x2c610588 size=262    <- caller 0x2c610690 size=698   noRet=false  
2026-08-27 02:24:37 INFO  (GhidraScript) LvglThread.java>   callee 0x2c610690 size=698    <- caller 0x2c60b4e4 size=1054  noRet=false  
2026-08-27 02:24:37 INFO  (GhidraScript) LvglThread.java>   callee 0x2c611d2c size=234    <- caller 0x2c639778 size=216   noRet=false  
2026-08-27 02:24:37 INFO  (GhidraScript) LvglThread.java>   callee 0x2c611e18 size=320    <- caller 0x2c639778 size=216   noRet=false  
2026-08-27 02:24:37 INFO  (GhidraScript) LvglThread.java>   callee 0x2c612898 size=216    <- caller 0x2c6132c8 size=88    noRet=false  
2026-08-27 02:24:37 INFO  (GhidraScript) LvglThread.java>   callee 0x2c613670 size=276    <- caller 0x2c613b8c size=720   noRet=false  
2026-08-27 02:24:37 INFO  (GhidraScript) LvglThread.java>   callee 0x2c614414 size=136    <- caller 0x2c60a5d0 size=428   noRet=true  
2026-08-27 02:24:37 INFO  (GhidraScript) LvglThread.java>   callee 0x2c61495c size=172    <- caller 0x2c6389d8 size=1804  noRet=false  
2026-08-27 02:24:37 INFO  (GhidraScript) LvglThread.java>   callee 0x2c6155cc size=222    <- caller 0x2c6156e6 size=380   noRet=false  
2026-08-27 02:24:37 INFO  (GhidraScript) LvglThread.java>   callee 0x2c615c44 size=806    <- caller 0x2c616ad4 size=4126  noRet=false  
2026-08-27 02:24:37 INFO  (GhidraScript) LvglThread.java>   callee 0x2c615f78 size=974    <- caller 0x2c616ad4 size=4126  noRet=false  
2026-08-27 02:24:37 INFO  (GhidraScript) LvglThread.java>   callee 0x2c616410 size=210    <- caller 0x2c617d00 size=144   noRet=false  
2026-08-27 02:24:37 INFO  (GhidraScript) LvglThread.java>   callee 0x2c6164e4 size=436    <- caller 0x2c616ad4 size=4126  noRet=false  
2026-08-27 02:24:37 INFO  (GhidraScript) LvglThread.java>   callee 0x2c61669c size=388    <- caller 0x2c616854 size=631   noRet=false  
2026-08-27 02:24:37 INFO  (GhidraScript) LvglThread.java>   callee 0x2c616854 size=631    <- caller 0x2c616ad4 size=4126  noRet=false  
2026-08-27 02:24:37 INFO  (GhidraScript) LvglThread.java>   callee 0x2c6173f8 size=360    <- caller 0x2c627228 size=728   noRet=false  
2026-08-27 02:24:37 INFO  (GhidraScript) LvglThread.java>   callee 0x2c617f84 size=142    <- caller 0x2c60802c size=1410  noRet=false  
2026-08-27 02:24:37 INFO  (GhidraScript) LvglThread.java>   callee 0x2c619aa4 size=230    <- caller 0x2c619b8c size=156   noRet=false  
2026-08-27 02:24:37 INFO  (GhidraScript) LvglThread.java>   callee 0x2c61d868 size=2360   <- caller 0x2c62a2f8 size=344   noRet=false  
2026-08-27 02:24:37 INFO  (GhidraScript) LvglThread.java>   callee 0x2c621554 size=298    <- caller 0x2c624090 size=2672  noRet=false  
2026-08-27 02:24:37 INFO  (GhidraScript) LvglThread.java>   callee 0x2c6218e4 size=140    <- caller 0x2c624090 size=2672  noRet=false  
2026-08-27 02:24:37 INFO  (GhidraScript) LvglThread.java>   callee 0x2c6223f8 size=152    <- caller 0x2c622e8c size=2354  noRet=false  
2026-08-27 02:24:37 INFO  (GhidraScript) LvglThread.java>   callee 0x2c622564 size=414    <- caller 0x2c624090 size=2672  noRet=false  
2026-08-27 02:24:37 INFO  (GhidraScript) LvglThread.java>   callee 0x2c622e8c size=2354   <- caller 0x2c6237e4 size=274   noRet=false  
2026-08-27 02:24:37 INFO  (GhidraScript) LvglThread.java>   callee 0x2c6237e4 size=274    <- caller 0x2c623904 size=152   noRet=false  
2026-08-27 02:24:37 INFO  (GhidraScript) LvglThread.java>   callee 0x2c625b00 size=222    <- caller 0x2c62603e size=2730  noRet=false  
2026-08-27 02:24:37 INFO  (GhidraScript) LvglThread.java>   callee 0x2c625f8c size=178    <- caller 0x2c626d14 size=288   noRet=false  
2026-08-27 02:24:37 INFO  (GhidraScript) LvglThread.java>   callee 0x2c627144 size=174    <- caller 0x2c627514 size=2164  noRet=false  
2026-08-27 02:24:37 INFO  (GhidraScript) LvglThread.java>   callee 0x2c627228 size=728    <- caller 0x2c627514 size=2164  noRet=false  
2026-08-27 02:24:37 INFO  (GhidraScript) LvglThread.java>   callee 0x2c62992c size=262    <- caller 0x2c629aa4 size=368   noRet=false  
2026-08-27 02:24:37 INFO  (GhidraScript) LvglThread.java>   callee 0x2c629c2c size=202    <- caller 0x2c629d00 size=188   noRet=false  
2026-08-27 02:24:37 INFO  (GhidraScript) LvglThread.java>   callee 0x2c62af34 size=238    <- caller 0x2c6032d4 size=194   noRet=false  
2026-08-27 02:24:37 INFO  (GhidraScript) LvglThread.java>   callee 0x2c62ed70 size=224    <- caller 0x2c60802c size=1410  noRet=false  
2026-08-27 02:24:37 INFO  (GhidraScript) LvglThread.java>   callee 0x2c630880 size=140    <- caller 0x2c630c30 size=248   noRet=false  
2026-08-27 02:24:37 INFO  (GhidraScript) LvglThread.java>   callee 0x2c631810 size=1256   <- caller 0x2c631d04 size=606   noRet=false  
2026-08-27 02:24:37 INFO  (GhidraScript) LvglThread.java>   callee 0x2c6340f4 size=310    <- caller 0x2c634864 size=242   noRet=false  
2026-08-27 02:24:37 INFO  (GhidraScript) LvglThread.java>   callee 0x2c634864 size=242    <- caller 0x2c634958 size=1994  noRet=false  
2026-08-27 02:24:37 INFO  (GhidraScript) LvglThread.java>   callee 0x2c635da8 size=680    <- caller 0x2c61bcd8 size=326   noRet=false  
2026-08-27 02:24:37 INFO  (GhidraScript) LvglThread.java>   callee 0x2c637138 size=156    <- caller 0x2c627514 size=2164  noRet=false  
2026-08-27 02:24:37 INFO  (GhidraScript) LvglThread.java>   callee 0x2c637598 size=652    <- caller 0x2c637b3c size=1992  noRet=false  
2026-08-27 02:24:37 INFO  (GhidraScript) LvglThread.java>   callee 0x2c6389d8 size=1804   <- caller 0x2c639164 size=198   noRet=false  
2026-08-27 02:24:37 INFO  (GhidraScript) LvglThread.java>   callee 0x2c63e954 size=254    <- caller 0x2c5d6608 size=504   noRet=false  
2026-08-27 02:24:37 INFO  (GhidraScript) LvglThread.java>   callee 0x2c63faf0 size=196    <- caller 0x2c64129c size=132   noRet=false  
2026-08-27 02:24:37 INFO  (GhidraScript) LvglThread.java>   callee 0x2c641abc size=362    <- caller 0x2c641ef4 size=762   noRet=false  
2026-08-27 02:24:37 INFO  (GhidraScript) LvglThread.java>   callee 0x2c645190 size=140    <- caller 0x2c644324 size=94    noRet=false  
2026-08-27 02:24:37 INFO  (GhidraScript) LvglThread.java>   callee 0x2c647930 size=768    <- caller 0x2c647c80 size=66    noRet=false  
2026-08-27 02:24:37 INFO  (GhidraScript) LvglThread.java>   callee 0x2c647cd0 size=682    <- caller 0x2c6481b0 size=248   noRet=false  
2026-08-27 02:24:37 INFO  (GhidraScript) LvglThread.java>   callee 0x2c6484d0 size=148    <- caller 0x2c6481b0 size=248   noRet=false  
2026-08-27 02:24:37 INFO  (GhidraScript) LvglThread.java>   callee 0x2c64e740 size=222    <- caller 0x2c64ed20 size=48    noRet=false  
2026-08-27 02:24:37 INFO  (GhidraScript) LvglThread.java>   callee 0x2c64e8fc size=150    <- caller 0x2c64eb60 size=132   noRet=false  
2026-08-27 02:24:37 INFO  (GhidraScript) LvglThread.java>   callee 0x2c650874 size=146    <- caller 0x2c6558c0 size=134   noRet=false  
2026-08-27 02:24:37 INFO  (GhidraScript) LvglThread.java>   callee 0x2c650b64 size=146    <- caller 0x2c655bf4 size=134   noRet=false  
2026-08-27 02:24:37 INFO  (GhidraScript) LvglThread.java>   callee 0x2c651c5c size=298    <- caller 0x2c651eb4 size=108   noRet=false  
2026-08-27 02:24:37 INFO  (GhidraScript) LvglThread.java>   callee 0x2c652e62 size=364    <- caller 0x2c653130 size=1400  noRet=false  
2026-08-27 02:24:37 INFO  (GhidraScript) LvglThread.java>   callee 0x2c656ce2 size=368    <- caller 0x2c656fb8 size=1392  noRet=false  
2026-08-27 02:24:37 INFO  (GhidraScript) LvglThread.java>   callee 0x2c65a4e4 size=304    <- caller 0x2c65a64a size=252   noRet=false  
2026-08-27 02:24:37 INFO  (GhidraScript) LvglThread.java>   callee 0x2c65b0d0 size=364    <- caller 0x2c65b39c size=1400  noRet=false  
2026-08-27 02:24:37 INFO  (GhidraScript) LvglThread.java>   callee 0x2c65bef8 size=852    <- caller 0x2c65c286 size=432   noRet=false  
2026-08-27 02:24:37 INFO  (GhidraScript) LvglThread.java>   callee 0x2c65dd48 size=994    <- caller 0x2c65e140 size=126   noRet=false  
2026-08-27 02:24:37 INFO  (GhidraScript) LvglThread.java>   callee 0x2c65ecf0 size=244    <- caller 0x2c6527b0 size=556   noRet=false  
2026-08-27 02:24:37 INFO  (GhidraScript) LvglThread.java>   callee 0x2c660aba size=244    <- caller 0x2c660c2a size=238   noRet=false  
2026-08-27 02:24:37 INFO  (GhidraScript) LvglThread.java>   callee 0x2c6616d4 size=366    <- caller 0x2c6619ac size=1392  noRet=false  
2026-08-27 02:24:37 INFO  (GhidraScript) LvglThread.java>   callee 0x2c6624d0 size=818    <- caller 0x2c66283e size=434   noRet=false  
2026-08-27 02:24:37 INFO  (GhidraScript) LvglThread.java>   callee 0x2c664bbc size=264    <- caller 0x2c65661c size=560   noRet=false  
2026-08-27 02:24:37 INFO  (GhidraScript) LvglThread.java>   callee 0x2c6656d8 size=148    <- caller 0x2c65e140 size=126   noRet=false  
2026-08-27 02:24:37 INFO  (GhidraScript) LvglThread.java>   callee 0x2c666588 size=1464   <- caller 0x2c46fdb0 size=238   noRet=false  
2026-08-27 02:24:37 INFO  (GhidraScript) LvglThread.java>   callee 0x2c6688d8 size=130    <- caller 0x2c668868 size=108   noRet=false  
2026-08-27 02:24:37 INFO  (GhidraScript) LvglThread.java>   callee 0x2c6690f4 size=332    <- caller 0x2c651d74 size=74    noRet=false  
2026-08-27 02:24:37 INFO  (GhidraScript) LvglThread.java>   callee 0x2c66962c size=426    <- caller 0x2c6697dc size=806   noRet=false  
2026-08-27 02:24:37 INFO  (GhidraScript) LvglThread.java>   callee 0x2c669fb0 size=164    <- caller 0x2c66a0d0 size=1050  noRet=false  
2026-08-27 02:24:37 INFO  (GhidraScript) LvglThread.java>   callee 0x2c66a838 size=644    <- caller 0x2c6714d4 size=316   noRet=false  
2026-08-27 02:24:37 INFO  (GhidraScript) LvglThread.java>   callee 0x2c66ee38 size=180    <- caller 0x2c64c9c4 size=34    noRet=false  
2026-08-27 02:24:37 INFO  (GhidraScript) LvglThread.java>   callee 0x2c66f008 size=290    <- caller 0x2c66f950 size=654   noRet=true  
2026-08-27 02:24:37 INFO  (GhidraScript) LvglThread.java>   callee 0x2c66fc0c size=132    <- caller 0x2c66fcc8 size=116   noRet=false  
2026-08-27 02:24:37 INFO  (GhidraScript) LvglThread.java>   callee 0x2c66fd14 size=130    <- caller 0x2c66fdd4 size=126   noRet=false  
2026-08-27 02:24:37 INFO  (GhidraScript) LvglThread.java>   callee 0x2c66fe48 size=162    <- caller 0x2c66ff14 size=1146  noRet=false  
2026-08-27 02:24:37 INFO  (GhidraScript) LvglThread.java>   callee 0x2c66ff14 size=1146   <- caller 0x2c66c640 size=1146  noRet=false  
2026-08-27 02:24:37 INFO  (GhidraScript) LvglThread.java>   callee 0x2c6703ec size=312    <- caller 0x2c66c640 size=1146  noRet=false  
2026-08-27 02:24:37 INFO  (GhidraScript) LvglThread.java>   callee 0x2c671724 size=174    <- caller 0x2c6714d4 size=316   noRet=false  
2026-08-27 02:24:37 INFO  (GhidraScript) LvglThread.java>   callee 0x2c6717d8 size=452    <- caller 0x2c6714d4 size=316   noRet=false  
2026-08-27 02:24:37 INFO  (GhidraScript) LvglThread.java>   callee 0x2c671b48 size=204    <- caller 0x2c671d74 size=922   noRet=true  
2026-08-27 02:24:37 INFO  (GhidraScript) LvglThread.java>   callee 0x2c671c18 size=218    <- caller 0x2c671a5c size=100   noRet=false  
2026-08-27 02:24:37 INFO  (GhidraScript) LvglThread.java>   
2026-08-27 02:24:37 INFO  (GhidraScript) LvglThread.java> == E. dumps ==  
2026-08-27 02:24:37 WARN  (DecompileCallback) Decompiling 2c499270, pcode error at 2c499284: Unable to resolve constructor at 2c499284  
2026-08-27 02:24:37 INFO  (GhidraScript) LvglThread.java>   dumped 1 functions to /Users/bimap/Documents/Coding/SmartGlasses/Reverse/firmware/analysis/rtos/lvgl/disasm  
2026-08-27 02:24:37 INFO  (HeadlessAnalyzer) REPORT: Save succeeded for processed file: /platform_tester.bin  
