tw,th,tile_order,intra,hi,pal,pad64,full,name,icon0_80x80_table_score,icon0_80x80_table_neigh,icon0_80x80_table_run,icon0_80x80_table_sobel,icon0_80x80_table_ac16,icon0_80x80_table_n_large,icon0_80x80_table_pepper,icon0_80x80_table_bbox,real80a_score,real80a_neigh,real80a_run,real80a_sobel,real80a_ac16,real80a_n_large,real80a_pepper,real80a_bbox,real80b_score,real80b_neigh,real80b_run,real80b_sobel,real80b_ac16,real80b_n_large,real80b_pepper,real80b_bbox,boot_399x145_score,boot_399x145_neigh,boot_399x145_run,boot_399x145_sobel,boot_399x145_ac16,boot_399x145_n_large,boot_399x145_pepper,boot_399x145_bbox,wx24_score,wx24_neigh,wx24_run,wx24_sobel,wx24_ac16,wx24_n_large,wx24_pepper,wx24_bbox,combined
16,1,row,row,True,32,True,True,tw16_th1_trow_irow_hi_pal32_pad64_full,10.718114139657128,0.9477056962025316,9.288824383164005,1.25390625,0.9595703125,5,0.0,0.19921875,6.027860692132178,0.9867088607594936,47.05882352941177,0.15953125,0.976953125,0,0.014492753623188406,0.17,11.539675738758557,0.9403481012658228,19.21921921921922,1.07359375,0.92421875,4,0.005509641873278237,0.2125,10.76114846393855,0.9401313292328031,22.14121699196326,0.9303430991271282,0.9262807238678311,5,0.0,0.13793103448275862,8.945657206119163,0.8496376811594203,7.2,3.267361111111111,0.75,1,0.0,0.7916666666666666,9.547918862997644
16,1,row,col,True,32,True,True,tw16_th1_trow_icol_hi_pal32_pad64_full,10.718114139657128,0.9477056962025316,9.288824383164005,1.25390625,0.9595703125,5,0.0,0.19921875,6.027860692132178,0.9867088607594936,47.05882352941177,0.15953125,0.976953125,0,0.014492753623188406,0.17,11.539675738758557,0.9403481012658228,19.21921921921922,1.07359375,0.92421875,4,0.005509641873278237,0.2125,10.76114846393855,0.9401313292328031,22.14121699196326,0.9303430991271282,0.9262807238678311,5,0.0,0.13793103448275862,8.945657206119163,0.8496376811594203,7.2,3.267361111111111,0.75,1,0.0,0.7916666666666666,9.547918862997644
16,1,row,morton,True,32,True,True,tw16_th1_trow_imorton_hi_pal32_pad64_full,10.718114139657128,0.9477056962025316,9.288824383164005,1.25390625,0.9595703125,5,0.0,0.19921875,6.027860692132178,0.9867088607594936,47.05882352941177,0.15953125,0.976953125,0,0.014492753623188406,0.17,11.539675738758557,0.9403481012658228,19.21921921921922,1.07359375,0.92421875,4,0.005509641873278237,0.2125,10.76114846393855,0.9401313292328031,22.14121699196326,0.9303430991271282,0.9262807238678311,5,0.0,0.13793103448275862,8.945657206119163,0.8496376811594203,7.2,3.267361111111111,0.75,1,0.0,0.7916666666666666,9.547918862997644
16,1,row,bup,True,32,True,True,tw16_th1_trow_ibup_hi_pal32_pad64_full,10.718114139657128,0.9477056962025316,9.288824383164005,1.25390625,0.9595703125,5,0.0,0.19921875,6.027860692132178,0.9867088607594936,47.05882352941177,0.15953125,0.976953125,0,0.014492753623188406,0.17,11.539675738758557,0.9403481012658228,19.21921921921922,1.07359375,0.92421875,4,0.005509641873278237,0.2125,10.76114846393855,0.9401313292328031,22.14121699196326,0.9303430991271282,0.9262807238678311,5,0.0,0.13793103448275862,8.945657206119163,0.8496376811594203,7.2,3.267361111111111,0.75,1,0.0,0.7916666666666666,9.547918862997644
16,1,row,row,True,32,True,False,tw16_th1_trow_irow_hi_pal32_pad64,10.718114139657128,0.9477056962025316,9.288824383164005,1.25390625,0.9595703125,5,0.0,0.19921875,6.027860692132178,0.9867088607594936,47.05882352941177,0.15953125,0.976953125,0,0.014492753623188406,0.17,11.539675738758557,0.9403481012658228,19.21921921921922,1.07359375,0.92421875,4,0.005509641873278237,0.2125,10.696204452895042,0.9386220679710018,21.619955156950674,0.9317777201624752,0.9247501575582966,3,0.0029208709506107276,0.13793103448275862,8.945657206119163,0.8496376811594203,7.2,3.267361111111111,0.75,1,0.0,0.7916666666666666,9.528435659684591
16,1,row,col,True,32,True,False,tw16_th1_trow_icol_hi_pal32_pad64,10.718114139657128,0.9477056962025316,9.288824383164005,1.25390625,0.9595703125,5,0.0,0.19921875,6.027860692132178,0.9867088607594936,47.05882352941177,0.15953125,0.976953125,0,0.014492753623188406,0.17,11.539675738758557,0.9403481012658228,19.21921921921922,1.07359375,0.92421875,4,0.005509641873278237,0.2125,10.696204452895042,0.9386220679710018,21.619955156950674,0.9317777201624752,0.9247501575582966,3,0.0029208709506107276,0.13793103448275862,8.945657206119163,0.8496376811594203,7.2,3.267361111111111,0.75,1,0.0,0.7916666666666666,9.528435659684591
16,1,row,morton,True,32,True,False,tw16_th1_trow_imorton_hi_pal32_pad64,10.718114139657128,0.9477056962025316,9.288824383164005,1.25390625,0.9595703125,5,0.0,0.19921875,6.027860692132178,0.9867088607594936,47.05882352941177,0.15953125,0.976953125,0,0.014492753623188406,0.17,11.539675738758557,0.9403481012658228,19.21921921921922,1.07359375,0.92421875,4,0.005509641873278237,0.2125,10.696204452895042,0.9386220679710018,21.619955156950674,0.9317777201624752,0.9247501575582966,3,0.0029208709506107276,0.13793103448275862,8.945657206119163,0.8496376811594203,7.2,3.267361111111111,0.75,1,0.0,0.7916666666666666,9.528435659684591
16,1,row,bup,True,32,True,False,tw16_th1_trow_ibup_hi_pal32_pad64,10.718114139657128,0.9477056962025316,9.288824383164005,1.25390625,0.9595703125,5,0.0,0.19921875,6.027860692132178,0.9867088607594936,47.05882352941177,0.15953125,0.976953125,0,0.014492753623188406,0.17,11.539675738758557,0.9403481012658228,19.21921921921922,1.07359375,0.92421875,4,0.005509641873278237,0.2125,10.696204452895042,0.9386220679710018,21.619955156950674,0.9317777201624752,0.9247501575582966,3,0.0029208709506107276,0.13793103448275862,8.945657206119163,0.8496376811594203,7.2,3.267361111111111,0.75,1,0.0,0.7916666666666666,9.528435659684591
16,1,col,row,True,32,True,False,tw16_th1_tcol_irow_hi_pal32_pad64,10.576277123656622,0.9502373417721519,9.288824383164005,1.12203125,0.86796875,1,0.005797101449275362,0.3375,5.974398551441249,0.986867088607595,48.1203007518797,0.15796875,0.9865234375,0,0.014492753623188406,0.19,11.265857234762485,0.9469145569620253,18.991097922848663,1.125625,0.9283203125,3,0.005509641873278237,0.345625,10.723931251006764,0.9491353026982057,20.992380261248186,0.913715322789733,0.9088502746016026,2,0.0010689470871191875,0.16040100250626566,8.52206119162641,0.8505434782608696,6.260869565217392,3.486111111111111,0.6805555555555556,2,0.0,1.0,9.397954168770172
16,1,col,row,True,32,True,True,tw16_th1_tcol_irow_hi_pal32_pad64_full,10.576277123656622,0.9502373417721519,9.288824383164005,1.12203125,0.86796875,1,0.005797101449275362,0.3375,5.974398551441249,0.986867088607595,48.1203007518797,0.15796875,0.9865234375,0,0.014492753623188406,0.19,11.265857234762485,0.9469145569620253,18.991097922848663,1.125625,0.9283203125,3,0.005509641873278237,0.345625,10.723931251006764,0.9491353026982057,20.992380261248186,0.913715322789733,0.9088502746016026,2,0.0010689470871191875,0.16040100250626566,8.52206119162641,0.8505434782608696,6.260869565217392,3.486111111111111,0.6805555555555556,2,0.0,1.0,9.397954168770172
16,1,col,col,True,32,True,False,tw16_th1_tcol_icol_hi_pal32_pad64,10.576277123656622,0.9502373417721519,9.288824383164005,1.12203125,0.86796875,1,0.005797101449275362,0.3375,5.974398551441249,0.986867088607595,48.1203007518797,0.15796875,0.9865234375,0,0.014492753623188406,0.19,11.265857234762485,0.9469145569620253,18.991097922848663,1.125625,0.9283203125,3,0.005509641873278237,0.345625,10.723931251006764,0.9491353026982057,20.992380261248186,0.913715322789733,0.9088502746016026,2,0.0010689470871191875,0.16040100250626566,8.52206119162641,0.8505434782608696,6.260869565217392,3.486111111111111,0.6805555555555556,2,0.0,1.0,9.397954168770172
16,1,col,col,True,32,True,True,tw16_th1_tcol_icol_hi_pal32_pad64_full,10.576277123656622,0.9502373417721519,9.288824383164005,1.12203125,0.86796875,1,0.005797101449275362,0.3375,5.974398551441249,0.986867088607595,48.1203007518797,0.15796875,0.9865234375,0,0.014492753623188406,0.19,11.265857234762485,0.9469145569620253,18.991097922848663,1.125625,0.9283203125,3,0.005509641873278237,0.345625,10.723931251006764,0.9491353026982057,20.992380261248186,0.913715322789733,0.9088502746016026,2,0.0010689470871191875,0.16040100250626566,8.52206119162641,0.8505434782608696,6.260869565217392,3.486111111111111,0.6805555555555556,2,0.0,1.0,9.397954168770172
16,1,col,morton,True,32,True,False,tw16_th1_tcol_imorton_hi_pal32_pad64,10.576277123656622,0.9502373417721519,9.288824383164005,1.12203125,0.86796875,1,0.005797101449275362,0.3375,5.974398551441249,0.986867088607595,48.1203007518797,0.15796875,0.9865234375,0,0.014492753623188406,0.19,11.265857234762485,0.9469145569620253,18.991097922848663,1.125625,0.9283203125,3,0.005509641873278237,0.345625,10.723931251006764,0.9491353026982057,20.992380261248186,0.913715322789733,0.9088502746016026,2,0.0010689470871191875,0.16040100250626566,8.52206119162641,0.8505434782608696,6.260869565217392,3.486111111111111,0.6805555555555556,2,0.0,1.0,9.397954168770172
16,1,col,morton,True,32,True,True,tw16_th1_tcol_imorton_hi_pal32_pad64_full,10.576277123656622,0.9502373417721519,9.288824383164005,1.12203125,0.86796875,1,0.005797101449275362,0.3375,5.974398551441249,0.986867088607595,48.1203007518797,0.15796875,0.9865234375,0,0.014492753623188406,0.19,11.265857234762485,0.9469145569620253,18.991097922848663,1.125625,0.9283203125,3,0.005509641873278237,0.345625,10.723931251006764,0.9491353026982057,20.992380261248186,0.913715322789733,0.9088502746016026,2,0.0010689470871191875,0.16040100250626566,8.52206119162641,0.8505434782608696,6.260869565217392,3.486111111111111,0.6805555555555556,2,0.0,1.0,9.397954168770172
16,1,col,bup,True,32,True,False,tw16_th1_tcol_ibup_hi_pal32_pad64,10.576277123656622,0.9502373417721519,9.288824383164005,1.12203125,0.86796875,1,0.005797101449275362,0.3375,5.974398551441249,0.986867088607595,48.1203007518797,0.15796875,0.9865234375,0,0.014492753623188406,0.19,11.265857234762485,0.9469145569620253,18.991097922848663,1.125625,0.9283203125,3,0.005509641873278237,0.345625,10.723931251006764,0.9491353026982057,20.992380261248186,0.913715322789733,0.9088502746016026,2,0.0010689470871191875,0.16040100250626566,8.52206119162641,0.8505434782608696,6.260869565217392,3.486111111111111,0.6805555555555556,2,0.0,1.0,9.397954168770172
16,1,col,bup,True,32,True,True,tw16_th1_tcol_ibup_hi_pal32_pad64_full,10.576277123656622,0.9502373417721519,9.288824383164005,1.12203125,0.86796875,1,0.005797101449275362,0.3375,5.974398551441249,0.986867088607595,48.1203007518797,0.15796875,0.9865234375,0,0.014492753623188406,0.19,11.265857234762485,0.9469145569620253,18.991097922848663,1.125625,0.9283203125,3,0.005509641873278237,0.345625,10.723931251006764,0.9491353026982057,20.992380261248186,0.913715322789733,0.9088502746016026,2,0.0010689470871191875,0.16040100250626566,8.52206119162641,0.8505434782608696,6.260869565217392,3.486111111111111,0.6805555555555556,2,0.0,1.0,9.397954168770172
16,1,row,row,True,0,True,True,tw16_th1_trow_irow_hi_pal0_pad64_full,10.715166387612452,0.9494462025316456,9.20863309352518,1.20609375,0.961328125,5,0.0014265335235378032,0.19921875,4.465036590189873,0.9897943037974684,48.85496183206107,0.1284375,0.98515625,0,0.02,0.1875,11.431415597374588,0.9379746835443038,18.55072463768116,1.01875,0.9271484375,4,0.013477088948787063,0.2125,10.709080406993518,0.9399161844521583,21.56354826686545,0.9194538069311209,0.9252363374448546,2,0.0010749798441279225,0.13793103448275862,8.71616802354345,0.8469202898550725,6.9397590361445785,3.0989583333333335,0.75,1,0.0375,0.7916666666666666,9.074631804228156
16,1,row,col,True,0,True,True,tw16_th1_trow_icol_hi_pal0_pad64_full,10.715166387612452,0.9494462025316456,9.20863309352518,1.20609375,0.961328125,5,0.0014265335235378032,0.19921875,4.465036590189873,0.9897943037974684,48.85496183206107,0.1284375,0.98515625,0,0.02,0.1875,11.431415597374588,0.9379746835443038,18.55072463768116,1.01875,0.9271484375,4,0.013477088948787063,0.2125,10.709080406993518,0.9399161844521583,21.56354826686545,0.9194538069311209,0.9252363374448546,2,0.0010749798441279225,0.13793103448275862,8.71616802354345,0.8469202898550725,6.9397590361445785,3.0989583333333335,0.75,1,0.0375,0.7916666666666666,9.074631804228156
16,1,row,morton,True,0,True,True,tw16_th1_trow_imorton_hi_pal0_pad64_full,10.715166387612452,0.9494462025316456,9.20863309352518,1.20609375,0.961328125,5,0.0014265335235378032,0.19921875,4.465036590189873,0.9897943037974684,48.85496183206107,0.1284375,0.98515625,0,0.02,0.1875,11.431415597374588,0.9379746835443038,18.55072463768116,1.01875,0.9271484375,4,0.013477088948787063,0.2125,10.709080406993518,0.9399161844521583,21.56354826686545,0.9194538069311209,0.9252363374448546,2,0.0010749798441279225,0.13793103448275862,8.71616802354345,0.8469202898550725,6.9397590361445785,3.0989583333333335,0.75,1,0.0375,0.7916666666666666,9.074631804228156
16,1,row,bup,True,0,True,True,tw16_th1_trow_ibup_hi_pal0_pad64_full,10.715166387612452,0.9494462025316456,9.20863309352518,1.20609375,0.961328125,5,0.0014265335235378032,0.19921875,4.465036590189873,0.9897943037974684,48.85496183206107,0.1284375,0.98515625,0,0.02,0.1875,11.431415597374588,0.9379746835443038,18.55072463768116,1.01875,0.9271484375,4,0.013477088948787063,0.2125,10.709080406993518,0.9399161844521583,21.56354826686545,0.9194538069311209,0.9252363374448546,2,0.0010749798441279225,0.13793103448275862,8.71616802354345,0.8469202898550725,6.9397590361445785,3.0989583333333335,0.75,1,0.0375,0.7916666666666666,9.074631804228156
16,1,row,row,True,0,True,False,tw16_th1_trow_irow_hi_pal0_pad64,10.715166387612452,0.9494462025316456,9.20863309352518,1.20609375,0.961328125,5,0.0014265335235378032,0.19921875,4.465036590189873,0.9897943037974684,48.85496183206107,0.1284375,0.98515625,0,0.02,0.1875,11.431415597374588,0.9379746835443038,18.55072463768116,1.01875,0.9271484375,4,0.013477088948787063,0.2125,10.698105364681329,0.9402209568569955,21.531447711202084,0.9288911935009939,0.9252183307823895,4,0.002403846153846154,0.13793103448275862,8.71616802354345,0.8469202898550725,6.9397590361445785,3.0989583333333335,0.75,1,0.0375,0.7916666666666666,9.071339291534498
16,1,row,col,True,0,True,False,tw16_th1_trow_icol_hi_pal0_pad64,10.715166387612452,0.9494462025316456,9.20863309352518,1.20609375,0.961328125,5,0.0014265335235378032,0.19921875,4.465036590189873,0.9897943037974684,48.85496183206107,0.1284375,0.98515625,0,0.02,0.1875,11.431415597374588,0.9379746835443038,18.55072463768116,1.01875,0.9271484375,4,0.013477088948787063,0.2125,10.698105364681329,0.9402209568569955,21.531447711202084,0.9288911935009939,0.9252183307823895,4,0.002403846153846154,0.13793103448275862,8.71616802354345,0.8469202898550725,6.9397590361445785,3.0989583333333335,0.75,1,0.0375,0.7916666666666666,9.071339291534498
16,1,row,morton,True,0,True,False,tw16_th1_trow_imorton_hi_pal0_pad64,10.715166387612452,0.9494462025316456,9.20863309352518,1.20609375,0.961328125,5,0.0014265335235378032,0.19921875,4.465036590189873,0.9897943037974684,48.85496183206107,0.1284375,0.98515625,0,0.02,0.1875,11.431415597374588,0.9379746835443038,18.55072463768116,1.01875,0.9271484375,4,0.013477088948787063,0.2125,10.698105364681329,0.9402209568569955,21.531447711202084,0.9288911935009939,0.9252183307823895,4,0.002403846153846154,0.13793103448275862,8.71616802354345,0.8469202898550725,6.9397590361445785,3.0989583333333335,0.75,1,0.0375,0.7916666666666666,9.071339291534498
16,1,row,bup,True,0,True,False,tw16_th1_trow_ibup_hi_pal0_pad64,10.715166387612452,0.9494462025316456,9.20863309352518,1.20609375,0.961328125,5,0.0014265335235378032,0.19921875,4.465036590189873,0.9897943037974684,48.85496183206107,0.1284375,0.98515625,0,0.02,0.1875,11.431415597374588,0.9379746835443038,18.55072463768116,1.01875,0.9271484375,4,0.013477088948787063,0.2125,10.698105364681329,0.9402209568569955,21.531447711202084,0.9288911935009939,0.9252183307823895,4,0.002403846153846154,0.13793103448275862,8.71616802354345,0.8469202898550725,6.9397590361445785,3.0989583333333335,0.75,1,0.0375,0.7916666666666666,9.071339291534498
16,1,row,row,False,32,True,True,tw16_th1_trow_irow_lo_pal32_pad64_full,10.7218792637018,0.9468354430379746,9.43952802359882,1.25390625,0.9595703125,5,0.0,0.201875,4.9696355958195735,0.9855221518987342,41.55844155844156,0.15953125,0.976953125,0,0.18840579710144928,0.175,11.13751419877633,0.9374208860759494,17.112299465240643,1.07359375,0.92421875,4,0.04132231404958678,0.2125,10.453194069039084,0.9374368605165854,19.963768115942027,0.9302393915824043,0.9263527505176915,5,0.019271948608137045,0.13793103448275862,8.732484141488687,0.8432971014492754,6.620689655172414,3.267361111111111,0.75,1,0.023255813953488372,0.7916666666666666,9.054815922551672
16,1,row,col,False,32,True,True,tw16_th1_trow_icol_lo_pal32_pad64_full,10.7218792637018,0.9468354430379746,9.43952802359882,1.25390625,0.9595703125,5,0.0,0.201875,4.9696355958195735,0.9855221518987342,41.55844155844156,0.15953125,0.976953125,0,0.18840579710144928,0.175,11.13751419877633,0.9374208860759494,17.112299465240643,1.07359375,0.92421875,4,0.04132231404958678,0.2125,10.453194069039084,0.9374368605165854,19.963768115942027,0.9302393915824043,0.9263527505176915,5,0.019271948608137045,0.13793103448275862,8.732484141488687,0.8432971014492754,6.620689655172414,3.267361111111111,0.75,1,0.023255813953488372,0.7916666666666666,9.054815922551672
16,1,row,morton,False,32,True,True,tw16_th1_trow_imorton_lo_pal32_pad64_full,10.7218792637018,0.9468354430379746,9.43952802359882,1.25390625,0.9595703125,5,0.0,0.201875,4.9696355958195735,0.9855221518987342,41.55844155844156,0.15953125,0.976953125,0,0.18840579710144928,0.175,11.13751419877633,0.9374208860759494,17.112299465240643,1.07359375,0.92421875,4,0.04132231404958678,0.2125,10.453194069039084,0.9374368605165854,19.963768115942027,0.9302393915824043,0.9263527505176915,5,0.019271948608137045,0.13793103448275862,8.732484141488687,0.8432971014492754,6.620689655172414,3.267361111111111,0.75,1,0.023255813953488372,0.7916666666666666,9.054815922551672
16,1,row,bup,False,32,True,True,tw16_th1_trow_ibup_lo_pal32_pad64_full,10.7218792637018,0.9468354430379746,9.43952802359882,1.25390625,0.9595703125,5,0.0,0.201875,4.9696355958195735,0.9855221518987342,41.55844155844156,0.15953125,0.976953125,0,0.18840579710144928,0.175,11.13751419877633,0.9374208860759494,17.112299465240643,1.07359375,0.92421875,4,0.04132231404958678,0.2125,10.453194069039084,0.9374368605165854,19.963768115942027,0.9302393915824043,0.9263527505176915,5,0.019271948608137045,0.13793103448275862,8.732484141488687,0.8432971014492754,6.620689655172414,3.267361111111111,0.75,1,0.023255813953488372,0.7916666666666666,9.054815922551672
16,1,row,row,False,32,True,False,tw16_th1_trow_irow_lo_pal32_pad64,10.7218792637018,0.9468354430379746,9.43952802359882,1.25390625,0.9595703125,5,0.0,0.201875,4.9696355958195735,0.9855221518987342,41.55844155844156,0.15953125,0.976953125,0,0.18840579710144928,0.175,11.13751419877633,0.9374208860759494,17.112299465240643,1.07359375,0.92421875,4,0.04132231404958678,0.2125,10.438019539926252,0.9361019518945035,19.658511722731905,0.9320715582058595,0.9248401908706221,3,0.01699867197875166,0.13793103448275862,8.732484141488687,0.8432971014492754,6.620689655172414,3.267361111111111,0.75,1,0.023255813953488372,0.7916666666666666,9.050263563817822
16,1,row,col,False,32,True,False,tw16_th1_trow_icol_lo_pal32_pad64,10.7218792637018,0.9468354430379746,9.43952802359882,1.25390625,0.9595703125,5,0.0,0.201875,4.9696355958195735,0.9855221518987342,41.55844155844156,0.15953125,0.976953125,0,0.18840579710144928,0.175,11.13751419877633,0.9374208860759494,17.112299465240643,1.07359375,0.92421875,4,0.04132231404958678,0.2125,10.438019539926252,0.9361019518945035,19.658511722731905,0.9320715582058595,0.9248401908706221,3,0.01699867197875166,0.13793103448275862,8.732484141488687,0.8432971014492754,6.620689655172414,3.267361111111111,0.75,1,0.023255813953488372,0.7916666666666666,9.050263563817822
16,1,row,morton,False,32,True,False,tw16_th1_trow_imorton_lo_pal32_pad64,10.7218792637018,0.9468354430379746,9.43952802359882,1.25390625,0.9595703125,5,0.0,0.201875,4.9696355958195735,0.9855221518987342,41.55844155844156,0.15953125,0.976953125,0,0.18840579710144928,0.175,11.13751419877633,0.9374208860759494,17.112299465240643,1.07359375,0.92421875,4,0.04132231404958678,0.2125,10.438019539926252,0.9361019518945035,19.658511722731905,0.9320715582058595,0.9248401908706221,3,0.01699867197875166,0.13793103448275862,8.732484141488687,0.8432971014492754,6.620689655172414,3.267361111111111,0.75,1,0.023255813953488372,0.7916666666666666,9.050263563817822
16,1,row,bup,False,32,True,False,tw16_th1_trow_ibup_lo_pal32_pad64,10.7218792637018,0.9468354430379746,9.43952802359882,1.25390625,0.9595703125,5,0.0,0.201875,4.9696355958195735,0.9855221518987342,41.55844155844156,0.15953125,0.976953125,0,0.18840579710144928,0.175,11.13751419877633,0.9374208860759494,17.112299465240643,1.07359375,0.92421875,4,0.04132231404958678,0.2125,10.438019539926252,0.9361019518945035,19.658511722731905,0.9320715582058595,0.9248401908706221,3,0.01699867197875166,0.13793103448275862,8.732484141488687,0.8432971014492754,6.620689655172414,3.267361111111111,0.75,1,0.023255813953488372,0.7916666666666666,9.050263563817822
16,1,row,row,True,64,True,True,tw16_th1_trow_irow_hi_pal64_pad64_full,10.713966709628455,0.9495253164556963,9.20863309352518,1.20984375,0.9619140625,5,0.0014285714285714286,0.19921875,4.499353243670885,0.9901898734177215,48.484848484848484,0.1275,0.9859375,0,0.02,0.170625,11.435623578720264,0.9386075949367089,18.55072463768116,1.03671875,0.924609375,5,0.013333333333333334,0.2125,10.707110862867541,0.939707137471994,21.57963446475196,0.9246564687581021,0.9263167371927613,3,0.0010726736390453205,0.13793103448275862,8.34862801098362,0.8233695652173914,6.127659574468085,3.6006944444444446,0.7708333333333334,1,0.05263157894736842,0.7916666666666666,9.0472073705506
16,1,row,col,True,64,True,True,tw16_th1_trow_icol_hi_pal64_pad64_full,10.713966709628455,0.9495253164556963,9.20863309352518,1.20984375,0.9619140625,5,0.0014285714285714286,0.19921875,4.499353243670885,0.9901898734177215,48.484848484848484,0.1275,0.9859375,0,0.02,0.170625,11.435623578720264,0.9386075949367089,18.55072463768116,1.03671875,0.924609375,5,0.013333333333333334,0.2125,10.707110862867541,0.939707137471994,21.57963446475196,0.9246564687581021,0.9263167371927613,3,0.0010726736390453205,0.13793103448275862,8.34862801098362,0.8233695652173914,6.127659574468085,3.6006944444444446,0.7708333333333334,1,0.05263157894736842,0.7916666666666666,9.0472073705506
16,1,row,morton,True,64,True,True,tw16_th1_trow_imorton_hi_pal64_pad64_full,10.713966709628455,0.9495253164556963,9.20863309352518,1.20984375,0.9619140625,5,0.0014285714285714286,0.19921875,4.499353243670885,0.9901898734177215,48.484848484848484,0.1275,0.9859375,0,0.02,0.170625,11.435623578720264,0.9386075949367089,18.55072463768116,1.03671875,0.924609375,5,0.013333333333333334,0.2125,10.707110862867541,0.939707137471994,21.57963446475196,0.9246564687581021,0.9263167371927613,3,0.0010726736390453205,0.13793103448275862,8.34862801098362,0.8233695652173914,6.127659574468085,3.6006944444444446,0.7708333333333334,1,0.05263157894736842,0.7916666666666666,9.0472073705506
16,1,row,bup,True,64,True,True,tw16_th1_trow_ibup_hi_pal64_pad64_full,10.713966709628455,0.9495253164556963,9.20863309352518,1.20984375,0.9619140625,5,0.0014285714285714286,0.19921875,4.499353243670885,0.9901898734177215,48.484848484848484,0.1275,0.9859375,0,0.02,0.170625,11.435623578720264,0.9386075949367089,18.55072463768116,1.03671875,0.924609375,5,0.013333333333333334,0.2125,10.707110862867541,0.939707137471994,21.57963446475196,0.9246564687581021,0.9263167371927613,3,0.0010726736390453205,0.13793103448275862,8.34862801098362,0.8233695652173914,6.127659574468085,3.6006944444444446,0.7708333333333334,1,0.05263157894736842,0.7916666666666666,9.0472073705506
16,1,row,row,True,64,True,False,tw16_th1_trow_irow_hi_pal64_pad64,10.713966709628455,0.9495253164556963,9.20863309352518,1.20984375,0.9619140625,5,0.0014285714285714286,0.19921875,4.499353243670885,0.9901898734177215,48.484848484848484,0.1275,0.9859375,0,0.02,0.170625,11.435623578720264,0.9386075949367089,18.55072463768116,1.03671875,0.924609375,5,0.013333333333333334,0.2125,10.699293561738939,0.9403166822816683,21.5234375,0.92647135079077,0.9255964706941568,4,0.002131060202450719,0.13793103448275862,8.34862801098362,0.8233695652173914,6.127659574468085,3.6006944444444446,0.7708333333333334,1,0.05263157894736842,0.7916666666666666,9.04486218021202
16,1,row,col,True,64,True,False,tw16_th1_trow_icol_hi_pal64_pad64,10.713966709628455,0.9495253164556963,9.20863309352518,1.20984375,0.9619140625,5,0.0014285714285714286,0.19921875,4.499353243670885,0.9901898734177215,48.484848484848484,0.1275,0.9859375,0,0.02,0.170625,11.435623578720264,0.9386075949367089,18.55072463768116,1.03671875,0.924609375,5,0.013333333333333334,0.2125,10.699293561738939,0.9403166822816683,21.5234375,0.92647135079077,0.9255964706941568,4,0.002131060202450719,0.13793103448275862,8.34862801098362,0.8233695652173914,6.127659574468085,3.6006944444444446,0.7708333333333334,1,0.05263157894736842,0.7916666666666666,9.04486218021202
16,1,row,morton,True,64,True,False,tw16_th1_trow_imorton_hi_pal64_pad64,10.713966709628455,0.9495253164556963,9.20863309352518,1.20984375,0.9619140625,5,0.0014285714285714286,0.19921875,4.499353243670885,0.9901898734177215,48.484848484848484,0.1275,0.9859375,0,0.02,0.170625,11.435623578720264,0.9386075949367089,18.55072463768116,1.03671875,0.924609375,5,0.013333333333333334,0.2125,10.699293561738939,0.9403166822816683,21.5234375,0.92647135079077,0.9255964706941568,4,0.002131060202450719,0.13793103448275862,8.34862801098362,0.8233695652173914,6.127659574468085,3.6006944444444446,0.7708333333333334,1,0.05263157894736842,0.7916666666666666,9.04486218021202
16,1,row,bup,True,64,True,False,tw16_th1_trow_ibup_hi_pal64_pad64,10.713966709628455,0.9495253164556963,9.20863309352518,1.20984375,0.9619140625,5,0.0014285714285714286,0.19921875,4.499353243670885,0.9901898734177215,48.484848484848484,0.1275,0.9859375,0,0.02,0.170625,11.435623578720264,0.9386075949367089,18.55072463768116,1.03671875,0.924609375,5,0.013333333333333334,0.2125,10.699293561738939,0.9403166822816683,21.5234375,0.92647135079077,0.9255964706941568,4,0.002131060202450719,0.13793103448275862,8.34862801098362,0.8233695652173914,6.127659574468085,3.6006944444444446,0.7708333333333334,1,0.05263157894736842,0.7916666666666666,9.04486218021202
16,1,col,row,True,0,True,False,tw16_th1_tcol_irow_hi_pal0_pad64,10.609616729588314,0.9522151898734177,9.20863309352518,1.06875,0.8642578125,1,0.0028530670470756064,0.3375,4.486560027689873,0.9897943037974684,48.85496183206107,0.13359375,0.990234375,0,0.02,0.1725,11.216859587568575,0.9460443037974684,18.443804034582133,1.0575,0.9265625,2,0.018867924528301886,0.3125,10.656952367577752,0.9481111110749205,20.4434628975265,0.8992654048915392,0.9079319348158819,2,0.004556419190565532,0.16040100250626566,8.743655199729885,0.8713768115942029,6.193548387096774,3.079861111111111,0.7048611111111112,1,0.021739130434782608,0.8784722222222222,9.003109668580576
16,1,col,row,True,0,True,True,tw16_th1_tcol_irow_hi_pal0_pad64_full,10.609616729588314,0.9522151898734177,9.20863309352518,1.06875,0.8642578125,1,0.0028530670470756064,0.3375,4.486560027689873,0.9897943037974684,48.85496183206107,0.13359375,0.990234375,0,0.02,0.1725,11.216859587568575,0.9460443037974684,18.443804034582133,1.0575,0.9265625,2,0.018867924528301886,0.3125,10.656952367577752,0.9481111110749205,20.4434628975265,0.8992654048915392,0.9079319348158819,2,0.004556419190565532,0.16040100250626566,8.743655199729885,0.8713768115942029,6.193548387096774,3.079861111111111,0.7048611111111112,1,0.021739130434782608,0.8784722222222222,9.003109668580576
16,1,col,col,True,0,True,False,tw16_th1_tcol_icol_hi_pal0_pad64,10.609616729588314,0.9522151898734177,9.20863309352518,1.06875,0.8642578125,1,0.0028530670470756064,0.3375,4.486560027689873,0.9897943037974684,48.85496183206107,0.13359375,0.990234375,0,0.02,0.1725,11.216859587568575,0.9460443037974684,18.443804034582133,1.0575,0.9265625,2,0.018867924528301886,0.3125,10.656952367577752,0.9481111110749205,20.4434628975265,0.8992654048915392,0.9079319348158819,2,0.004556419190565532,0.16040100250626566,8.743655199729885,0.8713768115942029,6.193548387096774,3.079861111111111,0.7048611111111112,1,0.021739130434782608,0.8784722222222222,9.003109668580576
16,1,col,col,True,0,True,True,tw16_th1_tcol_icol_hi_pal0_pad64_full,10.609616729588314,0.9522151898734177,9.20863309352518,1.06875,0.8642578125,1,0.0028530670470756064,0.3375,4.486560027689873,0.9897943037974684,48.85496183206107,0.13359375,0.990234375,0,0.02,0.1725,11.216859587568575,0.9460443037974684,18.443804034582133,1.0575,0.9265625,2,0.018867924528301886,0.3125,10.656952367577752,0.9481111110749205,20.4434628975265,0.8992654048915392,0.9079319348158819,2,0.004556419190565532,0.16040100250626566,8.743655199729885,0.8713768115942029,6.193548387096774,3.079861111111111,0.7048611111111112,1,0.021739130434782608,0.8784722222222222,9.003109668580576
16,1,col,morton,True,0,True,False,tw16_th1_tcol_imorton_hi_pal0_pad64,10.609616729588314,0.9522151898734177,9.20863309352518,1.06875,0.8642578125,1,0.0028530670470756064,0.3375,4.486560027689873,0.9897943037974684,48.85496183206107,0.13359375,0.990234375,0,0.02,0.1725,11.216859587568575,0.9460443037974684,18.443804034582133,1.0575,0.9265625,2,0.018867924528301886,0.3125,10.656952367577752,0.9481111110749205,20.4434628975265,0.8992654048915392,0.9079319348158819,2,0.004556419190565532,0.16040100250626566,8.743655199729885,0.8713768115942029,6.193548387096774,3.079861111111111,0.7048611111111112,1,0.021739130434782608,0.8784722222222222,9.003109668580576
16,1,col,morton,True,0,True,True,tw16_th1_tcol_imorton_hi_pal0_pad64_full,10.609616729588314,0.9522151898734177,9.20863309352518,1.06875,0.8642578125,1,0.0028530670470756064,0.3375,4.486560027689873,0.9897943037974684,48.85496183206107,0.13359375,0.990234375,0,0.02,0.1725,11.216859587568575,0.9460443037974684,18.443804034582133,1.0575,0.9265625,2,0.018867924528301886,0.3125,10.656952367577752,0.9481111110749205,20.4434628975265,0.8992654048915392,0.9079319348158819,2,0.004556419190565532,0.16040100250626566,8.743655199729885,0.8713768115942029,6.193548387096774,3.079861111111111,0.7048611111111112,1,0.021739130434782608,0.8784722222222222,9.003109668580576
16,1,col,bup,True,0,True,False,tw16_th1_tcol_ibup_hi_pal0_pad64,10.609616729588314,0.9522151898734177,9.20863309352518,1.06875,0.8642578125,1,0.0028530670470756064,0.3375,4.486560027689873,0.9897943037974684,48.85496183206107,0.13359375,0.990234375,0,0.02,0.1725,11.216859587568575,0.9460443037974684,18.443804034582133,1.0575,0.9265625,2,0.018867924528301886,0.3125,10.656952367577752,0.9481111110749205,20.4434628975265,0.8992654048915392,0.9079319348158819,2,0.004556419190565532,0.16040100250626566,8.743655199729885,0.8713768115942029,6.193548387096774,3.079861111111111,0.7048611111111112,1,0.021739130434782608,0.8784722222222222,9.003109668580576
16,1,col,bup,True,0,True,True,tw16_th1_tcol_ibup_hi_pal0_pad64_full,10.609616729588314,0.9522151898734177,9.20863309352518,1.06875,0.8642578125,1,0.0028530670470756064,0.3375,4.486560027689873,0.9897943037974684,48.85496183206107,0.13359375,0.990234375,0,0.02,0.1725,11.216859587568575,0.9460443037974684,18.443804034582133,1.0575,0.9265625,2,0.018867924528301886,0.3125,10.656952367577752,0.9481111110749205,20.4434628975265,0.8992654048915392,0.9079319348158819,2,0.004556419190565532,0.16040100250626566,8.743655199729885,0.8713768115942029,6.193548387096774,3.079861111111111,0.7048611111111112,1,0.021739130434782608,0.8784722222222222,9.003109668580576
16,1,col,row,True,64,True,False,tw16_th1_tcol_irow_hi_pal64_pad64,10.610285180846056,0.9525316455696202,9.20863309352518,1.0721875,0.8642578125,1,0.002857142857142857,0.3375,4.486768361023207,0.9897943037974684,48.85496183206107,0.13234375,0.990234375,0,0.02,0.1725,11.135123937071938,0.9462816455696202,18.33810888252149,1.05625,0.9267578125,2,0.018666666666666668,0.35,10.659323465693594,0.9481197367829941,20.457920792079207,0.9041569440843488,0.9077518681912308,2,0.004276931301790965,0.16040100250626566,8.447325682226282,0.8668478260869565,6.063157894736842,3.092013888888889,0.71875,2,0.02197802197802198,1.0,8.95304441990313
16,1,col,row,True,64,True,True,tw16_th1_tcol_irow_hi_pal64_pad64_full,10.610285180846056,0.9525316455696202,9.20863309352518,1.0721875,0.8642578125,1,0.002857142857142857,0.3375,4.486768361023207,0.9897943037974684,48.85496183206107,0.13234375,0.990234375,0,0.02,0.1725,11.135123937071938,0.9462816455696202,18.33810888252149,1.05625,0.9267578125,2,0.018666666666666668,0.35,10.659323465693594,0.9481197367829941,20.457920792079207,0.9041569440843488,0.9077518681912308,2,0.004276931301790965,0.16040100250626566,8.447325682226282,0.8668478260869565,6.063157894736842,3.092013888888889,0.71875,2,0.02197802197802198,1.0,8.95304441990313
16,1,col,col,True,64,True,False,tw16_th1_tcol_icol_hi_pal64_pad64,10.610285180846056,0.9525316455696202,9.20863309352518,1.0721875,0.8642578125,1,0.002857142857142857,0.3375,4.486768361023207,0.9897943037974684,48.85496183206107,0.13234375,0.990234375,0,0.02,0.1725,11.135123937071938,0.9462816455696202,18.33810888252149,1.05625,0.9267578125,2,0.018666666666666668,0.35,10.659323465693594,0.9481197367829941,20.457920792079207,0.9041569440843488,0.9077518681912308,2,0.004276931301790965,0.16040100250626566,8.447325682226282,0.8668478260869565,6.063157894736842,3.092013888888889,0.71875,2,0.02197802197802198,1.0,8.95304441990313
16,1,col,col,True,64,True,True,tw16_th1_tcol_icol_hi_pal64_pad64_full,10.610285180846056,0.9525316455696202,9.20863309352518,1.0721875,0.8642578125,1,0.002857142857142857,0.3375,4.486768361023207,0.9897943037974684,48.85496183206107,0.13234375,0.990234375,0,0.02,0.1725,11.135123937071938,0.9462816455696202,18.33810888252149,1.05625,0.9267578125,2,0.018666666666666668,0.35,10.659323465693594,0.9481197367829941,20.457920792079207,0.9041569440843488,0.9077518681912308,2,0.004276931301790965,0.16040100250626566,8.447325682226282,0.8668478260869565,6.063157894736842,3.092013888888889,0.71875,2,0.02197802197802198,1.0,8.95304441990313
16,1,col,morton,True,64,True,False,tw16_th1_tcol_imorton_hi_pal64_pad64,10.610285180846056,0.9525316455696202,9.20863309352518,1.0721875,0.8642578125,1,0.002857142857142857,0.3375,4.486768361023207,0.9897943037974684,48.85496183206107,0.13234375,0.990234375,0,0.02,0.1725,11.135123937071938,0.9462816455696202,18.33810888252149,1.05625,0.9267578125,2,0.018666666666666668,0.35,10.659323465693594,0.9481197367829941,20.457920792079207,0.9041569440843488,0.9077518681912308,2,0.004276931301790965,0.16040100250626566,8.447325682226282,0.8668478260869565,6.063157894736842,3.092013888888889,0.71875,2,0.02197802197802198,1.0,8.95304441990313
16,1,col,morton,True,64,True,True,tw16_th1_tcol_imorton_hi_pal64_pad64_full,10.610285180846056,0.9525316455696202,9.20863309352518,1.0721875,0.8642578125,1,0.002857142857142857,0.3375,4.486768361023207,0.9897943037974684,48.85496183206107,0.13234375,0.990234375,0,0.02,0.1725,11.135123937071938,0.9462816455696202,18.33810888252149,1.05625,0.9267578125,2,0.018666666666666668,0.35,10.659323465693594,0.9481197367829941,20.457920792079207,0.9041569440843488,0.9077518681912308,2,0.004276931301790965,0.16040100250626566,8.447325682226282,0.8668478260869565,6.063157894736842,3.092013888888889,0.71875,2,0.02197802197802198,1.0,8.95304441990313
16,1,col,bup,True,64,True,False,tw16_th1_tcol_ibup_hi_pal64_pad64,10.610285180846056,0.9525316455696202,9.20863309352518,1.0721875,0.8642578125,1,0.002857142857142857,0.3375,4.486768361023207,0.9897943037974684,48.85496183206107,0.13234375,0.990234375,0,0.02,0.1725,11.135123937071938,0.9462816455696202,18.33810888252149,1.05625,0.9267578125,2,0.018666666666666668,0.35,10.659323465693594,0.9481197367829941,20.457920792079207,0.9041569440843488,0.9077518681912308,2,0.004276931301790965,0.16040100250626566,8.447325682226282,0.8668478260869565,6.063157894736842,3.092013888888889,0.71875,2,0.02197802197802198,1.0,8.95304441990313
16,1,col,bup,True,64,True,True,tw16_th1_tcol_ibup_hi_pal64_pad64_full,10.610285180846056,0.9525316455696202,9.20863309352518,1.0721875,0.8642578125,1,0.002857142857142857,0.3375,4.486768361023207,0.9897943037974684,48.85496183206107,0.13234375,0.990234375,0,0.02,0.1725,11.135123937071938,0.9462816455696202,18.33810888252149,1.05625,0.9267578125,2,0.018666666666666668,0.35,10.659323465693594,0.9481197367829941,20.457920792079207,0.9041569440843488,0.9077518681912308,2,0.004276931301790965,0.16040100250626566,8.447325682226282,0.8668478260869565,6.063157894736842,3.092013888888889,0.71875,2,0.02197802197802198,1.0,8.95304441990313
16,1,col,row,False,32,True,False,tw16_th1_tcol_irow_lo_pal32_pad64,10.63106600137133,0.9496835443037974,10.272873194221509,1.12203125,0.86796875,1,0.005797101449275362,0.35,4.926173455128646,0.9856803797468354,42.384105960264904,0.15796875,0.9865234375,0,0.18840579710144928,0.19,10.937473826600002,0.9439873417721518,16.97612732095491,1.125625,0.9283203125,3,0.030303030303030304,0.345625,10.492238353821396,0.9466920519617649,19.252911813643927,0.913715322789733,0.9088502746016026,2,0.01389631213254944,0.16040100250626566,8.110696932519375,0.8405797101449275,5.592233009708738,3.486111111111111,0.6805555555555556,2,0.05263157894736842,1.0,8.933774772757511
16,1,col,row,False,32,True,True,tw16_th1_tcol_irow_lo_pal32_pad64_full,10.63106600137133,0.9496835443037974,10.272873194221509,1.12203125,0.86796875,1,0.005797101449275362,0.35,4.926173455128646,0.9856803797468354,42.384105960264904,0.15796875,0.9865234375,0,0.18840579710144928,0.19,10.937473826600002,0.9439873417721518,16.97612732095491,1.125625,0.9283203125,3,0.030303030303030304,0.345625,10.492238353821396,0.9466920519617649,19.252911813643927,0.913715322789733,0.9088502746016026,2,0.01389631213254944,0.16040100250626566,8.110696932519375,0.8405797101449275,5.592233009708738,3.486111111111111,0.6805555555555556,2,0.05263157894736842,1.0,8.933774772757511
16,1,col,col,False,32,True,False,tw16_th1_tcol_icol_lo_pal32_pad64,10.63106600137133,0.9496835443037974,10.272873194221509,1.12203125,0.86796875,1,0.005797101449275362,0.35,4.926173455128646,0.9856803797468354,42.384105960264904,0.15796875,0.9865234375,0,0.18840579710144928,0.19,10.937473826600002,0.9439873417721518,16.97612732095491,1.125625,0.9283203125,3,0.030303030303030304,0.345625,10.492238353821396,0.9466920519617649,19.252911813643927,0.913715322789733,0.9088502746016026,2,0.01389631213254944,0.16040100250626566,8.110696932519375,0.8405797101449275,5.592233009708738,3.486111111111111,0.6805555555555556,2,0.05263157894736842,1.0,8.933774772757511
16,1,col,col,False,32,True,True,tw16_th1_tcol_icol_lo_pal32_pad64_full,10.63106600137133,0.9496835443037974,10.272873194221509,1.12203125,0.86796875,1,0.005797101449275362,0.35,4.926173455128646,0.9856803797468354,42.384105960264904,0.15796875,0.9865234375,0,0.18840579710144928,0.19,10.937473826600002,0.9439873417721518,16.97612732095491,1.125625,0.9283203125,3,0.030303030303030304,0.345625,10.492238353821396,0.9466920519617649,19.252911813643927,0.913715322789733,0.9088502746016026,2,0.01389631213254944,0.16040100250626566,8.110696932519375,0.8405797101449275,5.592233009708738,3.486111111111111,0.6805555555555556,2,0.05263157894736842,1.0,8.933774772757511
16,1,col,morton,False,32,True,False,tw16_th1_tcol_imorton_lo_pal32_pad64,10.63106600137133,0.9496835443037974,10.272873194221509,1.12203125,0.86796875,1,0.005797101449275362,0.35,4.926173455128646,0.9856803797468354,42.384105960264904,0.15796875,0.9865234375,0,0.18840579710144928,0.19,10.937473826600002,0.9439873417721518,16.97612732095491,1.125625,0.9283203125,3,0.030303030303030304,0.345625,10.492238353821396,0.9466920519617649,19.252911813643927,0.913715322789733,0.9088502746016026,2,0.01389631213254944,0.16040100250626566,8.110696932519375,0.8405797101449275,5.592233009708738,3.486111111111111,0.6805555555555556,2,0.05263157894736842,1.0,8.933774772757511
16,1,col,morton,False,32,True,True,tw16_th1_tcol_imorton_lo_pal32_pad64_full,10.63106600137133,0.9496835443037974,10.272873194221509,1.12203125,0.86796875,1,0.005797101449275362,0.35,4.926173455128646,0.9856803797468354,42.384105960264904,0.15796875,0.9865234375,0,0.18840579710144928,0.19,10.937473826600002,0.9439873417721518,16.97612732095491,1.125625,0.9283203125,3,0.030303030303030304,0.345625,10.492238353821396,0.9466920519617649,19.252911813643927,0.913715322789733,0.9088502746016026,2,0.01389631213254944,0.16040100250626566,8.110696932519375,0.8405797101449275,5.592233009708738,3.486111111111111,0.6805555555555556,2,0.05263157894736842,1.0,8.933774772757511
16,1,col,bup,False,32,True,False,tw16_th1_tcol_ibup_lo_pal32_pad64,10.63106600137133,0.9496835443037974,10.272873194221509,1.12203125,0.86796875,1,0.005797101449275362,0.35,4.926173455128646,0.9856803797468354,42.384105960264904,0.15796875,0.9865234375,0,0.18840579710144928,0.19,10.937473826600002,0.9439873417721518,16.97612732095491,1.125625,0.9283203125,3,0.030303030303030304,0.345625,10.492238353821396,0.9466920519617649,19.252911813643927,0.913715322789733,0.9088502746016026,2,0.01389631213254944,0.16040100250626566,8.110696932519375,0.8405797101449275,5.592233009708738,3.486111111111111,0.6805555555555556,2,0.05263157894736842,1.0,8.933774772757511
16,1,col,bup,False,32,True,True,tw16_th1_tcol_ibup_lo_pal32_pad64_full,10.63106600137133,0.9496835443037974,10.272873194221509,1.12203125,0.86796875,1,0.005797101449275362,0.35,4.926173455128646,0.9856803797468354,42.384105960264904,0.15796875,0.9865234375,0,0.18840579710144928,0.19,10.937473826600002,0.9439873417721518,16.97612732095491,1.125625,0.9283203125,3,0.030303030303030304,0.345625,10.492238353821396,0.9466920519617649,19.252911813643927,0.913715322789733,0.9088502746016026,2,0.01389631213254944,0.16040100250626566,8.110696932519375,0.8405797101449275,5.592233009708738,3.486111111111111,0.6805555555555556,2,0.05263157894736842,1.0,8.933774772757511
16,1,row,row,False,0,True,False,tw16_th1_trow_irow_lo_pal0_pad64,10.726781521975552,0.9494462025316456,9.411764705882353,1.20609375,0.961328125,5,0.0014265335235378032,0.201875,3.3849772547468353,0.9886075949367088,43.53741496598639,0.1284375,0.98515625,0,0.2,0.18515625,11.100690037398977,0.9353639240506328,16.842105263157894,1.01875,0.9271484375,3,0.0431266846361186,0.2125,10.420513302065018,0.9377173644656704,19.51923076923077,0.9320542736150722,0.9251823174574593,4,0.01897381079636558,0.13793103448275862,8.567202596618356,0.8396739130434783,6.4,3.0989583333333335,0.75,1,0.05,0.7916666666666666,8.607290267997296
16,1,row,col,False,0,True,False,tw16_th1_trow_icol_lo_pal0_pad64,10.726781521975552,0.9494462025316456,9.411764705882353,1.20609375,0.961328125,5,0.0014265335235378032,0.201875,3.3849772547468353,0.9886075949367088,43.53741496598639,0.1284375,0.98515625,0,0.2,0.18515625,11.100690037398977,0.9353639240506328,16.842105263157894,1.01875,0.9271484375,3,0.0431266846361186,0.2125,10.420513302065018,0.9377173644656704,19.51923076923077,0.9320542736150722,0.9251823174574593,4,0.01897381079636558,0.13793103448275862,8.567202596618356,0.8396739130434783,6.4,3.0989583333333335,0.75,1,0.05,0.7916666666666666,8.607290267997296
16,1,row,morton,False,0,True,False,tw16_th1_trow_imorton_lo_pal0_pad64,10.726781521975552,0.9494462025316456,9.411764705882353,1.20609375,0.961328125,5,0.0014265335235378032,0.201875,3.3849772547468353,0.9886075949367088,43.53741496598639,0.1284375,0.98515625,0,0.2,0.18515625,11.100690037398977,0.9353639240506328,16.842105263157894,1.01875,0.9271484375,3,0.0431266846361186,0.2125,10.420513302065018,0.9377173644656704,19.51923076923077,0.9320542736150722,0.9251823174574593,4,0.01897381079636558,0.13793103448275862,8.567202596618356,0.8396739130434783,6.4,3.0989583333333335,0.75,1,0.05,0.7916666666666666,8.607290267997296
16,1,row,bup,False,0,True,False,tw16_th1_trow_ibup_lo_pal0_pad64,10.726781521975552,0.9494462025316456,9.411764705882353,1.20609375,0.961328125,5,0.0014265335235378032,0.201875,3.3849772547468353,0.9886075949367088,43.53741496598639,0.1284375,0.98515625,0,0.2,0.18515625,11.100690037398977,0.9353639240506328,16.842105263157894,1.01875,0.9271484375,3,0.0431266846361186,0.2125,10.420513302065018,0.9377173644656704,19.51923076923077,0.9320542736150722,0.9251823174574593,4,0.01897381079636558,0.13793103448275862,8.567202596618356,0.8396739130434783,6.4,3.0989583333333335,0.75,1,0.05,0.7916666666666666,8.607290267997296
16,1,row,row,False,0,True,True,tw16_th1_trow_irow_lo_pal0_pad64_full,10.726781521975552,0.9494462025316456,9.411764705882353,1.20609375,0.961328125,5,0.0014265335235378032,0.201875,3.3849772547468353,0.9886075949367088,43.53741496598639,0.1284375,0.98515625,0,0.2,0.18515625,11.100690037398977,0.9353639240506328,16.842105263157894,1.01875,0.9271484375,3,0.0431266846361186,0.2125,10.416651769460191,0.9374641931027534,19.585308056872037,0.9198340679284418,0.9252543441073197,2,0.020687802256851157,0.13793103448275862,8.567202596618356,0.8396739130434783,6.4,3.0989583333333335,0.75,1,0.05,0.7916666666666666,8.606131808215848
16,1,row,col,False,0,True,True,tw16_th1_trow_icol_lo_pal0_pad64_full,10.726781521975552,0.9494462025316456,9.411764705882353,1.20609375,0.961328125,5,0.0014265335235378032,0.201875,3.3849772547468353,0.9886075949367088,43.53741496598639,0.1284375,0.98515625,0,0.2,0.18515625,11.100690037398977,0.9353639240506328,16.842105263157894,1.01875,0.9271484375,3,0.0431266846361186,0.2125,10.416651769460191,0.9374641931027534,19.585308056872037,0.9198340679284418,0.9252543441073197,2,0.020687802256851157,0.13793103448275862,8.567202596618356,0.8396739130434783,6.4,3.0989583333333335,0.75,1,0.05,0.7916666666666666,8.606131808215848
16,1,row,morton,False,0,True,True,tw16_th1_trow_imorton_lo_pal0_pad64_full,10.726781521975552,0.9494462025316456,9.411764705882353,1.20609375,0.961328125,5,0.0014265335235378032,0.201875,3.3849772547468353,0.9886075949367088,43.53741496598639,0.1284375,0.98515625,0,0.2,0.18515625,11.100690037398977,0.9353639240506328,16.842105263157894,1.01875,0.9271484375,3,0.0431266846361186,0.2125,10.416651769460191,0.9374641931027534,19.585308056872037,0.9198340679284418,0.9252543441073197,2,0.020687802256851157,0.13793103448275862,8.567202596618356,0.8396739130434783,6.4,3.0989583333333335,0.75,1,0.05,0.7916666666666666,8.606131808215848
16,1,row,bup,False,0,True,True,tw16_th1_trow_ibup_lo_pal0_pad64_full,10.726781521975552,0.9494462025316456,9.411764705882353,1.20609375,0.961328125,5,0.0014265335235378032,0.201875,3.3849772547468353,0.9886075949367088,43.53741496598639,0.1284375,0.98515625,0,0.2,0.18515625,11.100690037398977,0.9353639240506328,16.842105263157894,1.01875,0.9271484375,3,0.0431266846361186,0.2125,10.416651769460191,0.9374641931027534,19.585308056872037,0.9198340679284418,0.9252543441073197,2,0.020687802256851157,0.13793103448275862,8.567202596618356,0.8396739130434783,6.4,3.0989583333333335,0.75,1,0.05,0.7916666666666666,8.606131808215848
16,1,row,row,False,64,True,False,tw16_th1_trow_irow_lo_pal64_pad64,10.720678758321723,0.9494462025316456,9.35672514619883,1.20984375,0.9619140625,5,0.0014285714285714286,0.201875,3.4146064082278476,0.989003164556962,43.83561643835616,0.1275,0.9859375,0,0.2,0.170625,11.1308544765993,0.9361550632911393,16.93121693121693,1.03671875,0.924609375,5,0.04,0.2125,10.421137225498082,0.9378565631453825,19.51923076923077,0.9295825771324864,0.925614477356622,4,0.018923240938166313,0.13793103448275862,8.355785289007542,0.8170289855072463,5.76,3.6006944444444446,0.7708333333333334,1,0.042105263157894736,0.7916666666666666,8.601393827270975
16,1,row,col,False,64,True,False,tw16_th1_trow_icol_lo_pal64_pad64,10.720678758321723,0.9494462025316456,9.35672514619883,1.20984375,0.9619140625,5,0.0014285714285714286,0.201875,3.4146064082278476,0.989003164556962,43.83561643835616,0.1275,0.9859375,0,0.2,0.170625,11.1308544765993,0.9361550632911393,16.93121693121693,1.03671875,0.924609375,5,0.04,0.2125,10.421137225498082,0.9378565631453825,19.51923076923077,0.9295825771324864,0.925614477356622,4,0.018923240938166313,0.13793103448275862,8.355785289007542,0.8170289855072463,5.76,3.6006944444444446,0.7708333333333334,1,0.042105263157894736,0.7916666666666666,8.601393827270975
16,1,row,morton,False,64,True,False,tw16_th1_trow_imorton_lo_pal64_pad64,10.720678758321723,0.9494462025316456,9.35672514619883,1.20984375,0.9619140625,5,0.0014285714285714286,0.201875,3.4146064082278476,0.989003164556962,43.83561643835616,0.1275,0.9859375,0,0.2,0.170625,11.1308544765993,0.9361550632911393,16.93121693121693,1.03671875,0.924609375,5,0.04,0.2125,10.421137225498082,0.9378565631453825,19.51923076923077,0.9295825771324864,0.925614477356622,4,0.018923240938166313,0.13793103448275862,8.355785289007542,0.8170289855072463,5.76,3.6006944444444446,0.7708333333333334,1,0.042105263157894736,0.7916666666666666,8.601393827270975
16,1,row,bup,False,64,True,False,tw16_th1_trow_ibup_lo_pal64_pad64,10.720678758321723,0.9494462025316456,9.35672514619883,1.20984375,0.9619140625,5,0.0014285714285714286,0.201875,3.4146064082278476,0.989003164556962,43.83561643835616,0.1275,0.9859375,0,0.2,0.170625,11.1308544765993,0.9361550632911393,16.93121693121693,1.03671875,0.924609375,5,0.04,0.2125,10.421137225498082,0.9378565631453825,19.51923076923077,0.9295825771324864,0.925614477356622,4,0.018923240938166313,0.13793103448275862,8.355785289007542,0.8170289855072463,5.76,3.6006944444444446,0.7708333333333334,1,0.042105263157894736,0.7916666666666666,8.601393827270975
16,1,row,row,False,64,True,True,tw16_th1_trow_irow_lo_pal64_pad64_full,10.720678758321723,0.9494462025316456,9.35672514619883,1.20984375,0.9619140625,5,0.0014285714285714286,0.201875,3.4146064082278476,0.989003164556962,43.83561643835616,0.1275,0.9859375,0,0.2,0.170625,11.1308544765993,0.9361550632911393,16.93121693121693,1.03671875,0.924609375,5,0.04,0.2125,10.417036586808383,0.9372726273485172,19.60521856997628,0.924535476622591,0.9262987305302962,3,0.02038079914186109,0.13793103448275862,8.355785289007542,0.8170289855072463,5.76,3.6006944444444446,0.7708333333333334,1,0.042105263157894736,0.7916666666666666,8.600163635664064
16,1,row,col,False,64,True,True,tw16_th1_trow_icol_lo_pal64_pad64_full,10.720678758321723,0.9494462025316456,9.35672514619883,1.20984375,0.9619140625,5,0.0014285714285714286,0.201875,3.4146064082278476,0.989003164556962,43.83561643835616,0.1275,0.9859375,0,0.2,0.170625,11.1308544765993,0.9361550632911393,16.93121693121693,1.03671875,0.924609375,5,0.04,0.2125,10.417036586808383,0.9372726273485172,19.60521856997628,0.924535476622591,0.9262987305302962,3,0.02038079914186109,0.13793103448275862,8.355785289007542,0.8170289855072463,5.76,3.6006944444444446,0.7708333333333334,1,0.042105263157894736,0.7916666666666666,8.600163635664064
16,1,row,morton,False,64,True,True,tw16_th1_trow_imorton_lo_pal64_pad64_full,10.720678758321723,0.9494462025316456,9.35672514619883,1.20984375,0.9619140625,5,0.0014285714285714286,0.201875,3.4146064082278476,0.989003164556962,43.83561643835616,0.1275,0.9859375,0,0.2,0.170625,11.1308544765993,0.9361550632911393,16.93121693121693,1.03671875,0.924609375,5,0.04,0.2125,10.417036586808383,0.9372726273485172,19.60521856997628,0.924535476622591,0.9262987305302962,3,0.02038079914186109,0.13793103448275862,8.355785289007542,0.8170289855072463,5.76,3.6006944444444446,0.7708333333333334,1,0.042105263157894736,0.7916666666666666,8.600163635664064
16,1,row,bup,False,64,True,True,tw16_th1_trow_ibup_lo_pal64_pad64_full,10.720678758321723,0.9494462025316456,9.35672514619883,1.20984375,0.9619140625,5,0.0014285714285714286,0.201875,3.4146064082278476,0.989003164556962,43.83561643835616,0.1275,0.9859375,0,0.2,0.170625,11.1308544765993,0.9361550632911393,16.93121693121693,1.03671875,0.924609375,5,0.04,0.2125,10.417036586808383,0.9372726273485172,19.60521856997628,0.924535476622591,0.9262987305302962,3,0.02038079914186109,0.13793103448275862,8.355785289007542,0.8170289855072463,5.76,3.6006944444444446,0.7708333333333334,1,0.042105263157894736,0.7916666666666666,8.600163635664064
16,1,col,row,False,0,True,False,tw16_th1_tcol_irow_lo_pal0_pad64,10.668474926780789,0.952373417721519,10.207336523125997,1.06875,0.8642578125,1,0.0028530670470756064,0.35,3.4011802808544305,0.9884493670886076,43.53741496598639,0.13359375,0.990234375,0,0.2,0.1725,10.971941628030333,0.9433544303797468,16.710182767624023,1.0575,0.9265625,2,0.029649595687331536,0.325,10.411128881822506,0.9457285084064055,18.765812520272462,0.8992654048915392,0.9079319348158819,2,0.020637898686679174,0.16040100250626566,8.583992165242165,0.8614130434782609,5.538461538461538,3.079861111111111,0.7048611111111112,1,0.03260869565217391,0.8784722222222222,8.57222757152347
16,1,col,row,False,0,True,True,tw16_th1_tcol_irow_lo_pal0_pad64_full,10.668474926780789,0.952373417721519,10.207336523125997,1.06875,0.8642578125,1,0.0028530670470756064,0.35,3.4011802808544305,0.9884493670886076,43.53741496598639,0.13359375,0.990234375,0,0.2,0.1725,10.971941628030333,0.9433544303797468,16.710182767624023,1.0575,0.9265625,2,0.029649595687331536,0.325,10.411128881822506,0.9457285084064055,18.765812520272462,0.8992654048915392,0.9079319348158819,2,0.020637898686679174,0.16040100250626566,8.583992165242165,0.8614130434782609,5.538461538461538,3.079861111111111,0.7048611111111112,1,0.03260869565217391,0.8784722222222222,8.57222757152347
16,1,col,col,False,0,True,False,tw16_th1_tcol_icol_lo_pal0_pad64,10.668474926780789,0.952373417721519,10.207336523125997,1.06875,0.8642578125,1,0.0028530670470756064,0.35,3.4011802808544305,0.9884493670886076,43.53741496598639,0.13359375,0.990234375,0,0.2,0.1725,10.971941628030333,0.9433544303797468,16.710182767624023,1.0575,0.9265625,2,0.029649595687331536,0.325,10.411128881822506,0.9457285084064055,18.765812520272462,0.8992654048915392,0.9079319348158819,2,0.020637898686679174,0.16040100250626566,8.583992165242165,0.8614130434782609,5.538461538461538,3.079861111111111,0.7048611111111112,1,0.03260869565217391,0.8784722222222222,8.57222757152347
16,1,col,col,False,0,True,True,tw16_th1_tcol_icol_lo_pal0_pad64_full,10.668474926780789,0.952373417721519,10.207336523125997,1.06875,0.8642578125,1,0.0028530670470756064,0.35,3.4011802808544305,0.9884493670886076,43.53741496598639,0.13359375,0.990234375,0,0.2,0.1725,10.971941628030333,0.9433544303797468,16.710182767624023,1.0575,0.9265625,2,0.029649595687331536,0.325,10.411128881822506,0.9457285084064055,18.765812520272462,0.8992654048915392,0.9079319348158819,2,0.020637898686679174,0.16040100250626566,8.583992165242165,0.8614130434782609,5.538461538461538,3.079861111111111,0.7048611111111112,1,0.03260869565217391,0.8784722222222222,8.57222757152347
16,1,col,morton,False,0,True,False,tw16_th1_tcol_imorton_lo_pal0_pad64,10.668474926780789,0.952373417721519,10.207336523125997,1.06875,0.8642578125,1,0.0028530670470756064,0.35,3.4011802808544305,0.9884493670886076,43.53741496598639,0.13359375,0.990234375,0,0.2,0.1725,10.971941628030333,0.9433544303797468,16.710182767624023,1.0575,0.9265625,2,0.029649595687331536,0.325,10.411128881822506,0.9457285084064055,18.765812520272462,0.8992654048915392,0.9079319348158819,2,0.020637898686679174,0.16040100250626566,8.583992165242165,0.8614130434782609,5.538461538461538,3.079861111111111,0.7048611111111112,1,0.03260869565217391,0.8784722222222222,8.57222757152347
16,1,col,morton,False,0,True,True,tw16_th1_tcol_imorton_lo_pal0_pad64_full,10.668474926780789,0.952373417721519,10.207336523125997,1.06875,0.8642578125,1,0.0028530670470756064,0.35,3.4011802808544305,0.9884493670886076,43.53741496598639,0.13359375,0.990234375,0,0.2,0.1725,10.971941628030333,0.9433544303797468,16.710182767624023,1.0575,0.9265625,2,0.029649595687331536,0.325,10.411128881822506,0.9457285084064055,18.765812520272462,0.8992654048915392,0.9079319348158819,2,0.020637898686679174,0.16040100250626566,8.583992165242165,0.8614130434782609,5.538461538461538,3.079861111111111,0.7048611111111112,1,0.03260869565217391,0.8784722222222222,8.57222757152347
16,1,col,bup,False,0,True,False,tw16_th1_tcol_ibup_lo_pal0_pad64,10.668474926780789,0.952373417721519,10.207336523125997,1.06875,0.8642578125,1,0.0028530670470756064,0.35,3.4011802808544305,0.9884493670886076,43.53741496598639,0.13359375,0.990234375,0,0.2,0.1725,10.971941628030333,0.9433544303797468,16.710182767624023,1.0575,0.9265625,2,0.029649595687331536,0.325,10.411128881822506,0.9457285084064055,18.765812520272462,0.8992654048915392,0.9079319348158819,2,0.020637898686679174,0.16040100250626566,8.583992165242165,0.8614130434782609,5.538461538461538,3.079861111111111,0.7048611111111112,1,0.03260869565217391,0.8784722222222222,8.57222757152347
16,1,col,bup,False,0,True,True,tw16_th1_tcol_ibup_lo_pal0_pad64_full,10.668474926780789,0.952373417721519,10.207336523125997,1.06875,0.8642578125,1,0.0028530670470756064,0.35,3.4011802808544305,0.9884493670886076,43.53741496598639,0.13359375,0.990234375,0,0.2,0.1725,10.971941628030333,0.9433544303797468,16.710182767624023,1.0575,0.9265625,2,0.029649595687331536,0.325,10.411128881822506,0.9457285084064055,18.765812520272462,0.8992654048915392,0.9079319348158819,2,0.020637898686679174,0.16040100250626566,8.583992165242165,0.8614130434782609,5.538461538461538,3.079861111111111,0.7048611111111112,1,0.03260869565217391,0.8784722222222222,8.57222757152347
16,2,row,col,True,32,True,False,tw16_th2_trow_icol_hi_pal32_pad64,7.4936789378020965,0.8782436708860759,4.826546003016591,2.13421875,0.9466796875,5,0.3344017094017094,0.4196875,5.642128494198312,0.9764240506329114,26.89075630252101,0.39734375,0.9515625,0,0.0,0.385,9.908281147874257,0.8901107594936709,8.226221079691516,2.515625,0.840625,5,0.0012453300124533001,0.425,10.274287878983335,0.9002940838373104,10.019916868721857,2.023921873649641,0.8530476276222202,5,0.007498295841854124,0.27586206896551724,8.4560009057971,0.8641304347826086,5.333333333333333,3.3385416666666665,0.7256944444444444,1,0.0,1.0,8.570487276237747
16,2,row,col,True,32,True,True,tw16_th2_trow_icol_hi_pal32_pad64_full,7.4936789378020965,0.8782436708860759,4.826546003016591,2.13421875,0.9466796875,5,0.3344017094017094,0.4196875,5.642128494198312,0.9764240506329114,26.89075630252101,0.39734375,0.9515625,0,0.0,0.385,9.908281147874257,0.8901107594936709,8.226221079691516,2.515625,0.840625,5,0.0012453300124533001,0.425,10.274287878983335,0.9002940838373104,10.019916868721857,2.023921873649641,0.8530476276222202,5,0.007498295841854124,0.27586206896551724,8.4560009057971,0.8641304347826086,5.333333333333333,3.3385416666666665,0.7256944444444444,1,0.0,1.0,8.570487276237747
16,2,col,morton,True,32,True,False,tw16_th2_tcol_imorton_hi_pal32_pad64,7.691245348932258,0.8792721518987342,5.039370078740157,2.1609375,0.8677734375,2,0.26816239316239315,0.5875,5.507097876235146,0.9748417721518987,27.94759825327511,0.403125,0.9537109375,0,0.027210884353741496,0.365625,9.885598280303904,0.897626582278481,9.696969696969697,2.43015625,0.75703125,5,0.0037359900373599006,0.575,10.382103571482812,0.9102946177680671,10.21270962047661,1.755561317085818,0.8220761681822274,4,0.01407103825136612,0.2807017543859649,8.378898261946365,0.8405797101449275,5.485714285714286,3.8194444444444446,0.7083333333333334,1,0.031914893617021274,0.875,8.569921526254214
16,2,col,morton,True,32,True,True,tw16_th2_tcol_imorton_hi_pal32_pad64_full,7.691245348932258,0.8792721518987342,5.039370078740157,2.1609375,0.8677734375,2,0.26816239316239315,0.5875,5.507097876235146,0.9748417721518987,27.94759825327511,0.403125,0.9537109375,0,0.027210884353741496,0.365625,9.885598280303904,0.897626582278481,9.696969696969697,2.43015625,0.75703125,5,0.0037359900373599006,0.575,10.377428256386972,0.9101123288496178,10.196510398308073,1.759208365741941,0.8222382281444134,4,0.014361920393926959,0.2807017543859649,8.378898261946365,0.8405797101449275,5.485714285714286,3.8194444444444446,0.7083333333333334,1,0.031914893617021274,0.875,8.568518931725462
16,2,row,col,False,32,True,False,tw16_th2_trow_icol_lo_pal32_pad64,7.497159950460324,0.8791139240506329,4.826546003016591,2.13421875,0.9466796875,5,0.3344017094017094,0.4196875,5.642128494198312,0.9764240506329114,26.89075630252101,0.39734375,0.9515625,0,0.0,0.385,9.887957440889375,0.8887658227848101,8.226221079691516,2.515625,0.840625,5,0.0037359900373599006,0.425,10.264959300208519,0.9008249248286777,10.019916868721857,2.023921873649641,0.8530476276222202,5,0.009406952965235174,0.27586206896551724,8.463247282608696,0.8659420289855073,5.333333333333333,3.3385416666666665,0.7256944444444444,1,0.0,1.0,8.56340765748305
16,2,row,col,False,32,True,True,tw16_th2_trow_icol_lo_pal32_pad64_full,7.497159950460324,0.8791139240506329,4.826546003016591,2.13421875,0.9466796875,5,0.3344017094017094,0.4196875,5.642128494198312,0.9764240506329114,26.89075630252101,0.39734375,0.9515625,0,0.0,0.385,9.887957440889375,0.8887658227848101,8.226221079691516,2.515625,0.840625,5,0.0037359900373599006,0.425,10.264959300208519,0.9008249248286777,10.019916868721857,2.023921873649641,0.8530476276222202,5,0.009406952965235174,0.27586206896551724,8.463247282608696,0.8659420289855073,5.333333333333333,3.3385416666666665,0.7256944444444444,1,0.0,1.0,8.56340765748305
16,2,col,col,True,32,True,False,tw16_th2_tcol_icol_hi_pal32_pad64,7.282537193120918,0.8789556962025317,4.919292851652575,2.1609375,0.8677734375,2,0.3344017094017094,0.5875,5.675426473496835,0.9761075949367088,26.446280991735538,0.403125,0.9537109375,0,0.0,0.365625,9.714146399257894,0.896756329113924,7.950310559006211,2.43015625,0.75703125,3,0.007471980074719801,0.575,10.37689289596971,0.9109764160396177,9.82258064516129,1.7556650246305419,0.8220761681822274,4,0.009972677595628416,0.2807017543859649,8.574114331723028,0.8514492753623188,5.008695652173913,3.8194444444444446,0.7083333333333334,1,0.0,0.875,8.554371224329119
16,2,col,col,False,32,True,False,tw16_th2_tcol_icol_lo_pal32_pad64,7.282220737424716,0.878876582278481,4.919292851652575,2.1609375,0.8677734375,2,0.3344017094017094,0.5875,5.674793562104429,0.9759493670886076,26.446280991735538,0.403125,0.9537109375,0,0.0,0.365625,9.710348930903463,0.8958069620253164,7.950310559006211,2.43015625,0.75703125,3,0.007471980074719801,0.575,10.374783026316294,0.9095316791516712,9.825917119565217,1.7549909255898366,0.8220761681822274,4,0.009426229508196722,0.2807017543859649,8.588607085346215,0.855072463768116,5.008695652173913,3.8194444444444446,0.7083333333333334,1,0.0,0.875,8.554010323605539
16,2,col,col,True,32,True,True,tw16_th2_tcol_icol_hi_pal32_pad64_full,7.282537193120918,0.8789556962025317,4.919292851652575,2.1609375,0.8677734375,2,0.3344017094017094,0.5875,5.675426473496835,0.9761075949367088,26.446280991735538,0.403125,0.9537109375,0,0.0,0.365625,9.714146399257894,0.896756329113924,7.950310559006211,2.43015625,0.75703125,3,0.007471980074719801,0.575,10.37397377732563,0.910828744858353,9.817580179874428,1.7596750496931985,0.8222922481318088,4,0.010125889436234263,0.2807017543859649,8.574114331723028,0.8514492753623188,5.008695652173913,3.8194444444444446,0.7083333333333334,1,0.0,0.875,8.553495488735894
16,2,col,col,False,32,True,True,tw16_th2_tcol_icol_lo_pal32_pad64_full,7.282220737424716,0.878876582278481,4.919292851652575,2.1609375,0.8677734375,2,0.3344017094017094,0.5875,5.674793562104429,0.9759493670886076,26.446280991735538,0.403125,0.9537109375,0,0.0,0.365625,9.710348930903463,0.8958069620253164,7.950310559006211,2.43015625,0.75703125,3,0.007471980074719801,0.575,10.368309793082707,0.909175727022846,9.797629127857748,1.7599343185550083,0.8222022148194832,4,0.009706083390293916,0.2807017543859649,8.588607085346215,0.855072463768116,5.008695652173913,3.8194444444444446,0.7083333333333334,1,0.0,0.875,8.552068353635462
16,1,col,row,False,64,True,False,tw16_th1_tcol_irow_lo_pal64_pad64,10.667155989931272,0.9525316455696202,10.19108280254777,1.0721875,0.8642578125,1,0.002857142857142857,0.35,3.4013886141877645,0.9884493670886076,43.53741496598639,0.13234375,0.990234375,0,0.2,0.1725,10.933470088472315,0.9435917721518987,16.623376623376622,1.05625,0.9267578125,2,0.02666666666666667,0.35,10.413568214534386,0.9457371341144791,18.77799415774099,0.9041569440843488,0.9077518681912308,2,0.020315423683507083,0.16040100250626566,8.35866082895282,0.8577898550724637,5.433962264150943,3.092013888888889,0.71875,2,0.02197802197802198,1.0,8.540372289141722
16,1,col,row,False,64,True,True,tw16_th1_tcol_irow_lo_pal64_pad64_full,10.667155989931272,0.9525316455696202,10.19108280254777,1.0721875,0.8642578125,1,0.002857142857142857,0.35,3.4013886141877645,0.9884493670886076,43.53741496598639,0.13234375,0.990234375,0,0.2,0.1725,10.933470088472315,0.9435917721518987,16.623376623376622,1.05625,0.9267578125,2,0.02666666666666667,0.35,10.413568214534386,0.9457371341144791,18.77799415774099,0.9041569440843488,0.9077518681912308,2,0.020315423683507083,0.16040100250626566,8.35866082895282,0.8577898550724637,5.433962264150943,3.092013888888889,0.71875,2,0.02197802197802198,1.0,8.540372289141722
16,1,col,col,False,64,True,False,tw16_th1_tcol_icol_lo_pal64_pad64,10.667155989931272,0.9525316455696202,10.19108280254777,1.0721875,0.8642578125,1,0.002857142857142857,0.35,3.4013886141877645,0.9884493670886076,43.53741496598639,0.13234375,0.990234375,0,0.2,0.1725,10.933470088472315,0.9435917721518987,16.623376623376622,1.05625,0.9267578125,2,0.02666666666666667,0.35,10.413568214534386,0.9457371341144791,18.77799415774099,0.9041569440843488,0.9077518681912308,2,0.020315423683507083,0.16040100250626566,8.35866082895282,0.8577898550724637,5.433962264150943,3.092013888888889,0.71875,2,0.02197802197802198,1.0,8.540372289141722
16,1,col,col,False,64,True,True,tw16_th1_tcol_icol_lo_pal64_pad64_full,10.667155989931272,0.9525316455696202,10.19108280254777,1.0721875,0.8642578125,1,0.002857142857142857,0.35,3.4013886141877645,0.9884493670886076,43.53741496598639,0.13234375,0.990234375,0,0.2,0.1725,10.933470088472315,0.9435917721518987,16.623376623376622,1.05625,0.9267578125,2,0.02666666666666667,0.35,10.413568214534386,0.9457371341144791,18.77799415774099,0.9041569440843488,0.9077518681912308,2,0.020315423683507083,0.16040100250626566,8.35866082895282,0.8577898550724637,5.433962264150943,3.092013888888889,0.71875,2,0.02197802197802198,1.0,8.540372289141722
16,1,col,morton,False,64,True,False,tw16_th1_tcol_imorton_lo_pal64_pad64,10.667155989931272,0.9525316455696202,10.19108280254777,1.0721875,0.8642578125,1,0.002857142857142857,0.35,3.4013886141877645,0.9884493670886076,43.53741496598639,0.13234375,0.990234375,0,0.2,0.1725,10.933470088472315,0.9435917721518987,16.623376623376622,1.05625,0.9267578125,2,0.02666666666666667,0.35,10.413568214534386,0.9457371341144791,18.77799415774099,0.9041569440843488,0.9077518681912308,2,0.020315423683507083,0.16040100250626566,8.35866082895282,0.8577898550724637,5.433962264150943,3.092013888888889,0.71875,2,0.02197802197802198,1.0,8.540372289141722
16,1,col,morton,False,64,True,True,tw16_th1_tcol_imorton_lo_pal64_pad64_full,10.667155989931272,0.9525316455696202,10.19108280254777,1.0721875,0.8642578125,1,0.002857142857142857,0.35,3.4013886141877645,0.9884493670886076,43.53741496598639,0.13234375,0.990234375,0,0.2,0.1725,10.933470088472315,0.9435917721518987,16.623376623376622,1.05625,0.9267578125,2,0.02666666666666667,0.35,10.413568214534386,0.9457371341144791,18.77799415774099,0.9041569440843488,0.9077518681912308,2,0.020315423683507083,0.16040100250626566,8.35866082895282,0.8577898550724637,5.433962264150943,3.092013888888889,0.71875,2,0.02197802197802198,1.0,8.540372289141722
16,1,col,bup,False,64,True,False,tw16_th1_tcol_ibup_lo_pal64_pad64,10.667155989931272,0.9525316455696202,10.19108280254777,1.0721875,0.8642578125,1,0.002857142857142857,0.35,3.4013886141877645,0.9884493670886076,43.53741496598639,0.13234375,0.990234375,0,0.2,0.1725,10.933470088472315,0.9435917721518987,16.623376623376622,1.05625,0.9267578125,2,0.02666666666666667,0.35,10.413568214534386,0.9457371341144791,18.77799415774099,0.9041569440843488,0.9077518681912308,2,0.020315423683507083,0.16040100250626566,8.35866082895282,0.8577898550724637,5.433962264150943,3.092013888888889,0.71875,2,0.02197802197802198,1.0,8.540372289141722
16,1,col,bup,False,64,True,True,tw16_th1_tcol_ibup_lo_pal64_pad64_full,10.667155989931272,0.9525316455696202,10.19108280254777,1.0721875,0.8642578125,1,0.002857142857142857,0.35,3.4013886141877645,0.9884493670886076,43.53741496598639,0.13234375,0.990234375,0,0.2,0.1725,10.933470088472315,0.9435917721518987,16.623376623376622,1.05625,0.9267578125,2,0.02666666666666667,0.35,10.413568214534386,0.9457371341144791,18.77799415774099,0.9041569440843488,0.9077518681912308,2,0.020315423683507083,0.16040100250626566,8.35866082895282,0.8577898550724637,5.433962264150943,3.092013888888889,0.71875,2,0.02197802197802198,1.0,8.540372289141722
16,2,row,col,True,0,True,False,tw16_th2_trow_icol_hi_pal0_pad64,7.502162775193932,0.8796677215189874,4.819277108433735,2.12734375,0.948046875,5,0.33368532206969376,0.4196875,5.617549161970959,0.9795094936708861,28.571428571428573,0.31703125,0.9701171875,0,0.01020408163265306,0.365625,9.77486701916859,0.8849683544303797,7.833537331701346,2.5446875,0.8341796875,5,0.015402843601895734,0.425,10.200730165517939,0.8976060959378751,9.607273331119229,2.050073459510846,0.8520032411992438,2,0.011769426240470776,0.27586206896551724,8.525936320034427,0.8577898550724637,4.9655172413793105,3.6753472222222223,0.6909722222222222,2,0.02,0.875,8.515013910770621
16,2,row,col,True,0,True,True,tw16_th2_trow_icol_hi_pal0_pad64_full,7.502162775193932,0.8796677215189874,4.819277108433735,2.12734375,0.948046875,5,0.33368532206969376,0.4196875,5.617549161970959,0.9795094936708861,28.571428571428573,0.31703125,0.9701171875,0,0.01020408163265306,0.365625,9.77486701916859,0.8849683544303797,7.833537331701346,2.5446875,0.8341796875,5,0.015402843601895734,0.425,10.200730165517939,0.8976060959378751,9.607273331119229,2.050073459510846,0.8520032411992438,2,0.011769426240470776,0.27586206896551724,8.525936320034427,0.8577898550724637,4.9655172413793105,3.6753472222222223,0.6909722222222222,2,0.02,0.875,8.515013910770621
16,2,row,col,False,0,True,False,tw16_th2_trow_icol_lo_pal0_pad64,7.502795686586337,0.8798259493670886,4.819277108433735,2.12734375,0.948046875,5,0.33368532206969376,0.4196875,5.6172327062747565,0.9794303797468354,28.571428571428573,0.31703125,0.9701171875,0,0.01020408163265306,0.365625,9.749426080899948,0.8839398734177215,7.833537331701346,2.5446875,0.8341796875,5,0.018957345971563982,0.425,10.20173963363267,0.8978584629665578,9.607273331119229,2.050073459510846,0.8520032411992438,2,0.011769426240470776,0.27586206896551724,8.46231313162863,0.8568840579710144,4.9655172413793105,3.6753472222222223,0.6909722222222222,2,0.03,0.875,8.502308142844994
16,2,row,col,False,0,True,True,tw16_th2_trow_icol_lo_pal0_pad64_full,7.502795686586337,0.8798259493670886,4.819277108433735,2.12734375,0.948046875,5,0.33368532206969376,0.4196875,5.6172327062747565,0.9794303797468354,28.571428571428573,0.31703125,0.9701171875,0,0.01020408163265306,0.365625,9.749426080899948,0.8839398734177215,7.833537331701346,2.5446875,0.8341796875,5,0.018957345971563982,0.425,10.20173963363267,0.8978584629665578,9.607273331119229,2.050073459510846,0.8520032411992438,2,0.011769426240470776,0.27586206896551724,8.46231313162863,0.8568840579710144,4.9655172413793105,3.6753472222222223,0.6909722222222222,2,0.03,0.875,8.502308142844994
16,2,row,morton,True,0,True,False,tw16_th2_trow_imorton_hi_pal0_pad64,7.9578163282961825,0.8805379746835443,5.07533703409992,2.12734375,0.948046875,5,0.26187961985216474,0.4196875,5.185813176437505,0.9787183544303797,29.906542056074766,0.31703125,0.9701171875,0,0.08163265306122448,0.365625,9.915988402512829,0.881882911392405,9.248554913294798,2.5446875,0.8341796875,5,0.009478672985781991,0.425,10.22018227057486,0.8957743669180847,10.052997393570807,2.0498314752398237,0.8519852345367787,4,0.013508091480540324,0.27586206896551724,8.549177126815504,0.8505434782608696,5.592233009708738,3.6753472222222223,0.6909722222222222,2,0.02,0.875,8.48406611064479
16,2,row,morton,True,0,True,True,tw16_th2_trow_imorton_hi_pal0_pad64_full,7.9578163282961825,0.8805379746835443,5.07533703409992,2.12734375,0.948046875,5,0.26187961985216474,0.4196875,5.185813176437505,0.9787183544303797,29.906542056074766,0.31703125,0.9701171875,0,0.08163265306122448,0.365625,9.915988402512829,0.881882911392405,9.248554913294798,2.5446875,0.8341796875,5,0.009478672985781991,0.425,10.220025146669428,0.895765702908381,10.05125086865879,2.0494339296517157,0.8520212478617089,4,0.013506285102968708,0.27586206896551724,8.549177126815504,0.8505434782608696,5.592233009708738,3.6753472222222223,0.6909722222222222,2,0.02,0.875,8.48401897347316
16,2,row,col,True,64,True,False,tw16_th2_trow_icol_hi_pal64_pad64,7.49800045535466,0.879509493670886,4.808414725770097,2.126875,0.9484375,5,0.33403805496828753,0.4196875,5.637576604613363,0.9796677215189873,28.444444444444443,0.31140625,0.9703125,0,0.01020408163265306,0.35625,9.774596480123963,0.8864715189873418,7.911001236093943,2.55234375,0.8416015625,5,0.015457788347205707,0.425,10.201592230081275,0.8976143003280164,9.623253493013973,2.0530291245354766,0.852687494372918,2,0.0116,0.27586206896551724,8.036592046238786,0.8559782608695652,5.008695652173913,3.7291666666666665,0.7395833333333334,1,0.05952380952380952,0.9583333333333334,8.471141912108338
16,2,row,col,True,64,True,True,tw16_th2_trow_icol_hi_pal64_pad64_full,7.49800045535466,0.879509493670886,4.808414725770097,2.126875,0.9484375,5,0.33403805496828753,0.4196875,5.637576604613363,0.9796677215189873,28.444444444444443,0.31140625,0.9703125,0,0.01020408163265306,0.35625,9.774596480123963,0.8864715189873418,7.911001236093943,2.55234375,0.8416015625,5,0.015457788347205707,0.425,10.201592230081275,0.8976143003280164,9.623253493013973,2.0530291245354766,0.852687494372918,2,0.0116,0.27586206896551724,8.036592046238786,0.8559782608695652,5.008695652173913,3.7291666666666665,0.7395833333333334,1,0.05952380952380952,0.9583333333333334,8.471141912108338
16,2,row,col,False,64,True,False,tw16_th2_trow_icol_lo_pal64_pad64,7.498633366747065,0.8796677215189874,4.808414725770097,2.126875,0.9484375,5,0.33403805496828753,0.4196875,5.637260148917161,0.9795886075949367,28.444444444444443,0.31140625,0.9703125,0,0.01020408163265306,0.35625,9.74907946451566,0.8854430379746836,7.911001236093943,2.55234375,0.8416015625,5,0.019024970273483946,0.425,10.201001698196006,0.8978666673566992,9.623253493013973,2.0530291245354766,0.852687494372918,2,0.011866666666666666,0.27586206896551724,8.100774240855763,0.8541666666666666,5.008695652173913,3.7291666666666665,0.7395833333333334,1,0.047619047619047616,0.9583333333333334,8.470716902376678
16,2,row,col,False,64,True,True,tw16_th2_trow_icol_lo_pal64_pad64_full,7.498633366747065,0.8796677215189874,4.808414725770097,2.126875,0.9484375,5,0.33403805496828753,0.4196875,5.637260148917161,0.9795886075949367,28.444444444444443,0.31140625,0.9703125,0,0.01020408163265306,0.35625,9.74907946451566,0.8854430379746836,7.911001236093943,2.55234375,0.8416015625,5,0.019024970273483946,0.425,10.201001698196006,0.8978666673566992,9.623253493013973,2.0530291245354766,0.852687494372918,2,0.011866666666666666,0.27586206896551724,8.100774240855763,0.8541666666666666,5.008695652173913,3.7291666666666665,0.7395833333333334,1,0.047619047619047616,0.9583333333333334,8.470716902376678
16,2,row,morton,True,64,True,False,tw16_th2_trow_imorton_hi_pal64_pad64,7.9550146342990065,0.8803797468354431,5.07533703409992,2.126875,0.9484375,5,0.26215644820295986,0.4196875,5.187407074776114,0.9789556962025316,29.906542056074766,0.31140625,0.9703125,0,0.08163265306122448,0.365625,9.905112636865761,0.8825949367088608,9.235209235209235,2.55234375,0.8416015625,5,0.009512485136741973,0.425,10.221860468200664,0.8957479535710413,10.061739130434782,2.0529081323999656,0.8527055010353831,4,0.013066666666666667,0.27586206896551724,8.215660369220151,0.8523550724637681,5.76,3.7291666666666665,0.7395833333333334,1,0.023809523809523808,1.0,8.448580473153022
16,2,row,morton,True,64,True,True,tw16_th2_trow_imorton_hi_pal64_pad64_full,7.9550146342990065,0.8803797468354431,5.07533703409992,2.126875,0.9484375,5,0.26215644820295986,0.4196875,5.187407074776114,0.9789556962025316,29.906542056074766,0.31140625,0.9703125,0,0.08163265306122448,0.365625,9.905112636865761,0.8825949367088608,9.235209235209235,2.55234375,0.8416015625,5,0.009512485136741973,0.425,10.221629298785615,0.8957218466370396,10.061739130434782,2.0538933540748423,0.852687494372918,4,0.013064924676709772,0.27586206896551724,8.215660369220151,0.8523550724637681,5.76,3.7291666666666665,0.7395833333333334,1,0.023809523809523808,1.0,8.448511122328508
16,2,col,morton,False,32,True,False,tw16_th2_tcol_imorton_lo_pal32_pad64,7.286653537419306,0.8794303797468355,4.945904173106646,2.1609375,0.8677734375,2,0.3344017094017094,0.5875,5.136902836193813,0.9741297468354431,26.229508196721312,0.403125,0.9537109375,0,0.08843537414965986,0.365625,9.734000148304476,0.8939082278481012,9.221902017291066,2.43015625,0.75703125,3,0.019925280199252802,0.575,10.304673552030991,0.9071235902165162,9.652152152152151,1.755561317085818,0.8220761681822274,4,0.01707650273224044,0.2807017543859649,8.01023410991543,0.8297101449275361,4.88135593220339,3.8194444444444446,0.7083333333333334,1,0.06382978723404255,0.9166666666666666,8.34179253556394
16,2,row,morton,False,32,True,False,tw16_th2_trow_imorton_lo_pal32_pad64,7.498345143772344,0.878876582278481,4.852160727824109,2.13421875,0.9466796875,5,0.3344017094017094,0.4196875,5.092971945502884,0.9742879746835442,26.556016597510375,0.39734375,0.9515625,0,0.08843537414965986,0.39,9.872697070710647,0.8857594936708861,9.711684370257966,2.515625,0.840625,4,0.024906600249066,0.425,10.172094146973363,0.8954751482496264,9.829255861365953,2.023645320197044,0.8530476276222202,5,0.018677573278800274,0.27586206896551724,7.991434172782156,0.8505434782608696,5.433962264150943,3.3385416666666665,0.7256944444444444,1,0.06976744186046512,1.0,8.34171321708753
16,2,row,morton,False,32,True,True,tw16_th2_trow_imorton_lo_pal32_pad64_full,7.498345143772344,0.878876582278481,4.852160727824109,2.13421875,0.9466796875,5,0.3344017094017094,0.4196875,5.092971945502884,0.9742879746835442,26.556016597510375,0.39734375,0.9515625,0,0.08843537414965986,0.39,9.872697070710647,0.8857594936708861,9.711684370257966,2.515625,0.840625,4,0.024906600249066,0.425,10.169892600702138,0.8954316749945872,9.825917119565217,2.0241638579206636,0.8530656342846853,5,0.018950238582140424,0.27586206896551724,7.991434172782156,0.8505434782608696,5.433962264150943,3.3385416666666665,0.7256944444444444,1,0.06976744186046512,1.0,8.341052753206164
16,2,col,morton,False,32,True,True,tw16_th2_tcol_imorton_lo_pal32_pad64_full,7.286653537419306,0.8794303797468355,4.945904173106646,2.1609375,0.8677734375,2,0.3344017094017094,0.5875,5.136902836193813,0.9741297468354431,26.229508196721312,0.403125,0.9537109375,0,0.08843537414965986,0.365625,9.734000148304476,0.8939082278481012,9.221902017291066,2.43015625,0.75703125,3,0.019925280199252802,0.575,10.296781685348835,0.9068893172398449,9.629660452729693,1.759208365741941,0.8222382281444134,4,0.017781425249623853,0.2807017543859649,8.01023410991543,0.8297101449275361,4.88135593220339,3.8194444444444446,0.7083333333333334,1,0.06382978723404255,0.9166666666666666,8.339424975559293
16,2,col,row,True,32,True,True,tw16_th2_tcol_irow_hi_pal32_pad64_full,7.717208859972588,0.8333069620253164,5.4191363251481794,1.891875,0.8677734375,5,0.25427350427350426,0.5625,5.691434382198292,0.9740506329113925,32.48730964467005,0.3578125,0.9537109375,0,0.006802721088435374,0.336875,10.002404357837175,0.8949367088607595,10.423452768729641,2.4625,0.75703125,3,0.0,0.55,10.553230722717995,0.9131838774167365,11.02840259245139,1.673200241984271,0.8220761681822274,3,0.001092896174863388,0.2807017543859649,3.348468502344436,0.8134057971014492,6.6976744186046515,3.1909722222222223,0.7083333333333334,0,0.011494252873563218,1.0,8.19859084825687
16,2,col,row,True,32,True,False,tw16_th2_tcol_irow_hi_pal32_pad64,7.717208859972588,0.8333069620253164,5.4191363251481794,1.891875,0.8677734375,5,0.25427350427350426,0.5625,5.691434382198292,0.9740506329113925,32.48730964467005,0.3578125,0.9537109375,0,0.006802721088435374,0.336875,10.002404357837175,0.8949367088607595,10.423452768729641,2.4625,0.75703125,3,0.0,0.55,10.553230722717995,0.9131838774167365,11.02840259245139,1.673200241984271,0.8220761681822274,3,0.001092896174863388,0.2807017543859649,3.1759040391104305,0.798913043478261,6.193548387096774,3.4930555555555554,0.6840277777777778,0,0.02127659574468085,1.0,8.18133440193347
16,2,col,bup,True,32,True,True,tw16_th2_tcol_ibup_hi_pal32_pad64_full,7.72876355000829,0.8329905063291139,5.4191363251481794,1.891875,0.8677734375,4,0.25213675213675213,0.5625,5.682684382198292,0.9740506329113925,32.48730964467005,0.3578125,0.9537109375,0,0.006802721088435374,0.34125,9.990960858775114,0.8905063291139241,10.423452768729641,2.4625,0.75703125,4,0.0012453300124533001,0.543125,10.484338005538048,0.8978946058324347,10.994868871151654,1.6799585169821105,0.8224182947690646,3,0.0016431603450636724,0.2807017543859649,3.4209322704603773,0.8106884057971014,6.6976744186046515,3.1909722222222223,0.7083333333333334,0,0.011494252873563218,0.9583333333333334,8.1808434753612
16,2,col,bup,True,32,True,False,tw16_th2_tcol_ibup_hi_pal32_pad64,7.72876355000829,0.8329905063291139,5.4191363251481794,1.891875,0.8677734375,4,0.25213675213675213,0.5625,5.682684382198292,0.9740506329113925,32.48730964467005,0.3578125,0.9537109375,0,0.006802721088435374,0.34125,9.990960858775114,0.8905063291139241,10.423452768729641,2.4625,0.75703125,4,0.0012453300124533001,0.543125,10.49044214836773,0.8982855204131162,11.02840259245139,1.672698988851439,0.8220761681822274,3,0.001639344262295082,0.2807017543859649,3.2374982420089804,0.7934782608695652,6.193548387096774,3.4930555555555554,0.6840277777777778,0,0.02127659574468085,0.9583333333333334,8.164331315364965
16,2,row,morton,False,0,True,True,tw16_th2_trow_imorton_lo_pal0_pad64_full,7.504364151741685,0.8801424050632911,4.822908816880181,2.12734375,0.948046875,5,0.33368532206969376,0.4196875,4.455114552051042,0.977373417721519,27.82608695652174,0.31703125,0.9701171875,0,0.20408163265306123,0.3609375,9.805354502953348,0.879746835443038,8.876560332871012,2.5446875,0.8341796875,4,0.02132701421800948,0.425,10.128154493120103,0.8931146308439422,9.56755415908715,2.0497277676951,0.8520032411992438,3,0.02032900896081316,0.27586206896551724,8.105214706051502,0.8360507246376812,4.840336134453781,3.6753472222222223,0.6909722222222222,2,0.06,0.9166666666666666,8.157038904981658
16,2,row,morton,False,0,True,False,tw16_th2_trow_imorton_lo_pal0_pad64,7.504364151741685,0.8801424050632911,4.822908816880181,2.12734375,0.948046875,5,0.33368532206969376,0.4196875,4.455114552051042,0.977373417721519,27.82608695652174,0.31703125,0.9701171875,0,0.20408163265306123,0.3609375,9.805354502953348,0.879746835443038,8.876560332871012,2.5446875,0.8341796875,4,0.02132701421800948,0.425,10.128119683874768,0.8931059285326082,9.56755415908715,2.0497277676951,0.8520032411992438,3,0.02032900896081316,0.27586206896551724,8.105214706051502,0.8360507246376812,4.840336134453781,3.6753472222222223,0.6909722222222222,2,0.06,0.9166666666666666,8.157028462208057
16,2,row,morton,False,64,True,False,tw16_th2_trow_imorton_lo_pal64_pad64,7.501135112552793,0.8801424050632911,4.815650865312265,2.126875,0.9484375,5,0.33403805496828753,0.4196875,4.4473334503896504,0.9776107594936709,27.94759825327511,0.31140625,0.9703125,0,0.20408163265306123,0.365625,9.802718071984836,0.8810126582278481,8.938547486033519,2.55234375,0.8416015625,4,0.02140309155766944,0.425,10.129655299222097,0.8931054306114157,9.581815170586287,2.052994555353902,0.8527235076978482,3,0.02,0.27586206896551724,7.816612750172533,0.8396739130434783,5.008695652173913,3.7291666666666665,0.7395833333333334,1,0.07142857142857142,1.0,8.125662069605474
16,2,row,morton,False,64,True,True,tw16_th2_trow_imorton_lo_pal64_pad64_full,7.501135112552793,0.8801424050632911,4.815650865312265,2.126875,0.9484375,5,0.33403805496828753,0.4196875,4.4473334503896504,0.9776107594936709,27.94759825327511,0.31140625,0.9703125,0,0.20408163265306123,0.365625,9.802718071984836,0.8810126582278481,8.938547486033519,2.55234375,0.8416015625,4,0.02140309155766944,0.425,10.12696110535715,0.893036080232156,9.572303110522833,2.0540143462103533,0.8526154677230575,3,0.02026936924923323,0.27586206896551724,7.816612750172533,0.8396739130434783,5.008695652173913,3.7291666666666665,0.7395833333333334,1,0.07142857142857142,1.0,8.12485381144599
16,2,row,bup,True,32,True,False,tw16_th2_trow_ibup_hi_pal32_pad64,3.6973959187603196,0.832120253164557,5.4191363251481794,1.90875,0.9466796875,6,0.25106837606837606,0.4090625,5.570844736233101,0.974367088607595,32.98969072164948,0.35078125,0.9515625,0,0.006802721088435374,0.4,10.114639908310371,0.8871044303797468,10.884353741496598,2.57921875,0.840625,4,0.0,0.425,10.425037570412274,0.8929850163178215,11.531791907514451,1.9105003889032928,0.8531016476096156,6,0.0016359918200408998,0.27586206896551724,3.4081372847535008,0.8269927536231885,6.545454545454546,3.140625,0.7013888888888888,0,0.011627906976744186,1.0,7.842342680681161
16,2,row,bup,True,32,True,True,tw16_th2_trow_ibup_hi_pal32_pad64_full,3.6973959187603196,0.832120253164557,5.4191363251481794,1.90875,0.9466796875,6,0.25106837606837606,0.4090625,5.570844736233101,0.974367088607595,32.98969072164948,0.35078125,0.9515625,0,0.006802721088435374,0.4,10.114639908310371,0.8871044303797468,10.884353741496598,2.57921875,0.840625,4,0.0,0.425,10.42184568246873,0.8928894057980392,11.518017121242286,1.911520179759744,0.85301161429729,6,0.0019070971257321892,0.27586206896551724,3.4009980602150733,0.8360507246376812,6.6976744186046515,3.1527777777777777,0.7326388888888888,0,0.01282051282051282,1.0,7.840671191844255
16,2,row,bup,True,0,True,True,tw16_th2_trow_ibup_hi_pal0_pad64_full,3.4570118958668052,0.83125,5.391743892165122,1.893125,0.948046875,8,0.2502639915522703,0.4090625,5.571350713841708,0.9795094936708861,35.754189944134076,0.264375,0.9701171875,0,0.02040816326530612,0.3625,10.049106293961378,0.880617088607595,10.174880763116057,2.4346875,0.8341796875,4,0.002369668246445498,0.425,10.392804010572682,0.8909110240584421,11.192687173534532,1.9244663382594418,0.8520032411992438,4,0.0008024608800320985,0.27586206896551724,3.244635928719683,0.7817028985507246,5.702970297029703,3.4809027777777777,0.6666666666666666,0,0.010101010101010102,0.9583333333333334,7.78018456974192
16,2,row,bup,True,0,True,False,tw16_th2_trow_ibup_hi_pal0_pad64,3.4570118958668052,0.83125,5.391743892165122,1.893125,0.948046875,8,0.2502639915522703,0.4090625,5.571350713841708,0.9795094936708861,35.754189944134076,0.264375,0.9701171875,0,0.02040816326530612,0.3625,10.049106293961378,0.880617088607595,10.174880763116057,2.4346875,0.8341796875,4,0.002369668246445498,0.425,10.391889565410047,0.8908849171244405,11.186194895591647,1.925918243885576,0.8520212478617089,4,0.0008024608800320985,0.27586206896551724,3.239226764055915,0.792572463768116,6.127659574468085,3.1614583333333335,0.6631944444444444,0,0.02,1.0,7.779369319726752
16,2,row,bup,True,64,True,False,tw16_th2_trow_ibup_hi_pal64_pad64,3.455054905048871,0.8314082278481012,5.391743892165122,1.895625,0.9484375,8,0.25052854122621565,0.4090625,5.590306492454577,0.9795886075949367,35.35911602209945,0.25953125,0.9703125,0,0.02040816326530612,0.3534375,10.056328118780646,0.8822784810126583,10.272873194221509,2.413125,0.8416015625,4,0.0023781212841854932,0.425,10.391822782933374,0.8910235795813297,11.212209302325581,1.930325814536341,0.8528675609975691,4,0.0009333333333333333,0.27586206896551724,3.160080005407213,0.8152173913043479,5.938144329896907,3.3541666666666665,0.7291666666666666,0,0.023809523809523808,1.0,7.7780842267458015
16,2,row,row,True,0,True,True,tw16_th2_trow_irow_hi_pal0_pad64_full,3.4649232882718684,0.8332278481012658,5.391743892165122,1.893125,0.948046875,8,0.2502639915522703,0.4090625,5.54666716953791,0.9795886075949367,35.754189944134076,0.264375,0.9701171875,0,0.02040816326530612,0.375,10.042483221191565,0.8825158227848102,10.174880763116057,2.4346875,0.8341796875,4,0.004739336492890996,0.425,10.388308073212453,0.8903888853784088,11.192687173534532,1.9244663382594418,0.8520032411992438,5,0.0012036913200481477,0.27586206896551724,3.2917373779950454,0.7934782608695652,5.702970297029703,3.4809027777777777,0.6666666666666666,0,0.010101010101010102,0.9583333333333334,7.776039124414654
16,2,row,row,True,0,True,False,tw16_th2_trow_irow_hi_pal0_pad64,3.4649232882718684,0.8332278481012658,5.391743892165122,1.893125,0.948046875,8,0.2502639915522703,0.4090625,5.54666716953791,0.9795886075949367,35.754189944134076,0.264375,0.9701171875,0,0.02040816326530612,0.375,10.042483221191565,0.8825158227848102,10.174880763116057,2.4346875,0.8341796875,4,0.004739336492890996,0.425,10.387463246540488,0.8903801830670749,11.186194895591647,1.925918243885576,0.8520212478617089,5,0.0012036913200481477,0.27586206896551724,3.2718354597080888,0.8007246376811594,6.127659574468085,3.1614583333333335,0.6631944444444444,0,0.02,1.0,7.773795484584368
16,2,col,row,False,32,True,True,tw16_th2_tcol_irow_lo_pal32_pad64_full,7.7026018878284415,0.8325158227848102,5.5895196506550215,1.891875,0.8677734375,5,0.25854700854700857,0.5625,4.824164942776953,0.9715189873417722,27.705627705627705,0.3578125,0.9537109375,0,0.14965986394557823,0.336875,9.712746987684632,0.8878164556962025,9.261939218523878,2.4625,0.75703125,5,0.0273972602739726,0.55,10.37067732667082,0.9081067677303736,10.006053268765132,1.673200241984271,0.8220761681822274,3,0.013934426229508197,0.2807017543859649,2.585879721495462,0.7998188405797102,5.647058823529412,3.1909722222222223,0.7083333333333334,0,0.11494252873563218,1.0,7.7655964230970795
16,2,row,row,True,64,True,False,tw16_th2_trow_irow_hi_pal64_pad64,3.462649841757732,0.8333069620253164,5.391743892165122,1.895625,0.9484375,8,0.25052854122621565,0.4090625,5.56751377093559,0.9799841772151898,35.35911602209945,0.25953125,0.9703125,0,0.02040816326530612,0.365625,10.04775559360718,0.8837025316455697,10.272873194221509,2.413125,0.8416015625,5,0.0047562425683709865,0.425,10.387786135759885,0.8904144177879574,11.212209302325581,1.930325814536341,0.8528675609975691,5,0.0012,0.27586206896551724,3.0705354919496557,0.8106884057971014,5.938144329896907,3.3541666666666665,0.7291666666666666,0,0.03571428571428571,1.0,7.7603714120446705
16,2,row,bup,True,64,True,True,tw16_th2_trow_ibup_hi_pal64_pad64_full,3.455054905048871,0.8314082278481012,5.391743892165122,1.895625,0.9484375,8,0.25052854122621565,0.4090625,5.590306492454577,0.9795886075949367,35.35911602209945,0.25953125,0.9703125,0,0.02040816326530612,0.3534375,10.056328118780646,0.8822784810126583,10.272873194221509,2.413125,0.8416015625,4,0.0023781212841854932,0.425,10.390375624086811,0.8909279690615475,11.207865168539326,1.9306887909428745,0.8527595210227784,4,0.001067378252168112,0.27586206896551724,2.9512022699996967,0.7898550724637681,5.433962264150943,4.071180555555555,0.7013888888888888,0,0.021739130434782608,1.0,7.7567623055510815
16,2,col,bup,False,32,True,True,tw16_th2_tcol_ibup_lo_pal32_pad64_full,7.714156577864143,0.8321993670886076,5.5895196506550215,1.891875,0.8677734375,4,0.2564102564102564,0.5625,4.815414942776953,0.9715189873417722,27.705627705627705,0.3578125,0.9537109375,0,0.14965986394557823,0.34125,9.76107932922033,0.883386075949367,9.261939218523878,2.4625,0.75703125,5,0.0186799501867995,0.543125,10.24891425248291,0.8927741760975534,9.973280468884676,1.6799585169821105,0.8224182947690646,3,0.023278104888402026,0.2807017543859649,2.7273090068527823,0.7971014492753623,5.647058823529412,3.1909722222222223,0.7083333333333334,0,0.10344827586206896,0.9583333333333334,7.754426213378577
16,2,col,row,False,32,True,False,tw16_th2_tcol_irow_lo_pal32_pad64,7.7026018878284415,0.8325158227848102,5.5895196506550215,1.891875,0.8677734375,5,0.25854700854700857,0.5625,4.824164942776953,0.9715189873417722,27.705627705627705,0.3578125,0.9537109375,0,0.14965986394557823,0.336875,9.712746987684632,0.8878164556962025,9.261939218523878,2.4625,0.75703125,5,0.0273972602739726,0.55,10.37067732667082,0.9081067677303736,10.006053268765132,1.673200241984271,0.8220761681822274,3,0.013934426229508197,0.2807017543859649,2.4636995436168663,0.7844202898550725,5.236363636363636,3.4930555555555554,0.6840277777777778,0,0.11702127659574468,1.0,7.7533784053092205
16,2,row,row,True,64,True,True,tw16_th2_trow_irow_hi_pal64_pad64_full,3.462649841757732,0.8333069620253164,5.391743892165122,1.895625,0.9484375,8,0.25052854122621565,0.4090625,5.56751377093559,0.9799841772151898,35.35911602209945,0.25953125,0.9703125,0,0.02040816326530612,0.365625,10.04775559360718,0.8837025316455697,10.272873194221509,2.413125,0.8416015625,5,0.0047562425683709865,0.425,10.387103633978862,0.8903101049568414,11.207865168539326,1.9306887909428745,0.8527595210227784,5,0.001200800533689126,0.27586206896551724,2.8968544439127406,0.792572463768116,5.433962264150943,4.071180555555555,0.7013888888888888,0,0.03260869565217391,1.0,7.742798556706672
16,2,col,bup,False,32,True,False,tw16_th2_tcol_ibup_lo_pal32_pad64,7.714156577864143,0.8321993670886076,5.5895196506550215,1.891875,0.8677734375,4,0.2564102564102564,0.5625,4.815414942776953,0.9715189873417722,27.705627705627705,0.3578125,0.9537109375,0,0.14965986394557823,0.34125,9.76107932922033,0.883386075949367,9.261939218523878,2.4625,0.75703125,5,0.0186799501867995,0.543125,10.255429735927112,0.8932084107267533,10.006053268765132,1.672698988851439,0.8220761681822274,3,0.023224043715846996,0.2807017543859649,2.4614639592813736,0.7789855072463768,5.236363636363636,3.4930555555555554,0.6840277777777778,0,0.1276595744680851,0.9583333333333334,7.729796353654697
16,2,col,col,True,64,True,False,tw16_th2_tcol_icol_hi_pal64_pad64,7.287376731955157,0.8800632911392405,4.881769641495042,2.13875,0.8693359375,2,0.33403805496828753,0.5875,5.584665047387626,0.9795094936708861,28.699551569506728,0.31546875,0.973046875,0,0.01020408163265306,0.38,5.440313711308891,0.8913765822784809,7.538280329799765,2.43984375,0.746484375,6,0.0178359096313912,0.55,10.306204060856096,0.9079659830012661,9.459614126880314,1.7783424077434966,0.8188709822634375,5,0.014877362283876157,0.2807017543859649,8.936733588114619,0.901268115942029,6.260869565217392,2.3541666666666665,0.7777777777777778,1,0.0273972602739726,0.8333333333333334,7.4350191928857985
16,2,col,col,True,64,True,True,tw16_th2_tcol_icol_hi_pal64_pad64_full,7.287376731955157,0.8800632911392405,4.881769641495042,2.13875,0.8693359375,2,0.33403805496828753,0.5875,5.584665047387626,0.9795094936708861,28.699551569506728,0.31546875,0.973046875,0,0.01020408163265306,0.38,5.440313711308891,0.8913765822784809,7.538280329799765,2.43984375,0.746484375,6,0.0178359096313912,0.55,10.303562204025535,0.9078356781410389,9.456521739130435,1.7808832425892318,0.8187989556135771,5,0.015135279935708545,0.2807017543859649,8.936733588114619,0.901268115942029,6.260869565217392,2.3541666666666665,0.7777777777777778,1,0.0273972602739726,0.8333333333333334,7.43422663583663
16,2,col,col,True,0,True,False,tw16_th2_tcol_icol_hi_pal0_pad64,7.289885155322458,0.8802215189873418,4.881769641495042,2.14546875,0.86875,2,0.33368532206969376,0.5875,5.585870875446698,0.9796677215189873,28.699551569506728,0.31203125,0.973046875,0,0.01020408163265306,0.38,5.389174707429747,0.8907436708860759,7.529411764705882,2.44515625,0.7447265625,6,0.017772511848341232,0.575,10.308195733869315,0.9077747619617017,9.456521739130435,1.7841327456572467,0.8188529756009724,5,0.014218645204560697,0.2807017543859649,9.015980222734255,0.8958333333333334,6.193548387096774,2.5625,0.7395833333333334,1,0.023809523809523808,0.8020833333333334,7.430759406407892
16,2,col,col,True,0,True,True,tw16_th2_tcol_icol_hi_pal0_pad64_full,7.289885155322458,0.8802215189873418,4.881769641495042,2.14546875,0.86875,2,0.33368532206969376,0.5875,5.585870875446698,0.9796677215189873,28.699551569506728,0.31203125,0.973046875,0,0.01020408163265306,0.38,5.389174707429747,0.8907436708860759,7.529411764705882,2.44515625,0.7447265625,6,0.017772511848341232,0.575,10.305309231159562,0.9077227013002191,9.445714285714285,1.7870884106818772,0.8186909156387864,5,0.014473331546502278,0.2807017543859649,9.015980222734255,0.8958333333333334,6.193548387096774,2.5625,0.7395833333333334,1,0.023809523809523808,0.8020833333333334,7.429893455594967
16,2,col,col,False,64,True,False,tw16_th2_tcol_icol_lo_pal64_pad64,7.279768414455759,0.879746835443038,4.881769641495042,2.13875,0.8693359375,2,0.33509513742071884,0.5875,5.584665047387626,0.9795094936708861,28.699551569506728,0.31546875,0.973046875,0,0.01020408163265306,0.38,5.416378974181601,0.8907436708860759,7.538280329799765,2.43984375,0.746484375,6,0.02140309155766944,0.55,10.300423168072108,0.906243155166937,9.45343137254902,1.7782387001987727,0.8188709822634375,5,0.014609301702184694,0.2807017543859649,8.850918618886904,0.9003623188405797,6.260869565217392,2.3541666666666665,0.7777777777777778,1,0.0410958904109589,0.8333333333333334,7.417871731074782
16,2,col,col,False,64,True,True,tw16_th2_tcol_icol_lo_pal64_pad64_full,7.279768414455759,0.879746835443038,4.881769641495042,2.13875,0.8693359375,2,0.33509513742071884,0.5875,5.584665047387626,0.9795094936708861,28.699551569506728,0.31546875,0.973046875,0,0.01020408163265306,0.38,5.416378974181601,0.8907436708860759,7.538280329799765,2.43984375,0.746484375,6,0.02140309155766944,0.55,10.298376296382127,0.906225520734488,9.459614126880314,1.7802091435485266,0.8187449356261817,5,0.015001339405304044,0.2807017543859649,8.850918618886904,0.9003623188405797,6.260869565217392,2.3541666666666665,0.7777777777777778,1,0.0410958904109589,0.8333333333333334,7.417257669567788
16,2,col,col,False,0,True,False,tw16_th2_tcol_icol_lo_pal0_pad64,7.281650623890755,0.879746835443038,4.881769641495042,2.14546875,0.86875,2,0.3347412882787751,0.5875,5.585870875446698,0.9796677215189873,28.699551569506728,0.31203125,0.973046875,0,0.01020408163265306,0.38,5.3631008577687,0.8895569620253164,7.529411764705882,2.44515625,0.7447265625,6,0.02132701421800948,0.575,10.301635036815366,0.9060865901661874,9.450343025155178,1.7847204217440151,0.8188529756009724,5,0.014084507042253521,0.2807017543859649,8.948174839711482,0.8967391304347827,6.193548387096774,2.5625,0.7395833333333334,1,0.03571428571428571,0.8020833333333334,7.414572695563021
16,2,col,col,False,0,True,True,tw16_th2_tcol_icol_lo_pal0_pad64_full,7.281650623890755,0.879746835443038,4.881769641495042,2.14546875,0.86875,2,0.3347412882787751,0.5875,5.585870875446698,0.9796677215189873,28.699551569506728,0.31203125,0.973046875,0,0.01020408163265306,0.38,5.3631008577687,0.8895569620253164,7.529411764705882,2.44515625,0.7447265625,6,0.02132701421800948,0.575,10.298040482492652,0.9060256739868502,9.450343025155178,1.787624232996284,0.8186729089763213,5,0.014607343875636558,0.2807017543859649,8.948174839711482,0.8967391304347827,6.193548387096774,2.5625,0.7395833333333334,1,0.03571428571428571,0.8020833333333334,7.413494329266208
16,2,row,bup,False,32,True,False,tw16_th2_trow_ibup_lo_pal32_pad64,3.672519642539174,0.83125,5.47008547008547,1.90875,0.9466796875,6,0.2553418803418803,0.4090625,4.703575296811763,0.9718354430379748,28.07017543859649,0.35078125,0.9515625,0,0.14965986394557823,0.4,9.8580616879544,0.8800632911392405,9.667673716012084,2.57921875,0.840625,4,0.021170610211706103,0.425,10.175061110342721,0.8875093238834586,10.327561585148162,1.9105349580848674,0.853173674259476,6,0.022903885480572598,0.27586206896551724,2.654639360167727,0.8143115942028986,5.647058823529412,3.140625,0.7013888888888888,0,0.11627906976744186,1.0,7.397809456561926
16,2,row,bup,False,32,True,True,tw16_th2_trow_ibup_lo_pal32_pad64_full,3.672519642539174,0.83125,5.47008547008547,1.90875,0.9466796875,6,0.2553418803418803,0.4090625,4.703575296811763,0.9718354430379748,28.07017543859649,0.35078125,0.9515625,0,0.14965986394557823,0.4,9.8580616879544,0.8800632911392405,9.667673716012084,2.57921875,0.840625,4,0.021170610211706103,0.425,10.17264801741316,0.887413636760416,10.322033898305085,1.9111917725347853,0.8531196542720807,6,0.02316076294277929,0.27586206896551724,2.6615977571140617,0.8233695652173914,5.818181818181818,3.1527777777777777,0.7326388888888888,0,0.11538461538461539,1.0,7.39778136837769
16,2,col,morton,True,64,True,False,tw16_th2_tcol_imorton_hi_pal64_pad64,7.728864847725512,0.8799050632911393,5.011746280344558,2.13875,0.8693359375,2,0.26215644820295986,0.5875,5.153245517550376,0.9787974683544304,30.046948356807512,0.31546875,0.973046875,0,0.08163265306122448,0.38,5.470759103922193,0.8909018987341772,8.767123287671232,2.43984375,0.746484375,7,0.009512485136741973,0.55,10.323199066324069,0.9067081086083197,9.916866643812135,1.778307838561922,0.8188709822634375,4,0.01755796810079078,0.2807017543859649,9.017890172249166,0.8885869565217391,6.857142857142857,2.3541666666666665,0.7777777777777778,1,0.0136986301369863,0.8333333333333334,7.379299126523047
16,2,col,morton,True,64,True,True,tw16_th2_tcol_imorton_hi_pal64_pad64_full,7.728864847725512,0.8799050632911393,5.011746280344558,2.13875,0.8693359375,2,0.26215644820295986,0.5875,5.153245517550376,0.9787974683544304,30.046948356807512,0.31546875,0.973046875,0,0.08163265306122448,0.38,5.470759103922193,0.8909018987341772,8.767123287671232,2.43984375,0.746484375,7,0.009512485136741973,0.55,10.321222863142665,0.906682001674318,9.91346812885538,1.7799153055051422,0.8187269289637166,4,0.017814090543798553,0.2807017543859649,9.017890172249166,0.8885869565217391,6.857142857142857,2.3541666666666665,0.7777777777777778,1,0.0136986301369863,0.8333333333333334,7.378706265568625
16,2,col,morton,True,0,True,False,tw16_th2_tcol_imorton_hi_pal0_pad64,7.729968476717413,0.8798259493670886,5.011746280344558,2.14546875,0.86875,2,0.26187961985216474,0.5875,5.154451345609447,0.9789556962025316,30.046948356807512,0.31203125,0.973046875,0,0.08163265306122448,0.38,5.414118898143185,0.889003164556962,8.755129958960328,2.44515625,0.7447265625,7,0.009478672985781991,0.575,10.324381578686161,0.9065168492671252,9.904982023626092,1.7844784374729927,0.8188529756009724,4,0.016901408450704224,0.2807017543859649,9.099753760199734,0.8867753623188406,6.776470588235294,2.5625,0.7395833333333334,1,0.011904761904761904,0.8020833333333334,7.373515591138899
16,2,col,morton,True,0,True,True,tw16_th2_tcol_imorton_hi_pal0_pad64_full,7.729968476717413,0.8798259493670886,5.011746280344558,2.14546875,0.86875,2,0.26187961985216474,0.5875,5.154451345609447,0.9789556962025316,30.046948356807512,0.31203125,0.973046875,0,0.08163265306122448,0.38,5.414118898143185,0.889003164556962,8.755129958960328,2.44515625,0.7447265625,7,0.009478672985781991,0.575,10.321544703808852,0.9064648269072728,9.89312585499316,1.78752052545156,0.818636895651391,4,0.017144387891776053,0.2807017543859649,9.099753760199734,0.8867753623188406,6.776470588235294,2.5625,0.7395833333333334,1,0.011904761904761904,0.8020833333333334,7.372664528675706
16,2,row,bup,False,64,True,False,tw16_th2_trow_ibup_lo_pal64_pad64,3.4208862292804074,0.8313291139240506,5.442176870748299,1.895625,0.9484375,8,0.2568710359408034,0.4090625,3.9848621628239904,0.9761867088607594,29.62962962962963,0.25953125,0.9703125,0,0.2857142857142857,0.3534375,9.90624965696418,0.8768987341772152,9.329446064139942,2.413125,0.8416015625,5,0.01070154577883472,0.425,10.164799395599328,0.8857558999831159,10.132224168126095,1.9300492610837439,0.8528675609975691,4,0.020266666666666665,0.27586206896551724,2.403847481021395,0.8034420289855073,5.142857142857143,3.3541666666666665,0.7291666666666666,0,0.13095238095238096,1.0,7.175184538269294
16,2,row,bup,False,0,True,False,tw16_th2_trow_ibup_lo_pal0_pad64,3.4247476924296443,0.83125,5.460750853242321,1.893125,0.948046875,8,0.2565997888067582,0.4090625,3.9749688842111217,0.9761075949367088,29.493087557603687,0.264375,0.9701171875,0,0.2857142857142857,0.35796875,9.88358810298289,0.8746835443037975,9.155937052932762,2.4346875,0.8341796875,4,0.011848341232227487,0.425,10.166371960696999,0.8856433827618586,10.118048268625394,1.9255034137066804,0.852057261186639,4,0.02006152200080246,0.27586206896551724,2.3906042764602553,0.7789855072463768,5.236363636363636,3.1614583333333335,0.6631944444444444,0,0.14,1.0,7.16617664791994
16,2,row,bup,False,64,True,True,tw16_th2_trow_ibup_lo_pal64_pad64_full,3.4208862292804074,0.8313291139240506,5.442176870748299,1.895625,0.9484375,8,0.2568710359408034,0.4090625,3.9848621628239904,0.9761867088607594,29.62962962962963,0.25953125,0.9703125,0,0.2857142857142857,0.3534375,9.90624965696418,0.8768987341772152,9.329446064139942,2.413125,0.8416015625,5,0.01070154577883472,0.425,10.163123204042286,0.885590747575923,10.128676470588236,1.9308616368507476,0.8526694877104529,4,0.020413609072715142,0.27586206896551724,2.261008325181992,0.7780797101449275,4.760330578512397,4.071180555555555,0.7013888888888888,0,0.11956521739130435,1.0,7.160397765218241
16,2,row,row,False,64,True,False,tw16_th2_trow_irow_lo_pal64_pad64,3.428481165989268,0.8332278481012658,5.442176870748299,1.895625,0.9484375,8,0.2568710359408034,0.4090625,3.962069441305002,0.9765822784810126,29.62962962962963,0.25953125,0.9703125,0,0.2857142857142857,0.365625,9.883408404085602,0.8783227848101266,9.329446064139942,2.413125,0.8416015625,3,0.015457788347205707,0.425,10.158675418991141,0.8850249058310691,10.132224168126095,1.9300492610837439,0.8528675609975691,4,0.0208,0.27586206896551724,2.3857315389924088,0.7989130434782609,5.142857142857143,3.3541666666666665,0.7291666666666666,0,0.13095238095238096,1.0,7.160278512677282
16,2,row,bup,False,0,True,True,tw16_th2_trow_ibup_lo_pal0_pad64_full,3.4247476924296443,0.83125,5.460750853242321,1.893125,0.948046875,8,0.2565997888067582,0.4090625,3.9749688842111217,0.9761075949367088,29.493087557603687,0.264375,0.9701171875,0,0.2857142857142857,0.35796875,9.88358810298289,0.8746835443037975,9.155937052932762,2.4346875,0.8341796875,4,0.011848341232227487,0.425,10.165550355385662,0.8856259398375605,10.116279069767442,1.9248984530291244,0.8520032411992438,4,0.020192564856913613,0.27586206896551724,2.3146909275306013,0.7681159420289855,4.923076923076923,3.4809027777777777,0.6666666666666666,0,0.13131313131313133,1.0,7.158338831433573
16,2,row,row,False,0,True,False,tw16_th2_trow_irow_lo_pal0_pad64,3.4326590848347074,0.8332278481012658,5.460750853242321,1.893125,0.948046875,8,0.2565997888067582,0.4090625,3.950597839907324,0.9761867088607594,29.493087557603687,0.264375,0.9701171875,0,0.2857142857142857,0.3703125,9.869856025473739,0.8765822784810127,9.155937052932762,2.4346875,0.8341796875,3,0.015402843601895734,0.425,10.156922021075232,0.8850864348364895,10.118048268625394,1.9255034137066804,0.852057261186639,4,0.021265213320850608,0.27586206896551724,2.423212972112429,0.7871376811594203,5.236363636363636,3.1614583333333335,0.6631944444444444,0,0.14,1.0,7.157328635319665
16,2,row,row,False,64,True,True,tw16_th2_trow_irow_lo_pal64_pad64_full,3.428481165989268,0.8332278481012658,5.442176870748299,1.895625,0.9484375,8,0.2568710359408034,0.4090625,3.962069441305002,0.9765822784810126,29.62962962962963,0.25953125,0.9703125,0,0.2857142857142857,0.365625,9.883408404085602,0.8783227848101266,9.329446064139942,2.413125,0.8416015625,3,0.015457788347205707,0.425,10.156683888423164,0.8849815857825507,10.128676470588236,1.9308616368507476,0.8526694877104529,4,0.021080720480320215,0.27586206896551724,2.3370952817037303,0.7807971014492754,4.760330578512397,4.071180555555555,0.7013888888888888,0,0.10869565217391304,1.0,7.154817427778021
16,2,row,row,False,0,True,True,tw16_th2_trow_irow_lo_pal0_pad64_full,3.4326590848347074,0.8332278481012658,5.460750853242321,1.893125,0.948046875,8,0.2565997888067582,0.4090625,3.950597839907324,0.9761867088607594,29.493087557603687,0.264375,0.9701171875,0,0.2857142857142857,0.3703125,9.869856025473739,0.8765822784810127,9.155937052932762,2.4346875,0.8341796875,3,0.015402843601895734,0.425,10.156240618531267,0.8851038011575272,10.116279069767442,1.9248984530291244,0.8520032411992438,4,0.021396095212623697,0.27586206896551724,2.3617923768059637,0.779891304347826,4.923076923076923,3.4809027777777777,0.6666666666666666,0,0.13131313131313133,1.0,7.1509821550258295
16,2,col,morton,False,64,True,False,tw16_th2_tcol_imorton_lo_pal64_pad64,7.291162853679277,0.8808544303797469,4.889228418640183,2.13875,0.8693359375,2,0.33403805496828753,0.5875,4.412855437467709,0.977373417721519,28.07017543859649,0.31546875,0.973046875,0,0.20408163265306123,0.38,5.359861412141285,0.8888449367088608,8.47682119205298,2.43984375,0.746484375,7,0.022592152199762187,0.55,10.241219552659757,0.9036757052120279,9.387473632970956,1.778307838561922,0.8188709822634375,4,0.021846937407854174,0.2807017543859649,8.638957539041028,0.8759057971014492,5.877551020408164,2.3541666666666665,0.7777777777777778,1,0.0547945205479452,0.8333333333333334,7.060461028894711
16,2,col,morton,False,64,True,True,tw16_th2_tcol_imorton_lo_pal64_pad64_full,7.291162853679277,0.8808544303797469,4.889228418640183,2.13875,0.8693359375,2,0.33403805496828753,0.5875,4.412855437467709,0.977373417721519,28.07017543859649,0.31546875,0.973046875,0,0.20408163265306123,0.38,5.359861412141285,0.8888449367088608,8.47682119205298,2.43984375,0.746484375,7,0.022592152199762187,0.55,10.238463503593923,0.9036755903071374,9.382906260136231,1.7799153055051422,0.8187269289637166,4,0.022234128047147066,0.2807017543859649,8.638957539041028,0.8759057971014492,5.877551020408164,2.3541666666666665,0.7777777777777778,1,0.0547945205479452,0.8333333333333334,7.05963421417496
16,2,col,morton,False,0,True,False,tw16_th2_tcol_imorton_lo_pal0_pad64,7.292094434642262,0.8806962025316456,4.885496183206107,2.14546875,0.86875,2,0.33368532206969376,0.5875,4.414061265526781,0.9775316455696202,28.07017543859649,0.31203125,0.973046875,0,0.20408163265306123,0.38,5.302316825905995,0.8868670886075949,8.45442536327609,2.44515625,0.7447265625,7,0.022511848341232227,0.575,10.24291086726571,0.9035277659193518,9.379863813229573,1.7844784374729927,0.8188529756009724,4,0.02119382964453387,0.2807017543859649,8.518792642074766,0.8722826086956521,5.702970297029703,2.5625,0.7395833333333334,1,0.07142857142857142,0.8402777777777778,7.034378382931092
16,2,col,morton,False,0,True,True,tw16_th2_tcol_imorton_lo_pal0_pad64_full,7.292094434642262,0.8806962025316456,4.885496183206107,2.14546875,0.86875,2,0.33368532206969376,0.5875,4.414061265526781,0.9775316455696202,28.07017543859649,0.31203125,0.973046875,0,0.20408163265306123,0.38,5.302316825905995,0.8868670886075949,8.45442536327609,2.44515625,0.7447265625,7,0.022511848341232227,0.575,10.241305126641546,0.9034844075692031,9.372266321075651,1.78752052545156,0.818636895651391,4,0.021296544334315565,0.2807017543859649,8.518792642074766,0.8722826086956521,5.702970297029703,2.5625,0.7395833333333334,1,0.07142857142857142,0.8402777777777778,7.033896660743843
16,4,row,morton,True,32,True,False,tw16_th4_trow_imorton_hi_pal32_pad64,1.4702947632058463,0.6774525316455696,2.481582008530438,10.50265625,0.896484375,0,0.016931216931216932,0.85,5.090865624321257,0.9526107594936709,17.344173441734416,0.72640625,0.9111328125,0,0.050359712230215826,0.7875,8.04327420163541,0.7755537974683544,4.723247232472325,4.97359375,0.677734375,4,0.01783517835178352,0.85,9.34541699497062,0.8049631930984589,4.870359457866824,3.812237490277418,0.7055370487080219,2,0.014436762911752745,0.5517241379310345,4.087525971516273,0.8867753623188406,7.024390243902439,4.328125,0.7986111111111112,0,0.017241379310344827,0.6111111111111112,6.7448776314480146
16,4,row,morton,True,32,True,True,tw16_th4_trow_imorton_hi_pal32_pad64_full,1.4702947632058463,0.6774525316455696,2.481582008530438,10.50265625,0.896484375,0,0.016931216931216932,0.85,5.090865624321257,0.9526107594936709,17.344173441734416,0.72640625,0.9111328125,0,0.050359712230215826,0.7875,8.04327420163541,0.7755537974683544,4.723247232472325,4.97359375,0.677734375,4,0.01783517835178352,0.85,9.343971225770318,0.8047980789928961,4.8666722745625846,3.8132227119522946,0.7054830287206266,2,0.014502575223637843,0.5517241379310345,4.087525971516273,0.8867753623188406,7.024390243902439,4.328125,0.7986111111111112,0,0.017241379310344827,0.6111111111111112,6.744443900687925
16,2,col,bup,True,0,True,False,tw16_th2_tcol_ibup_hi_pal0_pad64,3.5175530021431767,0.8324367088607595,5.391743892165122,1.87078125,0.86875,6,0.2502639915522703,0.5625,5.55266326328791,0.9795886075949367,35.55555555555556,0.26203125,0.973046875,0,0.02040816326530612,0.37,5.712592015656027,0.8852848101265822,9.74124809741248,2.29140625,0.7447265625,6,0.0035545023696682463,0.55,10.456087144620831,0.8966207665962109,10.711905202740233,1.7010457177426324,0.8188529756009724,4,0.0018779342723004694,0.2807017543859649,3.7347017339544504,0.8143115942028986,7.2,2.171875,0.7118055555555556,0,0.023809523809523808,0.875,6.720666929478572
16,2,col,bup,True,64,True,False,tw16_th2_tcol_ibup_hi_pal64_pad64,3.5168434566047786,0.8326740506329113,5.391743892165122,1.8659375,0.8693359375,6,0.25052854122621565,0.5625,5.5520903466212435,0.9795886075949367,35.55555555555556,0.26546875,0.973046875,0,0.02040816326530612,0.37,5.7149985314033795,0.8858386075949367,9.75609756097561,2.28140625,0.746484375,6,0.0035671819262782403,0.55,10.456657219775948,0.8965511481055399,10.7158733098722,1.6978307838561921,0.8188709822634375,4,0.0018764240718402358,0.2807017543859649,3.5457501230521427,0.8405797101449275,7.291139240506329,2.0086805555555554,0.75,0,0.0273972602739726,1.0,6.702362763052784
16,2,col,row,True,0,True,False,tw16_th2_tcol_irow_hi_pal0_pad64,3.5194517363203914,0.8329113924050633,5.391743892165122,1.87078125,0.86875,6,0.2502639915522703,0.5625,5.533929086072721,0.9799050632911392,35.55555555555556,0.26203125,0.973046875,0,0.02040816326530612,0.38,5.61663807420783,0.8896360759493671,9.74124809741248,2.29140625,0.7447265625,7,0.004739336492890996,0.543125,10.515153318230343,0.9109795802971299,10.711905202740233,1.7057471264367816,0.8188529756009724,3,0.0014755197853789403,0.2807017543859649,3.665861154244306,0.8179347826086957,7.2,2.171875,0.7118055555555556,0,0.023809523809523808,0.9166666666666666,6.701835711472109
16,2,col,row,True,64,True,False,tw16_th2_tcol_irow_hi_pal64_pad64,3.517159912300982,0.832753164556962,5.391743892165122,1.8659375,0.8693359375,6,0.25052854122621565,0.5625,5.532090346621244,0.9795886075949367,35.55555555555556,0.26546875,0.973046875,0,0.02040816326530612,0.38,5.606218597930569,0.8904272151898734,9.75609756097561,2.28140625,0.746484375,7,0.0047562425683709865,0.55,10.515668669525805,0.9109969849197977,10.7158733098722,1.7001123498401176,0.8188709822634375,3,0.0016083634901487736,0.2807017543859649,3.6327066447912735,0.8414855072463768,7.291139240506329,2.0086805555555554,0.75,0,0.0273972602739726,0.9583333333333334,6.6953043839044195
16,2,col,bup,True,0,True,True,tw16_th2_tcol_ibup_hi_pal0_pad64_full,3.5175530021431767,0.8324367088607595,5.391743892165122,1.87078125,0.86875,6,0.2502639915522703,0.5625,5.55266326328791,0.9795886075949367,35.55555555555556,0.26203125,0.973046875,0,0.02040816326530612,0.37,5.712592015656027,0.8852848101265822,9.74124809741248,2.29140625,0.7447265625,6,0.0035545023696682463,0.55,10.45456179794208,0.8964119494258278,10.705958549222798,1.7054187192118226,0.8185108490141352,4,0.0018744142455482662,0.2807017543859649,3.4468780196549558,0.7771739130434783,6.193548387096774,3.064236111111111,0.6631944444444444,0,0.02040816326530612,0.875,6.6914269540449975
16,2,col,bup,True,64,True,True,tw16_th2_tcol_ibup_hi_pal64_pad64_full,3.5168434566047786,0.8326740506329113,5.391743892165122,1.8659375,0.8693359375,6,0.25052854122621565,0.5625,5.5520903466212435,0.9795886075949367,35.55555555555556,0.26546875,0.973046875,0,0.02040816326530612,0.37,5.7149985314033795,0.8858386075949367,9.75609756097561,2.28140625,0.746484375,6,0.0035671819262782403,0.55,10.457068434967283,0.896472674097014,10.725806451612904,1.7003197649295654,0.8186729089763213,4,0.001873912461517869,0.2807017543859649,3.262275285968127,0.8034420289855072,6.260869565217392,2.8993055555555554,0.7013888888888888,0,0.022988505747126436,1.0,6.674138643901782
16,2,col,row,True,0,True,True,tw16_th2_tcol_irow_hi_pal0_pad64_full,3.5194517363203914,0.8329113924050633,5.391743892165122,1.87078125,0.86875,6,0.2502639915522703,0.5625,5.533929086072721,0.9799050632911392,35.55555555555556,0.26203125,0.973046875,0,0.02040816326530612,0.38,5.61663807420783,0.8896360759493671,9.74124809741248,2.29140625,0.7447265625,7,0.004739336492890996,0.543125,10.515153318230343,0.9109795802971299,10.711905202740233,1.7057471264367816,0.8188529756009724,3,0.0014755197853789403,0.2807017543859649,3.378037439944811,0.7807971014492754,6.193548387096774,3.064236111111111,0.6631944444444444,0,0.02040816326530612,0.9166666666666666,6.673053340042159
16,2,col,row,True,64,True,True,tw16_th2_tcol_irow_hi_pal64_pad64_full,3.517159912300982,0.832753164556962,5.391743892165122,1.8659375,0.8693359375,6,0.25052854122621565,0.5625,5.532090346621244,0.9795886075949367,35.55555555555556,0.26546875,0.973046875,0,0.02040816326530612,0.38,5.606218597930569,0.8904272151898734,9.75609756097561,2.28140625,0.746484375,7,0.0047562425683709865,0.55,10.515668669525805,0.9109969849197977,10.7158733098722,1.7001123498401176,0.8188709822634375,3,0.0016083634901487736,0.2807017543859649,3.349231807707257,0.8043478260869565,6.260869565217392,2.8993055555555554,0.7013888888888888,0,0.022988505747126436,0.9583333333333334,6.666956900196017
16,4,row,morton,False,32,True,False,tw16_th4_trow_imorton_lo_pal32_pad64,0.9589262705690871,0.6625791139240507,2.3659889094269873,10.50265625,0.896484375,0,0.09417989417989418,0.839375,4.774397776739824,0.9514240506329115,16.452442159383033,0.72640625,0.9111328125,0,0.08992805755395683,0.7875,8.029819960758347,0.7733386075949367,4.6681254558716265,4.97359375,0.677734375,3,0.01783517835178352,0.85,9.274564234692168,0.8008044684406872,4.702129388816645,3.81203007518797,0.7055190420455568,5,0.0211468076453843,0.5517241379310345,3.8226021695591594,0.8822463768115942,6.545454545454546,4.328125,0.7986111111111112,0,0.05172413793103448,0.6111111111111112,6.570440200758617
16,4,row,morton,False,32,True,True,tw16_th4_trow_imorton_lo_pal32_pad64_full,0.9589262705690871,0.6625791139240507,2.3659889094269873,10.50265625,0.896484375,0,0.09417989417989418,0.839375,4.774397776739824,0.9514240506329115,16.452442159383033,0.72640625,0.9111328125,0,0.08992805755395683,0.7875,8.029819960758347,0.7733386075949367,4.6681254558716265,4.97359375,0.677734375,3,0.01783517835178352,0.85,9.272499651179842,0.8005786296639383,4.697547905164014,3.8156598392533057,0.705392995408301,5,0.021207398875262552,0.5517241379310345,3.8226021695591594,0.8822463768115942,6.545454545454546,4.328125,0.7986111111111112,0,0.05172413793103448,0.6111111111111112,6.56982082570492
16,2,row,row,True,32,True,True,tw16_th2_trow_irow_hi_pal32_pad64_full,3.691537431256262,0.8338607594936709,5.4191363251481794,1.90875,0.9466796875,6,0.2532051282051282,0.4090625,5.570844736233101,0.974367088607595,32.98969072164948,0.35078125,0.9515625,0,0.006802721088435374,0.4,10.122551300715434,0.8890822784810126,10.884353741496598,2.57921875,0.840625,4,0.0,0.425,6.026784455751661,0.8928981081093732,11.518017121242286,1.911520179759744,0.85301161429729,8,0.0010897697861326796,0.27586206896551724,3.386505306591885,0.832427536231884,6.6976744186046515,3.1527777777777777,0.7326388888888888,0,0.01282051282051282,1.0,6.522291831491808
16,2,row,row,True,32,True,False,tw16_th2_trow_irow_hi_pal32_pad64,3.691537431256262,0.8338607594936709,5.4191363251481794,1.90875,0.9466796875,6,0.2532051282051282,0.4090625,5.570844736233101,0.974367088607595,32.98969072164948,0.35078125,0.9515625,0,0.006802721088435374,0.4,10.122551300715434,0.8890822784810126,10.884353741496598,2.57921875,0.840625,4,0.0,0.425,6.028309554052354,0.8929850163178215,11.531791907514451,1.9105003889032928,0.8531016476096156,8,0.0010906612133606,0.27586206896551724,3.3057611472408617,0.8188405797101449,6.545454545454546,3.140625,0.7013888888888888,0,0.023255813953488372,1.0,6.514674945046913
16,4,row,morton,True,64,True,False,tw16_th4_trow_imorton_hi_pal64_pad64,1.4524924241902977,0.6754746835443037,2.4596464258262873,10.5259375,0.89609375,0,0.01837270341207349,0.85,3.5811716391264006,0.9548259493670885,17.827298050139277,0.63328125,0.9376953125,0,0.10194174757281553,0.8,8.082047219613504,0.7712816455696203,4.555160142348755,4.75765625,0.6853515625,4,0.0102843315184513,0.85,9.290737631449023,0.7990236431921947,4.764865755229781,3.818442658370063,0.7028720626631854,3,0.0186189806442971,0.5517241379310345,4.520661268098646,0.9021739130434783,7.578947368421052,3.814236111111111,0.8298611111111112,0,0.02040816326530612,0.4583333333333333,6.387923713452169
16,4,row,morton,True,64,True,True,tw16_th4_trow_imorton_hi_pal64_pad64_full,1.4524924241902977,0.6754746835443037,2.4596464258262873,10.5259375,0.89609375,0,0.01837270341207349,0.85,3.5811716391264006,0.9548259493670885,17.827298050139277,0.63328125,0.9376953125,0,0.10194174757281553,0.8,8.082047219613504,0.7712816455696203,4.555160142348755,4.75765625,0.6853515625,4,0.0102843315184513,0.85,9.290537321634272,0.7989973830516722,4.76643598615917,3.817388298332037,0.7028720626631854,3,0.018685955394816153,0.5517241379310345,4.520661268098646,0.9021739130434783,7.578947368421052,3.814236111111111,0.8298611111111112,0,0.02040816326530612,0.4583333333333333,6.387863620507744
16,4,row,morton,True,0,True,False,tw16_th4_trow_imorton_hi_pal0_pad64,1.4586395897159383,0.6759493670886076,2.4596464258262873,10.536875,0.8974609375,0,0.01732283464566929,0.85,3.568379699679865,0.9548259493670885,17.97752808988764,0.62796875,0.9357421875,0,0.10679611650485436,0.8,8.11565789349759,0.7716772151898734,4.571428571428571,4.6621875,0.676171875,4,0.01011904761904762,0.85,9.293685150775312,0.7993013894239054,4.776273425245604,3.8100250626566416,0.7025299360763483,3,0.018790685188913497,0.5517241379310345,4.0032791800295,0.8813405797101449,6.776470588235294,4.784722222222222,0.78125,0,0.015873015873015872,0.6111111111111112,6.342974404638957
16,4,row,morton,True,0,True,True,tw16_th4_trow_imorton_hi_pal0_pad64_full,1.4586395897159383,0.6759493670886076,2.4596464258262873,10.536875,0.8974609375,0,0.01732283464566929,0.85,3.568379699679865,0.9548259493670885,17.97752808988764,0.62796875,0.9357421875,0,0.10679611650485436,0.8,8.11565789349759,0.7716772151898734,4.571428571428571,4.6621875,0.676171875,4,0.01011904761904762,0.85,9.291330309234546,0.7991971531960497,4.773121029618018,3.813568403768041,0.7024579094264878,3,0.018989465208347312,0.5517241379310345,4.0032791800295,0.8813405797101449,6.776470588235294,4.784722222222222,0.78125,0,0.015873015873015872,0.6111111111111112,6.342267952176727
16,2,row,morton,True,32,True,False,tw16_th2_trow_imorton_hi_pal32_pad64,7.921486837796186,0.8800632911392405,5.103668261562999,2.13421875,0.9466796875,5,0.26816239316239315,0.4196875,5.47348344124042,0.9750791139240507,28.31858407079646,0.39734375,0.9515625,0,0.027210884353741496,0.385,5.820638079929095,0.8893987341772152,10.207336523125997,2.515625,0.840625,6,0.0062266500622665,0.425,5.974812990620302,0.8984987727313238,10.38689407540395,2.023749027741768,0.8530476276222202,7,0.011315610088616224,0.27586206896551724,8.275360366161221,0.8586956521739131,5.938144329896907,3.3385416666666665,0.7256944444444444,1,0.03488372093023256,1.0,6.190170476329982
16,2,row,morton,True,32,True,True,tw16_th2_trow_imorton_hi_pal32_pad64_full,7.921486837796186,0.8800632911392405,5.103668261562999,2.13421875,0.9466796875,5,0.26816239316239315,0.4196875,5.47348344124042,0.9750791139240507,28.31858407079646,0.39734375,0.9515625,0,0.027210884353741496,0.385,5.820638079929095,0.8893987341772152,10.207336523125997,2.515625,0.840625,6,0.0062266500622665,0.425,5.972989852048157,0.8984901087216202,10.385029617662898,2.023731743150981,0.8530476276222202,7,0.011588275391956374,0.27586206896551724,8.275360366161221,0.8586956521739131,5.938144329896907,3.3385416666666665,0.7256944444444444,1,0.03488372093023256,1.0,6.189623534758338
16,4,row,morton,False,64,True,False,tw16_th4_trow_imorton_lo_pal64_pad64,0.9364134021652877,0.6617088607594936,2.341748993779729,10.5259375,0.89609375,0,0.09711286089238845,0.839375,3.0033252318030876,0.9528481012658228,16.580310880829014,0.63328125,0.9376953125,0,0.1796116504854369,0.8,8.030681212149764,0.7700158227848102,4.478656403079076,4.75765625,0.6853515625,4,0.01693889897156685,0.85,9.249186585373518,0.7950902210883493,4.613636363636363,3.818166104917466,0.7028720626631854,2,0.020829147411425893,0.5517241379310345,4.366981901035654,0.9003623188405797,7.291139240506329,3.814236111111111,0.8298611111111112,0,0.04081632653061224,0.4583333333333333,6.155208913316586
16,4,row,morton,False,64,True,True,tw16_th4_trow_imorton_lo_pal64_pad64_full,0.9364134021652877,0.6617088607594936,2.341748993779729,10.5259375,0.89609375,0,0.09711286089238845,0.839375,3.0033252318030876,0.9528481012658228,16.580310880829014,0.63328125,0.9376953125,0,0.1796116504854369,0.8,8.030681212149764,0.7700158227848102,4.478656403079076,4.75765625,0.6853515625,4,0.01693889897156685,0.85,9.24806166147481,0.7949945722669368,4.61253288686917,3.817509290467548,0.7028540560007203,2,0.0209602892921717,0.5517241379310345,4.366981901035654,0.9003623188405797,7.291139240506329,3.814236111111111,0.8298611111111112,0,0.04081632653061224,0.4583333333333333,6.154871436146974
16,4,row,morton,False,0,True,False,tw16_th4_trow_imorton_lo_pal0_pad64,0.9355264338824476,0.6619462025316456,2.3443223443223444,10.536875,0.8974609375,0,0.09711286089238845,0.839375,3.0308552686743755,0.9533227848101266,16.842105263157894,0.62796875,0.9357421875,0,0.1796116504854369,0.8,8.063992601575801,0.770253164556962,4.491228070175438,4.6621875,0.676171875,4,0.016666666666666666,0.85,9.249030449330652,0.7953247238748018,4.624330589081608,3.8099040705211302,0.7025299360763483,2,0.02147506878732971,0.5517241379310345,3.766937686910514,0.8777173913043478,6.4,4.784722222222222,0.78125,0,0.047619047619047616,0.6111111111111112,6.110905464465889
16,4,row,morton,False,0,True,True,tw16_th4_trow_imorton_lo_pal0_pad64_full,0.9355264338824476,0.6619462025316456,2.3443223443223444,10.536875,0.8974609375,0,0.09711286089238845,0.839375,3.0308552686743755,0.9533227848101266,16.842105263157894,0.62796875,0.9357421875,0,0.1796116504854369,0.8,8.063992601575801,0.770253164556962,4.491228070175438,4.6621875,0.676171875,4,0.016666666666666666,0.85,9.248279507184611,0.7951685418903542,4.61731843575419,3.813533834586466,0.7024038894390925,2,0.02132939834998994,0.5517241379310345,3.766937686910514,0.8777173913043478,6.4,4.784722222222222,0.78125,0,0.047619047619047616,0.6111111111111112,6.110680181822076
16,2,col,row,False,0,True,False,tw16_th2_tcol_irow_lo_pal0_pad64,3.493885423540166,0.8329113924050633,5.541125541125541,1.87078125,0.86875,6,0.2565997888067582,0.5625,3.9281683007459307,0.9764240506329114,29.62962962962963,0.26203125,0.973046875,0,0.2857142857142857,0.38,5.475232438728912,0.8834651898734177,8.767123287671232,2.29140625,0.7447265625,7,0.01066350710900474,0.543125,10.346956495978539,0.9059197986301745,9.795970199796816,1.7057471264367816,0.8188529756009724,4,0.01341381623071764,0.2807017543859649,2.811489100149773,0.8052536231884058,6.127659574468085,2.171875,0.7118055555555556,0,0.14285714285714285,0.9166666666666666,6.1096308849552114
16,2,col,bup,False,0,True,False,tw16_th2_tcol_ibup_lo_pal0_pad64,3.4919866893629505,0.8324367088607595,5.541125541125541,1.87078125,0.86875,6,0.2565997888067582,0.5625,3.946902477961121,0.9761075949367088,29.62962962962963,0.26203125,0.973046875,0,0.2857142857142857,0.37,5.521423347001754,0.8791139240506329,8.767123287671232,2.29140625,0.7447265625,6,0.017772511848341232,0.55,10.247648873676873,0.8915609849292555,9.795970199796816,1.7010457177426324,0.8188529756009724,4,0.020523138832997986,0.2807017543859649,2.8803296798599174,0.8016304347826086,6.127659574468085,2.171875,0.7118055555555556,0,0.14285714285714285,0.875,6.1034512797284375
16,2,col,row,False,64,True,False,tw16_th2_tcol_irow_lo_pal64_pad64,3.490521056601523,0.8325949367088608,5.536332179930795,1.8659375,0.8693359375,6,0.2568710359408034,0.5625,3.9263295612944553,0.9761075949367088,29.62962962962963,0.26546875,0.973046875,0,0.2857142857142857,0.38,5.465772292579622,0.8843354430379746,8.791208791208792,2.28140625,0.746484375,7,0.01070154577883472,0.55,10.34971490824157,0.9059285392431387,9.797629127857748,1.7001123498401176,0.8188709822634375,4,0.013134968502881652,0.2807017543859649,2.7600233618445724,0.8297101449275363,6.260869565217392,2.0086805555555554,0.75,0,0.1506849315068493,0.9583333333333334,6.102104975192311
16,2,col,row,False,0,True,True,tw16_th2_tcol_irow_lo_pal0_pad64_full,3.493885423540166,0.8329113924050633,5.541125541125541,1.87078125,0.86875,6,0.2565997888067582,0.5625,3.9281683007459307,0.9764240506329114,29.62962962962963,0.26203125,0.973046875,0,0.2857142857142857,0.38,5.475232438728912,0.8834651898734177,8.767123287671232,2.29140625,0.7447265625,7,0.01066350710900474,0.543125,10.346956495978539,0.9059197986301745,9.795970199796816,1.7057471264367816,0.8188529756009724,4,0.01341381623071764,0.2807017543859649,2.642929032929265,0.7690217391304348,5.284403669724771,3.064236111111111,0.6631944444444444,0,0.12244897959183673,0.9166666666666666,6.092774878233161
16,4,row,col,True,32,True,False,tw16_th4_trow_icol_hi_pal32_pad64,1.8725614530361416,0.7344145569620253,2.3898431665421955,7.06,0.896484375,10,0.09047619047619047,0.85,4.657763506664272,0.951740506329114,13.473684210526315,0.69140625,0.9111328125,0,0.0683453237410072,0.79,3.6875519710582436,0.7917721518987342,3.9603960396039604,4.77640625,0.677734375,8,0.006150061500615006,0.85,9.395885160866658,0.8098063805545748,4.384615384615385,3.651680926454066,0.7054830287206266,3,0.0069811576521621255,0.5517241379310345,9.4933630197264,0.9139492753623188,6.329670329670329,2.8645833333333335,0.7986111111111112,2,0.017241379310344827,0.5555555555555556,6.087688790683383
16,4,row,col,True,32,True,True,tw16_th4_trow_icol_hi_pal32_pad64_full,1.8725614530361416,0.7344145569620253,2.3898431665421955,7.06,0.896484375,10,0.09047619047619047,0.85,4.657763506664272,0.951740506329114,13.473684210526315,0.69140625,0.9111328125,0,0.0683453237410072,0.79,3.6875519710582436,0.7917721518987342,3.9603960396039604,4.77640625,0.677734375,8,0.006150061500615006,0.85,9.395885160866658,0.8098063805545748,4.384615384615385,3.651680926454066,0.7054830287206266,3,0.0069811576521621255,0.5517241379310345,9.4933630197264,0.9139492753623188,6.329670329670329,2.8645833333333335,0.7986111111111112,2,0.017241379310344827,0.5555555555555556,6.087688790683383
16,2,col,row,False,64,True,True,tw16_th2_tcol_irow_lo_pal64_pad64_full,3.490521056601523,0.8325949367088608,5.536332179930795,1.8659375,0.8693359375,6,0.2568710359408034,0.5625,3.9263295612944553,0.9761075949367088,29.62962962962963,0.26546875,0.973046875,0,0.2857142857142857,0.38,5.465772292579622,0.8843354430379746,8.791208791208792,2.28140625,0.746484375,7,0.01070154577883472,0.55,10.34971490824157,0.9059285392431387,9.797629127857748,1.7001123498401176,0.8188709822634375,4,0.013134968502881652,0.2807017543859649,2.6119228920716173,0.7934782608695652,5.383177570093458,2.8993055555555554,0.7013888888888888,0,0.12643678160919541,0.9583333333333334,6.087294928215015
16,2,col,bup,False,0,True,True,tw16_th2_tcol_ibup_lo_pal0_pad64_full,3.4919866893629505,0.8324367088607595,5.541125541125541,1.87078125,0.86875,6,0.2565997888067582,0.5625,3.946902477961121,0.9761075949367088,29.62962962962963,0.26203125,0.973046875,0,0.2857142857142857,0.37,5.521423347001754,0.8791139240506329,8.767123287671232,2.29140625,0.7447265625,6,0.017772511848341232,0.55,10.24627626629065,0.8913521677588723,9.789340101522843,1.7054187192118226,0.8185108490141352,4,0.020484669969206053,0.2807017543859649,2.7117696126394097,0.7653985507246377,5.284403669724771,3.064236111111111,0.6631944444444444,0,0.12244897959183673,0.875,6.0861834907905195
16,2,col,bup,False,64,True,False,tw16_th2_tcol_ibup_lo_pal64_pad64,3.4902046009053205,0.8325158227848102,5.536332179930795,1.8659375,0.8693359375,6,0.2568710359408034,0.5625,3.946329561294455,0.9761075949367088,29.62962962962963,0.26546875,0.973046875,0,0.2857142857142857,0.37,5.531746042937096,0.879746835443038,8.791208791208792,2.28140625,0.746484375,6,0.016646848989298454,0.55,10.246473462512618,0.8914827024288807,9.797629127857748,1.6978307838561921,0.8188709822634375,4,0.020774695081088326,0.2807017543859649,2.6730668401054416,0.8288043478260869,6.260869565217392,2.0086805555555554,0.75,0,0.1506849315068493,1.0,6.084764747936958
16,2,col,bup,False,64,True,True,tw16_th2_tcol_ibup_lo_pal64_pad64_full,3.4902046009053205,0.8325158227848102,5.536332179930795,1.8659375,0.8693359375,6,0.2568710359408034,0.5625,3.946329561294455,0.9761075949367088,29.62962962962963,0.26546875,0.973046875,0,0.2857142857142857,0.37,5.531746042937096,0.879746835443038,8.791208791208792,2.28140625,0.746484375,6,0.016646848989298454,0.55,10.249275417619032,0.891430220449466,9.804270462633452,1.7003197649295654,0.8186729089763213,4,0.020345335296479722,0.2807017543859649,2.5249663703324874,0.792572463768116,5.383177570093458,2.8993055555555554,0.7013888888888888,0,0.12643678160919541,1.0,6.070795287491587
16,2,row,row,False,32,True,True,tw16_th2_trow_irow_lo_pal32_pad64_full,3.6666611550351167,0.8329905063291139,5.47008547008547,1.90875,0.9466796875,6,0.25747863247863245,0.4090625,4.703575296811763,0.9718354430379748,28.07017543859649,0.35078125,0.9515625,0,0.14965986394557823,0.4,9.888389020583622,0.8820411392405063,9.667673716012084,2.57921875,0.840625,3,0.017434620174346202,0.425,5.684126968347869,0.8874223390717499,10.322033898305085,1.9111917725347853,0.8531196542720807,9,0.02125340599455041,0.27586206896551724,2.647105003490873,0.8197463768115942,5.818181818181818,3.1527777777777777,0.7326388888888888,0,0.11538461538461539,1.0,6.057192205779058
16,2,row,row,False,32,True,False,tw16_th2_trow_irow_lo_pal32_pad64,3.6666611550351167,0.8329905063291139,5.47008547008547,1.90875,0.9466796875,6,0.25747863247863245,0.4090625,4.703575296811763,0.9718354430379748,28.07017543859649,0.35078125,0.9515625,0,0.14965986394557823,0.4,9.888389020583622,0.8820411392405063,9.667673716012084,2.57921875,0.840625,3,0.017434620174346202,0.425,5.6849118705083015,0.8875180261947925,10.327561585148162,1.9105349580848674,0.853173674259476,9,0.0212678936605317,0.27586206896551724,2.552263222655088,0.806159420289855,5.647058823529412,3.140625,0.7013888888888888,0,0.12790697674418605,1.0,6.047943498343609
16,4,row,morton,True,32,False,True,tw16_th4_trow_imorton_hi_pal32_full,0.8713636526444999,0.6096518987341772,2.0434227330779056,12.5946875,0.8908203125,0,0.016883116883116882,1.0,4.276220859088475,0.946123417721519,15.165876777251185,0.77296875,0.9236328125,0,0.0888030888030888,0.9625,7.9923242366615295,0.8005537974683544,5.16545601291364,4.56875,0.67265625,4,0.011650485436893204,1.0,8.366828688490116,0.6344312836424028,2.5869701305669826,6.981228934404978,0.4179706491401819,3,0.015997193474828978,1.0,2.524495872231726,0.792572463768116,4.396946564885496,8.177083333333334,0.6388888888888888,0,0.009615384615384616,0.9166666666666666,6.022029010876769
16,4,row,col,False,32,True,False,tw16_th4_trow_icol_lo_pal32_pad64,1.8833309929196056,0.7363132911392405,2.3898431665421955,7.06,0.896484375,10,0.08994708994708994,0.85,4.346744473789307,0.9495253164556963,13.473684210526315,0.69140625,0.9111328125,0,0.11870503597122302,0.79,3.7052643817266544,0.7818829113924051,3.9603960396039604,4.77640625,0.677734375,7,0.016605166051660517,0.85,9.295274635864532,0.8056988896049786,4.384615384615385,3.651680926454066,0.7054830287206266,3,0.021011251186119018,0.5517241379310345,9.559184275765048,0.9130434782608696,6.329670329670329,2.8645833333333335,0.7986111111111112,2,0.017241379310344827,0.5208333333333334,5.988689600203582
16,4,row,col,False,32,True,True,tw16_th4_trow_icol_lo_pal32_pad64_full,1.8833309929196056,0.7363132911392405,2.3898431665421955,7.06,0.896484375,10,0.08994708994708994,0.85,4.346744473789307,0.9495253164556963,13.473684210526315,0.69140625,0.9111328125,0,0.11870503597122302,0.79,3.7052643817266544,0.7818829113924051,3.9603960396039604,4.77640625,0.677734375,7,0.016605166051660517,0.85,9.295274635864532,0.8056988896049786,4.384615384615385,3.651680926454066,0.7054830287206266,3,0.021011251186119018,0.5517241379310345,9.559184275765048,0.9130434782608696,6.329670329670329,2.8645833333333335,0.7986111111111112,2,0.017241379310344827,0.5208333333333334,5.988689600203582
16,16,row,morton,False,32,False,True,tw16_th16_trow_imorton_lo_pal32_full,0.39197756757527435,0.5926424050632912,1.9399818126705062,12.56265625,0.866015625,0,0.09437229437229437,0.9875,3.706331893023183,0.9438291139240507,14.00437636761488,0.7875,0.91875,0,0.15444015444015444,1.0,7.92564674985261,0.7867088607594936,4.657933042212518,4.73953125,0.6123046875,5,0.016828478964401296,1.0,8.307765692438554,0.6236372602673823,2.4427883803411587,7.002540834845735,0.39304942828846673,4,0.022280794236513794,1.0,3.141031355027577,0.8414855072463768,5.142857142857143,6.199652777777778,0.7152777777777778,0,0.036585365853658534,0.7638888888888888,5.862105495788052
16,16,row,morton,False,32,True,True,tw16_th16_trow_imorton_lo_pal32_pad64_full,0.39197756757527435,0.5926424050632912,1.9399818126705062,12.56265625,0.866015625,0,0.09437229437229437,0.9875,3.706331893023183,0.9438291139240507,14.00437636761488,0.7875,0.91875,0,0.15444015444015444,1.0,7.92564674985261,0.7867088607594936,4.657933042212518,4.73953125,0.6123046875,5,0.016828478964401296,1.0,8.307765692438554,0.6236372602673823,2.4427883803411587,7.002540834845735,0.39304942828846673,4,0.022280794236513794,1.0,3.141031355027577,0.8414855072463768,5.142857142857143,6.199652777777778,0.7152777777777778,0,0.036585365853658534,0.7638888888888888,5.862105495788052
16,16,row,morton,False,0,False,True,tw16_th16_trow_imorton_lo_pal0_full,0.3906329696674984,0.5927215189873418,1.9405700424499697,12.54703125,0.8669921875,0,0.09441316587267215,0.9875,3.7010531230735966,0.9435126582278481,13.973799126637555,0.79453125,0.9189453125,0,0.15444015444015444,1.0,7.97437378410305,0.7924841772151898,4.783258594917788,4.63359375,0.6142578125,5,0.01675257731958763,1.0,8.31383378776998,0.6242980231026747,2.4449562608291426,6.992187364964135,0.39328351490051316,6,0.021969137755281382,1.0,2.981993333891933,0.8315217391304348,5.052631578947368,6.737847222222222,0.6944444444444444,0,0.045454545454545456,0.7638888888888888,5.859211103159515
16,16,row,morton,False,0,True,True,tw16_th16_trow_imorton_lo_pal0_pad64_full,0.3906329696674984,0.5927215189873418,1.9405700424499697,12.54703125,0.8669921875,0,0.09441316587267215,0.9875,3.7010531230735966,0.9435126582278481,13.973799126637555,0.79453125,0.9189453125,0,0.15444015444015444,1.0,7.97437378410305,0.7924841772151898,4.783258594917788,4.63359375,0.6142578125,5,0.01675257731958763,1.0,8.31383378776998,0.6242980231026747,2.4449562608291426,6.992187364964135,0.39328351490051316,6,0.021969137755281382,1.0,2.981993333891933,0.8315217391304348,5.052631578947368,6.737847222222222,0.6944444444444444,0,0.045454545454545456,0.7638888888888888,5.859211103159515
16,16,row,morton,False,0,False,False,tw16_th16_trow_imorton_lo_pal0,0.3906329696674984,0.5927215189873418,1.9405700424499697,12.54703125,0.8669921875,0,0.09441316587267215,0.9875,3.7010531230735966,0.9435126582278481,13.973799126637555,0.79453125,0.9189453125,0,0.15444015444015444,1.0,7.97437378410305,0.7924841772151898,4.783258594917788,4.63359375,0.6142578125,5,0.01675257731958763,1.0,8.319506255060013,0.6244721076309827,2.4428915255668624,6.983112954800795,0.39223912847753667,5,0.02162426956856433,1.0,2.854599853971621,0.818840579710145,4.721311475409836,7.465277777777778,0.6631944444444444,0,0.041237113402061855,0.7638888888888888,5.848173495354494
16,16,row,morton,False,32,False,False,tw16_th16_trow_imorton_lo_pal32,0.39197756757527435,0.5926424050632912,1.9399818126705062,12.56265625,0.866015625,0,0.09437229437229437,0.9875,3.706331893023183,0.9438291139240507,14.00437636761488,0.7875,0.91875,0,0.15444015444015444,1.0,7.92564674985261,0.7867088607594936,4.657933042212518,4.73953125,0.6123046875,5,0.016828478964401296,1.0,8.316585987866603,0.6243495092397043,2.4398009530637204,6.9864488808227465,0.3922031151526065,4,0.02190266260802631,1.0,2.9724798331297064,0.826086956521739,4.88135593220339,7.032986111111111,0.6909722222222222,0,0.033707865168539325,0.7638888888888888,5.84789643222668
16,16,row,morton,False,0,True,False,tw16_th16_trow_imorton_lo_pal0_pad64,0.3906329696674984,0.5927215189873418,1.9405700424499697,12.54703125,0.8669921875,0,0.09441316587267215,0.9875,3.7010531230735966,0.9435126582278481,13.973799126637555,0.79453125,0.9189453125,0,0.15444015444015444,1.0,7.97437378410305,0.7924841772151898,4.783258594917788,4.63359375,0.6142578125,5,0.01675257731958763,1.0,8.316964334616612,0.6246200469236589,2.444233206590621,6.981540057039149,0.3937696947870712,5,0.021826233656684943,1.0,2.854599853971621,0.818840579710145,4.721311475409836,7.465277777777778,0.6631944444444444,0,0.041237113402061855,0.7638888888888888,5.847410919221474
16,16,row,morton,False,32,True,False,tw16_th16_trow_imorton_lo_pal32_pad64,0.39197756757527435,0.5926424050632912,1.9399818126705062,12.56265625,0.866015625,0,0.09437229437229437,0.9875,3.706331893023183,0.9438291139240507,14.00437636761488,0.7875,0.91875,0,0.15444015444015444,1.0,7.92564674985261,0.7867088607594936,4.657933042212518,4.73953125,0.6123046875,5,0.016828478964401296,1.0,8.312678399385295,0.6236717247980461,2.4406243408563593,6.994365223403336,0.39265328171423425,5,0.021781066956613238,1.0,2.9724798331297064,0.826086956521739,4.88135593220339,7.032986111111111,0.6909722222222222,0,0.033707865168539325,0.7638888888888888,5.846724155682287
16,4,col,bup,True,32,True,True,tw16_th4_tcol_ibup_hi_pal32_pad64_full,0.9148959019749185,0.6642405063291139,2.8181417877586967,3.69828125,0.8001953125,12,0.2492063492063492,0.9625,5.800436129491777,0.9514240506329114,20.71197411003236,0.66625,0.9013671875,0,0.007194244604316547,0.7125,3.7512987720706104,0.7875791139240507,5.423728813559322,4.4428125,0.5326171875,9,0.00922509225092251,0.938125,9.652593569575231,0.7995997132818375,5.601219866395585,3.3399187624232995,0.6284685333573422,4,0.0022029464408646563,0.5614035087719298,3.909604543160426,0.8623188405797102,9.290322580645162,3.5086805555555554,0.7986111111111112,0,0.03389830508474576,0.7638888888888888,5.8433812717528255
16,8,row,morton,False,0,True,False,tw16_th8_trow_imorton_lo_pal0_pad64,0.3716264502528426,0.5926424050632912,1.941747572815534,12.5571875,0.88125,0,0.09398007795582504,0.9875,3.8034438469660015,0.9436708860759493,13.973799126637555,0.79453125,0.9177734375,0,0.15444015444015444,0.95,7.848212421720357,0.790506329113924,4.726735598227474,4.655,0.66953125,5,0.021262886597938145,1.0,8.238134375225076,0.6231194958144702,2.456896551724138,7.011753521735373,0.44037093724678134,2,0.021650499086180233,1.0,3.0248822063627268,0.8297101449275361,4.923076923076923,6.826388888888889,0.6909722222222222,0,0.033707865168539325,0.7638888888888888,5.8330892790824755
16,8,row,morton,False,0,False,True,tw16_th8_trow_imorton_lo_pal0_full,0.3716264502528426,0.5926424050632912,1.941747572815534,12.5571875,0.88125,0,0.09398007795582504,0.9875,3.8034438469660015,0.9436708860759493,13.973799126637555,0.79453125,0.9177734375,0,0.15444015444015444,0.95,7.848212421720357,0.790506329113924,4.726735598227474,4.655,0.66953125,5,0.021262886597938145,1.0,8.237525929792179,0.6227725524100206,2.452938183668278,7.017612998012272,0.43905645088682815,2,0.021631492081328793,1.0,3.0248822063627268,0.8297101449275361,4.923076923076923,6.826388888888889,0.6909722222222222,0,0.033707865168539325,0.7638888888888888,5.832906745452608
16,8,row,morton,False,0,True,True,tw16_th8_trow_imorton_lo_pal0_pad64_full,0.3716264502528426,0.5926424050632912,1.941747572815534,12.5571875,0.88125,0,0.09398007795582504,0.9875,3.8034438469660015,0.9436708860759493,13.973799126637555,0.79453125,0.9177734375,0,0.15444015444015444,0.95,7.848212421720357,0.790506329113924,4.726735598227474,4.655,0.66953125,5,0.021262886597938145,1.0,8.237525929792179,0.6227725524100206,2.452938183668278,7.017612998012272,0.43905645088682815,2,0.021631492081328793,1.0,3.0248822063627268,0.8297101449275361,4.923076923076923,6.826388888888889,0.6909722222222222,0,0.033707865168539325,0.7638888888888888,5.832906745452608
16,4,col,bup,True,32,True,False,tw16_th4_tcol_ibup_hi_pal32_pad64,0.9148959019749185,0.6642405063291139,2.8181417877586967,3.69828125,0.8001953125,12,0.2492063492063492,0.9625,5.800436129491777,0.9514240506329114,20.71197411003236,0.66625,0.9013671875,0,0.007194244604316547,0.7125,3.7512987720706104,0.7875791139240507,5.423728813559322,4.4428125,0.5326171875,9,0.00922509225092251,0.938125,9.654789840851063,0.7997912024328134,5.60719131614654,3.3372742200328407,0.6283965067074818,4,0.0021389636376181603,0.5614035087719298,3.7055015453666753,0.8695652173913043,9.76271186440678,3.4097222222222223,0.7986111111111112,0,0.017241379310344827,0.9583333333333334,5.8236298533562
16,4,row,morton,False,32,False,False,tw16_th4_trow_imorton_lo_pal32,0.3510053789752454,0.5923259493670887,1.9411586290567182,12.5946875,0.8908203125,0,0.09480519480519481,0.9875,3.7630002847641117,0.9441455696202532,14.1280353200883,0.77296875,0.9236328125,0,0.15444015444015444,0.975,7.926061484978222,0.7974683544303798,4.984423676012461,4.56875,0.67265625,3,0.018122977346278317,1.0,8.289148720913905,0.6248903704803896,2.480598550786777,6.951188315616628,0.41896101557576304,3,0.021692732934466954,1.0,2.6605585368334106,0.826086956521739,4.88135593220339,7.071180555555555,0.6909722222222222,0,0.033707865168539325,0.9166666666666666,5.8200369604085385
16,8,row,morton,False,0,False,False,tw16_th8_trow_imorton_lo_pal0,0.3716264502528426,0.5926424050632912,1.941747572815534,12.5571875,0.88125,0,0.09398007795582504,0.9875,3.8034438469660015,0.9436708860759493,13.973799126637555,0.79453125,0.9177734375,0,0.15444015444015444,0.95,7.848212421720357,0.790506329113924,4.726735598227474,4.655,0.66953125,5,0.021262886597938145,1.0,8.244454868859249,0.6228504518940934,2.450963778860411,7.039391582404287,0.4390024308994328,4,0.01990972392316036,1.0,2.8531530947123622,0.818840579710145,4.721311475409836,7.473958333333333,0.6631944444444444,0,0.041237113402061855,0.7638888888888888,5.817812516007691
16,8,row,morton,False,32,True,False,tw16_th8_trow_imorton_lo_pal32_pad64,0.37565355640106346,0.5927215189873418,1.9411586290567182,12.56984375,0.87890625,0,0.09393939393939393,0.9875,3.7080122660801296,0.9438291139240507,14.035087719298245,0.7875,0.9193359375,0,0.15444015444015444,1.0,7.817273204714436,0.785759493670886,4.654545454545454,4.7196875,0.67109375,4,0.020064724919093852,1.0,8.238022916191644,0.6227198406208247,2.4504447268106735,7.010941145968369,0.4392905374988746,3,0.0216056960471397,1.0,3.0796427915294595,0.8342391304347826,5.052631578947368,6.348958333333333,0.7152777777777778,0,0.036585365853658534,0.7638888888888888,5.805997660929112
16,8,row,morton,False,32,False,True,tw16_th8_trow_imorton_lo_pal32_full,0.37565355640106346,0.5927215189873418,1.9411586290567182,12.56984375,0.87890625,0,0.09393939393939393,0.9875,3.7080122660801296,0.9438291139240507,14.035087719298245,0.7875,0.9193359375,0,0.15444015444015444,1.0,7.817273204714436,0.785759493670886,4.654545454545454,4.7196875,0.67109375,4,0.020064724919093852,1.0,8.237251020876506,0.6227119043420948,2.450963778860411,7.013568403768041,0.43970469073557217,2,0.021559745777590504,1.0,3.0796427915294595,0.8342391304347826,5.052631578947368,6.348958333333333,0.7152777777777778,0,0.036585365853658534,0.7638888888888888,5.80576609233457
16,8,row,morton,False,32,True,True,tw16_th8_trow_imorton_lo_pal32_pad64_full,0.37565355640106346,0.5927215189873418,1.9411586290567182,12.56984375,0.87890625,0,0.09393939393939393,0.9875,3.7080122660801296,0.9438291139240507,14.035087719298245,0.7875,0.9193359375,0,0.15444015444015444,1.0,7.817273204714436,0.785759493670886,4.654545454545454,4.7196875,0.67109375,4,0.020064724919093852,1.0,8.237251020876506,0.6227119043420948,2.450963778860411,7.013568403768041,0.43970469073557217,2,0.021559745777590504,1.0,3.0796427915294595,0.8342391304347826,5.052631578947368,6.348958333333333,0.7152777777777778,0,0.036585365853658534,0.7638888888888888,5.80576609233457
16,8,row,morton,False,32,False,False,tw16_th8_trow_imorton_lo_pal32,0.37565355640106346,0.5927215189873418,1.9411586290567182,12.56984375,0.87890625,0,0.09393939393939393,0.9875,3.7080122660801296,0.9438291139240507,14.035087719298245,0.7875,0.9193359375,0,0.15444015444015444,1.0,7.817273204714436,0.785759493670886,4.654545454545454,4.7196875,0.67109375,4,0.020064724919093852,1.0,8.245881093444702,0.6229807950559508,2.449925894558543,7.025788609454671,0.4395786440983164,5,0.019978307267065534,1.0,2.971322425722299,0.826086956521739,4.88135593220339,7.039930555555555,0.6909722222222222,0,0.033707865168539325,0.7638888888888888,5.797523077524312
16,4,col,col,True,64,True,False,tw16_th4_tcol_icol_hi_pal64_pad64,1.9655026572642926,0.733623417721519,2.3624953857512,7.0428125,0.801953125,8,0.08818897637795275,1.0,2.995963959594778,0.9529272151898734,13.530655391120508,0.61234375,0.9310546875,0,0.1407766990291262,0.8,3.564855257718811,0.7928006329113924,3.7252619324796274,4.22078125,0.51171875,9,0.015124016938898971,0.9875,9.588215913075935,0.8211848593619631,4.333058717795087,3.2450090744101634,0.6258395606374358,5,0.01300292736060998,0.5614035087719298,10.450318746047376,0.927536231884058,7.024390243902439,2.5677083333333335,0.8298611111111112,1,0.02040816326530612,0.125,5.784549857610195
16,4,row,morton,False,32,False,True,tw16_th4_trow_imorton_lo_pal32_full,0.3510053789752454,0.5923259493670887,1.9411586290567182,12.5946875,0.8908203125,0,0.09480519480519481,0.9875,3.7630002847641117,0.9441455696202532,14.1280353200883,0.77296875,0.9236328125,0,0.15444015444015444,0.975,7.926061484978222,0.7974683544303798,4.984423676012461,4.56875,0.67265625,3,0.018122977346278317,1.0,8.283192497380856,0.6248231266907909,2.4785793847999313,6.979258491055225,0.4178806158278563,3,0.022102936532996525,1.0,2.3085913459867564,0.7871376811594203,4.143884892086331,8.177083333333334,0.6388888888888888,0,0.038461538461538464,0.9166666666666666,5.783053374263959
16,4,col,col,True,64,True,True,tw16_th4_tcol_icol_hi_pal64_pad64_full,1.9655026572642926,0.733623417721519,2.3624953857512,7.0428125,0.801953125,8,0.08818897637795275,1.0,2.995963959594778,0.9529272151898734,13.530655391120508,0.61234375,0.9310546875,0,0.1407766990291262,0.8,3.564855257718811,0.7928006329113924,3.7252619324796274,4.22078125,0.51171875,9,0.015124016938898971,0.9875,9.581647612825037,0.8209857020436688,4.326577924020341,3.2477918935269208,0.6257315206626451,5,0.013824570961590846,0.5614035087719298,10.450318746047376,0.927536231884058,7.024390243902439,2.5677083333333335,0.8298611111111112,1,0.02040816326530612,0.125,5.782579367534925
16,4,col,col,False,32,True,False,tw16_th4_tcol_icol_lo_pal32_pad64,1.83959445755103,0.7362341772151899,2.37741456166419,7.0628125,0.8001953125,9,0.091005291005291,1.0,4.354790747272294,0.9496835443037974,13.305613305613306,0.68078125,0.9013671875,0,0.11870503597122302,0.7875,7.979197038194291,0.7862341772151898,3.764705882352941,4.68046875,0.5326171875,4,0.020910209102091022,0.9875,4.991427594450529,0.8174286477423077,4.394940747493163,3.232944430040619,0.6283965067074818,9,0.02718553784585662,0.5614035087719298,8.958213059984049,0.9148550724637681,6.329670329670329,2.763888888888889,0.7986111111111112,1,0.017241379310344827,0.8333333333333334,5.747253965158959
16,4,col,col,False,32,True,True,tw16_th4_tcol_icol_lo_pal32_pad64_full,1.83959445755103,0.7362341772151899,2.37741456166419,7.0628125,0.8001953125,9,0.091005291005291,1.0,4.354790747272294,0.9496835443037974,13.305613305613306,0.68078125,0.9013671875,0,0.11870503597122302,0.7875,7.979197038194291,0.7862341772151898,3.764705882352941,4.68046875,0.5326171875,4,0.020910209102091022,0.9875,4.98422964901505,0.8173160156161597,4.389938538584111,3.235001296344309,0.6287926532817142,9,0.02808446039194038,0.5614035087719298,8.958213059984049,0.9148550724637681,6.329670329670329,2.763888888888889,0.7986111111111112,1,0.017241379310344827,0.8333333333333334,5.745094581528315
16,4,col,col,True,0,True,False,tw16_th4_tcol_icol_hi_pal0_pad64,1.9620178689263605,0.7333069620253164,2.363367799113737,7.04953125,0.802734375,8,0.08818897637795275,1.0,2.9995251575114454,0.9529272151898734,13.530655391120508,0.6103125,0.92890625,0,0.1407766990291262,0.8,3.707717962512226,0.7918512658227848,3.758073987081621,4.269375,0.5080078125,8,0.01488095238095238,0.975,9.590651599781669,0.8213843613949292,4.337932068681113,3.2506957047791896,0.6262177005492032,5,0.012545169427967547,0.5614035087719298,8.95707923567978,0.9157608695652174,6.260869565217392,2.9635416666666665,0.78125,1,0.015873015873015872,0.8333333333333334,5.673748044222743
16,4,col,col,True,0,True,True,tw16_th4_tcol_icol_hi_pal0_pad64_full,1.9620178689263605,0.7333069620253164,2.363367799113737,7.04953125,0.802734375,8,0.08818897637795275,1.0,2.9995251575114454,0.9529272151898734,13.530655391120508,0.6103125,0.92890625,0,0.1407766990291262,0.8,3.707717962512226,0.7918512658227848,3.758073987081621,4.269375,0.5080078125,8,0.01488095238095238,0.975,9.583360283725082,0.8213761187031576,4.33890805459727,3.2467893872612565,0.6267398937606915,5,0.013746409519901519,0.5614035087719298,8.95707923567978,0.9157608695652174,6.260869565217392,2.9635416666666665,0.78125,1,0.015873015873015872,0.8333333333333334,5.671560649405766
16,4,col,row,True,64,True,False,tw16_th4_tcol_irow_hi_pal64_pad64,1.26801473802786,0.6621835443037976,2.789886660854403,3.63640625,0.801953125,9,0.24986876640419947,0.9625,4.5014570701933145,0.9575158227848102,21.843003412969285,0.509375,0.9310546875,0,0.014563106796116505,0.79,4.011211004243066,0.7875791139240507,5.215973920130399,3.83359375,0.51171875,8,0.0012099213551119178,0.95,9.629695440414578,0.7989240658901919,5.450819672131147,3.40553106905194,0.6258395606374358,5,0.0023146572264960176,0.5614035087719298,4.619507038926681,0.8958333333333333,10.666666666666666,2.779513888888889,0.8298611111111112,0,0.02040816326530612,0.6111111111111112,5.665594214412729
16,4,col,row,True,64,True,True,tw16_th4_tcol_irow_hi_pal64_pad64_full,1.26801473802786,0.6621835443037976,2.789886660854403,3.63640625,0.801953125,9,0.24986876640419947,0.9625,4.5014570701933145,0.9575158227848102,21.843003412969285,0.509375,0.9310546875,0,0.014563106796116505,0.79,4.011211004243066,0.7875791139240507,5.215973920130399,3.83359375,0.51171875,8,0.0012099213551119178,0.95,9.629695440414578,0.7989240658901919,5.450819672131147,3.40553106905194,0.6258395606374358,5,0.0023146572264960176,0.5614035087719298,4.619507038926681,0.8958333333333333,10.666666666666666,2.779513888888889,0.8298611111111112,0,0.02040816326530612,0.6111111111111112,5.665594214412729
16,4,col,row,True,0,True,True,tw16_th4_tcol_irow_hi_pal0_pad64_full,1.2666463967831338,0.6624208860759494,2.789886660854403,3.64328125,0.802734375,9,0.24986876640419947,0.9625,4.4877022079834,0.9580696202531646,21.843003412969285,0.50453125,0.92890625,0,0.014563106796116505,0.8,4.148043385514692,0.788370253164557,5.220228384991843,3.7878125,0.5080078125,7,0.0011904761904761906,0.95,9.631546062911355,0.7988978823529298,5.466786355475763,3.405617492005877,0.6262177005492032,5,0.0021135883275380106,0.5614035087719298,4.286807724609918,0.8695652173913043,9.931034482758621,3.5121527777777777,0.7881944444444444,0,0.0,0.7256944444444444,5.6647701573865525
16,32,row,morton,False,0,False,True,tw16_th32_trow_imorton_lo_pal0_full,0.40764236732573167,0.592246835443038,1.9446976602856274,12.59125,0.855859375,0,0.09410234171725933,0.9875,2.5318759938577062,0.9432753164556962,14.19068736141907,0.783125,0.9205078125,0,0.15625,0.9875,8.099593208820398,0.8102848101265823,5.087440381558029,3.82421875,0.660546875,4,0.02288488210818308,1.0,8.43043445845694,0.6390772906872004,2.551150895140665,6.750324086077262,0.3966867741064194,6,0.019731072785735167,1.0,3.081385736717378,0.8333333333333333,5.097345132743363,6.661458333333333,0.6909722222222222,0,0.033707865168539325,0.7638888888888888,5.634062293291186
16,32,row,morton,False,0,True,True,tw16_th32_trow_imorton_lo_pal0_pad64_full,0.40764236732573167,0.592246835443038,1.9446976602856274,12.59125,0.855859375,0,0.09410234171725933,0.9875,2.5318759938577062,0.9432753164556962,14.19068736141907,0.783125,0.9205078125,0,0.15625,0.9875,8.099593208820398,0.8102848101265823,5.087440381558029,3.82421875,0.660546875,4,0.02288488210818308,1.0,8.43043445845694,0.6390772906872004,2.551150895140665,6.750324086077262,0.3966867741064194,6,0.019731072785735167,1.0,3.081385736717378,0.8333333333333333,5.097345132743363,6.661458333333333,0.6909722222222222,0,0.033707865168539325,0.7638888888888888,5.634062293291186
16,4,col,row,True,0,True,False,tw16_th4_tcol_irow_hi_pal0_pad64,1.2666463967831338,0.6624208860759494,2.789886660854403,3.64328125,0.802734375,9,0.24986876640419947,0.9625,4.4877022079834,0.9580696202531646,21.843003412969285,0.50453125,0.92890625,0,0.014563106796116505,0.8,4.148043385514692,0.788370253164557,5.220228384991843,3.7878125,0.5080078125,7,0.0011904761904761906,0.95,9.631546062911355,0.7988978823529298,5.466786355475763,3.405617492005877,0.6262177005492032,5,0.0021135883275380106,0.5614035087719298,3.780677808921407,0.8668478260869565,9.76271186440678,3.5989583333333335,0.78125,0,0.015873015873015872,0.9166666666666666,5.614157165817701
16,4,col,col,False,64,True,False,tw16_th4_tcol_icol_lo_pal64_pad64,1.9711988597959387,0.7350474683544304,2.3624953857512,7.0428125,0.801953125,8,0.08818897637795275,1.0,2.5783868427212377,0.9504746835443039,13.530655391120508,0.61234375,0.9310546875,0,0.2087378640776699,0.8,3.48431067824306,0.7871835443037974,3.7252619324796274,4.22078125,0.51171875,9,0.024803387779794312,0.9875,9.479551849631363,0.8136232019405258,4.3298158958239785,3.2457868809955923,0.6258395606374358,5,0.02600585472121996,0.5614035087719298,10.320623389643945,0.9257246376811594,7.024390243902439,2.5677083333333335,0.8298611111111112,1,0.04081632653061224,0.125,5.6099251580881955
16,4,col,col,False,64,True,True,tw16_th4_tcol_icol_lo_pal64_pad64_full,1.9711988597959387,0.7350474683544304,2.3624953857512,7.0428125,0.801953125,8,0.08818897637795275,1.0,2.5783868427212377,0.9504746835443039,13.530655391120508,0.61234375,0.9310546875,0,0.2087378640776699,0.8,3.48431067824306,0.7871835443037974,3.7252619324796274,4.22078125,0.51171875,9,0.024803387779794312,0.9875,9.475558258028123,0.813484424578746,4.325607476635514,3.249900613602973,0.6257855406500406,5,0.02641971946071088,0.5614035087719298,10.320623389643945,0.9257246376811594,7.024390243902439,2.5677083333333335,0.8298611111111112,1,0.04081632653061224,0.125,5.608727080607224
16,4,row,col,True,64,True,False,tw16_th4_trow_icol_hi_pal64_pad64,1.884994033647104,0.7334651898734177,2.3747680890538034,7.0409375,0.89609375,10,0.08818897637795275,0.85,3.0390024975851615,0.9529272151898734,13.559322033898304,0.6034375,0.9376953125,0,0.13592233009708737,0.79,3.2776600465020014,0.7853639240506329,3.853100541842264,4.54203125,0.6853515625,11,0.013309134906231096,0.85,9.353316620703314,0.8049675811986116,4.298930004458315,3.688445251058681,0.702800036013325,5,0.00930949032214855,0.5517241379310345,9.896348335419356,0.9266304347826086,7.024390243902439,2.6197916666666665,0.8298611111111112,1,0.02040816326530612,0.3958333333333333,5.58876160390736
16,4,row,col,True,64,True,True,tw16_th4_trow_icol_hi_pal64_pad64_full,1.884994033647104,0.7334651898734177,2.3747680890538034,7.0409375,0.89609375,10,0.08818897637795275,0.85,3.0390024975851615,0.9529272151898734,13.559322033898304,0.6034375,0.9376953125,0,0.13592233009708737,0.79,3.2776600465020014,0.7853639240506329,3.853100541842264,4.54203125,0.6853515625,11,0.013309134906231096,0.85,9.353316620703314,0.8049675811986116,4.298930004458315,3.688445251058681,0.702800036013325,5,0.00930949032214855,0.5517241379310345,9.896348335419356,0.9266304347826086,7.024390243902439,2.6197916666666665,0.8298611111111112,1,0.02040816326530612,0.3958333333333333,5.58876160390736
16,4,row,col,True,0,True,False,tw16_th4_trow_icol_hi_pal0_pad64,1.8915034235481483,0.7334651898734177,2.3756495916852263,7.0278125,0.8974609375,10,0.08713910761154856,0.85,3.015592740201607,0.9534018987341772,13.793103448275861,0.595,0.9357421875,0,0.1407766990291262,0.8,3.3079339490204447,0.785759493670886,3.8811400848999393,4.47421875,0.676171875,11,0.013095238095238096,0.85,9.353450214814059,0.8051584192218739,4.306610093791871,3.6850920404459426,0.7026019627262087,5,0.00966378095429837,0.5517241379310345,9.48021480331263,0.9139492753623188,6.260869565217392,3.1145833333333335,0.78125,2,0.015873015873015872,0.5555555555555556,5.549493757857066
16,4,row,col,True,0,True,True,tw16_th4_trow_icol_hi_pal0_pad64_full,1.8915034235481483,0.7334651898734177,2.3756495916852263,7.0278125,0.8974609375,10,0.08713910761154856,0.85,3.015592740201607,0.9534018987341772,13.793103448275861,0.595,0.9357421875,0,0.1407766990291262,0.8,3.3079339490204447,0.785759493670886,3.8811400848999393,4.47421875,0.676171875,11,0.013095238095238096,0.85,9.353450214814059,0.8051584192218739,4.306610093791871,3.6850920404459426,0.7026019627262087,5,0.00966378095429837,0.5517241379310345,9.48021480331263,0.9139492753623188,6.260869565217392,3.1145833333333335,0.78125,2,0.015873015873015872,0.5555555555555556,5.549493757857066
16,4,col,col,False,0,True,False,tw16_th4_tcol_icol_lo_pal0_pad64,1.9686634385466144,0.7349683544303798,2.363367799113737,7.04953125,0.802734375,8,0.08818897637795275,1.0,2.582264496334107,0.9505537974683544,13.530655391120508,0.6103125,0.92890625,0,0.2087378640776699,0.8,3.62684092815418,0.7859177215189873,3.758073987081621,4.269375,0.5080078125,8,0.024404761904761905,0.975,9.48213753674704,0.8138834286446781,4.33598141347523,3.249520352605652,0.6262177005492032,6,0.02563578100497716,0.5614035087719298,8.85459476363009,0.9139492753623188,6.260869565217392,2.9635416666666665,0.78125,1,0.031746031746031744,0.8333333333333334,5.501961222837805
16,4,col,col,False,0,True,True,tw16_th4_tcol_icol_lo_pal0_pad64_full,1.9686634385466144,0.7349683544303798,2.363367799113737,7.04953125,0.802734375,8,0.08818897637795275,1.0,2.582264496334107,0.9505537974683544,13.530655391120508,0.6103125,0.92890625,0,0.2087378640776699,0.8,3.62684092815418,0.7859177215189873,3.758073987081621,4.269375,0.5080078125,8,0.024404761904761905,0.975,9.477394234111088,0.8138228954816429,4.336631436923769,3.2505228588713164,0.626667867110831,5,0.026254615069055107,0.5614035087719298,8.85459476363009,0.9139492753623188,6.260869565217392,2.9635416666666665,0.78125,1,0.031746031746031744,0.8333333333333334,5.500538232047019
16,1,row,row,True,32,False,True,tw16_th1_trow_irow_hi_pal32_full,0.9885195348291174,0.5909018987341772,2.3063063063063063,4.525,0.3408203125,13,0.2528138528138528,0.9625,5.480716196037331,0.9490506329113924,18.39080459770115,0.6896875,0.9126953125,0,0.0,0.78203125,3.722180463023501,0.7910601265822785,6.523955147808358,4.85703125,0.744921875,6,0.006472491909385114,1.0,8.382603835131945,0.5977830729932322,3.077066269545793,6.496828277590528,0.4494462951291978,5,0.0013294150573747551,1.0,4.641164955716587,0.7844202898550725,7.68,1.4982638888888888,0.6458333333333334,0,0.0,0.5590277777777778,5.4507323402533885
16,1,row,col,True,32,False,True,tw16_th1_trow_icol_hi_pal32_full,0.9885195348291174,0.5909018987341772,2.3063063063063063,4.525,0.3408203125,13,0.2528138528138528,0.9625,5.480716196037331,0.9490506329113924,18.39080459770115,0.6896875,0.9126953125,0,0.0,0.78203125,3.722180463023501,0.7910601265822785,6.523955147808358,4.85703125,0.744921875,6,0.006472491909385114,1.0,8.382603835131945,0.5977830729932322,3.077066269545793,6.496828277590528,0.4494462951291978,5,0.0013294150573747551,1.0,4.641164955716587,0.7844202898550725,7.68,1.4982638888888888,0.6458333333333334,0,0.0,0.5590277777777778,5.4507323402533885
16,1,row,morton,True,32,False,True,tw16_th1_trow_imorton_hi_pal32_full,0.9885195348291174,0.5909018987341772,2.3063063063063063,4.525,0.3408203125,13,0.2528138528138528,0.9625,5.480716196037331,0.9490506329113924,18.39080459770115,0.6896875,0.9126953125,0,0.0,0.78203125,3.722180463023501,0.7910601265822785,6.523955147808358,4.85703125,0.744921875,6,0.006472491909385114,1.0,8.382603835131945,0.5977830729932322,3.077066269545793,6.496828277590528,0.4494462951291978,5,0.0013294150573747551,1.0,4.641164955716587,0.7844202898550725,7.68,1.4982638888888888,0.6458333333333334,0,0.0,0.5590277777777778,5.4507323402533885
16,1,row,bup,True,32,False,True,tw16_th1_trow_ibup_hi_pal32_full,0.9885195348291174,0.5909018987341772,2.3063063063063063,4.525,0.3408203125,13,0.2528138528138528,0.9625,5.480716196037331,0.9490506329113924,18.39080459770115,0.6896875,0.9126953125,0,0.0,0.78203125,3.722180463023501,0.7910601265822785,6.523955147808358,4.85703125,0.744921875,6,0.006472491909385114,1.0,8.382603835131945,0.5977830729932322,3.077066269545793,6.496828277590528,0.4494462951291978,5,0.0013294150573747551,1.0,4.641164955716587,0.7844202898550725,7.68,1.4982638888888888,0.6458333333333334,0,0.0,0.5590277777777778,5.4507323402533885
16,4,row,bup,True,64,True,True,tw16_th4_trow_ibup_hi_pal64_pad64_full,1.2732618042198431,0.6595727848101266,2.789886660854403,3.7075,0.89609375,10,0.24986876640419947,0.818125,4.554050849499104,0.9574367088607595,21.768707482993197,0.5075,0.9376953125,0,0.014563106796116505,0.755625,8.374954060250317,0.7831487341772152,5.560382276281494,4.13609375,0.6853515625,4,0.0006049606775559589,0.85,4.787228341911997,0.7927029248114028,5.655978101476195,3.530602367988938,0.7032141892500225,11,0.0019433089861287944,0.5517241379310345,5.444489734299516,0.9148550724637681,12.0,2.4791666666666665,0.8715277777777778,0,0.0,0.3472222222222222,5.444019696875988
16,4,col,bup,True,64,True,False,tw16_th4_tcol_ibup_hi_pal64_pad64,1.2627518010324443,0.6621044303797469,2.789886660854403,3.6471875,0.801953125,9,0.2503937007874016,0.9625,4.482082070193316,0.9575158227848102,21.843003412969285,0.505625,0.9310546875,0,0.014563106796116505,0.8,3.2182429135257657,0.7865506329113925,5.215973920130399,4.24671875,0.51171875,14,0.0012099213551119178,0.95,9.61655446973979,0.7966440603207126,5.450819672131147,3.4272059458992308,0.6258395606374358,4,0.0023827353802164885,0.5614035087719298,4.5568183311972135,0.8894927536231885,10.666666666666666,3.0034722222222223,0.8298611111111112,0,0.02040816326530612,0.6111111111111112,5.443752813891215
16,4,col,bup,True,64,True,True,tw16_th4_tcol_ibup_hi_pal64_pad64_full,1.2627518010324443,0.6621044303797469,2.789886660854403,3.6471875,0.801953125,9,0.2503937007874016,0.9625,4.482082070193316,0.9575158227848102,21.843003412969285,0.505625,0.9310546875,0,0.014563106796116505,0.8,3.2182429135257657,0.7865506329113925,5.215973920130399,4.24671875,0.51171875,14,0.0012099213551119178,0.95,9.616399265310271,0.7965312366864137,5.449792765636775,3.4314579552329096,0.6253893940758081,4,0.0023135547087642897,0.5614035087719298,4.5568183311972135,0.8894927536231885,10.666666666666666,3.0034722222222223,0.8298611111111112,0,0.02040816326530612,0.6111111111111112,5.443706252562359
16,4,row,col,False,64,True,False,tw16_th4_trow_icol_lo_pal64_pad64,1.89069023617875,0.7348892405063291,2.3747680890538034,7.0409375,0.89609375,10,0.08818897637795275,0.85,2.6214253807116217,0.9504746835443039,13.559322033898304,0.6034375,0.9376953125,0,0.20388349514563106,0.79,3.2027927166759085,0.7793512658227848,3.853100541842264,4.54203125,0.6853515625,11,0.021778584392014518,0.85,9.261604834204718,0.8006251278430003,4.298930004458315,3.688445251058681,0.702800036013325,3,0.0216998191681736,0.5517241379310345,9.763029790610128,0.9239130434782609,7.024390243902439,2.6197916666666665,0.8298611111111112,2,0.04081632653061224,0.3958333333333333,5.420336353537487
16,4,row,col,False,64,True,True,tw16_th4_trow_icol_lo_pal64_pad64_full,1.89069023617875,0.7348892405063291,2.3747680890538034,7.0409375,0.89609375,10,0.08818897637795275,0.85,2.6214253807116217,0.9504746835443039,13.559322033898304,0.6034375,0.9376953125,0,0.20388349514563106,0.79,3.2027927166759085,0.7793512658227848,3.853100541842264,4.54203125,0.6853515625,11,0.021778584392014518,0.85,9.261604834204718,0.8006251278430003,4.298930004458315,3.688445251058681,0.702800036013325,3,0.0216998191681736,0.5517241379310345,9.763029790610128,0.9239130434782609,7.024390243902439,2.6197916666666665,0.8298611111111112,2,0.04081632653061224,0.3958333333333333,5.420336353537487
16,4,col,morton,True,64,True,False,tw16_th4_tcol_imorton_hi_pal64_pad64,1.2873345421990994,0.6757120253164557,2.447418738049713,10.48859375,0.801953125,0,0.01942257217847769,1.0,3.57892529603358,0.9549050632911392,17.77777777777778,0.62890625,0.9310546875,0,0.10679611650485436,0.79,3.913381482751536,0.7808544303797469,4.441360166551006,4.72875,0.51171875,6,0.009074410163339383,0.975,9.529486712293224,0.8171319657274841,4.776273425245604,3.2536168006222455,0.6258395606374358,6,0.02600585472121996,0.5614035087719298,4.941119357767262,0.9021739130434783,7.68,3.842013888888889,0.8298611111111112,0,0.02040816326530612,0.25,5.403944475324752
16,4,col,morton,True,64,True,True,tw16_th4_tcol_imorton_hi_pal64_pad64_full,1.2873345421990994,0.6757120253164557,2.447418738049713,10.48859375,0.801953125,0,0.01942257217847769,1.0,3.57892529603358,0.9549050632911392,17.77777777777778,0.62890625,0.9310546875,0,0.10679611650485436,0.79,3.913381482751536,0.7808544303797469,4.441360166551006,4.72875,0.51171875,6,0.009074410163339383,0.975,9.52817153746187,0.8172885690298639,4.77982485128883,3.253979777028779,0.6258575672999009,6,0.026364193746167996,0.5614035087719298,4.941119357767262,0.9021739130434783,7.68,3.842013888888889,0.8298611111111112,0,0.02040816326530612,0.25,5.403549922875345
16,4,row,col,True,0,False,True,tw16_th4_trow_icol_hi_pal0_full,1.095094679936402,0.6791930379746836,1.9674146941284967,8.4740625,0.8919921875,10,0.08921611087050671,1.0,3.803160742201326,0.9429588607594936,11.208406304728546,0.75125,0.9216796875,0,0.11583011583011583,0.95,3.619659856039057,0.8189873417721519,4.488078541374474,4.09375,0.6763671875,8,0.012242268041237113,1.0,8.485011269940973,0.6462513953253723,2.356043329532497,6.673217526575058,0.4176105158908796,2,0.009618760092677104,1.0,8.363160086623356,0.8469202898550725,3.972413793103448,5.395833333333333,0.6041666666666666,2,0.0,0.875,5.39936031958204
16,4,col,bup,True,0,True,True,tw16_th4_tcol_ibup_hi_pal0_pad64_full,1.2556501245855525,0.6617088607594936,2.789886660854403,3.654375,0.802734375,9,0.2509186351706037,0.9625,4.503309736991838,0.9571993670886076,21.843003412969285,0.51,0.92890625,0,0.014563106796116505,0.79,3.1059534593543536,0.7861550632911393,5.220228384991843,4.2271875,0.5080078125,15,0.0011904761904761906,0.95,9.62304184837384,0.7969394026832421,5.483366505544498,3.4180278281911676,0.6267218870982263,4,0.001984805968106221,0.5614035087719298,4.213991702065634,0.8632246376811594,9.931034482758621,3.796875,0.7881944444444444,0,0.0,0.7256944444444444,5.38717216573557
16,4,row,bup,True,64,True,False,tw16_th4_trow_ibup_hi_pal64_pad64,1.2732618042198431,0.6595727848101266,2.789886660854403,3.7075,0.89609375,10,0.24986876640419947,0.818125,4.554050849499104,0.9574367088607595,21.768707482993197,0.5075,0.9376953125,0,0.014563106796116505,0.755625,8.374954060250317,0.7831487341772152,5.560382276281494,4.13609375,0.6853515625,4,0.0006049606775559589,0.85,4.786010794505056,0.7926074674981414,5.648247583715708,3.5385359951603146,0.7032682092374178,11,0.0017413435134954122,0.5517241379310345,4.870639285303493,0.8922101449275363,10.666666666666666,3.0190972222222223,0.8298611111111112,0,0.02040816326530612,0.4583333333333333,5.386269387754303
16,4,row,col,False,0,True,False,tw16_th4_trow_icol_lo_pal0_pad64,1.8975160817759966,0.7349683544303798,2.3756495916852263,7.0278125,0.8974609375,10,0.08713910761154856,0.85,2.5980156233280662,0.9509493670886076,13.793103448275861,0.595,0.9357421875,0,0.2087378640776699,0.8,3.2303118875376233,0.7797468354430379,3.8811400848999393,4.47421875,0.676171875,11,0.022023809523809525,0.85,9.261991414075325,0.8008159658662628,4.306610093791871,3.6850920404459426,0.7026019627262087,3,0.02201194550701295,0.5517241379310345,9.370483954451345,0.9103260869565217,6.260869565217392,3.1145833333333335,0.78125,2,0.031746031746031744,0.5555555555555556,5.382812259034891
16,4,row,col,False,0,True,True,tw16_th4_trow_icol_lo_pal0_pad64_full,1.8975160817759966,0.7349683544303798,2.3756495916852263,7.0278125,0.8974609375,10,0.08713910761154856,0.85,2.5980156233280662,0.9509493670886076,13.793103448275861,0.595,0.9357421875,0,0.2087378640776699,0.8,3.2303118875376233,0.7797468354430379,3.8811400848999393,4.47421875,0.676171875,11,0.022023809523809525,0.85,9.261991414075325,0.8008159658662628,4.306610093791871,3.6850920404459426,0.7026019627262087,3,0.02201194550701295,0.5517241379310345,9.370483954451345,0.9103260869565217,6.260869565217392,3.1145833333333335,0.78125,2,0.031746031746031744,0.5555555555555556,5.382812259034891
16,4,row,bup,True,0,True,True,tw16_th4_trow_ibup_hi_pal0_pad64_full,1.2679493386115588,0.6594145569620253,2.789886660854403,3.704375,0.8974609375,10,0.2503937007874016,0.818125,4.537192592396866,0.9574367088607595,21.993127147766323,0.5059375,0.9357421875,0,0.014563106796116505,0.775,8.383428762029983,0.7829905063291139,5.512489233419466,4.14046875,0.676171875,5,0.0005952380952380953,0.85,4.690413045751287,0.7926596047628843,5.656531091122409,3.5269034655604528,0.7024759160889529,12,0.001678640972268851,0.5517241379310345,4.82220881398726,0.8913043478260869,11.076923076923077,3.0347222222222223,0.8402777777777778,0,0.02127659574468085,0.4861111111111111,5.350142294364018
16,1,row,row,True,32,False,False,tw16_th1_trow_irow_hi_pal32,0.9885195348291174,0.5909018987341772,2.3063063063063063,4.525,0.3408203125,13,0.2528138528138528,0.9625,5.480716196037331,0.9490506329113924,18.39080459770115,0.6896875,0.9126953125,0,0.0,0.78203125,3.722180463023501,0.7910601265822785,6.523955147808358,4.85703125,0.744921875,6,0.006472491909385114,1.0,8.391364381483903,0.5968957819518472,3.079359165424739,6.391133004926108,0.45157108130008106,5,0.0017144256674014205,1.0,3.533244444774425,0.8215579710144927,9.442622950819672,4.657986111111111,0.6979166666666666,0,0.0,0.9583333333333334,5.342568453064759
16,1,row,col,True,32,False,False,tw16_th1_trow_icol_hi_pal32,0.9885195348291174,0.5909018987341772,2.3063063063063063,4.525,0.3408203125,13,0.2528138528138528,0.9625,5.480716196037331,0.9490506329113924,18.39080459770115,0.6896875,0.9126953125,0,0.0,0.78203125,3.722180463023501,0.7910601265822785,6.523955147808358,4.85703125,0.744921875,6,0.006472491909385114,1.0,8.391364381483903,0.5968957819518472,3.079359165424739,6.391133004926108,0.45157108130008106,5,0.0017144256674014205,1.0,3.533244444774425,0.8215579710144927,9.442622950819672,4.657986111111111,0.6979166666666666,0,0.0,0.9583333333333334,5.342568453064759
16,1,row,morton,True,32,False,False,tw16_th1_trow_imorton_hi_pal32,0.9885195348291174,0.5909018987341772,2.3063063063063063,4.525,0.3408203125,13,0.2528138528138528,0.9625,5.480716196037331,0.9490506329113924,18.39080459770115,0.6896875,0.9126953125,0,0.0,0.78203125,3.722180463023501,0.7910601265822785,6.523955147808358,4.85703125,0.744921875,6,0.006472491909385114,1.0,8.391364381483903,0.5968957819518472,3.079359165424739,6.391133004926108,0.45157108130008106,5,0.0017144256674014205,1.0,3.533244444774425,0.8215579710144927,9.442622950819672,4.657986111111111,0.6979166666666666,0,0.0,0.9583333333333334,5.342568453064759
16,1,row,bup,True,32,False,False,tw16_th1_trow_ibup_hi_pal32,0.9885195348291174,0.5909018987341772,2.3063063063063063,4.525,0.3408203125,13,0.2528138528138528,0.9625,5.480716196037331,0.9490506329113924,18.39080459770115,0.6896875,0.9126953125,0,0.0,0.78203125,3.722180463023501,0.7910601265822785,6.523955147808358,4.85703125,0.744921875,6,0.006472491909385114,1.0,8.391364381483903,0.5968957819518472,3.079359165424739,6.391133004926108,0.45157108130008106,5,0.0017144256674014205,1.0,3.533244444774425,0.8215579710144927,9.442622950819672,4.657986111111111,0.6979166666666666,0,0.0,0.9583333333333334,5.342568453064759
16,1,row,row,True,64,False,True,tw16_th1_trow_irow_hi_pal64_full,0.9935902566130557,0.5901107594936709,2.3071377072819033,4.5140625,0.341796875,13,0.2515125324114088,0.9625,5.114883798302133,0.9497626582278481,18.55072463768116,0.680625,0.9123046875,0,0.003861003861003861,0.9625,3.5752917345200057,0.789003164556962,6.324110671936759,4.92390625,0.744140625,7,0.005144694533762058,1.0,8.381580812801811,0.5979045606372348,3.076902621922034,6.483743842364532,0.45175114792473214,5,0.0013658809932406402,1.0,4.862264520327356,0.806159420289855,7.890410958904109,1.4756944444444444,0.6770833333333334,0,0.0,0.4791666666666667,5.339633554936079
16,1,row,col,True,64,False,True,tw16_th1_trow_icol_hi_pal64_full,0.9935902566130557,0.5901107594936709,2.3071377072819033,4.5140625,0.341796875,13,0.2515125324114088,0.9625,5.114883798302133,0.9497626582278481,18.55072463768116,0.680625,0.9123046875,0,0.003861003861003861,0.9625,3.5752917345200057,0.789003164556962,6.324110671936759,4.92390625,0.744140625,7,0.005144694533762058,1.0,8.381580812801811,0.5979045606372348,3.076902621922034,6.483743842364532,0.45175114792473214,5,0.0013658809932406402,1.0,4.862264520327356,0.806159420289855,7.890410958904109,1.4756944444444444,0.6770833333333334,0,0.0,0.4791666666666667,5.339633554936079
16,1,row,morton,True,64,False,True,tw16_th1_trow_imorton_hi_pal64_full,0.9935902566130557,0.5901107594936709,2.3071377072819033,4.5140625,0.341796875,13,0.2515125324114088,0.9625,5.114883798302133,0.9497626582278481,18.55072463768116,0.680625,0.9123046875,0,0.003861003861003861,0.9625,3.5752917345200057,0.789003164556962,6.324110671936759,4.92390625,0.744140625,7,0.005144694533762058,1.0,8.381580812801811,0.5979045606372348,3.076902621922034,6.483743842364532,0.45175114792473214,5,0.0013658809932406402,1.0,4.862264520327356,0.806159420289855,7.890410958904109,1.4756944444444444,0.6770833333333334,0,0.0,0.4791666666666667,5.339633554936079
16,1,row,bup,True,64,False,True,tw16_th1_trow_ibup_hi_pal64_full,0.9935902566130557,0.5901107594936709,2.3071377072819033,4.5140625,0.341796875,13,0.2515125324114088,0.9625,5.114883798302133,0.9497626582278481,18.55072463768116,0.680625,0.9123046875,0,0.003861003861003861,0.9625,3.5752917345200057,0.789003164556962,6.324110671936759,4.92390625,0.744140625,7,0.005144694533762058,1.0,8.381580812801811,0.5979045606372348,3.076902621922034,6.483743842364532,0.45175114792473214,5,0.0013658809932406402,1.0,4.862264520327356,0.806159420289855,7.890410958904109,1.4756944444444444,0.6770833333333334,0,0.0,0.4791666666666667,5.339633554936079
16,4,row,col,True,64,False,True,tw16_th4_trow_icol_hi_pal64_full,1.0932530070175839,0.6784810126582279,1.9631901840490797,8.49921875,0.8890625,10,0.08902333621434745,1.0,3.7029372538981304,0.9428797468354431,11.24780316344464,0.7528125,0.9236328125,0,0.11583011583011583,1.0,3.436249267124012,0.8126582278481013,4.315576534052596,4.2,0.68046875,9,0.012218649517684888,1.0,8.488566504633763,0.6463644104678222,2.354413380539617,6.6528389940368164,0.4178626091653912,4,0.009581973254712014,1.0,8.415610958521636,0.8541666666666667,4.173913043478261,4.925347222222222,0.6770833333333334,2,0.021505376344086023,0.7916666666666666,5.3317797832694565
16,4,col,bup,True,0,True,False,tw16_th4_tcol_ibup_hi_pal0_pad64,1.2556501245855525,0.6617088607594936,2.789886660854403,3.654375,0.802734375,9,0.2509186351706037,0.9625,4.503309736991838,0.9571993670886076,21.843003412969285,0.51,0.92890625,0,0.014563106796116505,0.79,3.1059534593543536,0.7861550632911393,5.220228384991843,4.2271875,0.5080078125,15,0.0011904761904761906,0.95,9.622415263690492,0.7968528391894656,5.466786355475763,3.416230230749287,0.6262177005492032,4,0.001977227790277494,0.5614035087719298,3.6418895641549005,0.8605072463768115,9.76271186440678,3.779513888888889,0.78125,0,0.015873015873015872,0.9583333333333334,5.329773976539492
16,4,row,col,True,32,False,True,tw16_th4_trow_icol_hi_pal32_full,1.0923226395608217,0.6790348101265823,1.9656019656019657,8.48234375,0.8908203125,10,0.08961038961038961,1.0,3.7689833108830157,0.9427215189873417,11.149825783972126,0.75375,0.9236328125,0,0.11583011583011583,0.9625,3.3541837519372164,0.8155063291139241,4.401650618982118,4.15125,0.67265625,10,0.012297734627831715,1.0,8.485225484421537,0.6459476953661807,2.3530727620287144,6.6670296430732,0.41804267579004234,3,0.009403178835830322,1.0,8.374195357279598,0.8478260869565217,4.027972027972028,5.220486111111111,0.6388888888888888,2,0.009615384615384616,0.8333333333333334,5.322396428552548
16,4,row,bup,True,0,True,False,tw16_th4_trow_ibup_hi_pal0_pad64,1.2679493386115588,0.6594145569620253,2.789886660854403,3.704375,0.8974609375,10,0.2503937007874016,0.818125,4.537192592396866,0.9574367088607595,21.993127147766323,0.5059375,0.9357421875,0,0.014563106796116505,0.775,8.383428762029983,0.7829905063291139,5.512489233419466,4.14046875,0.676171875,5,0.0005952380952380953,0.85,4.6876612916772915,0.7927466278762232,5.65266243282853,3.5284417941405235,0.7028180426757901,12,0.0020132876988121604,0.5517241379310345,4.319010639034129,0.8659420289855072,9.76271186440678,3.8159722222222223,0.7847222222222222,0,0.015873015873015872,0.625,5.298996950646506
16,1,row,row,True,0,False,True,tw16_th1_trow_irow_hi_pal0_full,0.9872658106779995,0.591613924050633,2.3063063063063063,4.53359375,0.3404296875,13,0.2533564313555652,0.9625,5.088083520004417,0.9492088607594937,18.497109826589597,0.69234375,0.9244140625,0,0.003861003861003861,0.9625,3.527717408336917,0.7939082278481013,6.801275239107333,4.791875,0.744921875,8,0.006443298969072165,1.0,8.382990176365704,0.5983920049768233,3.0809990414314625,6.496897415953677,0.45059872152696495,5,0.0014355742296918769,1.0,4.610657206119163,0.7663043478260869,7.68,1.4965277777777777,0.6180555555555556,0,0.0,0.5590277777777778,5.295052279744615
16,1,row,col,True,0,False,True,tw16_th1_trow_icol_hi_pal0_full,0.9872658106779995,0.591613924050633,2.3063063063063063,4.53359375,0.3404296875,13,0.2533564313555652,0.9625,5.088083520004417,0.9492088607594937,18.497109826589597,0.69234375,0.9244140625,0,0.003861003861003861,0.9625,3.527717408336917,0.7939082278481013,6.801275239107333,4.791875,0.744921875,8,0.006443298969072165,1.0,8.382990176365704,0.5983920049768233,3.0809990414314625,6.496897415953677,0.45059872152696495,5,0.0014355742296918769,1.0,4.610657206119163,0.7663043478260869,7.68,1.4965277777777777,0.6180555555555556,0,0.0,0.5590277777777778,5.295052279744615
16,1,row,morton,True,0,False,True,tw16_th1_trow_imorton_hi_pal0_full,0.9872658106779995,0.591613924050633,2.3063063063063063,4.53359375,0.3404296875,13,0.2533564313555652,0.9625,5.088083520004417,0.9492088607594937,18.497109826589597,0.69234375,0.9244140625,0,0.003861003861003861,0.9625,3.527717408336917,0.7939082278481013,6.801275239107333,4.791875,0.744921875,8,0.006443298969072165,1.0,8.382990176365704,0.5983920049768233,3.0809990414314625,6.496897415953677,0.45059872152696495,5,0.0014355742296918769,1.0,4.610657206119163,0.7663043478260869,7.68,1.4965277777777777,0.6180555555555556,0,0.0,0.5590277777777778,5.295052279744615
16,1,row,bup,True,0,False,True,tw16_th1_trow_ibup_hi_pal0_full,0.9872658106779995,0.591613924050633,2.3063063063063063,4.53359375,0.3404296875,13,0.2533564313555652,0.9625,5.088083520004417,0.9492088607594937,18.497109826589597,0.69234375,0.9244140625,0,0.003861003861003861,0.9625,3.527717408336917,0.7939082278481013,6.801275239107333,4.791875,0.744921875,8,0.006443298969072165,1.0,8.382990176365704,0.5983920049768233,3.0809990414314625,6.496897415953677,0.45059872152696495,5,0.0014355742296918769,1.0,4.610657206119163,0.7663043478260869,7.68,1.4965277777777777,0.6180555555555556,0,0.0,0.5590277777777778,5.295052279744615
16,4,col,bup,False,32,True,True,tw16_th4_tcol_ibup_lo_pal32_pad64_full,0.8916028640834945,0.6630537974683545,2.862254025044723,3.69828125,0.8001953125,12,0.2529100529100529,0.9625,4.502083512580758,0.9464398734177215,17.066666666666666,0.66625,0.9013671875,0,0.16546762589928057,0.725,3.457133273639328,0.7736550632911392,4.776119402985074,4.4428125,0.5326171875,9,0.03997539975399754,0.938125,9.447636739342947,0.7901646067145183,5.091525125407022,3.3399187624232995,0.6284685333573422,3,0.022993253476524853,0.5614035087719298,3.100080404418788,0.8523550724637681,7.68,3.5086805555555554,0.7986111111111112,0,0.15254237288135594,0.7256944444444444,5.285023655788665
16,4,row,col,False,0,False,True,tw16_th4_trow_icol_lo_pal0_full,1.1040223213615354,0.6807753164556962,1.9674146941284967,8.4740625,0.8919921875,10,0.0887830229536596,1.0,3.3747799201496176,0.9401107594936708,11.208406304728546,0.75125,0.9216796875,0,0.18532818532818532,0.95,3.6687900922389796,0.8099683544303797,4.488078541374474,4.09375,0.6763671875,7,0.01804123711340206,1.0,8.356629330345912,0.6364439287537081,2.354892543145555,6.673269380347421,0.4175745025659494,2,0.02446901878181499,1.0,8.35591370981176,0.8451086956521738,3.972413793103448,5.395833333333333,0.6041666666666666,2,0.0,0.875,5.262230159014908
16,4,col,bup,False,32,True,False,tw16_th4_tcol_ibup_lo_pal32_pad64,0.8916028640834945,0.6630537974683545,2.862254025044723,3.69828125,0.8001953125,12,0.2529100529100529,0.9625,4.502083512580758,0.9464398734177215,17.066666666666666,0.66625,0.9013671875,0,0.16546762589928057,0.725,3.457133273639328,0.7736550632911392,4.776119402985074,4.4428125,0.5326171875,9,0.03997539975399754,0.938125,9.448669164939378,0.7903647598751977,5.096458773784355,3.3372742200328407,0.6283965067074818,3,0.02311460705168012,0.5614035087719298,2.8653445775209807,0.8596014492753623,7.890410958904109,3.4097222222222223,0.7986111111111112,0,0.13793103448275862,0.9184027777777778,5.261859800777814
16,4,col,morton,True,0,True,False,tw16_th4_tcol_imorton_hi_pal0_pad64,1.2982211544519364,0.6763449367088608,2.448355011476664,10.46484375,0.802734375,0,0.01784776902887139,1.0,3.5819135772835793,0.9549050632911392,17.77777777777778,0.6303125,0.92890625,0,0.10679611650485436,0.79,3.884419891889295,0.7797468354430379,4.450625869262865,4.61921875,0.5080078125,6,0.008928571428571428,1.0,9.530171891832332,0.8172277677554174,4.7845683096261995,3.2585083398150547,0.6262177005492032,6,0.025840321810867935,0.5614035087719298,3.439076063571055,0.884963768115942,6.9397590361445785,4.671875,0.78125,0,0.015873015873015872,0.9166666666666666,5.248063568247907
16,4,col,morton,True,0,True,True,tw16_th4_tcol_imorton_hi_pal0_pad64_full,1.2982211544519364,0.6763449367088608,2.448355011476664,10.46484375,0.802734375,0,0.01784776902887139,1.0,3.5819135772835793,0.9549050632911392,17.77777777777778,0.6303125,0.92890625,0,0.10679611650485436,0.79,3.884419891889295,0.7797468354430379,4.450625869262865,4.61921875,0.5080078125,6,0.008928571428571428,1.0,9.526921389948136,0.8173755538415727,4.7932891466445735,3.255742805289085,0.6267759070856217,6,0.026538987688098495,0.5614035087719298,3.439076063571055,0.884963768115942,6.9397590361445785,4.671875,0.78125,0,0.015873015873015872,0.9166666666666666,5.247088417682648
16,1,row,row,True,64,False,False,tw16_th1_trow_irow_hi_pal64,0.9935902566130557,0.5901107594936709,2.3071377072819033,4.5140625,0.341796875,13,0.2515125324114088,0.9625,5.114883798302133,0.9497626582278481,18.55072463768116,0.680625,0.9123046875,0,0.003861003861003861,0.9625,3.5752917345200057,0.789003164556962,6.324110671936759,4.92390625,0.744140625,7,0.005144694533762058,1.0,8.393203390317645,0.5967654387899899,3.0762482054554154,6.383061101028433,0.4511389214009183,5,0.0016100805040252012,1.0,3.6047038140875802,0.8351449275362319,9.290322580645162,4.291666666666667,0.71875,0,0.0,0.9583333333333334,5.217364257566852
16,1,row,col,True,64,False,False,tw16_th1_trow_icol_hi_pal64,0.9935902566130557,0.5901107594936709,2.3071377072819033,4.5140625,0.341796875,13,0.2515125324114088,0.9625,5.114883798302133,0.9497626582278481,18.55072463768116,0.680625,0.9123046875,0,0.003861003861003861,0.9625,3.5752917345200057,0.789003164556962,6.324110671936759,4.92390625,0.744140625,7,0.005144694533762058,1.0,8.393203390317645,0.5967654387899899,3.0762482054554154,6.383061101028433,0.4511389214009183,5,0.0016100805040252012,1.0,3.6047038140875802,0.8351449275362319,9.290322580645162,4.291666666666667,0.71875,0,0.0,0.9583333333333334,5.217364257566852
16,1,row,morton,True,64,False,False,tw16_th1_trow_imorton_hi_pal64,0.9935902566130557,0.5901107594936709,2.3071377072819033,4.5140625,0.341796875,13,0.2515125324114088,0.9625,5.114883798302133,0.9497626582278481,18.55072463768116,0.680625,0.9123046875,0,0.003861003861003861,0.9625,3.5752917345200057,0.789003164556962,6.324110671936759,4.92390625,0.744140625,7,0.005144694533762058,1.0,8.393203390317645,0.5967654387899899,3.0762482054554154,6.383061101028433,0.4511389214009183,5,0.0016100805040252012,1.0,3.6047038140875802,0.8351449275362319,9.290322580645162,4.291666666666667,0.71875,0,0.0,0.9583333333333334,5.217364257566852
16,1,row,bup,True,64,False,False,tw16_th1_trow_ibup_hi_pal64,0.9935902566130557,0.5901107594936709,2.3071377072819033,4.5140625,0.341796875,13,0.2515125324114088,0.9625,5.114883798302133,0.9497626582278481,18.55072463768116,0.680625,0.9123046875,0,0.003861003861003861,0.9625,3.5752917345200057,0.789003164556962,6.324110671936759,4.92390625,0.744140625,7,0.005144694533762058,1.0,8.393203390317645,0.5967654387899899,3.0762482054554154,6.383061101028433,0.4511389214009183,5,0.0016100805040252012,1.0,3.6047038140875802,0.8351449275362319,9.290322580645162,4.291666666666667,0.71875,0,0.0,0.9583333333333334,5.217364257566852
16,4,col,morton,False,32,True,True,tw16_th4_tcol_imorton_lo_pal32_pad64_full,0.8120923121197952,0.6643987341772152,2.376531748978834,10.4309375,0.8001953125,0,0.09470899470899471,0.9875,4.76405367142204,0.9514240506329115,16.20253164556962,0.72140625,0.9013671875,0,0.08992805755395683,0.79,7.9775771767229,0.7811708860759494,4.466154919748779,4.924375,0.5326171875,5,0.016605166051660517,1.0,5.027793038942943,0.8178476923068757,4.681203980904604,3.289309480598047,0.6286846133069236,9,0.02374214921664711,0.5614035087719298,3.256092133671726,0.8867753623188406,6.776470588235294,4.284722222222222,0.7986111111111112,0,0.05172413793103448,0.9166666666666666,5.211738530537324
16,4,col,morton,False,32,True,False,tw16_th4_tcol_imorton_lo_pal32_pad64,0.8120923121197952,0.6643987341772152,2.376531748978834,10.4309375,0.8001953125,0,0.09470899470899471,0.9875,4.76405367142204,0.9514240506329115,16.20253164556962,0.72140625,0.9013671875,0,0.08992805755395683,0.79,7.9775771767229,0.7811708860759494,4.466154919748779,4.924375,0.5326171875,5,0.016605166051660517,1.0,5.026703993361555,0.817647692352717,4.681203980904604,3.2938726125658975,0.6283965067074818,9,0.02373559649485959,0.5614035087719298,3.256092133671726,0.8867753623188406,6.776470588235294,4.284722222222222,0.7986111111111112,0,0.05172413793103448,0.9166666666666666,5.211411816862907
16,8,col,bup,True,32,False,True,tw16_th8_tcol_ibup_hi_pal32_full,0.35824964097363265,0.5924050632911393,2.3063063063063063,4.4484375,0.853515625,12,0.2528138528138528,0.9625,4.964918241626855,0.9479430379746836,18.285714285714285,0.61296875,0.9193359375,0,0.011583011583011582,1.0,3.4341566593710415,0.8078322784810126,6.2015503875969,3.76046875,0.693359375,11,0.004530744336569579,1.0,8.722561947204401,0.6205635016660425,2.9059721733889194,6.075862068965518,0.3189700189069956,4,0.001792950120127658,1.0,3.625297934175987,0.8079710144927537,7.890410958904109,5.274305555555555,0.7048611111111112,0,0.0,0.7638888888888888,5.191717823116262
16,8,col,bup,True,32,True,True,tw16_th8_tcol_ibup_hi_pal32_pad64_full,0.35824964097363265,0.5924050632911393,2.3063063063063063,4.4484375,0.853515625,12,0.2528138528138528,0.9625,4.964918241626855,0.9479430379746836,18.285714285714285,0.61296875,0.9193359375,0,0.011583011583011582,1.0,3.4341566593710415,0.8078322784810126,6.2015503875969,3.76046875,0.693359375,11,0.004530744336569579,1.0,8.722561947204401,0.6205635016660425,2.9059721733889194,6.075862068965518,0.3189700189069956,4,0.001792950120127658,1.0,3.625297934175987,0.8079710144927537,7.890410958904109,5.274305555555555,0.7048611111111112,0,0.0,0.7638888888888888,5.191717823116262
16,4,col,morton,False,64,True,False,tw16_th4_tcol_imorton_lo_pal64_pad64,0.7795758864499631,0.6633702531645569,2.3538065465244573,10.48859375,0.801953125,0,0.09868766404199475,0.9875,3.037920603544924,0.9529272151898733,16.623376623376622,0.62890625,0.9310546875,0,0.1796116504854369,0.79,3.88559095101379,0.7786392405063292,4.344874405974203,4.72875,0.51171875,6,0.010889292196007259,0.975,9.495971905309613,0.8129992330988236,4.616581551228854,3.2536168006222455,0.6258395606374358,6,0.0266185581047042,0.5614035087719298,4.798423813146251,0.901268115942029,7.48051948051948,3.842013888888889,0.8298611111111112,0,0.04081632653061224,0.25,5.191113028008772
16,4,col,morton,False,64,True,True,tw16_th4_tcol_imorton_lo_pal64_pad64_full,0.7795758864499631,0.6633702531645569,2.3538065465244573,10.48859375,0.801953125,0,0.09868766404199475,0.9875,3.037920603544924,0.9529272151898733,16.623376623376622,0.62890625,0.9310546875,0,0.1796116504854369,0.79,3.88559095101379,0.7786392405063292,4.344874405974203,4.72875,0.51171875,6,0.010889292196007259,0.975,9.49567469940974,0.8132598045176478,4.62248322147651,3.253979777028779,0.6258575672999009,6,0.026909189999318756,0.5614035087719298,4.798423813146251,0.901268115942029,7.48051948051948,3.842013888888889,0.8298611111111112,0,0.04081632653061224,0.25,5.19102386623881
16,4,row,col,False,64,False,True,tw16_th4_trow_icol_lo_pal64_full,1.0995821209416345,0.6800632911392406,1.9631901840490797,8.49921875,0.8890625,10,0.08902333621434745,1.0,3.2751893432388286,0.9401898734177214,11.24780316344464,0.7528125,0.9236328125,0,0.18532818532818532,1.0,3.4896216062505543,0.8037183544303798,4.315576534052596,4.2,0.68046875,8,0.017363344051446947,1.0,8.35778303290669,0.6366005320560879,2.3532641854789507,6.6531155474894135,0.4178446025029261,2,0.024850824850824852,1.0,8.343848452677783,0.8523550724637681,4.173913043478261,4.925347222222222,0.6770833333333334,2,0.03225806451612903,0.7916666666666666,5.188537171682356
16,4,row,col,False,32,False,True,tw16_th4_trow_icol_lo_pal32_full,1.1012491560822755,0.680617088607595,1.9656019656019657,8.48234375,0.8908203125,10,0.08917748917748917,1.0,3.3406024888313075,0.9398734177215189,11.149825783972126,0.75375,0.9236328125,0,0.18532818532818532,0.9625,3.4076727527974837,0.8066455696202532,4.401650618982118,4.15125,0.67265625,9,0.017475728155339806,1.0,8.355333341322961,0.6361142367654056,2.351638078205024,6.667202488981073,0.4179706491401819,2,0.024489509508104693,1.0,8.3056334843699,0.8451086956521738,4.027972027972028,5.220486111111111,0.6388888888888888,2,0.019230769230769232,0.8333333333333334,5.1798148461439455
16,1,row,row,True,0,False,False,tw16_th1_trow_irow_hi_pal0,0.9872658106779995,0.591613924050633,2.3063063063063063,4.53359375,0.3404296875,13,0.2533564313555652,0.9625,5.088083520004417,0.9492088607594937,18.497109826589597,0.69234375,0.9244140625,0,0.003861003861003861,0.9625,3.527717408336917,0.7939082278481013,6.801275239107333,4.791875,0.744921875,8,0.006443298969072165,1.0,8.392458982010124,0.5972438361035727,3.08165548098434,6.3960072595281305,0.45135500135049966,5,0.001714545645403968,1.0,3.38853350091932,0.8070652173913043,9.442622950819672,5.026041666666667,0.6736111111111112,0,0.010309278350515464,0.9583333333333334,5.1756805509179555
16,1,row,col,True,0,False,False,tw16_th1_trow_icol_hi_pal0,0.9872658106779995,0.591613924050633,2.3063063063063063,4.53359375,0.3404296875,13,0.2533564313555652,0.9625,5.088083520004417,0.9492088607594937,18.497109826589597,0.69234375,0.9244140625,0,0.003861003861003861,0.9625,3.527717408336917,0.7939082278481013,6.801275239107333,4.791875,0.744921875,8,0.006443298969072165,1.0,8.392458982010124,0.5972438361035727,3.08165548098434,6.3960072595281305,0.45135500135049966,5,0.001714545645403968,1.0,3.38853350091932,0.8070652173913043,9.442622950819672,5.026041666666667,0.6736111111111112,0,0.010309278350515464,0.9583333333333334,5.1756805509179555
16,1,row,morton,True,0,False,False,tw16_th1_trow_imorton_hi_pal0,0.9872658106779995,0.591613924050633,2.3063063063063063,4.53359375,0.3404296875,13,0.2533564313555652,0.9625,5.088083520004417,0.9492088607594937,18.497109826589597,0.69234375,0.9244140625,0,0.003861003861003861,0.9625,3.527717408336917,0.7939082278481013,6.801275239107333,4.791875,0.744921875,8,0.006443298969072165,1.0,8.392458982010124,0.5972438361035727,3.08165548098434,6.3960072595281305,0.45135500135049966,5,0.001714545645403968,1.0,3.38853350091932,0.8070652173913043,9.442622950819672,5.026041666666667,0.6736111111111112,0,0.010309278350515464,0.9583333333333334,5.1756805509179555
16,1,row,bup,True,0,False,False,tw16_th1_trow_ibup_hi_pal0,0.9872658106779995,0.591613924050633,2.3063063063063063,4.53359375,0.3404296875,13,0.2533564313555652,0.9625,5.088083520004417,0.9492088607594937,18.497109826589597,0.69234375,0.9244140625,0,0.003861003861003861,0.9625,3.527717408336917,0.7939082278481013,6.801275239107333,4.791875,0.744921875,8,0.006443298969072165,1.0,8.392458982010124,0.5972438361035727,3.08165548098434,6.3960072595281305,0.45135500135049966,5,0.001714545645403968,1.0,3.38853350091932,0.8070652173913043,9.442622950819672,5.026041666666667,0.6736111111111112,0,0.010309278350515464,0.9583333333333334,5.1756805509179555
16,8,col,bup,True,32,True,False,tw16_th8_tcol_ibup_hi_pal32_pad64,0.35824964097363265,0.5924050632911393,2.3063063063063063,4.4484375,0.853515625,12,0.2528138528138528,0.9625,4.964918241626855,0.9479430379746836,18.285714285714285,0.61296875,0.9193359375,0,0.011583011583011582,1.0,3.4341566593710415,0.8078322784810126,6.2015503875969,3.76046875,0.693359375,11,0.004530744336569579,1.0,8.725762184343338,0.6208587674253117,2.9107969410344134,6.066303690260133,0.31924011884397224,4,0.0017214173002438674,1.0,3.3784969579959627,0.8097826086956521,8.112676056338028,5.138888888888889,0.6979166666666666,0,0.0,0.9166666666666666,5.167997796639941
16,4,col,row,False,32,True,True,tw16_th4_tcol_irow_lo_pal32_pad64_full,0.9015759904648484,0.6636075949367088,2.862254025044723,3.67078125,0.8001953125,12,0.2523809523809524,0.9625,4.567891055628599,0.9466772151898735,17.066666666666666,0.64484375,0.9013671875,0,0.15827338129496402,0.7159375,8.094440261938642,0.7757911392405064,4.776119402985074,4.1184375,0.5326171875,5,0.03690036900369004,0.95,4.989481132911048,0.7945766785608006,5.096458773784355,3.3325900959294787,0.6283965067074818,9,0.019250672738563443,0.5614035087719298,3.0476196556265176,0.8605072463768115,7.68,3.2274305555555554,0.7986111111111112,0,0.15254237288135594,0.7916666666666666,5.1659385272406375
16,4,col,row,False,32,True,False,tw16_th4_tcol_irow_lo_pal32_pad64,0.9015759904648484,0.6636075949367088,2.862254025044723,3.67078125,0.8001953125,12,0.2523809523809524,0.9625,4.567891055628599,0.9466772151898735,17.066666666666666,0.64484375,0.9013671875,0,0.15827338129496402,0.7159375,8.094440261938642,0.7757911392405064,4.776119402985074,4.1184375,0.5326171875,5,0.03690036900369004,0.95,4.989481132911048,0.7945766785608006,5.096458773784355,3.3325900959294787,0.6283965067074818,9,0.019250672738563443,0.5614035087719298,3.002686063028227,0.8659420289855073,7.890410958904109,3.217013888888889,0.7986111111111112,0,0.13793103448275862,0.8784722222222222,5.161445167980808
16,4,col,bup,True,32,False,False,tw16_th4_tcol_ibup_hi_pal32,0.35904506555169124,0.5921677215189873,2.3063063063063063,4.43796875,0.853515625,12,0.2528138528138528,0.9625,4.9859378223230575,0.9480221518987342,18.285714285714285,0.63875,0.9193359375,0,0.011583011583011582,0.9875,3.43971147456706,0.8113132911392404,6.2015503875969,3.74078125,0.693359375,11,0.006472491909385114,1.0,8.697078208384655,0.6357077753419147,2.8825170644213043,6.554126696050471,0.3210948050778788,5,0.0019943318988138972,1.0,3.2702542043727743,0.806159420289855,8.112676056338028,5.263888888888889,0.6909722222222222,0,0.0,0.9583333333333334,5.1555413053882395
16,8,col,bup,True,32,False,False,tw16_th8_tcol_ibup_hi_pal32,0.35824964097363265,0.5924050632911393,2.3063063063063063,4.4484375,0.853515625,12,0.2528138528138528,0.9625,4.964918241626855,0.9479430379746836,18.285714285714285,0.61296875,0.9193359375,0,0.011583011583011582,1.0,3.4341566593710415,0.8078322784810126,6.2015503875969,3.76046875,0.693359375,11,0.004530744336569579,1.0,8.668302408118437,0.6151529159712659,2.8825170644213043,6.224647826462708,0.3210948050778788,4,0.0022392498512998145,1.0,3.3580787816674613,0.8070652173913043,8.112676056338028,5.258680555555555,0.6909722222222222,0,0.0,0.9166666666666666,5.148718046139622
16,32,row,col,True,64,False,True,tw16_th32_trow_icol_hi_pal64_full,3.4600822200495314,0.8119462025316455,7.407407407407407,4.541875,0.8439453125,10,0.0011815675462780622,0.9375,4.560492287597667,0.9542721518987343,12.379110251450676,0.6778125,0.9185546875,0,0.0037313432835820895,0.9875,2.7772889616180887,0.8240506329113924,4.0201005025125625,3.77046875,0.6509765625,16,0.004840940525587829,1.0,8.447673257822643,0.6200248824278682,1.8154005459851266,6.454550168524761,0.3952282344467453,4,0.002518156271668917,1.0,4.197154516176255,0.806159420289855,2.909090909090909,1.4756944444444444,0.84375,0,0.0,0.4791666666666667,5.138647131364477
16,32,row,col,True,64,True,True,tw16_th32_trow_icol_hi_pal64_pad64_full,3.4600822200495314,0.8119462025316455,7.407407407407407,4.541875,0.8439453125,10,0.0011815675462780622,0.9375,4.560492287597667,0.9542721518987343,12.379110251450676,0.6778125,0.9185546875,0,0.0037313432835820895,0.9875,2.7772889616180887,0.8240506329113924,4.0201005025125625,3.77046875,0.6509765625,16,0.004840940525587829,1.0,8.447673257822643,0.6200248824278682,1.8154005459851266,6.454550168524761,0.3952282344467453,4,0.002518156271668917,1.0,4.197154516176255,0.806159420289855,2.909090909090909,1.4756944444444444,0.84375,0,0.0,0.4791666666666667,5.138647131364477
16,4,row,row,False,32,True,False,tw16_th4_trow_irow_lo_pal32_pad64,1.3905483735241657,0.6623417721518987,2.8495102404274264,3.72609375,0.896484375,9,0.2523809523809524,0.818125,4.358120539025716,0.9465981012658228,17.2972972972973,0.66125,0.9111328125,0,0.16546762589928057,0.8,8.044307120429446,0.7718354430379747,5.047318611987381,4.398125,0.677734375,5,0.03567035670356704,0.85,4.697238316238174,0.7844427530203278,5.220628045479155,3.513940022469968,0.7059872152696498,10,0.02182458994171072,0.5517241379310345,3.865605131462046,0.8722826086956521,8.0,3.029513888888889,0.7986111111111112,0,0.10344827586206896,0.5833333333333334,5.1316070693579325
16,4,col,bup,True,64,False,False,tw16_th4_tcol_ibup_hi_pal64,0.3669430750409024,0.591376582278481,2.3071377072819033,4.41859375,0.8552734375,12,0.2510803802938634,0.9625,4.983272259954914,0.9477056962025316,18.285714285714285,0.63484375,0.920703125,0,0.011583011583011582,0.9875,3.2910072298949617,0.8102056962025317,6.037735849056604,3.8025,0.69375,12,0.006430868167202572,1.0,8.698594650158032,0.6359258310464546,2.8809381535703613,6.550704347074583,0.3210948050778788,6,0.001960098004900245,1.0,3.351084015161824,0.8206521739130435,8.112676056338028,4.876736111111111,0.71875,0,0.0,0.9583333333333334,5.125354909927831
16,4,col,bup,True,0,False,False,tw16_th4_tcol_ibup_hi_pal0,0.35838045764110804,0.5924050632911393,2.3063063063063063,4.44546875,0.8533203125,12,0.2529233434387181,0.9625,4.959579699960188,0.9479430379746836,18.285714285714285,0.645,0.9193359375,0,0.011583011583011582,1.0,3.367897857009519,0.8130537974683545,6.406406406406407,3.63734375,0.6888671875,12,0.006443298969072165,1.0,8.69636600965939,0.6354642638310866,2.884816753926702,6.563564082620344,0.32069865850364637,5,0.0018195178277756394,1.0,3.1972494740990216,0.7934782608695652,8.112676056338028,5.647569444444445,0.6631944444444444,0,0.0,0.9583333333333334,5.122449351731133
16,32,row,col,True,32,False,True,tw16_th32_trow_icol_hi_pal32_full,3.4587088913564887,0.8117088607594937,7.390300230946882,4.5428125,0.8431640625,10,0.0011838989739542227,0.9375,4.556088383900831,0.9550632911392405,12.573673870333987,0.6725,0.9181640625,0,0.0037735849056603774,1.0,2.7731603837310494,0.8227056962025316,3.936039360393604,3.710625,0.6521484375,16,0.004834254143646409,1.0,8.440860780978475,0.6194696963774885,1.8144326663739572,6.478454757583614,0.39558836769604755,4,0.0025159525979945307,1.0,3.9192651086217856,0.7844202898550725,2.6422018348623855,1.4982638888888888,0.8472222222222222,0,0.0,0.5590277777777778,5.106486136048529
16,32,row,col,True,32,True,True,tw16_th32_trow_icol_hi_pal32_pad64_full,3.4587088913564887,0.8117088607594937,7.390300230946882,4.5428125,0.8431640625,10,0.0011838989739542227,0.9375,4.556088383900831,0.9550632911392405,12.573673870333987,0.6725,0.9181640625,0,0.0037735849056603774,1.0,2.7731603837310494,0.8227056962025316,3.936039360393604,3.710625,0.6521484375,16,0.004834254143646409,1.0,8.440860780978475,0.6194696963774885,1.8144326663739572,6.478454757583614,0.39558836769604755,4,0.0025159525979945307,1.0,3.9192651086217856,0.7844202898550725,2.6422018348623855,1.4982638888888888,0.8472222222222222,0,0.0,0.5590277777777778,5.106486136048529
16,32,col,bup,True,64,False,True,tw16_th32_tcol_ibup_hi_pal64_full,0.2376500855120427,0.5887658227848102,2.3063063063063063,4.4540625,0.8552734375,13,0.24989191526156507,0.9625,4.870052723270506,0.9446993670886077,17.250673854447438,0.63390625,0.916796875,0,0.01090909090909091,1.0,2.9797245977972695,0.8014240506329113,5.442176870748299,3.686875,0.6228515625,15,0.005121638924455826,1.0,8.713204056605058,0.6324017631947367,2.9933257450331126,6.32852821709446,0.33170072926982985,3,0.002256835251026675,1.0,4.263052717721285,0.8722826086956521,9.442622950819672,3.3506944444444446,0.8020833333333334,0,0.0,0.7256944444444444,5.100220599072231
16,32,col,bup,True,64,True,True,tw16_th32_tcol_ibup_hi_pal64_pad64_full,0.2376500855120427,0.5887658227848102,2.3063063063063063,4.4540625,0.8552734375,13,0.24989191526156507,0.9625,4.870052723270506,0.9446993670886077,17.250673854447438,0.63390625,0.916796875,0,0.01090909090909091,1.0,2.9797245977972695,0.8014240506329113,5.442176870748299,3.686875,0.6228515625,15,0.005121638924455826,1.0,8.713204056605058,0.6324017631947367,2.9933257450331126,6.32852821709446,0.33170072926982985,3,0.002256835251026675,1.0,4.263052717721285,0.8722826086956521,9.442622950819672,3.3506944444444446,0.8020833333333334,0,0.0,0.7256944444444444,5.100220599072231
16,2,col,morton,True,64,False,False,tw16_th2_tcol_imorton_hi_pal64,5.551436067902808,0.7098892405063291,2.1702271956595456,4.991875,0.8552734375,5,0.263180639585134,0.9875,4.395801494895476,0.9468354430379746,14.814814814814815,0.724375,0.920703125,0,0.05405405405405406,1.0,2.1705812687042276,0.7943037974683544,5.47008547008547,3.6365625,0.69375,20,0.01929260450160772,1.0,8.559405672680217,0.6333336285876323,2.6615908359019183,6.925036729755423,0.32127487170252994,2,0.009940497024851242,1.0,3.7702370169082124,0.8641304347826086,7.111111111111111,5.237847222222222,0.71875,0,0.0,0.7638888888888888,5.096219807463034
16,2,col,morton,True,64,False,True,tw16_th2_tcol_imorton_hi_pal64_full,5.551436067902808,0.7098892405063291,2.1702271956595456,4.991875,0.8552734375,5,0.263180639585134,0.9875,4.395801494895476,0.9468354430379746,14.814814814814815,0.724375,0.920703125,0,0.05405405405405406,1.0,2.1705812687042276,0.7943037974683544,5.47008547008547,3.6365625,0.69375,20,0.01929260450160772,1.0,8.538077734794886,0.6324682234596484,2.641418983700863,6.952017975974419,0.32799135680201674,5,0.010209451636669824,1.0,3.830892025836296,0.8795289855072463,7.890410958904109,4.529513888888889,0.7361111111111112,0,0.02631578947368421,0.7638888888888888,5.095886926990243
16,2,col,morton,True,32,False,True,tw16_th2_tcol_imorton_hi_pal32_full,5.552962790673513,0.7102848101265823,2.1709633649932156,4.97640625,0.853515625,5,0.26406926406926406,0.9875,4.399296434900751,0.9470727848101266,14.814814814814815,0.72140625,0.9193359375,0,0.05405405405405406,1.0,2.192196999680529,0.7988924050632911,5.555555555555555,3.65875,0.693359375,20,0.019417475728155338,1.0,8.539060345510372,0.6326153584180902,2.6454046639231823,6.954697087546452,0.32725308364094713,5,0.010309278350515464,1.0,3.7169589085316304,0.8677536231884058,7.578947368421052,5.059027777777778,0.7118055555555556,0,0.011764705882352941,0.8020833333333334,5.091439310751287
16,2,col,morton,True,32,False,False,tw16_th2_tcol_imorton_hi_pal32,5.552962790673513,0.7102848101265823,2.1709633649932156,4.97640625,0.853515625,5,0.26406926406926406,0.9875,4.399296434900751,0.9470727848101266,14.814814814814815,0.72140625,0.9193359375,0,0.05405405405405406,1.0,2.192196999680529,0.7988924050632911,5.555555555555555,3.65875,0.693359375,20,0.019417475728155338,1.0,8.562564397100429,0.6338375966123939,2.6633061731805,6.923152709359606,0.32111281174034395,3,0.009866694657289808,1.0,3.606312447859069,0.8568840579710144,6.9397590361445785,5.690972222222222,0.6979166666666666,0,0.0,0.8020833333333334,5.0874258801610495
16,32,row,col,True,0,False,True,tw16_th32_trow_icol_hi_pal0_full,3.4568305924226967,0.8118670886075949,7.407407407407407,4.5434375,0.844140625,10,0.0015785319652722968,0.9375,4.609673712772915,0.9553006329113924,12.6232741617357,0.6709375,0.9193359375,0,0.0037735849056603774,0.975,2.6540681411298364,0.8238132911392405,3.8929440389294405,3.61953125,0.6568359375,17,0.006181318681318681,1.0,8.44071083014708,0.6199297698292787,1.8161413862380713,6.487010630023335,0.39677680741874494,4,0.0023366192040890836,1.0,3.8285878783880705,0.7663043478260869,2.4201680672268906,1.4965277777777777,0.8472222222222222,0,0.0,0.5590277777777778,5.080191366291462
16,32,row,col,True,0,True,True,tw16_th32_trow_icol_hi_pal0_pad64_full,3.4568305924226967,0.8118670886075949,7.407407407407407,4.5434375,0.844140625,10,0.0015785319652722968,0.9375,4.609673712772915,0.9553006329113924,12.6232741617357,0.6709375,0.9193359375,0,0.0037735849056603774,0.975,2.6540681411298364,0.8238132911392405,3.8929440389294405,3.61953125,0.6568359375,17,0.006181318681318681,1.0,8.44071083014708,0.6199297698292787,1.8161413862380713,6.487010630023335,0.39677680741874494,4,0.0023366192040890836,1.0,3.8285878783880705,0.7663043478260869,2.4201680672268906,1.4965277777777777,0.8472222222222222,0,0.0,0.5590277777777778,5.080191366291462
16,2,col,morton,True,0,False,True,tw16_th2_tcol_imorton_hi_pal0_full,5.551927832256938,0.7102848101265823,2.171700033932813,4.980625,0.8533203125,5,0.26418362927674316,0.9875,4.3991883125378815,0.946993670886076,14.814814814814815,0.72015625,0.9193359375,0,0.05405405405405406,1.0,2.103902310972536,0.8015822784810127,5.633802816901408,3.61578125,0.6888671875,21,0.019329896907216496,1.0,8.536566930263962,0.6323196330392589,2.6454046639231823,6.9735718606861985,0.32620869721797063,5,0.010264494657558241,1.0,3.6782569986374334,0.8577898550724639,7.384615384615385,5.597222222222222,0.6875,0,0.0,0.8020833333333334,5.063753567636196
16,4,row,row,False,32,True,True,tw16_th4_trow_irow_lo_pal32_pad64_full,1.3905483735241657,0.6623417721518987,2.8495102404274264,3.72609375,0.896484375,9,0.2523809523809524,0.818125,4.358120539025716,0.9465981012658228,17.2972972972973,0.66125,0.9111328125,0,0.16546762589928057,0.8,8.044307120429446,0.7718354430379747,5.047318611987381,4.398125,0.677734375,5,0.03567035670356704,0.85,4.697299074492623,0.784112639714093,5.2131014597224725,3.514493129375162,0.7054470153956964,10,0.021609538002980627,0.5517241379310345,3.1294416081100866,0.8940217391304348,8.727272727272727,2.388888888888889,0.84375,0,0.17391304347826086,0.8333333333333334,5.058008944499071
16,2,col,morton,True,0,False,False,tw16_th2_tcol_imorton_hi_pal0,5.551927832256938,0.7102848101265823,2.171700033932813,4.980625,0.8533203125,5,0.26418362927674316,0.9875,4.3991883125378815,0.946993670886076,14.814814814814815,0.72015625,0.9193359375,0,0.05405405405405406,1.0,2.103902310972536,0.8015822784810127,5.633802816901408,3.61578125,0.6888671875,21,0.019329896907216496,1.0,8.55643135618224,0.6334389372611335,2.6613459680758083,6.936980381989456,0.3209507517781579,4,0.010252283144966583,1.0,3.528129292175807,0.8496376811594203,6.776470588235294,6.123263888888889,0.6736111111111112,0,0.0,0.8020833333333334,5.054700124765516
16,4,col,morton,False,0,True,False,tw16_th4_tcol_imorton_lo_pal0_pad64,0.7866019582256043,0.6638449367088608,2.3538065465244573,10.46484375,0.802734375,0,0.09763779527559055,0.9875,3.037003617219754,0.9528481012658228,16.580310880829014,0.6303125,0.92890625,0,0.1796116504854369,0.79,3.856208050305006,0.7774525316455696,4.350781781101292,4.61921875,0.5080078125,6,0.010714285714285714,1.0,9.497334027386405,0.8132076672529047,4.627659574468085,3.2585083398150547,0.6262177005492032,6,0.02645394422854026,0.5614035087719298,3.21114119279646,0.8822463768115942,6.620689655172414,4.671875,0.78125,0,0.047619047619047616,0.9166666666666666,5.025477517710053
16,4,col,morton,False,0,True,True,tw16_th4_tcol_imorton_lo_pal0_pad64_full,0.7866019582256043,0.6638449367088608,2.3538065465244573,10.46484375,0.802734375,0,0.09763779527559055,0.9875,3.037003617219754,0.9528481012658228,16.580310880829014,0.6303125,0.92890625,0,0.1796116504854369,0.79,3.856208050305006,0.7774525316455696,4.350781781101292,4.61921875,0.5080078125,6,0.010714285714285714,1.0,9.494825745557153,0.8133814453681711,4.634331944889459,3.255742805289085,0.6267759070856217,6,0.027017783857729138,0.5614035087719298,3.21114119279646,0.8822463768115942,6.620689655172414,4.671875,0.78125,0,0.047619047619047616,0.9166666666666666,5.024725033161277
16,16,col,bup,True,64,False,True,tw16_th16_tcol_ibup_hi_pal64_full,0.24219327282571212,0.5916930379746835,2.3071377072819033,4.4546875,0.8552734375,13,0.2510803802938634,0.9625,4.988714968288248,0.9477056962025316,18.285714285714285,0.6021875,0.920703125,0,0.011583011583011582,0.9875,2.6333747289113365,0.813370253164557,6.037735849056604,3.62,0.69375,18,0.003215434083601286,1.0,8.695994298173206,0.6300067124964068,2.997513082223719,6.370754472387866,0.33292518231745744,3,0.0021075205205945426,1.0,4.002924098848013,0.845108695652174,8.861538461538462,4.3125,0.7638888888888888,0,0.0,0.7256944444444444,5.010209482434711
16,16,col,bup,True,64,True,True,tw16_th16_tcol_ibup_hi_pal64_pad64_full,0.24219327282571212,0.5916930379746835,2.3071377072819033,4.4546875,0.8552734375,13,0.2510803802938634,0.9625,4.988714968288248,0.9477056962025316,18.285714285714285,0.6021875,0.920703125,0,0.011583011583011582,0.9875,2.6333747289113365,0.813370253164557,6.037735849056604,3.62,0.69375,18,0.003215434083601286,1.0,8.695994298173206,0.6300067124964068,2.997513082223719,6.370754472387866,0.33292518231745744,3,0.0021075205205945426,1.0,4.002924098848013,0.845108695652174,8.861538461538462,4.3125,0.7638888888888888,0,0.0,0.7256944444444444,5.010209482434711
16,4,row,bup,False,32,True,False,tw16_th4_trow_ibup_lo_pal32_pad64,1.2585588310035714,0.6605221518987342,2.8495102404274264,3.7353125,0.896484375,10,0.2529100529100529,0.818125,4.357778041662847,0.9465189873417721,17.2972972972973,0.66140625,0.9111328125,0,0.16546762589928057,0.8,8.01643048025086,0.7706487341772152,5.047318611987381,4.4040625,0.677734375,5,0.03936039360393604,0.85,4.387751211867889,0.7837900796702861,5.220628045479155,3.511278195488722,0.7059872152696498,13,0.023044598075098278,0.5517241379310345,3.6834015284024657,0.8641304347826086,8.0,3.4270833333333335,0.7986111111111112,0,0.10344827586206896,0.625,5.0026444385784625
16,32,col,row,True,0,False,True,tw16_th32_tcol_irow_hi_pal0_full,0.4767701544552583,0.5909810126582279,2.307969707897584,4.42390625,0.857421875,11,0.2518390307226309,0.9625,4.8824378909958,0.9474683544303797,17.877094972067038,0.601875,0.921875,0,0.019011406844106463,1.0,2.6776510730224827,0.7963607594936708,5.465414175918019,3.59140625,0.60078125,18,0.004750593824228029,0.9875,8.709130234724624,0.6312355002694745,2.995030284205622,6.321890934232132,0.3331592689295039,2,0.002001705156244208,1.0,3.7125427737520122,0.806159420289855,8.0,5.282986111111111,0.6979166666666666,0,0.0,0.7256944444444444,4.987758090793762
16,32,col,row,True,0,True,True,tw16_th32_tcol_irow_hi_pal0_pad64_full,0.4767701544552583,0.5909810126582279,2.307969707897584,4.42390625,0.857421875,11,0.2518390307226309,0.9625,4.8824378909958,0.9474683544303797,17.877094972067038,0.601875,0.921875,0,0.019011406844106463,1.0,2.6776510730224827,0.7963607594936708,5.465414175918019,3.59140625,0.60078125,18,0.004750593824228029,0.9875,8.709130234724624,0.6312355002694745,2.995030284205622,6.321890934232132,0.3331592689295039,2,0.002001705156244208,1.0,3.7125427737520122,0.806159420289855,8.0,5.282986111111111,0.6979166666666666,0,0.0,0.7256944444444444,4.987758090793762
16,16,col,row,True,32,False,True,tw16_th16_tcol_irow_hi_pal32_full,0.2435695514824272,0.5921677215189873,2.3063063063063063,4.42640625,0.853515625,13,0.2523809523809524,0.9625,4.99253658287158,0.9477056962025316,18.285714285714285,0.5915625,0.9193359375,0,0.011583011583011582,0.9875,2.543121255890029,0.8136867088607594,6.2015503875969,3.4871875,0.693359375,19,0.004530744336569579,1.0,8.712608048615717,0.6319822903757208,2.9967367657722987,6.334560539279233,0.33213288916899253,2,0.0018482921780275025,1.0,3.8533313204508866,0.822463768115942,8.347826086956522,4.784722222222222,0.7222222222222222,0,0.0,0.7256944444444444,4.977872148826417
16,16,col,row,True,32,True,True,tw16_th16_tcol_irow_hi_pal32_pad64_full,0.2435695514824272,0.5921677215189873,2.3063063063063063,4.42640625,0.853515625,13,0.2523809523809524,0.9625,4.99253658287158,0.9477056962025316,18.285714285714285,0.5915625,0.9193359375,0,0.011583011583011582,0.9875,2.543121255890029,0.8136867088607594,6.2015503875969,3.4871875,0.693359375,19,0.004530744336569579,1.0,8.712608048615717,0.6319822903757208,2.9967367657722987,6.334560539279233,0.33213288916899253,2,0.0018482921780275025,1.0,3.8533313204508866,0.822463768115942,8.347826086956522,4.784722222222222,0.7222222222222222,0,0.0,0.7256944444444444,4.977872148826417
16,32,col,bup,True,64,True,False,tw16_th32_tcol_ibup_hi_pal64_pad64,0.12362556449237894,0.5916930379746835,2.3071377072819033,4.44609375,0.8552734375,14,0.2510803802938634,0.9625,5.01351685383677,0.9473892405063291,18.285714285714285,0.59578125,0.920703125,0,0.011583011583011582,0.975,2.7406494460769384,0.8106012658227848,6.037735849056604,3.58359375,0.69375,17,0.0045016077170418,1.0,8.668362285916979,0.6219012446087591,2.918137798849995,6.413551119177254,0.3210948050778788,5,0.0019755747126436784,1.0,3.464962839638476,0.8233695652173914,8.112676056338028,4.758680555555555,0.71875,0,0.0,0.9166666666666666,4.972978252875896
16,4,row,bup,False,32,True,True,tw16_th4_trow_ibup_lo_pal32_pad64_full,1.2585588310035714,0.6605221518987342,2.8495102404274264,3.7353125,0.896484375,10,0.2529100529100529,0.818125,4.357778041662847,0.9465189873417721,17.2972972972973,0.66140625,0.9111328125,0,0.16546762589928057,0.8,8.01643048025086,0.7706487341772152,5.047318611987381,4.4040625,0.677734375,5,0.03936039360393604,0.85,4.3861903601486985,0.783477370986719,5.2131014597224725,3.5098090052718,0.7054470153956964,13,0.023167592467145372,0.5517241379310345,3.36331338749817,0.8840579710144928,8.727272727272727,2.829861111111111,0.84375,0,0.17391304347826086,0.6597222222222222,4.970167368972276
16,16,col,bup,True,32,False,True,tw16_th16_tcol_ibup_hi_pal32_full,0.004657038296773219,0.5925632911392404,2.3063063063063063,4.429375,0.853515625,15,0.2523809523809524,0.9625,4.9906836688420455,0.9476265822784811,18.285714285714285,0.60078125,0.9193359375,0,0.011583011583011582,0.9875,2.5584604568393967,0.8126582278481013,6.2015503875969,3.67046875,0.693359375,19,0.004530744336569579,0.975,8.698335731754263,0.6300335471613824,2.996581550732895,6.365534525970098,0.3324029891059692,5,0.001997780244173141,1.0,3.88777899142749,0.8306159420289856,8.470588235294118,4.678819444444445,0.7395833333333334,0,0.0,0.7256944444444444,4.961428654409945
16,16,col,bup,True,32,True,True,tw16_th16_tcol_ibup_hi_pal32_pad64_full,0.004657038296773219,0.5925632911392404,2.3063063063063063,4.429375,0.853515625,15,0.2523809523809524,0.9625,4.9906836688420455,0.9476265822784811,18.285714285714285,0.60078125,0.9193359375,0,0.011583011583011582,0.9875,2.5584604568393967,0.8126582278481013,6.2015503875969,3.67046875,0.693359375,19,0.004530744336569579,0.975,8.698335731754263,0.6300335471613824,2.996581550732895,6.365534525970098,0.3324029891059692,5,0.001997780244173141,1.0,3.88777899142749,0.8306159420289856,8.470588235294118,4.678819444444445,0.7395833333333334,0,0.0,0.7256944444444444,4.961428654409945
16,16,col,row,True,64,False,True,tw16_th16_tcol_irow_hi_pal64_full,0.24384016101136652,0.5912974683544304,2.3071377072819033,4.4353125,0.8552734375,13,0.2510803802938634,0.9625,4.989991009954913,0.9477056962025316,18.285714285714285,0.59453125,0.920703125,0,0.011583011583011582,0.9875,2.4003135415410743,0.812737341772152,6.037735849056604,3.516875,0.69375,20,0.0045016077170418,1.0,8.717995419738704,0.6329733197237688,3.001556420233463,6.315806758274998,0.33382551544071304,3,0.0017758046614872365,1.0,3.9938613947445476,0.838768115942029,8.727272727272727,4.303819444444445,0.7465277777777778,0,0.0,0.7256944444444444,4.955771161665933
16,16,col,row,True,64,True,True,tw16_th16_tcol_irow_hi_pal64_pad64_full,0.24384016101136652,0.5912974683544304,2.3071377072819033,4.4353125,0.8552734375,13,0.2510803802938634,0.9625,4.989991009954913,0.9477056962025316,18.285714285714285,0.59453125,0.920703125,0,0.011583011583011582,0.9875,2.4003135415410743,0.812737341772152,6.037735849056604,3.516875,0.69375,20,0.0045016077170418,1.0,8.717995419738704,0.6329733197237688,3.001556420233463,6.315806758274998,0.33382551544071304,3,0.0017758046614872365,1.0,3.9938613947445476,0.838768115942029,8.727272727272727,4.303819444444445,0.7465277777777778,0,0.0,0.7256944444444444,4.955771161665933
16,32,col,bup,True,64,False,False,tw16_th32_tcol_ibup_hi_pal64,0.12362556449237894,0.5916930379746835,2.3071377072819033,4.44609375,0.8552734375,14,0.2510803802938634,0.9625,5.01351685383677,0.9473892405063291,18.285714285714285,0.59578125,0.920703125,0,0.011583011583011582,0.975,2.7406494460769384,0.8106012658227848,6.037735849056604,3.58359375,0.69375,17,0.0045016077170418,1.0,8.599071942205065,0.6132215007763349,2.8809381535703613,6.60167660530637,0.3210948050778788,5,0.0019950997549877496,1.0,3.464962839638476,0.8233695652173914,8.112676056338028,4.758680555555555,0.71875,0,0.0,0.9166666666666666,4.952191149762322
16,16,row,morton,True,0,False,True,tw16_th16_trow_imorton_hi_pal0_full,0.9203585670212586,0.6103639240506329,2.0440753752794634,12.54703125,0.8669921875,0,0.015158077089649198,1.0,4.176714992090088,0.9450158227848101,14.883720930232558,0.79453125,0.9189453125,0,0.0888030888030888,1.0,3.6670519461116324,0.7953322784810126,4.945904173106646,4.63359375,0.6142578125,7,0.015463917525773196,1.0,8.375592256029273,0.6323641778351807,2.53227994922747,6.992118226600986,0.39337354821283876,4,0.018245737387941642,1.0,3.256010125643278,0.838768115942029,5.538461538461538,6.737847222222222,0.6944444444444444,0,0.011363636363636364,0.7638888888888888,4.951286778667257
16,16,row,morton,True,0,True,True,tw16_th16_trow_imorton_hi_pal0_pad64_full,0.9203585670212586,0.6103639240506329,2.0440753752794634,12.54703125,0.8669921875,0,0.015158077089649198,1.0,4.176714992090088,0.9450158227848101,14.883720930232558,0.79453125,0.9189453125,0,0.0888030888030888,1.0,3.6670519461116324,0.7953322784810126,4.945904173106646,4.63359375,0.6142578125,7,0.015463917525773196,1.0,8.375592256029273,0.6323641778351807,2.53227994922747,6.992118226600986,0.39337354821283876,4,0.018245737387941642,1.0,3.256010125643278,0.838768115942029,5.538461538461538,6.737847222222222,0.6944444444444444,0,0.011363636363636364,0.7638888888888888,4.951286778667257
16,16,row,morton,True,0,True,False,tw16_th16_trow_imorton_hi_pal0_pad64,0.9203585670212586,0.6103639240506329,2.0440753752794634,12.54703125,0.8669921875,0,0.015158077089649198,1.0,4.176714992090088,0.9450158227848101,14.883720930232558,0.79453125,0.9189453125,0,0.0888030888030888,1.0,3.6670519461116324,0.7953322784810126,4.945904173106646,4.63359375,0.6142578125,7,0.015463917525773196,1.0,8.380274381487048,0.632911504210091,2.5340545749200647,6.982853685938985,0.3938417214369317,4,0.017995220019682272,1.0,3.173621039517779,0.8269927536231885,5.1891891891891895,7.465277777777778,0.6631944444444444,0,0.0,0.7638888888888888,4.94445250769204
16,8,col,row,True,32,False,True,tw16_th8_tcol_irow_hi_pal32_full,0.2435695514824272,0.5921677215189873,2.3063063063063063,4.42640625,0.853515625,13,0.2523809523809524,0.9625,4.99253658287158,0.9477056962025316,18.285714285714285,0.5915625,0.9193359375,0,0.011583011583011582,0.9875,2.543121255890029,0.8136867088607594,6.2015503875969,3.4871875,0.693359375,19,0.004530744336569579,1.0,8.665490435467895,0.6210588822843608,2.908601880247348,6.425857747817821,0.3190240388943909,6,0.0019360390076007456,1.0,3.654975369763748,0.8106884057971014,7.890410958904109,5.161458333333333,0.7048611111111112,0,0.0,0.7638888888888888,4.943901269813356
16,8,col,row,True,32,True,True,tw16_th8_tcol_irow_hi_pal32_pad64_full,0.2435695514824272,0.5921677215189873,2.3063063063063063,4.42640625,0.853515625,13,0.2523809523809524,0.9625,4.99253658287158,0.9477056962025316,18.285714285714285,0.5915625,0.9193359375,0,0.011583011583011582,0.9875,2.543121255890029,0.8136867088607594,6.2015503875969,3.4871875,0.693359375,19,0.004530744336569579,1.0,8.665490435467895,0.6210588822843608,2.908601880247348,6.425857747817821,0.3190240388943909,6,0.0019360390076007456,1.0,3.654975369763748,0.8106884057971014,7.890410958904109,5.161458333333333,0.7048611111111112,0,0.0,0.7638888888888888,4.943901269813356
16,16,col,bup,True,64,True,False,tw16_th16_tcol_ibup_hi_pal64_pad64,0.24219327282571212,0.5916930379746835,2.3071377072819033,4.4546875,0.8552734375,13,0.2510803802938634,0.9625,4.988714968288248,0.9477056962025316,18.285714285714285,0.6021875,0.920703125,0,0.011583011583011582,0.9875,2.6333747289113365,0.813370253164557,6.037735849056604,3.62,0.69375,18,0.003215434083601286,1.0,8.656652600411133,0.6207871572498701,2.918873921598305,6.447740039754559,0.32087872512829746,6,0.002299015733888929,1.0,3.4332599410877505,0.8206521739130435,8.112676056338028,4.883680555555555,0.71875,0,0.0,0.9166666666666666,4.941440557330064
16,16,col,bup,True,0,False,True,tw16_th16_tcol_ibup_hi_pal0_full,0.2428318991717262,0.5924841772151899,2.3063063063063063,4.43625,0.8533203125,13,0.25249025552187093,0.9625,4.991997619263985,0.9478639240506329,18.285714285714285,0.59859375,0.9193359375,0,0.011583011583011582,0.9875,2.422460256417931,0.8154272151898734,6.406406406406407,3.53734375,0.6888671875,20,0.008376288659793814,1.0,8.69460092565849,0.6292947699371265,2.9953404090085427,6.357324345346124,0.3327091023678761,4,0.0022620239552045094,1.0,3.835751646357584,0.8215579710144927,8.597014925373134,4.961805555555555,0.7256944444444444,0,0.0,0.7256944444444444,4.939141041944342
16,16,col,bup,True,0,True,True,tw16_th16_tcol_ibup_hi_pal0_pad64_full,0.2428318991717262,0.5924841772151899,2.3063063063063063,4.43625,0.8533203125,13,0.25249025552187093,0.9625,4.991997619263985,0.9478639240506329,18.285714285714285,0.59859375,0.9193359375,0,0.011583011583011582,0.9875,2.422460256417931,0.8154272151898734,6.406406406406407,3.53734375,0.6888671875,20,0.008376288659793814,1.0,8.69460092565849,0.6292947699371265,2.9953404090085427,6.357324345346124,0.3327091023678761,4,0.0022620239552045094,1.0,3.835751646357584,0.8215579710144927,8.597014925373134,4.961805555555555,0.7256944444444444,0,0.0,0.7256944444444444,4.939141041944342
16,16,row,morton,True,64,False,True,tw16_th16_trow_imorton_hi_pal64_full,0.9195109128361327,0.6088607594936709,2.041467304625199,12.59734375,0.8669921875,0,0.014261019878997408,1.0,4.186556817473651,0.9451740506329114,14.988290398126464,0.7915625,0.9189453125,0,0.0888030888030888,1.0,3.4909229461985305,0.7886867088607594,4.808414725770097,4.6596875,0.6158203125,8,0.017363344051446947,1.0,8.37884179712446,0.6318334134470738,2.5308398950131235,6.97896465301184,0.39261726838930405,5,0.017884750527055515,1.0,3.5504428341384866,0.8596014492753623,6.0,5.579861111111111,0.7534722222222222,0,0.0,0.7638888888888888,4.938402434132844
16,16,row,morton,True,64,True,True,tw16_th16_trow_imorton_hi_pal64_pad64_full,0.9195109128361327,0.6088607594936709,2.041467304625199,12.59734375,0.8669921875,0,0.014261019878997408,1.0,4.186556817473651,0.9451740506329114,14.988290398126464,0.7915625,0.9189453125,0,0.0888030888030888,1.0,3.4909229461985305,0.7886867088607594,4.808414725770097,4.6596875,0.6158203125,8,0.017363344051446947,1.0,8.37884179712446,0.6318334134470738,2.5308398950131235,6.97896465301184,0.39261726838930405,5,0.017884750527055515,1.0,3.5504428341384866,0.8596014492753623,6.0,5.579861111111111,0.7534722222222222,0,0.0,0.7638888888888888,4.938402434132844
16,16,col,row,True,0,False,True,tw16_th16_tcol_irow_hi_pal0_full,0.2425856570831182,0.5922468354430379,2.3063063063063063,4.43203125,0.8533203125,13,0.25249025552187093,0.9625,4.994010738989724,0.9480221518987342,18.285714285714285,0.5903125,0.9193359375,0,0.011583011583011582,0.9875,2.447241704202741,0.8157436708860759,6.406406406406407,3.39625,0.6888671875,20,0.008376288659793814,1.0,8.709130234724624,0.6312355002694745,2.995030284205622,6.321890934232132,0.3331592689295039,2,0.002001705156244208,1.0,3.7125427737520122,0.806159420289855,8.0,5.282986111111111,0.6979166666666666,0,0.0,0.7256944444444444,4.938125835589279
16,16,col,row,True,0,True,True,tw16_th16_tcol_irow_hi_pal0_pad64_full,0.2425856570831182,0.5922468354430379,2.3063063063063063,4.43203125,0.8533203125,13,0.25249025552187093,0.9625,4.994010738989724,0.9480221518987342,18.285714285714285,0.5903125,0.9193359375,0,0.011583011583011582,0.9875,2.447241704202741,0.8157436708860759,6.406406406406407,3.39625,0.6888671875,20,0.008376288659793814,1.0,8.709130234724624,0.6312355002694745,2.995030284205622,6.321890934232132,0.3331592689295039,2,0.002001705156244208,1.0,3.7125427737520122,0.806159420289855,8.0,5.282986111111111,0.6979166666666666,0,0.0,0.7256944444444444,4.938125835589279
16,4,col,row,False,64,True,False,tw16_th4_tcol_irow_lo_pal64_pad64,1.110560603955947,0.6615506329113925,2.824360105913504,3.63640625,0.801953125,10,0.25616797900262467,0.9625,2.525574481647802,0.9504746835443039,17.344173441734416,0.509375,0.9310546875,0,0.2766990291262136,0.79,3.8024023868977763,0.774367088607595,4.651162790697675,3.83359375,0.51171875,8,0.019358741681790685,0.95,9.445867681992823,0.7883106540031706,4.969933854479856,3.40553106905194,0.6258395606374358,5,0.01919803934917285,0.5614035087719298,3.69815392689034,0.8867753623188406,8.861538461538462,2.779513888888889,0.8298611111111112,0,0.14285714285714285,0.6111111111111112,4.937694531425207
16,4,col,row,False,64,True,True,tw16_th4_tcol_irow_lo_pal64_pad64_full,1.110560603955947,0.6615506329113925,2.824360105913504,3.63640625,0.801953125,10,0.25616797900262467,0.9625,2.525574481647802,0.9504746835443039,17.344173441734416,0.509375,0.9310546875,0,0.2766990291262136,0.79,3.8024023868977763,0.774367088607595,4.651162790697675,3.83359375,0.51171875,8,0.019358741681790685,0.95,9.445867681992823,0.7883106540031706,4.969933854479856,3.40553106905194,0.6258395606374358,5,0.01919803934917285,0.5614035087719298,3.69815392689034,0.8867753623188406,8.861538461538462,2.779513888888889,0.8298611111111112,0,0.14285714285714285,0.6111111111111112,4.937694531425207
16,4,col,row,False,0,True,True,tw16_th4_tcol_irow_lo_pal0_pad64_full,1.2300330922504104,0.6619462025316456,2.8268551236749118,3.64328125,0.802734375,9,0.25616797900262467,0.9625,2.5118196194378863,0.9510284810126582,17.344173441734416,0.50453125,0.92890625,0,0.2766990291262136,0.8,3.9403138385519623,0.7750791139240507,4.651162790697675,3.7878125,0.5080078125,7,0.01904761904761905,0.95,9.447896153836744,0.7884230946211676,4.983204134366925,3.405617492005877,0.6262177005492032,5,0.019022294947842095,0.5614035087719298,3.241217157595983,0.8586956521739131,8.112676056338028,3.5121527777777777,0.7881944444444444,0,0.12903225806451613,0.7638888888888888,4.934447908368015
16,4,col,row,True,32,False,True,tw16_th4_tcol_irow_hi_pal32_full,0.2435695514824272,0.5921677215189873,2.3063063063063063,4.42640625,0.853515625,13,0.2523809523809524,0.9625,4.99253658287158,0.9477056962025316,18.285714285714285,0.5915625,0.9193359375,0,0.011583011583011582,0.9875,2.543121255890029,0.8136867088607594,6.2015503875969,3.4871875,0.693359375,19,0.004530744336569579,1.0,8.620241646975426,0.6166596493254739,2.8965154701111446,6.500596318382162,0.3279013234896912,2,0.002081422422916814,1.0,3.654975369763748,0.8106884057971014,7.890410958904109,5.161458333333333,0.7048611111111112,0,0.0,0.7638888888888888,4.930326633265615
16,4,row,morton,True,0,False,True,tw16_th4_trow_imorton_hi_pal0_full,0.8805346381662851,0.6098101265822785,2.042770507500798,12.57140625,0.8919921875,0,0.015158077089649198,1.0,4.314561477139941,0.9462816455696202,15.274463007159904,0.76859375,0.9216796875,0,0.0888030888030888,0.95,3.795420742602369,0.8051424050632912,5.2631578947368425,4.51125,0.6763671875,6,0.01288659793814433,1.0,8.367829695858221,0.6346831910515232,2.5899811979586356,6.984461152882205,0.4174664625911587,2,0.0160763803573309,1.0,2.4027766887182445,0.7844202898550725,4.298507462686567,8.821180555555555,0.6041666666666666,0,0.0,0.9583333333333334,4.929664725815594
16,1,col,row,True,32,False,True,tw16_th1_tcol_irow_hi_pal32_full,0.2435695514824272,0.5921677215189873,2.3063063063063063,4.42640625,0.853515625,13,0.2523809523809524,0.9625,4.99253658287158,0.9477056962025316,18.285714285714285,0.5915625,0.9193359375,0,0.011583011583011582,0.9875,2.543121255890029,0.8136867088607594,6.2015503875969,3.4871875,0.693359375,19,0.004530744336569579,1.0,8.605092880437383,0.6139607376201531,2.8833790181908796,6.594244231267825,0.3200144053299721,2,0.001994890281034543,1.0,3.654975369763748,0.8106884057971014,7.890410958904109,5.161458333333333,0.7048611111111112,0,0.0,0.7638888888888888,4.925782003304202
16,1,col,col,True,32,False,True,tw16_th1_tcol_icol_hi_pal32_full,0.2435695514824272,0.5921677215189873,2.3063063063063063,4.42640625,0.853515625,13,0.2523809523809524,0.9625,4.99253658287158,0.9477056962025316,18.285714285714285,0.5915625,0.9193359375,0,0.011583011583011582,0.9875,2.543121255890029,0.8136867088607594,6.2015503875969,3.4871875,0.693359375,19,0.004530744336569579,1.0,8.605092880437383,0.6139607376201531,2.8833790181908796,6.594244231267825,0.3200144053299721,2,0.001994890281034543,1.0,3.654975369763748,0.8106884057971014,7.890410958904109,5.161458333333333,0.7048611111111112,0,0.0,0.7638888888888888,4.925782003304202
16,1,col,morton,True,32,False,True,tw16_th1_tcol_imorton_hi_pal32_full,0.2435695514824272,0.5921677215189873,2.3063063063063063,4.42640625,0.853515625,13,0.2523809523809524,0.9625,4.99253658287158,0.9477056962025316,18.285714285714285,0.5915625,0.9193359375,0,0.011583011583011582,0.9875,2.543121255890029,0.8136867088607594,6.2015503875969,3.4871875,0.693359375,19,0.004530744336569579,1.0,8.605092880437383,0.6139607376201531,2.8833790181908796,6.594244231267825,0.3200144053299721,2,0.001994890281034543,1.0,3.654975369763748,0.8106884057971014,7.890410958904109,5.161458333333333,0.7048611111111112,0,0.0,0.7638888888888888,4.925782003304202
16,1,col,bup,True,32,False,True,tw16_th1_tcol_ibup_hi_pal32_full,0.2435695514824272,0.5921677215189873,2.3063063063063063,4.42640625,0.853515625,13,0.2523809523809524,0.9625,4.99253658287158,0.9477056962025316,18.285714285714285,0.5915625,0.9193359375,0,0.011583011583011582,0.9875,2.543121255890029,0.8136867088607594,6.2015503875969,3.4871875,0.693359375,19,0.004530744336569579,1.0,8.605092880437383,0.6139607376201531,2.8833790181908796,6.594244231267825,0.3200144053299721,2,0.001994890281034543,1.0,3.654975369763748,0.8106884057971014,7.890410958904109,5.161458333333333,0.7048611111111112,0,0.0,0.7638888888888888,4.925782003304202
16,8,col,row,True,64,False,True,tw16_th8_tcol_irow_hi_pal64_full,0.24384016101136652,0.5912974683544304,2.3071377072819033,4.4353125,0.8552734375,13,0.2510803802938634,0.9625,4.989991009954913,0.9477056962025316,18.285714285714285,0.59453125,0.920703125,0,0.011583011583011582,0.9875,2.4003135415410743,0.812737341772152,6.037735849056604,3.516875,0.69375,20,0.0045016077170418,1.0,8.672988815527528,0.6224232683839018,2.9165196350254576,6.394589923083571,0.32127487170252994,6,0.002011711032079606,1.0,3.82073520531401,0.8233695652173914,8.0,4.796875,0.7256944444444444,0,0.0,0.7256944444444444,4.924956561459526
16,8,col,row,True,64,True,True,tw16_th8_tcol_irow_hi_pal64_pad64_full,0.24384016101136652,0.5912974683544304,2.3071377072819033,4.4353125,0.8552734375,13,0.2510803802938634,0.9625,4.989991009954913,0.9477056962025316,18.285714285714285,0.59453125,0.920703125,0,0.011583011583011582,0.9875,2.4003135415410743,0.812737341772152,6.037735849056604,3.516875,0.69375,20,0.0045016077170418,1.0,8.672988815527528,0.6224232683839018,2.9165196350254576,6.394589923083571,0.32127487170252994,6,0.002011711032079606,1.0,3.82073520531401,0.8233695652173914,8.0,4.796875,0.7256944444444444,0,0.0,0.7256944444444444,4.924956561459526
16,2,col,row,True,32,False,True,tw16_th2_tcol_irow_hi_pal32_full,0.2435695514824272,0.5921677215189873,2.3063063063063063,4.42640625,0.853515625,13,0.2523809523809524,0.9625,4.99253658287158,0.9477056962025316,18.285714285714285,0.5915625,0.9193359375,0,0.011583011583011582,0.9875,2.543121255890029,0.8136867088607594,6.2015503875969,3.4871875,0.693359375,19,0.004530744336569579,1.0,8.597761466473996,0.6142903913068256,2.8789311305732483,6.57523118140178,0.32651481047987757,2,0.002277824502382955,1.0,3.654975369763748,0.8106884057971014,7.890410958904109,5.161458333333333,0.7048611111111112,0,0.0,0.7638888888888888,4.923582579115186
16,8,col,row,True,32,True,False,tw16_th8_tcol_irow_hi_pal32_pad64,0.2435695514824272,0.5921677215189873,2.3063063063063063,4.42640625,0.853515625,13,0.2523809523809524,0.9625,4.99253658287158,0.9477056962025316,18.285714285714285,0.5915625,0.9193359375,0,0.011583011583011582,0.9875,2.543121255890029,0.8136867088607594,6.2015503875969,3.4871875,0.693359375,19,0.004530744336569579,1.0,8.666349924401192,0.621067622897325,2.9107969410344134,6.422625529340593,0.31924011884397224,6,0.0018648687419308564,1.0,3.416854949139281,0.8125,8.112676056338028,4.973958333333333,0.6979166666666666,0,0.0,0.9166666666666666,4.920347074430898
16,16,col,row,True,32,True,False,tw16_th16_tcol_irow_hi_pal32_pad64,0.2435695514824272,0.5921677215189873,2.3063063063063063,4.42640625,0.853515625,13,0.2523809523809524,0.9625,4.99253658287158,0.9477056962025316,18.285714285714285,0.5915625,0.9193359375,0,0.011583011583011582,0.9875,2.543121255890029,0.8136867088607594,6.2015503875969,3.4871875,0.693359375,19,0.004530744336569579,1.0,8.667115813698283,0.6213197984178567,2.9112363508277563,6.422677383112955,0.3189880255694607,6,0.0019730233892954513,1.0,3.3906497357737413,0.8097826086956521,8.112676056338028,5.128472222222222,0.6909722222222222,0,0.0,0.9166666666666666,4.917956319883471
16,32,col,row,True,32,True,False,tw16_th32_tcol_irow_hi_pal32_pad64,0.2435695514824272,0.5921677215189873,2.3063063063063063,4.42640625,0.853515625,13,0.2523809523809524,0.9625,4.99253658287158,0.9477056962025316,18.285714285714285,0.5915625,0.9193359375,0,0.011583011583011582,0.9875,2.543121255890029,0.8136867088607594,6.2015503875969,3.4871875,0.693359375,19,0.004530744336569579,1.0,8.666614386439601,0.6210849126151021,2.908601880247348,6.424630541871921,0.3184838390204376,6,0.0019352064220183487,1.0,3.3906497357737413,0.8097826086956521,8.112676056338028,5.128472222222222,0.6909722222222222,0,0.0,0.9166666666666666,4.917805891705867
16,16,row,morton,True,64,False,False,tw16_th16_trow_imorton_hi_pal64,0.9195109128361327,0.6088607594936709,2.041467304625199,12.59734375,0.8669921875,0,0.014261019878997408,1.0,4.186556817473651,0.9451740506329114,14.988290398126464,0.7915625,0.9189453125,0,0.0888030888030888,1.0,3.4909229461985305,0.7886867088607594,4.808414725770097,4.6596875,0.6158203125,8,0.017363344051446947,1.0,8.385568544681341,0.6322521202334858,2.522453784443669,6.967245700458042,0.39204105519042043,5,0.017395869793489675,1.0,3.309702093397746,0.838768115942029,5.333333333333333,6.503472222222222,0.71875,0,0.0,0.7638888888888888,4.916346384325835
16,16,row,morton,True,64,True,False,tw16_th16_trow_imorton_hi_pal64_pad64,0.9195109128361327,0.6088607594936709,2.041467304625199,12.59734375,0.8669921875,0,0.014261019878997408,1.0,4.186556817473651,0.9451740506329114,14.988290398126464,0.7915625,0.9189453125,0,0.0888030888030888,1.0,3.4909229461985305,0.7886867088607594,4.808414725770097,4.6596875,0.6158203125,8,0.017363344051446947,1.0,8.383530672905529,0.6323896719430993,2.53106133519993,6.9663123325555265,0.3936256414873503,5,0.01757654585720814,1.0,3.309702093397746,0.838768115942029,5.333333333333333,6.503472222222222,0.71875,0,0.0,0.7638888888888888,4.915735022793092
16,8,row,col,False,32,False,False,tw16_th8_trow_icol_lo_pal32,0.6619296023209831,0.5789556962025316,1.661905998441963,10.70375,0.87890625,0,0.029004329004329005,1.0,2.77926085146635,0.9393987341772152,10.738255033557047,0.724375,0.9193359375,0,0.26640926640926643,0.9875,3.364922161069872,0.8030854430379747,4.183006535947713,4.20375,0.67109375,9,0.018122977346278317,1.0,8.19287283325975,0.6187742811224329,2.065291114839539,6.733696309739867,0.43867831097506077,6,0.02900528323011791,1.0,8.048209785361689,0.8125,3.310344827586207,5.133680555555555,0.6909722222222222,1,0.033707865168539325,0.7916666666666666,4.91312477995919
16,8,col,row,True,0,False,True,tw16_th8_tcol_irow_hi_pal0_full,0.2425856570831182,0.5922468354430379,2.3063063063063063,4.43203125,0.8533203125,13,0.25249025552187093,0.9625,4.994010738989724,0.9480221518987342,18.285714285714285,0.5903125,0.9193359375,0,0.011583011583011582,0.9875,2.447241704202741,0.8157436708860759,6.406406406406407,3.39625,0.6888671875,20,0.008376288659793814,1.0,8.658292069618918,0.620371667800395,2.9061181434599157,6.458750324086077,0.3186278923201585,6,0.0018284812849562598,1.0,3.5880596088941834,0.7998188405797102,7.890410958904109,5.458333333333333,0.6875,0,0.0,0.7638888888888888,4.910426069571784
16,8,col,row,True,0,True,True,tw16_th8_tcol_irow_hi_pal0_pad64_full,0.2425856570831182,0.5922468354430379,2.3063063063063063,4.43203125,0.8533203125,13,0.25249025552187093,0.9625,4.994010738989724,0.9480221518987342,18.285714285714285,0.5903125,0.9193359375,0,0.011583011583011582,0.9875,2.447241704202741,0.8157436708860759,6.406406406406407,3.39625,0.6888671875,20,0.008376288659793814,1.0,8.658292069618918,0.620371667800395,2.9061181434599157,6.458750324086077,0.3186278923201585,6,0.0018284812849562598,1.0,3.5880596088941834,0.7998188405797102,7.890410958904109,5.458333333333333,0.6875,0,0.0,0.7638888888888888,4.910426069571784
16,4,col,row,True,64,False,True,tw16_th4_tcol_irow_hi_pal64_full,0.24384016101136652,0.5912974683544304,2.3071377072819033,4.4353125,0.8552734375,13,0.2510803802938634,0.9625,4.989991009954913,0.9477056962025316,18.285714285714285,0.59453125,0.920703125,0,0.011583011583011582,0.9875,2.4003135415410743,0.812737341772152,6.037735849056604,3.516875,0.69375,20,0.0045016077170418,1.0,8.623340092160594,0.6174591129192859,2.9049507933319942,6.48066718520439,0.33018816962276043,2,0.0021970233876683204,1.0,3.82073520531401,0.8233695652173914,8.0,4.796875,0.7256944444444444,0,0.0,0.7256944444444444,4.9100619444494455
16,8,row,col,False,0,False,False,tw16_th8_trow_icol_lo_pal0,0.6537795459074118,0.579746835443038,1.6627695505326059,10.67703125,0.88125,0,0.030316154179298397,1.0,2.811790905292767,0.939636075949367,10.774410774410775,0.71703125,0.9177734375,0,0.26640926640926643,0.975,3.2696618983901438,0.8056962025316456,4.221635883905013,4.13109375,0.66953125,10,0.018685567010309278,1.0,8.190165404440673,0.6185053904085769,2.0638176434915994,6.744585601935874,0.4386062843252003,6,0.028972322334581337,1.0,8.148847832312367,0.8079710144927537,3.2,5.458333333333333,0.6631944444444444,2,0.010309278350515464,0.7916666666666666,4.905414497193588
16,1,col,row,True,64,False,True,tw16_th1_tcol_irow_hi_pal64_full,0.24384016101136652,0.5912974683544304,2.3071377072819033,4.4353125,0.8552734375,13,0.2510803802938634,0.9625,4.989991009954913,0.9477056962025316,18.285714285714285,0.59453125,0.920703125,0,0.011583011583011582,0.9875,2.4003135415410743,0.812737341772152,6.037735849056604,3.516875,0.69375,20,0.0045016077170418,1.0,8.604043493537494,0.613838981864739,2.882660687593423,6.595056607034828,0.32039254524173943,2,0.0019615398087498687,1.0,3.82073520531401,0.8233695652173914,8.0,4.796875,0.7256944444444444,0,0.0,0.7256944444444444,4.904272964862516
16,1,col,col,True,64,False,True,tw16_th1_tcol_icol_hi_pal64_full,0.24384016101136652,0.5912974683544304,2.3071377072819033,4.4353125,0.8552734375,13,0.2510803802938634,0.9625,4.989991009954913,0.9477056962025316,18.285714285714285,0.59453125,0.920703125,0,0.011583011583011582,0.9875,2.4003135415410743,0.812737341772152,6.037735849056604,3.516875,0.69375,20,0.0045016077170418,1.0,8.604043493537494,0.613838981864739,2.882660687593423,6.595056607034828,0.32039254524173943,2,0.0019615398087498687,1.0,3.82073520531401,0.8233695652173914,8.0,4.796875,0.7256944444444444,0,0.0,0.7256944444444444,4.904272964862516
16,1,col,morton,True,64,False,True,tw16_th1_tcol_imorton_hi_pal64_full,0.24384016101136652,0.5912974683544304,2.3071377072819033,4.4353125,0.8552734375,13,0.2510803802938634,0.9625,4.989991009954913,0.9477056962025316,18.285714285714285,0.59453125,0.920703125,0,0.011583011583011582,0.9875,2.4003135415410743,0.812737341772152,6.037735849056604,3.516875,0.69375,20,0.0045016077170418,1.0,8.604043493537494,0.613838981864739,2.882660687593423,6.595056607034828,0.32039254524173943,2,0.0019615398087498687,1.0,3.82073520531401,0.8233695652173914,8.0,4.796875,0.7256944444444444,0,0.0,0.7256944444444444,4.904272964862516
16,1,col,bup,True,64,False,True,tw16_th1_tcol_ibup_hi_pal64_full,0.24384016101136652,0.5912974683544304,2.3071377072819033,4.4353125,0.8552734375,13,0.2510803802938634,0.9625,4.989991009954913,0.9477056962025316,18.285714285714285,0.59453125,0.920703125,0,0.011583011583011582,0.9875,2.4003135415410743,0.812737341772152,6.037735849056604,3.516875,0.69375,20,0.0045016077170418,1.0,8.604043493537494,0.613838981864739,2.882660687593423,6.595056607034828,0.32039254524173943,2,0.0019615398087498687,1.0,3.82073520531401,0.8233695652173914,8.0,4.796875,0.7256944444444444,0,0.0,0.7256944444444444,4.904272964862516
16,8,row,morton,True,32,True,False,tw16_th8_trow_imorton_hi_pal32_pad64,0.8983471638216471,0.6099683544303798,2.0440753752794634,12.56984375,0.87890625,0,0.015584415584415584,1.0,4.18404613816243,0.945253164556962,14.953271028037383,0.7875,0.9193359375,0,0.0888030888030888,1.0,3.5288590655908365,0.788132911392405,4.786836200448766,4.7196875,0.67109375,7,0.01488673139158576,1.0,8.301475218227182,0.6307947359662948,2.536054004295796,7.011874513870884,0.4393085441613397,3,0.01757216512924836,1.0,3.3562948625922884,0.8405797101449275,5.433962264150943,6.348958333333333,0.7152777777777778,0,0.0,0.7638888888888888,4.903295177808964
16,4,row,col,True,0,False,False,tw16_th4_trow_icol_hi_pal0,1.095094679936402,0.6791930379746836,1.9674146941284967,8.4740625,0.8919921875,10,0.08921611087050671,1.0,3.803160742201326,0.9429588607594936,11.208406304728546,0.75125,0.9216796875,0,0.11583011583011583,0.95,3.619659856039057,0.8189873417721519,4.488078541374474,4.09375,0.6763671875,8,0.012242268041237113,1.0,8.495536106634901,0.6470176583423171,2.3511602389563944,6.63467288911935,0.41957324209957686,4,0.008887644774134854,1.0,3.3676301606141372,0.8650362318840579,4.9655172413793105,5.769097222222222,0.6631944444444444,0,0.0,0.875,4.902964777989296
16,8,row,morton,True,32,False,True,tw16_th8_trow_imorton_hi_pal32_full,0.8983471638216471,0.6099683544303798,2.0440753752794634,12.56984375,0.87890625,0,0.015584415584415584,1.0,4.18404613816243,0.945253164556962,14.953271028037383,0.7875,0.9193359375,0,0.0888030888030888,1.0,3.5288590655908365,0.788132911392405,4.786836200448766,4.7196875,0.67109375,7,0.01488673139158576,1.0,8.299157606804496,0.6306656950598641,2.5353871773522063,7.011010284331518,0.4397947240478977,2,0.01776560634786883,1.0,3.3562948625922884,0.8405797101449275,5.433962264150943,6.348958333333333,0.7152777777777778,0,0.0,0.7638888888888888,4.902599894382158
16,8,row,morton,True,32,True,True,tw16_th8_trow_imorton_hi_pal32_pad64_full,0.8983471638216471,0.6099683544303798,2.0440753752794634,12.56984375,0.87890625,0,0.015584415584415584,1.0,4.18404613816243,0.945253164556962,14.953271028037383,0.7875,0.9193359375,0,0.0888030888030888,1.0,3.5288590655908365,0.788132911392405,4.786836200448766,4.7196875,0.67109375,7,0.01488673139158576,1.0,8.299157606804496,0.6306656950598641,2.5353871773522063,7.011010284331518,0.4397947240478977,2,0.01776560634786883,1.0,3.3562948625922884,0.8405797101449275,5.433962264150943,6.348958333333333,0.7152777777777778,0,0.0,0.7638888888888888,4.902599894382158
16,2,col,row,True,64,False,True,tw16_th2_tcol_irow_hi_pal64_full,0.24384016101136652,0.5912974683544304,2.3071377072819033,4.4353125,0.8552734375,13,0.2510803802938634,0.9625,4.989991009954913,0.9477056962025316,18.285714285714285,0.59453125,0.920703125,0,0.011583011583011582,0.9875,2.4003135415410743,0.812737341772152,6.037735849056604,3.516875,0.69375,20,0.0045016077170418,1.0,8.596480271330655,0.6139857721085092,2.8786446412578366,6.563425805894045,0.32784730350229585,2,0.002279102384291725,1.0,3.82073520531401,0.8233695652173914,8.0,4.796875,0.7256944444444444,0,0.0,0.7256944444444444,4.902003998200464
16,4,col,row,False,0,True,False,tw16_th4_tcol_irow_lo_pal0_pad64,1.2300330922504104,0.6619462025316456,2.8268551236749118,3.64328125,0.802734375,9,0.25616797900262467,0.9625,2.5118196194378863,0.9510284810126582,17.344173441734416,0.50453125,0.92890625,0,0.2766990291262136,0.8,3.9403138385519623,0.7750791139240507,4.651162790697675,3.7878125,0.5080078125,7,0.01904761904761905,0.95,9.447896153836744,0.7884230946211676,4.983204134366925,3.405617492005877,0.6262177005492032,5,0.019022294947842095,0.5614035087719298,2.8920354111716158,0.855072463768116,7.890410958904109,3.5989583333333335,0.78125,0,0.14285714285714285,0.8784722222222222,4.899529733725578
16,1,col,row,True,32,False,False,tw16_th1_tcol_irow_hi_pal32,0.2435695514824272,0.5921677215189873,2.3063063063063063,4.42640625,0.853515625,13,0.2523809523809524,0.9625,4.99253658287158,0.9477056962025316,18.285714285714285,0.5915625,0.9193359375,0,0.011583011583011582,0.9875,2.543121255890029,0.8136867088607594,6.2015503875969,3.4871875,0.693359375,19,0.004530744336569579,1.0,8.605128746607607,0.6141521501678685,2.8825170644213043,6.58848846253565,0.3210948050778788,4,0.0019943318988138972,1.0,3.3906497357737413,0.8097826086956521,8.112676056338028,5.128472222222222,0.6909722222222222,0,0.0,0.9166666666666666,4.899360199756268
16,1,col,col,True,32,False,False,tw16_th1_tcol_icol_hi_pal32,0.2435695514824272,0.5921677215189873,2.3063063063063063,4.42640625,0.853515625,13,0.2523809523809524,0.9625,4.99253658287158,0.9477056962025316,18.285714285714285,0.5915625,0.9193359375,0,0.011583011583011582,0.9875,2.543121255890029,0.8136867088607594,6.2015503875969,3.4871875,0.693359375,19,0.004530744336569579,1.0,8.605128746607607,0.6141521501678685,2.8825170644213043,6.58848846253565,0.3210948050778788,4,0.0019943318988138972,1.0,3.3906497357737413,0.8097826086956521,8.112676056338028,5.128472222222222,0.6909722222222222,0,0.0,0.9166666666666666,4.899360199756268
16,1,col,morton,True,32,False,False,tw16_th1_tcol_imorton_hi_pal32,0.2435695514824272,0.5921677215189873,2.3063063063063063,4.42640625,0.853515625,13,0.2523809523809524,0.9625,4.99253658287158,0.9477056962025316,18.285714285714285,0.5915625,0.9193359375,0,0.011583011583011582,0.9875,2.543121255890029,0.8136867088607594,6.2015503875969,3.4871875,0.693359375,19,0.004530744336569579,1.0,8.605128746607607,0.6141521501678685,2.8825170644213043,6.58848846253565,0.3210948050778788,4,0.0019943318988138972,1.0,3.3906497357737413,0.8097826086956521,8.112676056338028,5.128472222222222,0.6909722222222222,0,0.0,0.9166666666666666,4.899360199756268
16,1,col,bup,True,32,False,False,tw16_th1_tcol_ibup_hi_pal32,0.2435695514824272,0.5921677215189873,2.3063063063063063,4.42640625,0.853515625,13,0.2523809523809524,0.9625,4.99253658287158,0.9477056962025316,18.285714285714285,0.5915625,0.9193359375,0,0.011583011583011582,0.9875,2.543121255890029,0.8136867088607594,6.2015503875969,3.4871875,0.693359375,19,0.004530744336569579,1.0,8.605128746607607,0.6141521501678685,2.8825170644213043,6.58848846253565,0.3210948050778788,4,0.0019943318988138972,1.0,3.3906497357737413,0.8097826086956521,8.112676056338028,5.128472222222222,0.6909722222222222,0,0.0,0.9166666666666666,4.899360199756268
16,2,col,row,True,32,False,False,tw16_th2_tcol_irow_hi_pal32,0.2435695514824272,0.5921677215189873,2.3063063063063063,4.42640625,0.853515625,13,0.2523809523809524,0.9625,4.99253658287158,0.9477056962025316,18.285714285714285,0.5915625,0.9193359375,0,0.011583011583011582,0.9875,2.543121255890029,0.8136867088607594,6.2015503875969,3.4871875,0.693359375,19,0.004530744336569579,1.0,8.605128746607607,0.6141521501678685,2.8825170644213043,6.58848846253565,0.3210948050778788,4,0.0019943318988138972,1.0,3.3906497357737413,0.8097826086956521,8.112676056338028,5.128472222222222,0.6909722222222222,0,0.0,0.9166666666666666,4.899360199756268
16,4,col,row,True,32,False,False,tw16_th4_tcol_irow_hi_pal32,0.2435695514824272,0.5921677215189873,2.3063063063063063,4.42640625,0.853515625,13,0.2523809523809524,0.9625,4.99253658287158,0.9477056962025316,18.285714285714285,0.5915625,0.9193359375,0,0.011583011583011582,0.9875,2.543121255890029,0.8136867088607594,6.2015503875969,3.4871875,0.693359375,19,0.004530744336569579,1.0,8.605128746607607,0.6141521501678685,2.8825170644213043,6.58848846253565,0.3210948050778788,4,0.0019943318988138972,1.0,3.3906497357737413,0.8097826086956521,8.112676056338028,5.128472222222222,0.6909722222222222,0,0.0,0.9166666666666666,4.899360199756268
16,8,col,row,True,32,False,False,tw16_th8_tcol_irow_hi_pal32,0.2435695514824272,0.5921677215189873,2.3063063063063063,4.42640625,0.853515625,13,0.2523809523809524,0.9625,4.99253658287158,0.9477056962025316,18.285714285714285,0.5915625,0.9193359375,0,0.011583011583011582,0.9875,2.543121255890029,0.8136867088607594,6.2015503875969,3.4871875,0.693359375,19,0.004530744336569579,1.0,8.605128746607607,0.6141521501678685,2.8825170644213043,6.58848846253565,0.3210948050778788,4,0.0019943318988138972,1.0,3.3906497357737413,0.8097826086956521,8.112676056338028,5.128472222222222,0.6909722222222222,0,0.0,0.9166666666666666,4.899360199756268
16,16,col,row,True,32,False,False,tw16_th16_tcol_irow_hi_pal32,0.2435695514824272,0.5921677215189873,2.3063063063063063,4.42640625,0.853515625,13,0.2523809523809524,0.9625,4.99253658287158,0.9477056962025316,18.285714285714285,0.5915625,0.9193359375,0,0.011583011583011582,0.9875,2.543121255890029,0.8136867088607594,6.2015503875969,3.4871875,0.693359375,19,0.004530744336569579,1.0,8.605128746607607,0.6141521501678685,2.8825170644213043,6.58848846253565,0.3210948050778788,4,0.0019943318988138972,1.0,3.3906497357737413,0.8097826086956521,8.112676056338028,5.128472222222222,0.6909722222222222,0,0.0,0.9166666666666666,4.899360199756268
16,32,col,row,True,32,False,False,tw16_th32_tcol_irow_hi_pal32,0.2435695514824272,0.5921677215189873,2.3063063063063063,4.42640625,0.853515625,13,0.2523809523809524,0.9625,4.99253658287158,0.9477056962025316,18.285714285714285,0.5915625,0.9193359375,0,0.011583011583011582,0.9875,2.543121255890029,0.8136867088607594,6.2015503875969,3.4871875,0.693359375,19,0.004530744336569579,1.0,8.605128746607607,0.6141521501678685,2.8825170644213043,6.58848846253565,0.3210948050778788,4,0.0019943318988138972,1.0,3.3906497357737413,0.8097826086956521,8.112676056338028,5.128472222222222,0.6909722222222222,0,0.0,0.9166666666666666,4.899360199756268
16,4,col,row,True,0,False,True,tw16_th4_tcol_irow_hi_pal0_full,0.2425856570831182,0.5922468354430379,2.3063063063063063,4.43203125,0.8533203125,13,0.25249025552187093,0.9625,4.994010738989724,0.9480221518987342,18.285714285714285,0.5903125,0.9193359375,0,0.011583011583011582,0.9875,2.447241704202741,0.8157436708860759,6.406406406406407,3.39625,0.6888671875,20,0.008376288659793814,1.0,8.618544525035828,0.6169896860284483,2.9059721733889194,6.511295480079509,0.3292338165121095,3,0.0020853214576043544,1.0,3.5880596088941834,0.7998188405797102,7.890410958904109,5.458333333333333,0.6875,0,0.0,0.7638888888888888,4.898501806196856
16,8,row,morton,True,0,True,False,tw16_th8_trow_imorton_hi_pal0_pad64,0.897760447088559,0.6100474683544304,2.0447284345047922,12.5571875,0.88125,0,0.015158077089649198,1.0,4.272097716912871,0.9448575949367088,14.814814814814815,0.79453125,0.9177734375,0,0.0888030888030888,0.95,3.4409488852056995,0.7930379746835443,4.866920152091255,4.655,0.66953125,8,0.01610824742268041,1.0,8.302144194266004,0.6312638181424604,2.543188711591718,7.013239996543082,0.4403529305843162,3,0.01757345705047097,1.0,3.286679750402577,0.8360507246376812,5.333333333333333,6.826388888888889,0.6909722222222222,0,0.0,0.7638888888888888,4.896524185637972
16,8,row,morton,True,0,False,True,tw16_th8_trow_imorton_hi_pal0_full,0.897760447088559,0.6100474683544304,2.0447284345047922,12.5571875,0.88125,0,0.015158077089649198,1.0,4.272097716912871,0.9448575949367088,14.814814814814815,0.79453125,0.9177734375,0,0.0888030888030888,0.95,3.4409488852056995,0.7930379746835443,4.866920152091255,4.655,0.66953125,8,0.01610824742268041,1.0,8.298466721735611,0.6307608842617142,2.5390590713596066,7.015849969751966,0.4391644908616188,3,0.0180183344455762,1.0,3.286679750402577,0.8360507246376812,5.333333333333333,6.826388888888889,0.6909722222222222,0,0.0,0.7638888888888888,4.895420943878854
16,8,row,morton,True,0,True,True,tw16_th8_trow_imorton_hi_pal0_pad64_full,0.897760447088559,0.6100474683544304,2.0447284345047922,12.5571875,0.88125,0,0.015158077089649198,1.0,4.272097716912871,0.9448575949367088,14.814814814814815,0.79453125,0.9177734375,0,0.0888030888030888,0.95,3.4409488852056995,0.7930379746835443,4.866920152091255,4.655,0.66953125,8,0.01610824742268041,1.0,8.298466721735611,0.6307608842617142,2.5390590713596066,7.015849969751966,0.4391644908616188,3,0.0180183344455762,1.0,3.286679750402577,0.8360507246376812,5.333333333333333,6.826388888888889,0.6909722222222222,0,0.0,0.7638888888888888,4.895420943878854
16,16,col,bup,True,32,True,False,tw16_th16_tcol_ibup_hi_pal32_pad64,0.004657038296773219,0.5925632911392404,2.3063063063063063,4.429375,0.853515625,15,0.2523809523809524,0.9625,4.9906836688420455,0.9476265822784811,18.285714285714285,0.60078125,0.9193359375,0,0.011583011583011582,0.9875,2.5584604568393967,0.8126582278481013,6.2015503875969,3.67046875,0.693359375,19,0.004530744336569579,0.975,8.651280433064407,0.6193269691223959,2.9112363508277563,6.473736064298678,0.3189880255694607,3,0.0018654039316975176,1.0,3.3580787816674613,0.8070652173913043,8.112676056338028,5.258680555555555,0.6909722222222222,0,0.0,0.9166666666666666,4.894342043826986
16,1,col,row,True,0,False,True,tw16_th1_tcol_irow_hi_pal0_full,0.2425856570831182,0.5922468354430379,2.3063063063063063,4.43203125,0.8533203125,13,0.25249025552187093,0.9625,4.994010738989724,0.9480221518987342,18.285714285714285,0.5903125,0.9193359375,0,0.011583011583011582,0.9875,2.447241704202741,0.8157436708860759,6.406406406406407,3.39625,0.6888671875,20,0.008376288659793814,1.0,8.60332133522844,0.6135604696004244,2.885248354278875,6.598599948146227,0.3197443053929954,3,0.001995798319327731,1.0,3.5880596088941834,0.7998188405797102,7.890410958904109,5.458333333333333,0.6875,0,0.0,0.7638888888888888,4.893934849254641
16,1,col,col,True,0,False,True,tw16_th1_tcol_icol_hi_pal0_full,0.2425856570831182,0.5922468354430379,2.3063063063063063,4.43203125,0.8533203125,13,0.25249025552187093,0.9625,4.994010738989724,0.9480221518987342,18.285714285714285,0.5903125,0.9193359375,0,0.011583011583011582,0.9875,2.447241704202741,0.8157436708860759,6.406406406406407,3.39625,0.6888671875,20,0.008376288659793814,1.0,8.60332133522844,0.6135604696004244,2.885248354278875,6.598599948146227,0.3197443053929954,3,0.001995798319327731,1.0,3.5880596088941834,0.7998188405797102,7.890410958904109,5.458333333333333,0.6875,0,0.0,0.7638888888888888,4.893934849254641
16,1,col,morton,True,0,False,True,tw16_th1_tcol_imorton_hi_pal0_full,0.2425856570831182,0.5922468354430379,2.3063063063063063,4.43203125,0.8533203125,13,0.25249025552187093,0.9625,4.994010738989724,0.9480221518987342,18.285714285714285,0.5903125,0.9193359375,0,0.011583011583011582,0.9875,2.447241704202741,0.8157436708860759,6.406406406406407,3.39625,0.6888671875,20,0.008376288659793814,1.0,8.60332133522844,0.6135604696004244,2.885248354278875,6.598599948146227,0.3197443053929954,3,0.001995798319327731,1.0,3.5880596088941834,0.7998188405797102,7.890410958904109,5.458333333333333,0.6875,0,0.0,0.7638888888888888,4.893934849254641
16,1,col,bup,True,0,False,True,tw16_th1_tcol_ibup_hi_pal0_full,0.2425856570831182,0.5922468354430379,2.3063063063063063,4.43203125,0.8533203125,13,0.25249025552187093,0.9625,4.994010738989724,0.9480221518987342,18.285714285714285,0.5903125,0.9193359375,0,0.011583011583011582,0.9875,2.447241704202741,0.8157436708860759,6.406406406406407,3.39625,0.6888671875,20,0.008376288659793814,1.0,8.60332133522844,0.6135604696004244,2.885248354278875,6.598599948146227,0.3197443053929954,3,0.001995798319327731,1.0,3.5880596088941834,0.7998188405797102,7.890410958904109,5.458333333333333,0.6875,0,0.0,0.7638888888888888,4.893934849254641
16,2,col,row,True,0,False,True,tw16_th2_tcol_irow_hi_pal0_full,0.2425856570831182,0.5922468354430379,2.3063063063063063,4.43203125,0.8533203125,13,0.25249025552187093,0.9625,4.994010738989724,0.9480221518987342,18.285714285714285,0.5903125,0.9193359375,0,0.011583011583011582,0.9875,2.447241704202741,0.8157436708860759,6.406406406406407,3.39625,0.6888671875,20,0.008376288659793814,1.0,8.593818364527944,0.6137252772929456,2.8786446412578366,6.587693371359433,0.32610065724318,3,0.002311652831774719,1.0,3.5880596088941834,0.7998188405797102,7.890410958904109,5.458333333333333,0.6875,0,0.0,0.7638888888888888,4.891083958044492
16,32,col,row,True,64,True,False,tw16_th32_tcol_irow_hi_pal64_pad64,0.24384016101136652,0.5912974683544304,2.3071377072819033,4.4353125,0.8552734375,13,0.2510803802938634,0.9625,4.989991009954913,0.9477056962025316,18.285714285714285,0.59453125,0.920703125,0,0.011583011583011582,0.9875,2.4003135415410743,0.812737341772152,6.037735849056604,3.516875,0.69375,20,0.0045016077170418,1.0,8.674441300503254,0.6224842994681297,2.918137798849995,6.393656555181056,0.3210948050778788,6,0.001903735632183908,1.0,3.464962839638476,0.8233695652173914,8.112676056338028,4.758680555555555,0.71875,0,0.0,0.9166666666666666,4.88981507038469
16,16,col,row,True,64,True,False,tw16_th16_tcol_irow_hi_pal64_pad64,0.24384016101136652,0.5912974683544304,2.3071377072819033,4.4353125,0.8552734375,13,0.2510803802938634,0.9625,4.989991009954913,0.9477056962025316,18.285714285714285,0.59453125,0.920703125,0,0.011583011583011582,0.9875,2.4003135415410743,0.812737341772152,6.037735849056604,3.516875,0.69375,20,0.0045016077170418,1.0,8.674431277223297,0.6223883825353059,2.918873921598305,6.392429349235157,0.32087872512829746,6,0.0019397945254687836,1.0,3.464962839638476,0.8233695652173914,8.112676056338028,4.758680555555555,0.71875,0,0.0,0.9166666666666666,4.8898120634007025
16,8,row,morton,True,32,False,False,tw16_th8_trow_imorton_hi_pal32,0.8983471638216471,0.6099683544303798,2.0440753752794634,12.56984375,0.87890625,0,0.015584415584415584,1.0,4.18404613816243,0.945253164556962,14.953271028037383,0.7875,0.9193359375,0,0.0888030888030888,1.0,3.5288590655908365,0.788132911392405,4.786836200448766,4.7196875,0.67109375,7,0.01488673139158576,1.0,8.295045258095335,0.6305270326029749,2.533056042031524,7.027344222625529,0.43948861078599083,6,0.017948987089325075,1.0,3.2248927225150057,0.8315217391304348,5.236363636363636,7.039930555555555,0.6909722222222222,0,0.0,0.7638888888888888,4.888225975761682
16,8,col,row,True,64,True,False,tw16_th8_tcol_irow_hi_pal64_pad64,0.24384016101136652,0.5912974683544304,2.3071377072819033,4.4353125,0.8552734375,13,0.2510803802938634,0.9625,4.989991009954913,0.9477056962025316,18.285714285714285,0.59453125,0.920703125,0,0.011583011583011582,0.9875,2.4003135415410743,0.812737341772152,6.037735849056604,3.516875,0.69375,20,0.0045016077170418,1.0,8.674211254069817,0.6224926570647917,2.918137798849995,6.39215279578256,0.32100477176555325,6,0.002011927858015377,1.0,3.4347271770797843,0.8278985507246377,8.228571428571428,4.588541666666667,0.7256944444444444,0,0.012658227848101266,0.9166666666666666,4.88672249019879
16,8,col,row,True,0,True,False,tw16_th8_tcol_irow_hi_pal0_pad64,0.2425856570831182,0.5922468354430379,2.3063063063063063,4.43203125,0.8533203125,13,0.25249025552187093,0.9625,4.994010738989724,0.9480221518987342,18.285714285714285,0.5903125,0.9193359375,0,0.011583011583011582,0.9875,2.447241704202741,0.8157436708860759,6.406406406406407,3.39625,0.6888671875,20,0.008376288659793814,1.0,8.659135073440137,0.6203802552068383,2.9075786511207156,6.4569008728718345,0.318231745745926,6,0.0018644007027356494,1.0,3.3476243734548996,0.8016304347826086,8.112676056338028,5.347222222222222,0.6736111111111112,0,0.0,0.9166666666666666,4.886635447174222
16,16,col,row,True,0,True,False,tw16_th16_tcol_irow_hi_pal0_pad64,0.2425856570831182,0.5922468354430379,2.3063063063063063,4.43203125,0.8533203125,13,0.25249025552187093,0.9625,4.994010738989724,0.9480221518987342,18.285714285714285,0.5903125,0.9193359375,0,0.011583011583011582,0.9875,2.447241704202741,0.8157436708860759,6.406406406406407,3.39625,0.6888671875,20,0.008376288659793814,1.0,8.658917895793618,0.6203368968566896,2.9067021704180065,6.457229280096794,0.31803367245880976,6,0.001899913966160023,1.0,3.3166259837608587,0.7961956521739131,8.112676056338028,5.496527777777778,0.6631944444444444,0,0.0,0.9166666666666666,4.883470454910862
16,32,col,row,True,0,True,False,tw16_th32_tcol_irow_hi_pal0_pad64,0.2425856570831182,0.5922468354430379,2.3063063063063063,4.43203125,0.8533203125,13,0.25249025552187093,0.9625,4.994010738989724,0.9480221518987342,18.285714285714285,0.5903125,0.9193359375,0,0.011583011583011582,0.9875,2.447241704202741,0.8157436708860759,6.406406406406407,3.39625,0.6888671875,20,0.008376288659793814,1.0,8.658865772883248,0.6203715911971346,2.9064101275997185,6.457903379137499,0.3182137390834609,6,0.001863932898415657,1.0,3.3166259837608587,0.7961956521739131,8.112676056338028,5.496527777777778,0.6631944444444444,0,0.0,0.9166666666666666,4.883454818037751
16,8,row,col,False,0,True,False,tw16_th8_trow_icol_lo_pal0_pad64,0.6537795459074118,0.579746835443038,1.6627695505326059,10.67703125,0.88125,0,0.030316154179298397,1.0,2.811790905292767,0.939636075949367,10.774410774410775,0.71703125,0.9177734375,0,0.26640926640926643,0.975,3.2696618983901438,0.8056962025316456,4.221635883905013,4.13109375,0.66953125,10,0.018685567010309278,1.0,8.183061936350892,0.6185824089551553,2.0689100271778,6.759052804424855,0.43959665076078147,4,0.029628848587094053,1.0,7.947480946905351,0.8188405797101449,3.408284023668639,5.130208333333333,0.6909722222222222,1,0.056179775280898875,0.7916666666666666,4.883146768225952
16,8,row,col,False,0,False,True,tw16_th8_trow_icol_lo_pal0_full,0.6537795459074118,0.579746835443038,1.6627695505326059,10.67703125,0.88125,0,0.030316154179298397,1.0,2.811790905292767,0.939636075949367,10.774410774410775,0.71703125,0.9177734375,0,0.26640926640926643,0.975,3.2696618983901438,0.8056962025316456,4.221635883905013,4.13109375,0.66953125,10,0.018685567010309278,1.0,8.179356828645325,0.6180185971967018,2.06558606162305,6.765413533834587,0.4393085441613397,3,0.029719665565938313,1.0,7.947480946905351,0.8188405797101449,3.408284023668639,5.130208333333333,0.6909722222222222,1,0.056179775280898875,0.7916666666666666,4.882035235914282
16,8,row,col,False,0,True,True,tw16_th8_trow_icol_lo_pal0_pad64_full,0.6537795459074118,0.579746835443038,1.6627695505326059,10.67703125,0.88125,0,0.030316154179298397,1.0,2.811790905292767,0.939636075949367,10.774410774410775,0.71703125,0.9177734375,0,0.26640926640926643,0.975,3.2696618983901438,0.8056962025316456,4.221635883905013,4.13109375,0.66953125,10,0.018685567010309278,1.0,8.179356828645325,0.6180185971967018,2.06558606162305,6.765413533834587,0.4393085441613397,3,0.029719665565938313,1.0,7.947480946905351,0.8188405797101449,3.408284023668639,5.130208333333333,0.6909722222222222,1,0.056179775280898875,0.7916666666666666,4.882035235914282
16,8,row,morton,True,0,False,False,tw16_th8_trow_imorton_hi_pal0,0.897760447088559,0.6100474683544304,2.0447284345047922,12.5571875,0.88125,0,0.015158077089649198,1.0,4.272097716912871,0.9448575949367088,14.814814814814815,0.79453125,0.9177734375,0,0.0888030888030888,0.95,3.4409488852056995,0.7930379746835443,4.866920152091255,4.655,0.66953125,8,0.01610824742268041,1.0,8.293236005916805,0.6304834827446752,2.5340545749200647,7.041085472301443,0.43882236427478166,6,0.018020224640470275,1.0,3.164690087991718,0.8260869565217391,5.142857142857143,7.473958333333333,0.6631944444444444,0,0.0,0.7638888888888888,4.881652762892126
16,16,col,bup,True,32,False,False,tw16_th16_tcol_ibup_hi_pal32,0.004657038296773219,0.5925632911392404,2.3063063063063063,4.429375,0.853515625,15,0.2523809523809524,0.9625,4.9906836688420455,0.9476265822784811,18.285714285714285,0.60078125,0.9193359375,0,0.011583011583011582,0.9875,2.5584604568393967,0.8126582278481013,6.2015503875969,3.67046875,0.693359375,19,0.004530744336569579,0.975,8.592993751385352,0.6119417630890603,2.8825170644213043,6.610768300060496,0.3210948050778788,6,0.001924355340960778,1.0,3.3580787816674613,0.8070652173913043,8.112676056338028,5.258680555555555,0.6909722222222222,0,0.0,0.9166666666666666,4.876856039323269
16,4,row,morton,True,64,False,True,tw16_th4_trow_imorton_hi_pal64_full,0.8734408805597713,0.6088607594936709,2.041467304625199,12.62171875,0.8890625,0,0.016421780466724288,1.0,4.217245854951315,0.9463607594936709,15.347721822541967,0.7734375,0.9236328125,0,0.0888030888030888,1.0,3.602383715038938,0.7963607594936708,5.063291139240507,4.6490625,0.68046875,7,0.01157556270096463,1.0,8.373078843700378,0.6349608606799735,2.5894016022915456,6.959294788695877,0.41777257585306565,3,0.016001122885816548,1.0,2.6017697749467565,0.8061594202898551,4.608,7.373263888888889,0.6770833333333334,0,0.021505376344086023,0.9166666666666666,4.875079589247037
16,1,col,row,True,64,False,False,tw16_th1_tcol_irow_hi_pal64,0.24384016101136652,0.5912974683544304,2.3071377072819033,4.4353125,0.8552734375,13,0.2510803802938634,0.9625,4.989991009954913,0.9477056962025316,18.285714285714285,0.59453125,0.920703125,0,0.011583011583011582,0.9875,2.4003135415410743,0.812737341772152,6.037735849056604,3.516875,0.69375,20,0.0045016077170418,1.0,8.603586536002913,0.6138741741263766,2.8809381535703613,6.591513265923429,0.3210948050778788,5,0.001960098004900245,1.0,3.464962839638476,0.8233695652173914,8.112676056338028,4.758680555555555,0.71875,0,0.0,0.9166666666666666,4.868558641034587
16,1,col,col,True,64,False,False,tw16_th1_tcol_icol_hi_pal64,0.24384016101136652,0.5912974683544304,2.3071377072819033,4.4353125,0.8552734375,13,0.2510803802938634,0.9625,4.989991009954913,0.9477056962025316,18.285714285714285,0.59453125,0.920703125,0,0.011583011583011582,0.9875,2.4003135415410743,0.812737341772152,6.037735849056604,3.516875,0.69375,20,0.0045016077170418,1.0,8.603586536002913,0.6138741741263766,2.8809381535703613,6.591513265923429,0.3210948050778788,5,0.001960098004900245,1.0,3.464962839638476,0.8233695652173914,8.112676056338028,4.758680555555555,0.71875,0,0.0,0.9166666666666666,4.868558641034587
16,1,col,morton,True,64,False,False,tw16_th1_tcol_imorton_hi_pal64,0.24384016101136652,0.5912974683544304,2.3071377072819033,4.4353125,0.8552734375,13,0.2510803802938634,0.9625,4.989991009954913,0.9477056962025316,18.285714285714285,0.59453125,0.920703125,0,0.011583011583011582,0.9875,2.4003135415410743,0.812737341772152,6.037735849056604,3.516875,0.69375,20,0.0045016077170418,1.0,8.603586536002913,0.6138741741263766,2.8809381535703613,6.591513265923429,0.3210948050778788,5,0.001960098004900245,1.0,3.464962839638476,0.8233695652173914,8.112676056338028,4.758680555555555,0.71875,0,0.0,0.9166666666666666,4.868558641034587
16,1,col,bup,True,64,False,False,tw16_th1_tcol_ibup_hi_pal64,0.24384016101136652,0.5912974683544304,2.3071377072819033,4.4353125,0.8552734375,13,0.2510803802938634,0.9625,4.989991009954913,0.9477056962025316,18.285714285714285,0.59453125,0.920703125,0,0.011583011583011582,0.9875,2.4003135415410743,0.812737341772152,6.037735849056604,3.516875,0.69375,20,0.0045016077170418,1.0,8.603586536002913,0.6138741741263766,2.8809381535703613,6.591513265923429,0.3210948050778788,5,0.001960098004900245,1.0,3.464962839638476,0.8233695652173914,8.112676056338028,4.758680555555555,0.71875,0,0.0,0.9166666666666666,4.868558641034587
16,2,col,row,True,64,False,False,tw16_th2_tcol_irow_hi_pal64,0.24384016101136652,0.5912974683544304,2.3071377072819033,4.4353125,0.8552734375,13,0.2510803802938634,0.9625,4.989991009954913,0.9477056962025316,18.285714285714285,0.59453125,0.920703125,0,0.011583011583011582,0.9875,2.4003135415410743,0.812737341772152,6.037735849056604,3.516875,0.69375,20,0.0045016077170418,1.0,8.603586536002913,0.6138741741263766,2.8809381535703613,6.591513265923429,0.3210948050778788,5,0.001960098004900245,1.0,3.464962839638476,0.8233695652173914,8.112676056338028,4.758680555555555,0.71875,0,0.0,0.9166666666666666,4.868558641034587
16,4,col,row,True,64,False,False,tw16_th4_tcol_irow_hi_pal64,0.24384016101136652,0.5912974683544304,2.3071377072819033,4.4353125,0.8552734375,13,0.2510803802938634,0.9625,4.989991009954913,0.9477056962025316,18.285714285714285,0.59453125,0.920703125,0,0.011583011583011582,0.9875,2.4003135415410743,0.812737341772152,6.037735849056604,3.516875,0.69375,20,0.0045016077170418,1.0,8.603586536002913,0.6138741741263766,2.8809381535703613,6.591513265923429,0.3210948050778788,5,0.001960098004900245,1.0,3.464962839638476,0.8233695652173914,8.112676056338028,4.758680555555555,0.71875,0,0.0,0.9166666666666666,4.868558641034587
16,8,col,row,True,64,False,False,tw16_th8_tcol_irow_hi_pal64,0.24384016101136652,0.5912974683544304,2.3071377072819033,4.4353125,0.8552734375,13,0.2510803802938634,0.9625,4.989991009954913,0.9477056962025316,18.285714285714285,0.59453125,0.920703125,0,0.011583011583011582,0.9875,2.4003135415410743,0.812737341772152,6.037735849056604,3.516875,0.69375,20,0.0045016077170418,1.0,8.603586536002913,0.6138741741263766,2.8809381535703613,6.591513265923429,0.3210948050778788,5,0.001960098004900245,1.0,3.464962839638476,0.8233695652173914,8.112676056338028,4.758680555555555,0.71875,0,0.0,0.9166666666666666,4.868558641034587
16,16,col,row,True,64,False,False,tw16_th16_tcol_irow_hi_pal64,0.24384016101136652,0.5912974683544304,2.3071377072819033,4.4353125,0.8552734375,13,0.2510803802938634,0.9625,4.989991009954913,0.9477056962025316,18.285714285714285,0.59453125,0.920703125,0,0.011583011583011582,0.9875,2.4003135415410743,0.812737341772152,6.037735849056604,3.516875,0.69375,20,0.0045016077170418,1.0,8.603586536002913,0.6138741741263766,2.8809381535703613,6.591513265923429,0.3210948050778788,5,0.001960098004900245,1.0,3.464962839638476,0.8233695652173914,8.112676056338028,4.758680555555555,0.71875,0,0.0,0.9166666666666666,4.868558641034587
16,32,col,row,True,64,False,False,tw16_th32_tcol_irow_hi_pal64,0.24384016101136652,0.5912974683544304,2.3071377072819033,4.4353125,0.8552734375,13,0.2510803802938634,0.9625,4.989991009954913,0.9477056962025316,18.285714285714285,0.59453125,0.920703125,0,0.011583011583011582,0.9875,2.4003135415410743,0.812737341772152,6.037735849056604,3.516875,0.69375,20,0.0045016077170418,1.0,8.603586536002913,0.6138741741263766,2.8809381535703613,6.591513265923429,0.3210948050778788,5,0.001960098004900245,1.0,3.464962839638476,0.8233695652173914,8.112676056338028,4.758680555555555,0.71875,0,0.0,0.9166666666666666,4.868558641034587
16,1,col,row,True,0,False,False,tw16_th1_tcol_irow_hi_pal0,0.2425856570831182,0.5922468354430379,2.3063063063063063,4.43203125,0.8533203125,13,0.25249025552187093,0.9625,4.994010738989724,0.9480221518987342,18.285714285714285,0.5903125,0.9193359375,0,0.011583011583011582,0.9875,2.447241704202741,0.8157436708860759,6.406406406406407,3.39625,0.6888671875,20,0.008376288659793814,1.0,8.603492285191132,0.6136910808736931,2.884816753926702,6.595730706075534,0.32069865850364637,6,0.001889499282690087,1.0,3.3166259837608587,0.7961956521739131,8.112676056338028,5.496527777777778,0.6631944444444444,0,0.0,0.9166666666666666,4.866842771730116
16,1,col,col,True,0,False,False,tw16_th1_tcol_icol_hi_pal0,0.2425856570831182,0.5922468354430379,2.3063063063063063,4.43203125,0.8533203125,13,0.25249025552187093,0.9625,4.994010738989724,0.9480221518987342,18.285714285714285,0.5903125,0.9193359375,0,0.011583011583011582,0.9875,2.447241704202741,0.8157436708860759,6.406406406406407,3.39625,0.6888671875,20,0.008376288659793814,1.0,8.603492285191132,0.6136910808736931,2.884816753926702,6.595730706075534,0.32069865850364637,6,0.001889499282690087,1.0,3.3166259837608587,0.7961956521739131,8.112676056338028,5.496527777777778,0.6631944444444444,0,0.0,0.9166666666666666,4.866842771730116
16,1,col,morton,True,0,False,False,tw16_th1_tcol_imorton_hi_pal0,0.2425856570831182,0.5922468354430379,2.3063063063063063,4.43203125,0.8533203125,13,0.25249025552187093,0.9625,4.994010738989724,0.9480221518987342,18.285714285714285,0.5903125,0.9193359375,0,0.011583011583011582,0.9875,2.447241704202741,0.8157436708860759,6.406406406406407,3.39625,0.6888671875,20,0.008376288659793814,1.0,8.603492285191132,0.6136910808736931,2.884816753926702,6.595730706075534,0.32069865850364637,6,0.001889499282690087,1.0,3.3166259837608587,0.7961956521739131,8.112676056338028,5.496527777777778,0.6631944444444444,0,0.0,0.9166666666666666,4.866842771730116
16,1,col,bup,True,0,False,False,tw16_th1_tcol_ibup_hi_pal0,0.2425856570831182,0.5922468354430379,2.3063063063063063,4.43203125,0.8533203125,13,0.25249025552187093,0.9625,4.994010738989724,0.9480221518987342,18.285714285714285,0.5903125,0.9193359375,0,0.011583011583011582,0.9875,2.447241704202741,0.8157436708860759,6.406406406406407,3.39625,0.6888671875,20,0.008376288659793814,1.0,8.603492285191132,0.6136910808736931,2.884816753926702,6.595730706075534,0.32069865850364637,6,0.001889499282690087,1.0,3.3166259837608587,0.7961956521739131,8.112676056338028,5.496527777777778,0.6631944444444444,0,0.0,0.9166666666666666,4.866842771730116
16,2,col,row,True,0,False,False,tw16_th2_tcol_irow_hi_pal0,0.2425856570831182,0.5922468354430379,2.3063063063063063,4.43203125,0.8533203125,13,0.25249025552187093,0.9625,4.994010738989724,0.9480221518987342,18.285714285714285,0.5903125,0.9193359375,0,0.011583011583011582,0.9875,2.447241704202741,0.8157436708860759,6.406406406406407,3.39625,0.6888671875,20,0.008376288659793814,1.0,8.603492285191132,0.6136910808736931,2.884816753926702,6.595730706075534,0.32069865850364637,6,0.001889499282690087,1.0,3.3166259837608587,0.7961956521739131,8.112676056338028,5.496527777777778,0.6631944444444444,0,0.0,0.9166666666666666,4.866842771730116
16,4,col,row,True,0,False,False,tw16_th4_tcol_irow_hi_pal0,0.2425856570831182,0.5922468354430379,2.3063063063063063,4.43203125,0.8533203125,13,0.25249025552187093,0.9625,4.994010738989724,0.9480221518987342,18.285714285714285,0.5903125,0.9193359375,0,0.011583011583011582,0.9875,2.447241704202741,0.8157436708860759,6.406406406406407,3.39625,0.6888671875,20,0.008376288659793814,1.0,8.603492285191132,0.6136910808736931,2.884816753926702,6.595730706075534,0.32069865850364637,6,0.001889499282690087,1.0,3.3166259837608587,0.7961956521739131,8.112676056338028,5.496527777777778,0.6631944444444444,0,0.0,0.9166666666666666,4.866842771730116
16,8,col,row,True,0,False,False,tw16_th8_tcol_irow_hi_pal0,0.2425856570831182,0.5922468354430379,2.3063063063063063,4.43203125,0.8533203125,13,0.25249025552187093,0.9625,4.994010738989724,0.9480221518987342,18.285714285714285,0.5903125,0.9193359375,0,0.011583011583011582,0.9875,2.447241704202741,0.8157436708860759,6.406406406406407,3.39625,0.6888671875,20,0.008376288659793814,1.0,8.603492285191132,0.6136910808736931,2.884816753926702,6.595730706075534,0.32069865850364637,6,0.001889499282690087,1.0,3.3166259837608587,0.7961956521739131,8.112676056338028,5.496527777777778,0.6631944444444444,0,0.0,0.9166666666666666,4.866842771730116
16,16,col,row,True,0,False,False,tw16_th16_tcol_irow_hi_pal0,0.2425856570831182,0.5922468354430379,2.3063063063063063,4.43203125,0.8533203125,13,0.25249025552187093,0.9625,4.994010738989724,0.9480221518987342,18.285714285714285,0.5903125,0.9193359375,0,0.011583011583011582,0.9875,2.447241704202741,0.8157436708860759,6.406406406406407,3.39625,0.6888671875,20,0.008376288659793814,1.0,8.603492285191132,0.6136910808736931,2.884816753926702,6.595730706075534,0.32069865850364637,6,0.001889499282690087,1.0,3.3166259837608587,0.7961956521739131,8.112676056338028,5.496527777777778,0.6631944444444444,0,0.0,0.9166666666666666,4.866842771730116
16,32,col,row,True,0,False,False,tw16_th32_tcol_irow_hi_pal0,0.2425856570831182,0.5922468354430379,2.3063063063063063,4.43203125,0.8533203125,13,0.25249025552187093,0.9625,4.994010738989724,0.9480221518987342,18.285714285714285,0.5903125,0.9193359375,0,0.011583011583011582,0.9875,2.447241704202741,0.8157436708860759,6.406406406406407,3.39625,0.6888671875,20,0.008376288659793814,1.0,8.603492285191132,0.6136910808736931,2.884816753926702,6.595730706075534,0.32069865850364637,6,0.001889499282690087,1.0,3.3166259837608587,0.7961956521739131,8.112676056338028,5.496527777777778,0.6631944444444444,0,0.0,0.9166666666666666,4.866842771730116
16,32,col,bup,True,32,True,False,tw16_th32_tcol_ibup_hi_pal32_pad64,0.0036634992672377464,0.5924841772151899,2.3063063063063063,4.4334375,0.853515625,15,0.2523809523809524,0.9625,4.969461358715463,0.9481803797468354,18.285714285714285,0.59140625,0.9193359375,0,0.011583011583011582,1.0,2.445063832366822,0.8113924050632911,6.2015503875969,3.60046875,0.693359375,20,0.004530744336569579,0.975,8.662596788494026,0.6204757508217298,2.908601880247348,6.440566934577824,0.3184838390204376,5,0.001756020642201835,1.0,3.3906497357737413,0.8097826086956521,8.112676056338028,5.128472222222222,0.6909722222222222,0,0.0,0.9166666666666666,4.865913639748355
16,32,row,col,True,32,True,False,tw16_th32_trow_icol_hi_pal32_pad64,2.584254701078404,0.7735759493670886,4.221635883905013,4.37828125,0.8572265625,11,0.050216450216450215,0.9625,4.514859548329983,0.9543512658227848,12.379110251450676,0.6528125,0.9193359375,0,0.007722007722007722,1.0,2.4786704038821297,0.7974683544303798,3.3755274261603376,3.845625,0.65625,17,0.004530744336569579,1.0,8.437176805970468,0.6147084822512779,1.7813048431294067,6.484867340765708,0.3832718105699109,4,0.0023967089966016814,1.0,3.012095014475623,0.8215579710144927,3.0638297872340425,4.657986111111111,0.6909722222222222,0,0.0,0.9583333333333334,4.857420706900125
16,2,col,morton,False,64,False,False,tw16_th2_tcol_imorton_lo_pal64,5.100395775874315,0.7071993670886076,2.0519397242705995,4.991875,0.8552734375,5,0.3349178910976664,0.9875,3.776522730475765,0.944382911392405,13.617021276595745,0.724375,0.920703125,0,0.138996138996139,1.0,2.2436265003187668,0.7891613924050633,5.148833467417538,3.6365625,0.69375,18,0.03922829581993569,1.0,8.449722709255402,0.621975188469354,2.514450867052023,6.924466338259442,0.32127487170252994,4,0.018620931046552328,1.0,3.4860180152979074,0.8532608695652174,6.0,5.237847222222222,0.71875,0,0.024691358024691357,0.7638888888888888,4.856789076382935
16,4,row,col,True,64,False,False,tw16_th4_trow_icol_hi_pal64,1.0932530070175839,0.6784810126582279,1.9631901840490797,8.49921875,0.8890625,10,0.08902333621434745,1.0,3.7029372538981304,0.9428797468354431,11.24780316344464,0.7528125,0.9236328125,0,0.11583011583011583,1.0,3.436249267124012,0.8126582278481013,4.315576534052596,4.2,0.68046875,9,0.012218649517684888,1.0,8.501210600273907,0.6472695657514375,2.3511602389563944,6.618943911502895,0.4173584226163681,4,0.009100455022751138,1.0,3.5633957326892123,0.8704710144927537,5.008695652173913,5.246527777777778,0.71875,0,0.0,0.7916666666666666,4.850351489378258
16,32,row,col,True,32,False,False,tw16_th32_trow_icol_hi_pal32,2.584254701078404,0.7735759493670886,4.221635883905013,4.37828125,0.8572265625,11,0.050216450216450215,0.9625,4.514859548329983,0.9543512658227848,12.379110251450676,0.6528125,0.9193359375,0,0.007722007722007722,1.0,2.4786704038821297,0.7974683544303798,3.3755274261603376,3.845625,0.65625,17,0.004530744336569579,1.0,8.410292752970557,0.6078825527014748,1.7454594822904725,6.576406533575318,0.37145943999279735,5,0.0022392498512998145,1.0,3.012095014475623,0.8215579710144927,3.0638297872340425,4.657986111111111,0.6909722222222222,0,0.0,0.9583333333333334,4.849355491000152
16,32,col,bup,True,32,False,False,tw16_th32_tcol_ibup_hi_pal32,0.0036634992672377464,0.5924841772151899,2.3063063063063063,4.4334375,0.853515625,15,0.2523809523809524,0.9625,4.969461358715463,0.9481803797468354,18.285714285714285,0.59140625,0.9193359375,0,0.011583011583011582,1.0,2.445063832366822,0.8113924050632911,6.2015503875969,3.60046875,0.693359375,20,0.004530744336569579,0.975,8.600151744715903,0.6134559652611573,2.8825170644213043,6.601642036124795,0.3210948050778788,3,0.0019943318988138972,1.0,3.3906497357737413,0.8097826086956521,8.112676056338028,5.128472222222222,0.6909722222222222,0,0.0,0.9166666666666666,4.8471801266149175
16,32,row,col,True,64,True,False,tw16_th32_trow_icol_hi_pal64_pad64,2.588520961023808,0.7737341772151899,4.2356055592322965,4.376875,0.8578125,11,0.04969749351771824,0.9625,4.553439133629903,0.9540348101265823,12.260536398467433,0.6509375,0.9197265625,0,0.007722007722007722,0.975,2.3556519315682483,0.7976265822784809,3.411513859275053,3.915,0.6556640625,18,0.0038585209003215433,1.0,8.44213149986456,0.6152625958560121,1.7842163695799667,6.462708495376372,0.3840460970559107,6,0.0024027254796485566,1.0,3.106372334666,0.8351449275362319,3.310344827586207,4.291666666666667,0.71875,0,0.0,0.9583333333333334,4.846722037259392
16,8,row,morton,True,64,True,False,tw16_th8_trow_imorton_hi_pal64_pad64,0.9007006189063986,0.6090189873417722,2.04211869814933,12.60578125,0.8748046875,0,0.015557476231633534,1.0,4.189110041252033,0.9454113924050633,15.023474178403756,0.78546875,0.9205078125,0,0.0888030888030888,1.0,3.2653818186672385,0.7838607594936708,4.71976401179941,4.771875,0.6662109375,9,0.014790996784565916,1.0,8.30733864504325,0.6315332833807694,2.542071268509161,6.973260738052026,0.4415593769694787,3,0.017680762065450457,1.0,3.366009916689265,0.8487318840579711,5.538461538461538,5.802083333333333,0.7430555555555556,0,0.013513513513513514,0.7638888888888888,4.839026518273424
16,8,row,morton,True,64,False,True,tw16_th8_trow_imorton_hi_pal64_full,0.9007006189063986,0.6090189873417722,2.04211869814933,12.60578125,0.8748046875,0,0.015557476231633534,1.0,4.189110041252033,0.9454113924050633,15.023474178403756,0.78546875,0.9205078125,0,0.0888030888030888,1.0,3.2653818186672385,0.7838607594936708,4.71976401179941,4.771875,0.6662109375,9,0.014790996784565916,1.0,8.302438662142045,0.6308391284604589,2.536498750493226,6.988834154351395,0.44073107049608357,3,0.01773174157303371,1.0,3.366009916689265,0.8487318840579711,5.538461538461538,5.802083333333333,0.7430555555555556,0,0.013513513513513514,0.7638888888888888,4.837556523403063
16,8,row,morton,True,64,True,True,tw16_th8_trow_imorton_hi_pal64_pad64_full,0.9007006189063986,0.6090189873417722,2.04211869814933,12.60578125,0.8748046875,0,0.015557476231633534,1.0,4.189110041252033,0.9454113924050633,15.023474178403756,0.78546875,0.9205078125,0,0.0888030888030888,1.0,3.2653818186672385,0.7838607594936708,4.71976401179941,4.771875,0.6662109375,9,0.014790996784565916,1.0,8.302438662142045,0.6308391284604589,2.536498750493226,6.988834154351395,0.44073107049608357,3,0.01773174157303371,1.0,3.366009916689265,0.8487318840579711,5.538461538461538,5.802083333333333,0.7430555555555556,0,0.013513513513513514,0.7638888888888888,4.837556523403063
16,32,row,col,True,64,False,False,tw16_th32_trow_icol_hi_pal64,2.588520961023808,0.7737341772151899,4.2356055592322965,4.376875,0.8578125,11,0.04969749351771824,0.9625,4.553439133629903,0.9540348101265823,12.260536398467433,0.6509375,0.9197265625,0,0.007722007722007722,0.975,2.3556519315682483,0.7976265822784809,3.411513859275053,3.915,0.6556640625,18,0.0038585209003215433,1.0,8.411571870753516,0.6075351496774629,1.7442491483011247,6.569769250712989,0.3704870802196813,5,0.0022051102555127756,1.0,3.106372334666,0.8351449275362319,3.310344827586207,4.291666666666667,0.71875,0,0.0,0.9583333333333334,4.8375541485260785
16,4,row,col,True,32,False,False,tw16_th4_trow_icol_hi_pal32,1.0923226395608217,0.6790348101265823,1.9656019656019657,8.48234375,0.8908203125,10,0.08961038961038961,1.0,3.7689833108830157,0.9427215189873417,11.149825783972126,0.75375,0.9236328125,0,0.11583011583011583,0.9625,3.3541837519372164,0.8155063291139241,4.401650618982118,4.15125,0.67265625,10,0.012297734627831715,1.0,8.501814110630338,0.6477304818390921,2.3529770619814543,6.619618010543601,0.4189250022508328,4,0.0089220111262727,1.0,3.4629904665722693,0.8677536231884058,4.9655172413793105,5.512152777777778,0.6909722222222222,0,0.0,0.8333333333333334,4.836252527344454
16,8,row,morton,True,64,False,False,tw16_th8_trow_imorton_hi_pal64,0.9007006189063986,0.6090189873417722,2.04211869814933,12.60578125,0.8748046875,0,0.015557476231633534,1.0,4.189110041252033,0.9454113924050633,15.023474178403756,0.78546875,0.9205078125,0,0.0888030888030888,1.0,3.2653818186672385,0.7838607594936708,4.71976401179941,4.771875,0.6662109375,9,0.014790996784565916,1.0,8.29590838274273,0.6303447436845256,2.5289592166805086,7.022279837524847,0.4394345907985955,6,0.017780889044452224,1.0,3.3085446859903387,0.838768115942029,5.333333333333333,6.510416666666667,0.71875,0,0.0,0.7638888888888888,4.829850916513376
16,2,col,morton,False,32,False,False,tw16_th2_tcol_imorton_lo_pal32,5.100854214647727,0.7075158227848102,2.0525978191148173,4.97640625,0.853515625,5,0.3359307359307359,0.9875,3.7800176704810395,0.9446202531645569,13.617021276595745,0.72140625,0.9193359375,0,0.138996138996139,1.0,2.263295099032492,0.79375,5.220228384991843,3.65875,0.693359375,18,0.039482200647249194,1.0,8.449533843799255,0.6222452282321159,2.517295392246443,6.922910725088584,0.3212208517151346,6,0.018928658899268744,1.0,3.124641853701802,0.8451086956521738,5.877551020408164,5.690972222222222,0.6979166666666666,0,0.0449438202247191,0.8402777777777778,4.826653995755293
16,32,col,bup,True,0,True,False,tw16_th32_tcol_ibup_hi_pal0_pad64,0.3604156633373101,0.5924841772151899,2.3063063063063063,4.43515625,0.8533203125,12,0.2529233434387181,0.9625,4.991699293842045,0.9476265822784811,18.285714285714285,0.5946875,0.9193359375,0,0.011583011583011582,0.9875,2.1951346366921927,0.8152689873417722,6.406406406406407,3.4575,0.6888671875,22,0.008376288659793814,1.0,8.65703160190207,0.6203019727064634,2.9064101275997185,6.471108806499006,0.3182137390834609,5,0.0017563983081224461,1.0,3.3166259837608587,0.7961956521739131,8.112676056338028,5.496527777777778,0.6631944444444444,0,0.0,0.9166666666666666,4.826182153952594
16,32,row,col,True,0,True,False,tw16_th32_trow_icol_hi_pal0_pad64,2.5804676972769824,0.7737341772151899,4.213298222514813,4.3825,0.857421875,11,0.05067128627111304,0.9625,4.5689036416326525,0.9545886075949368,12.427184466019417,0.65125,0.9201171875,0,0.007722007722007722,0.975,2.3442534197596023,0.7971518987341772,3.3368091762252345,3.7709375,0.6609375,18,0.007087628865979381,1.0,8.437364251965972,0.6153242780679533,1.7846566722191375,6.4942183043816435,0.38449626361753847,5,0.002256689472364509,1.0,2.8525673726647387,0.8070652173913043,2.823529411764706,5.026041666666667,0.6631944444444444,0,0.010309278350515464,0.9583333333333334,4.82032426460041
16,32,col,morton,False,64,True,False,tw16_th32_tcol_imorton_lo_pal64_pad64,0.4119200802657037,0.5920094936708862,1.9423368740515934,12.61390625,0.8552734375,0,0.09334485738980121,0.9875,3.8769227184035664,0.9443037974683544,14.317673378076062,0.78140625,0.920703125,0,0.14285714285714285,0.9625,3.498402129185151,0.7879746835443038,4.71976401179941,4.57203125,0.69375,7,0.017363344051446947,1.0,8.519172267926397,0.6349685201012505,2.4505485196323438,6.6651801918589575,0.32114882506527415,6,0.022054597701149425,1.0,3.1291316193550234,0.8351449275362319,5.097345132743363,6.493055555555555,0.71875,0,0.024691358024691357,0.7638888888888888,4.8192029091077435
16,16,col,morton,False,64,True,False,tw16_th16_tcol_imorton_lo_pal64_pad64,0.4119200802657037,0.5920094936708862,1.9423368740515934,12.61390625,0.8552734375,0,0.09334485738980121,0.9875,3.8769227184035664,0.9443037974683544,14.317673378076062,0.78140625,0.920703125,0,0.14285714285714285,0.9625,3.498402129185151,0.7879746835443038,4.71976401179941,4.57203125,0.69375,7,0.017363344051446947,1.0,8.518589610527902,0.6348992846268813,2.4493035857923036,6.666338259441708,0.32100477176555325,6,0.022092104317838927,1.0,3.1291316193550234,0.8351449275362319,5.097345132743363,6.493055555555555,0.71875,0,0.024691358024691357,0.7638888888888888,4.819028111888196
16,8,col,morton,False,64,True,False,tw16_th8_tcol_imorton_lo_pal64_pad64,0.4119200802657037,0.5920094936708862,1.9423368740515934,12.61390625,0.8552734375,0,0.09334485738980121,0.9875,3.8769227184035664,0.9443037974683544,14.317673378076062,0.78140625,0.920703125,0,0.14285714285714285,0.9625,3.498402129185151,0.7879746835443038,4.71976401179941,4.57203125,0.69375,7,0.017363344051446947,1.0,8.516912182925177,0.6349165743446585,2.4497184231697506,6.667046927663987,0.3210948050778788,6,0.022346770137242223,1.0,3.1087660944516333,0.8396739130434783,5.1891891891891895,6.229166666666667,0.7256944444444444,0,0.0379746835443038,0.7638888888888888,4.816488331117039
16,8,col,morton,False,64,False,True,tw16_th8_tcol_imorton_lo_pal64_full,0.4119200802657037,0.5920094936708862,1.9423368740515934,12.61390625,0.8552734375,0,0.09334485738980121,0.9875,3.8769227184035664,0.9443037974683544,14.317673378076062,0.78140625,0.920703125,0,0.14285714285714285,0.9625,3.498402129185151,0.7879746835443038,4.71976401179941,4.57203125,0.69375,7,0.017363344051446947,1.0,8.515416352909522,0.6345872270710277,2.4469209947555406,6.674444732520958,0.32098676510308816,6,0.022159172532682087,1.0,3.1087660944516333,0.8396739130434783,5.1891891891891895,6.229166666666667,0.7256944444444444,0,0.0379746835443038,0.7638888888888888,4.816039582112342
16,8,col,morton,False,64,True,True,tw16_th8_tcol_imorton_lo_pal64_pad64_full,0.4119200802657037,0.5920094936708862,1.9423368740515934,12.61390625,0.8552734375,0,0.09334485738980121,0.9875,3.8769227184035664,0.9443037974683544,14.317673378076062,0.78140625,0.920703125,0,0.14285714285714285,0.9625,3.498402129185151,0.7879746835443038,4.71976401179941,4.57203125,0.69375,7,0.017363344051446947,1.0,8.515416352909522,0.6345872270710277,2.4469209947555406,6.674444732520958,0.32098676510308816,6,0.022159172532682087,1.0,3.1087660944516333,0.8396739130434783,5.1891891891891895,6.229166666666667,0.7256944444444444,0,0.0379746835443038,0.7638888888888888,4.816039582112342
16,32,row,col,True,0,False,False,tw16_th32_trow_icol_hi_pal0,2.5804676972769824,0.7737341772151899,4.213298222514813,4.3825,0.857421875,11,0.05067128627111304,0.9625,4.5689036416326525,0.9545886075949368,12.427184466019417,0.65125,0.9201171875,0,0.007722007722007722,0.975,2.3442534197596023,0.7971518987341772,3.3368091762252345,3.7709375,0.6609375,18,0.007087628865979381,1.0,8.407948301622225,0.6079857930869454,1.7471462221416922,6.590061360297295,0.3718735932294949,4,0.0022394065572623255,1.0,2.8525673726647387,0.8070652173913043,2.823529411764706,5.026041666666667,0.6631944444444444,0,0.010309278350515464,0.9583333333333334,4.811499479497286
16,32,col,col,False,0,False,False,tw16_th32_tcol_icol_lo_pal0,2.203396832377307,0.7722310126582279,4.169381107491857,4.41703125,0.8533203125,14,0.0519705500216544,0.9625,3.7456040305464247,0.9471518987341772,12.5,0.63515625,0.9193359375,0,0.1583011583011583,0.925,3.6163921896572786,0.8051424050632912,3.89768574908648,4.16296875,0.6888671875,7,0.010309278350515464,1.0,8.299982938557365,0.5879952355546638,1.7366051328230527,6.705090311986864,0.3207706851535068,6,0.016340669722523533,1.0,2.2961278089414465,0.7916666666666667,2.823529411764706,5.026041666666667,0.6631944444444444,0,0.09278350515463918,0.9583333333333334,4.8099984263045
16,32,col,bup,True,0,False,False,tw16_th32_tcol_ibup_hi_pal0,0.3604156633373101,0.5924841772151899,2.3063063063063063,4.43515625,0.8533203125,12,0.2529233434387181,0.9625,4.991699293842045,0.9476265822784811,18.285714285714285,0.5946875,0.9193359375,0,0.011583011583011582,0.9875,2.1951346366921927,0.8152689873417722,6.406406406406407,3.4575,0.6888671875,22,0.008376288659793814,1.0,8.60149223699593,0.6134126069110086,2.884816753926702,6.607345951084608,0.32069865850364637,5,0.001714545645403968,1.0,3.3166259837608587,0.7961956521739131,8.112676056338028,5.496527777777778,0.6631944444444444,0,0.0,0.9166666666666666,4.809520344480752
16,2,col,morton,False,0,False,False,tw16_th2_tcol_imorton_lo_pal0,5.098938221749545,0.7073575949367088,2.0525978191148173,4.980625,0.8533203125,5,0.3360762234733651,0.9875,3.7799095481181704,0.9445411392405063,13.617021276595745,0.72015625,0.9193359375,0,0.138996138996139,1.0,2.1709091323003276,0.7964398734177216,5.289256198347108,3.61578125,0.6888671875,19,0.03994845360824742,1.0,8.44840841879869,0.6219936655376672,2.5152160681679856,6.936755682309221,0.3210407850904835,5,0.018580076279785855,1.0,2.9487990510400586,0.8378623188405797,5.76,6.123263888888889,0.6736111111111112,0,0.061855670103092786,0.8402777777777778,4.784530345392386
16,4,row,morton,True,32,False,False,tw16_th4_trow_imorton_hi_pal32,0.8713636526444999,0.6096518987341772,2.0434227330779056,12.5946875,0.8908203125,0,0.016883116883116882,1.0,4.276220859088475,0.946123417721519,15.165876777251185,0.77296875,0.9236328125,0,0.0888030888030888,0.9625,7.9923242366615295,0.8005537974683544,5.16545601291364,4.56875,0.67265625,4,0.011650485436893204,1.0,4.070643799221173,0.6355299659046729,2.6066681685064204,6.952553798288825,0.4188889889259026,7,0.016934327000454847,1.0,2.9141288336261173,0.8315217391304348,5.236363636363636,7.071180555555555,0.6909722222222222,0,0.0,0.9166666666666666,4.772136840235524
16,16,row,morton,False,64,False,False,tw16_th16_trow_imorton_lo_pal64,0.38737759625905555,0.591613924050633,1.9399818126705062,12.59734375,0.8669921875,0,0.09420916162489196,0.9875,3.7092258263483053,0.9435126582278481,14.065934065934066,0.7915625,0.9189453125,0,0.15444015444015444,1.0,3.7005054363138123,0.7860759493670886,4.6613255644573925,4.6596875,0.6158203125,6,0.01864951768488746,1.0,8.319752514832123,0.6242810780995693,2.439183776719086,6.9663296171463145,0.3920770685153507,6,0.02191109555477774,1.0,3.120046190355115,0.8342391304347826,5.052631578947368,6.503472222222222,0.71875,0,0.024691358024691357,0.7638888888888888,4.765450709478023
16,4,row,col,False,0,False,False,tw16_th4_trow_icol_lo_pal0,1.1040223213615354,0.6807753164556962,1.9674146941284967,8.4740625,0.8919921875,10,0.0887830229536596,1.0,3.3747799201496176,0.9401107594936708,11.208406304728546,0.75125,0.9216796875,0,0.18532818532818532,0.95,3.6687900922389796,0.8099683544303797,4.488078541374474,4.09375,0.6763671875,7,0.01804123711340206,1.0,8.355762324702328,0.636140113889626,2.350300617484563,6.634897588799586,0.41957324209957686,4,0.02491339794954337,1.0,3.324151899744572,0.8541666666666666,4.9655172413793105,5.769097222222222,0.6631944444444444,0,0.0,0.875,4.758793876315114
16,32,row,morton,False,64,False,True,tw16_th32_trow_imorton_lo_pal64_full,0.40141006537398405,0.5920094936708862,1.9429265330904675,12.5934375,0.858203125,0,0.09437229437229437,0.9875,3.6935026448927957,0.9403481012658228,13.417190775681341,0.83015625,0.9166015625,0,0.14545454545454545,1.0,3.499518771346887,0.7914556962025316,4.702424687729611,4.3784375,0.63984375,8,0.018111254851228976,1.0,8.428585002613117,0.6381744335013972,2.544754783373653,6.744274479301702,0.39472404789772214,6,0.020007301935012777,1.0,3.2605892417353415,0.8559782608695652,5.647058823529412,5.586805555555555,0.75,0,0.041666666666666664,0.7638888888888888,4.756932798409705
16,32,row,morton,False,64,True,True,tw16_th32_trow_imorton_lo_pal64_pad64_full,0.40141006537398405,0.5920094936708862,1.9429265330904675,12.5934375,0.858203125,0,0.09437229437229437,0.9875,3.6935026448927957,0.9403481012658228,13.417190775681341,0.83015625,0.9166015625,0,0.14545454545454545,1.0,3.499518771346887,0.7914556962025316,4.702424687729611,4.3784375,0.63984375,8,0.018111254851228976,1.0,8.428585002613117,0.6381744335013972,2.544754783373653,6.744274479301702,0.39472404789772214,6,0.020007301935012777,1.0,3.2605892417353415,0.8559782608695652,5.647058823529412,5.586805555555555,0.75,0,0.041666666666666664,0.7638888888888888,4.756932798409705
16,8,row,col,True,64,True,False,tw16_th8_trow_icol_hi_pal64_pad64,0.6524413565276683,0.5769778481012658,1.6588906168999482,10.7303125,0.8748046875,0,0.03025064822817632,1.0,4.008874680905519,0.9449367088607594,10.774410774410775,0.7259375,0.9205078125,0,0.0694980694980695,0.975,3.036142618446886,0.8171677215189873,4.166666666666667,4.23,0.6662109375,13,0.002572347266881029,1.0,8.405024518705414,0.6357500775321503,2.0717994628469114,6.723394693630628,0.4411992437201765,4,0.004710183134732328,1.0,3.45272837636968,0.8442028985507246,3.6923076923076925,4.416666666666667,0.7430555555555556,0,0.013513513513513514,0.75,4.750679999602431
16,8,row,col,True,64,False,False,tw16_th8_trow_icol_hi_pal64,0.6524413565276683,0.5769778481012658,1.6588906168999482,10.7303125,0.8748046875,0,0.03025064822817632,1.0,4.008874680905519,0.9449367088607594,10.774410774410775,0.7259375,0.9205078125,0,0.0694980694980695,0.975,3.036142618446886,0.8171677215189873,4.166666666666667,4.23,0.6662109375,13,0.002572347266881029,1.0,8.406607150766417,0.6352037853012554,2.064848852564331,6.727594849191945,0.4388943909246421,6,0.004445222261113056,1.0,3.4340586899010814,0.832427536231884,3.4285714285714284,4.819444444444445,0.71875,0,0.0,0.75,4.749287820573872
16,8,row,col,True,64,False,True,tw16_th8_trow_icol_hi_pal64_full,0.6524413565276683,0.5769778481012658,1.6588906168999482,10.7303125,0.8748046875,0,0.03025064822817632,1.0,4.008874680905519,0.9449367088607594,10.774410774410775,0.7259375,0.9205078125,0,0.0694980694980695,0.975,3.036142618446886,0.8171677215189873,4.166666666666667,4.23,0.6662109375,13,0.002572347266881029,1.0,8.399617044301495,0.6350733655361376,2.0680225907921077,6.728822055137845,0.4409291437831998,3,0.005024595924104006,1.0,3.45272837636968,0.8442028985507246,3.6923076923076925,4.416666666666667,0.7430555555555556,0,0.013513513513513514,0.75,4.749057757281256
16,8,row,col,True,64,True,True,tw16_th8_trow_icol_hi_pal64_pad64_full,0.6524413565276683,0.5769778481012658,1.6588906168999482,10.7303125,0.8748046875,0,0.03025064822817632,1.0,4.008874680905519,0.9449367088607594,10.774410774410775,0.7259375,0.9205078125,0,0.0694980694980695,0.975,3.036142618446886,0.8171677215189873,4.166666666666667,4.23,0.6662109375,13,0.002572347266881029,1.0,8.399617044301495,0.6350733655361376,2.0680225907921077,6.728822055137845,0.4409291437831998,3,0.005024595924104006,1.0,3.45272837636968,0.8442028985507246,3.6923076923076925,4.416666666666667,0.7430555555555556,0,0.013513513513513514,0.75,4.749057757281256
16,8,row,col,True,0,True,False,tw16_th8_trow_icol_hi_pal0_pad64,0.6392715118524483,0.5787183544303798,1.6627695505326059,10.67703125,0.88125,0,0.03204850584668688,1.0,4.015093529797924,0.9450949367088608,10.774410774410775,0.71703125,0.9177734375,0,0.0694980694980695,0.975,3.067070876597113,0.820886075949367,4.221635883905013,4.13109375,0.66953125,13,0.002577319587628866,1.0,8.401418846537055,0.6354208834650403,2.0700203942895987,6.7595367729669,0.43959665076078147,4,0.004463658090819626,1.0,3.335284236271905,0.8315217391304348,3.408284023668639,5.130208333333333,0.6909722222222222,0,0.0,0.7916666666666666,4.746458544199212
16,8,row,col,True,0,False,True,tw16_th8_trow_icol_hi_pal0_full,0.6392715118524483,0.5787183544303798,1.6627695505326059,10.67703125,0.88125,0,0.03204850584668688,1.0,4.015093529797924,0.9450949367088608,10.774410774410775,0.71703125,0.9177734375,0,0.0694980694980695,0.975,3.067070876597113,0.820886075949367,4.221635883905013,4.13109375,0.66953125,13,0.002577319587628866,1.0,8.395470166363193,0.6347181411382863,2.06625,6.765344395471438,0.4394345907985955,3,0.004813435457803387,1.0,3.335284236271905,0.8315217391304348,3.408284023668639,5.130208333333333,0.6909722222222222,0,0.0,0.7916666666666666,4.744673940147054
16,8,row,col,True,0,True,True,tw16_th8_trow_icol_hi_pal0_pad64_full,0.6392715118524483,0.5787183544303798,1.6627695505326059,10.67703125,0.88125,0,0.03204850584668688,1.0,4.015093529797924,0.9450949367088608,10.774410774410775,0.71703125,0.9177734375,0,0.0694980694980695,0.975,3.067070876597113,0.820886075949367,4.221635883905013,4.13109375,0.66953125,13,0.002577319587628866,1.0,8.395470166363193,0.6347181411382863,2.06625,6.765344395471438,0.4394345907985955,3,0.004813435457803387,1.0,3.335284236271905,0.8315217391304348,3.408284023668639,5.130208333333333,0.6909722222222222,0,0.0,0.7916666666666666,4.744673940147054
16,32,row,col,False,64,False,True,tw16_th32_trow_icol_lo_pal64_full,3.4353986757457338,0.8120253164556962,7.407407407407407,4.541875,0.8439453125,10,0.0011815675462780622,0.95,3.677783993624494,0.9462816455696202,12.379110251450676,0.6778125,0.9185546875,0,0.1455223880597015,0.9875,2.689944563277841,0.8115506329113924,4.0201005025125625,3.77046875,0.6509765625,16,0.011065006915629323,1.0,8.28299693176748,0.600905827824051,1.8154005459851266,6.453478523895947,0.3950481678220942,3,0.01729295877417001,1.0,3.278734693829364,0.786231884057971,2.909090909090909,1.4756944444444444,0.84375,0,0.13978494623655913,0.4791666666666667,4.743213867767446
16,32,row,col,False,64,True,True,tw16_th32_trow_icol_lo_pal64_pad64_full,3.4353986757457338,0.8120253164556962,7.407407407407407,4.541875,0.8439453125,10,0.0011815675462780622,0.95,3.677783993624494,0.9462816455696202,12.379110251450676,0.6778125,0.9185546875,0,0.1455223880597015,0.9875,2.689944563277841,0.8115506329113924,4.0201005025125625,3.77046875,0.6509765625,16,0.011065006915629323,1.0,8.28299693176748,0.600905827824051,1.8154005459851266,6.453478523895947,0.3950481678220942,3,0.01729295877417001,1.0,3.278734693829364,0.786231884057971,2.909090909090909,1.4756944444444444,0.84375,0,0.13978494623655913,0.4791666666666667,4.743213867767446
16,8,row,col,True,0,False,False,tw16_th8_trow_icol_hi_pal0,0.6392715118524483,0.5787183544303798,1.6627695505326059,10.67703125,0.88125,0,0.03204850584668688,1.0,4.015093529797924,0.9450949367088608,10.774410774410775,0.71703125,0.9177734375,0,0.0694980694980695,0.975,3.067070876597113,0.820886075949367,4.221635883905013,4.13109375,0.66953125,13,0.002577319587628866,1.0,8.404388247833799,0.6350568418509644,2.0644804453325722,6.744879439979258,0.4386062843252003,6,0.004303859477238532,1.0,3.2614281400966183,0.8206521739130435,3.2,5.458333333333333,0.6631944444444444,0,0.0,0.7916666666666666,4.739963754970708
16,8,row,col,True,32,True,False,tw16_th8_trow_icol_hi_pal32_pad64,0.652620873075545,0.5779272151898734,1.661905998441963,10.70375,0.87890625,0,0.02987012987012987,1.0,3.982563475971505,0.9448575949367088,10.738255033557047,0.724375,0.9193359375,0,0.0694980694980695,0.9875,3.0395184496283085,0.8184335443037974,4.183006535947713,4.20375,0.67109375,13,0.0025889967637540453,1.0,8.402932350707891,0.6353507287515463,2.0675052710574278,6.751966122202057,0.4388583775997119,4,0.0045245694644172425,1.0,3.388449944676605,0.8360507246376812,3.5337423312883436,4.763888888888889,0.7152777777777778,0,0.0,0.7916666666666666,4.737675670182023
16,32,col,bup,True,32,False,True,tw16_th32_tcol_ibup_hi_pal32_full,0.11607076883382961,0.5901898734177216,2.3121387283236996,4.44921875,0.852734375,14,0.2519548218940052,0.9625,3.7833009358090908,0.9485759493670887,18.233618233618234,0.5878125,0.924609375,0,0.011764705882352941,0.9875,2.755358720709002,0.8030854430379747,5.574912891986063,3.6053125,0.628125,17,0.006414368184733804,1.0,8.719690153174165,0.6335067269243595,2.9919325645136268,6.299403681617838,0.3333213288916899,2,0.0022969768820391228,1.0,4.11971115136876,0.855072463768116,9.0,3.826388888888889,0.7743055555555556,0,0.0,0.7256944444444444,4.7372153332905365
16,32,col,bup,True,32,True,True,tw16_th32_tcol_ibup_hi_pal32_pad64_full,0.11607076883382961,0.5901898734177216,2.3121387283236996,4.44921875,0.852734375,14,0.2519548218940052,0.9625,3.7833009358090908,0.9485759493670887,18.233618233618234,0.5878125,0.924609375,0,0.011764705882352941,0.9875,2.755358720709002,0.8030854430379747,5.574912891986063,3.6053125,0.628125,17,0.006414368184733804,1.0,8.719690153174165,0.6335067269243595,2.9919325645136268,6.299403681617838,0.3333213288916899,2,0.0022969768820391228,1.0,4.11971115136876,0.855072463768116,9.0,3.826388888888889,0.7743055555555556,0,0.0,0.7256944444444444,4.7372153332905365
16,8,row,col,True,32,False,True,tw16_th8_trow_icol_hi_pal32_full,0.652620873075545,0.5779272151898734,1.661905998441963,10.70375,0.87890625,0,0.02987012987012987,1.0,3.982563475971505,0.9448575949367088,10.738255033557047,0.724375,0.9193359375,0,0.0694980694980695,0.9875,3.0395184496283085,0.8184335443037974,4.183006535947713,4.20375,0.67109375,13,0.0025889967637540453,1.0,8.395624542281093,0.634648292837834,2.065438577701617,6.758465128338087,0.43959665076078147,3,0.004880446613531828,1.0,3.388449944676605,0.8360507246376812,3.5337423312883436,4.763888888888889,0.7152777777777778,0,0.0,0.7916666666666666,4.735483327653983
16,8,row,col,True,32,True,True,tw16_th8_trow_icol_hi_pal32_pad64_full,0.652620873075545,0.5779272151898734,1.661905998441963,10.70375,0.87890625,0,0.02987012987012987,1.0,3.982563475971505,0.9448575949367088,10.738255033557047,0.724375,0.9193359375,0,0.0694980694980695,0.9875,3.0395184496283085,0.8184335443037974,4.183006535947713,4.20375,0.67109375,13,0.0025889967637540453,1.0,8.395624542281093,0.634648292837834,2.065438577701617,6.758465128338087,0.43959665076078147,3,0.004880446613531828,1.0,3.388449944676605,0.8360507246376812,3.5337423312883436,4.763888888888889,0.7152777777777778,0,0.0,0.7916666666666666,4.735483327653983
16,8,row,col,True,32,False,False,tw16_th8_trow_icol_hi_pal32,0.652620873075545,0.5779272151898734,1.661905998441963,10.70375,0.87890625,0,0.02987012987012987,1.0,3.982563475971505,0.9448575949367088,10.738255033557047,0.724375,0.9193359375,0,0.0694980694980695,0.9875,3.0395184496283085,0.8184335443037974,4.183006535947713,4.20375,0.67109375,13,0.0025889967637540453,1.0,8.40632259518107,0.6352385562449607,2.0659548635909157,6.733955578601677,0.43867831097506077,6,0.00440852314474651,1.0,3.3048048024598824,0.8260869565217391,3.310344827586207,5.133680555555555,0.6909722222222222,0,0.0,0.7916666666666666,4.730328229302305
16,32,col,row,True,32,False,True,tw16_th32_tcol_irow_hi_pal32_full,0.6028706076049708,0.5920094936708861,2.307969707897584,4.42484375,0.85859375,10,0.25118893212278426,0.9625,3.846257673470202,0.9501582278481012,18.6046511627907,0.576875,0.9255859375,0,0.015873015873015872,0.9625,2.616716271403586,0.7911392405063291,5.306799336650083,3.62203125,0.5986328125,18,0.004742145820983995,1.0,8.712608048615717,0.6319822903757208,2.9967367657722987,6.334560539279233,0.33213288916899253,2,0.0018482921780275025,1.0,3.8533313204508866,0.822463768115942,8.347826086956522,4.784722222222222,0.7222222222222222,0,0.0,0.7256944444444444,4.727718420905386
16,32,col,row,True,32,True,True,tw16_th32_tcol_irow_hi_pal32_pad64_full,0.6028706076049708,0.5920094936708861,2.307969707897584,4.42484375,0.85859375,10,0.25118893212278426,0.9625,3.846257673470202,0.9501582278481012,18.6046511627907,0.576875,0.9255859375,0,0.015873015873015872,0.9625,2.616716271403586,0.7911392405063291,5.306799336650083,3.62203125,0.5986328125,18,0.004742145820983995,1.0,8.712608048615717,0.6319822903757208,2.9967367657722987,6.334560539279233,0.33213288916899253,2,0.0018482921780275025,1.0,3.8533313204508866,0.822463768115942,8.347826086956522,4.784722222222222,0.7222222222222222,0,0.0,0.7256944444444444,4.727718420905386
16,4,col,col,True,32,True,False,tw16_th4_tcol_icol_hi_pal32_pad64,1.9507236518447808,0.7348101265822784,2.37741456166419,7.0628125,0.8001953125,8,0.09153439153439154,1.0,4.666126235843462,0.9519778481012658,13.305613305613306,0.68078125,0.9013671875,0,0.0683453237410072,0.7875,3.50780790278395,0.7949367088607595,3.764705882352941,4.68046875,0.5326171875,9,0.008610086100861008,0.9875,5.133485517101188,0.8250776346901254,4.396944824441404,3.2333592602195145,0.6283965067074818,9,0.008624853377492582,0.5614035087719298,8.961836248389847,0.9157608695652174,6.329670329670329,2.763888888888889,0.7986111111111112,1,0.017241379310344827,0.8333333333333334,4.717510048160051
16,8,row,morton,False,64,True,False,tw16_th8_trow_imorton_lo_pal64_pad64,0.3782517589643277,0.591613924050633,1.9399818126705062,12.60578125,0.8748046875,0,0.09377700950734659,0.9875,3.712061832631435,0.9439082278481012,14.09691629955947,0.78546875,0.9205078125,0,0.15444015444015444,1.0,3.5843822230776423,0.7818037974683545,4.60431654676259,4.771875,0.6662109375,6,0.01864951768488746,1.0,8.243515938416293,0.6234321278947769,2.4552283143778646,6.973796560366433,0.441451336994688,2,0.02172308341242223,1.0,3.168183511842517,0.845108695652174,5.284403669724771,5.802083333333333,0.7430555555555556,0,0.04054054054054054,0.7638888888888888,4.717208727910646
16,8,row,morton,False,64,False,True,tw16_th8_trow_imorton_lo_pal64_full,0.3782517589643277,0.591613924050633,1.9399818126705062,12.60578125,0.8748046875,0,0.09377700950734659,0.9875,3.712061832631435,0.9439082278481012,14.09691629955947,0.78546875,0.9205078125,0,0.15444015444015444,1.0,3.5843822230776423,0.7818037974683545,4.60431654676259,4.771875,0.6662109375,6,0.01864951768488746,1.0,8.241776826726072,0.6229028189686177,2.451067615658363,6.9875205254515595,0.4405329972089673,2,0.02145063895520292,1.0,3.168183511842517,0.845108695652174,5.284403669724771,5.802083333333333,0.7430555555555556,0,0.04054054054054054,0.7638888888888888,4.71668699440358
16,8,row,morton,False,64,True,True,tw16_th8_trow_imorton_lo_pal64_pad64_full,0.3782517589643277,0.591613924050633,1.9399818126705062,12.60578125,0.8748046875,0,0.09377700950734659,0.9875,3.712061832631435,0.9439082278481012,14.09691629955947,0.78546875,0.9205078125,0,0.15444015444015444,1.0,3.5843822230776423,0.7818037974683545,4.60431654676259,4.771875,0.6662109375,6,0.01864951768488746,1.0,8.241776826726072,0.6229028189686177,2.451067615658363,6.9875205254515595,0.4405329972089673,2,0.02145063895520292,1.0,3.168183511842517,0.845108695652174,5.284403669724771,5.802083333333333,0.7430555555555556,0,0.04054054054054054,0.7638888888888888,4.71668699440358
16,4,col,col,True,32,True,True,tw16_th4_tcol_icol_hi_pal32_pad64_full,1.9507236518447808,0.7348101265822784,2.37741456166419,7.0628125,0.8001953125,8,0.09153439153439154,1.0,4.666126235843462,0.9519778481012658,13.305613305613306,0.68078125,0.9013671875,0,0.0683453237410072,0.7875,3.50780790278395,0.7949367088607595,3.764705882352941,4.68046875,0.5326171875,9,0.008610086100861008,0.9875,5.127811827318207,0.8250172930352413,4.394940747493163,3.231855500821018,0.628756639956784,9,0.009454143951418121,0.5614035087719298,8.961836248389847,0.9157608695652174,6.329670329670329,2.763888888888889,0.7986111111111112,1,0.017241379310344827,0.8333333333333334,4.715807941225156
16,4,row,morton,False,0,False,False,tw16_th4_trow_imorton_lo_pal0,0.34999965830447444,0.5925632911392406,1.941747572815534,12.57140625,0.8919921875,0,0.09484625378951927,0.9875,3.8254574145305464,0.944382911392405,14.222222222222221,0.76859375,0.9216796875,0,0.15444015444015444,0.95,3.7206833735590514,0.801503164556962,5.05130228887135,4.51125,0.6763671875,6,0.01997422680412371,1.0,8.280558670163934,0.6242736171229591,2.477836309906206,6.972361939331086,0.4194111821373908,5,0.02197417684313657,1.0,2.3857801898581874,0.8197463768115942,4.760330578512397,7.486111111111111,0.6631944444444444,0,0.041237113402061855,1.0,4.712742197602652
16,8,row,morton,False,64,False,False,tw16_th8_trow_imorton_lo_pal64,0.3782517589643277,0.591613924050633,1.9399818126705062,12.60578125,0.8748046875,0,0.09377700950734659,0.9875,3.712061832631435,0.9439082278481012,14.09691629955947,0.78546875,0.9205078125,0,0.15444015444015444,1.0,3.5843822230776423,0.7818037974683545,4.60431654676259,4.771875,0.6662109375,6,0.01864951768488746,1.0,8.245866331625535,0.6227117128339438,2.446714031971581,7.021190908305246,0.4394525974610606,4,0.01991599579978999,1.0,3.1116042673107893,0.8333333333333333,5.008695652173913,6.510416666666667,0.71875,0,0.024691358024691357,0.7638888888888888,4.712255921420247
16,32,col,row,True,64,False,True,tw16_th32_tcol_irow_hi_pal64_full,0.5978360481398346,0.5928006329113924,2.3129743404409107,4.4521875,0.8595703125,10,0.251621271076524,0.9625,3.8542612392117324,0.9501582278481012,18.71345029239766,0.57921875,0.92578125,0,0.01593625498007968,0.9625,2.472993373643907,0.7863132911392405,5.169628432956381,3.63140625,0.591015625,19,0.0052173913043478265,1.0,8.717995419738704,0.6329733197237688,3.001556420233463,6.315806758274998,0.33382551544071304,3,0.0017758046614872365,1.0,3.9938613947445476,0.838768115942029,8.727272727272727,4.303819444444445,0.7465277777777778,0,0.0,0.7256944444444444,4.707697848589719
16,32,col,row,True,64,True,True,tw16_th32_tcol_irow_hi_pal64_pad64_full,0.5978360481398346,0.5928006329113924,2.3129743404409107,4.4521875,0.8595703125,10,0.251621271076524,0.9625,3.8542612392117324,0.9501582278481012,18.71345029239766,0.57921875,0.92578125,0,0.01593625498007968,0.9625,2.472993373643907,0.7863132911392405,5.169628432956381,3.63140625,0.591015625,19,0.0052173913043478265,1.0,8.717995419738704,0.6329733197237688,3.001556420233463,6.315806758274998,0.33382551544071304,3,0.0017758046614872365,1.0,3.9938613947445476,0.838768115942029,8.727272727272727,4.303819444444445,0.7465277777777778,0,0.0,0.7256944444444444,4.707697848589719
16,4,row,col,False,64,False,False,tw16_th4_trow_icol_lo_pal64,1.0995821209416345,0.6800632911392406,1.9631901840490797,8.49921875,0.8890625,10,0.08902333621434745,1.0,3.2751893432388286,0.9401898734177214,11.24780316344464,0.7528125,0.9236328125,0,0.18532818532818532,1.0,3.4896216062505543,0.8037183544303798,4.315576534052596,4.2,0.68046875,8,0.017363344051446947,1.0,8.361320063726357,0.6364618312975685,2.349918765231519,6.619911848586985,0.4173584226163681,3,0.025166258312915645,1.0,3.519917471819646,0.8596014492753623,5.008695652173913,5.246527777777778,0.71875,0,0.0,0.7916666666666666,4.707205182842442
16,4,col,bup,False,64,True,True,tw16_th4_tcol_ibup_lo_pal64_pad64_full,1.1052976669605314,0.6614715189873418,2.824360105913504,3.6471875,0.801953125,10,0.2566929133858268,0.9625,2.4770732680555687,0.9504746835443039,17.344173441734416,0.505625,0.9310546875,0,0.2815533980582524,0.8,2.9912854758537972,0.7733386075949367,4.651162790697675,4.24671875,0.51171875,14,0.02238354506957048,0.95,9.426181466949846,0.786013128906133,4.970360824742268,3.4314579552329096,0.6253893940758081,6,0.020345672291780078,0.5614035087719298,3.6354652191608707,0.8804347826086957,8.861538461538462,3.0034722222222223,0.8298611111111112,0,0.14285714285714285,0.6111111111111112,4.7015980487743185
16,4,col,bup,False,64,True,False,tw16_th4_tcol_ibup_lo_pal64_pad64,1.1052976669605314,0.6614715189873418,2.824360105913504,3.6471875,0.801953125,10,0.2566929133858268,0.9625,2.4770732680555687,0.9504746835443039,17.344173441734416,0.505625,0.9310546875,0,0.2815533980582524,0.8,2.9912854758537972,0.7733386075949367,4.651162790697675,4.24671875,0.51171875,14,0.02238354506957048,0.95,9.425374270716222,0.7860306484336913,4.969933854479856,3.4272059458992308,0.6258395606374358,6,0.0204915242698618,0.5614035087719298,3.6354652191608707,0.8804347826086957,8.861538461538462,3.0034722222222223,0.8298611111111112,0,0.14285714285714285,0.6111111111111112,4.701355889904232
16,32,row,col,False,32,False,True,tw16_th32_trow_icol_lo_pal32_full,3.4343418027488943,0.8118670886075949,7.390300230946882,4.5428125,0.8431640625,10,0.0011838989739542227,0.95,3.664065455790012,0.9471518987341772,12.573673870333987,0.6725,0.9181640625,0,0.1471698113207547,1.0,2.681091008250246,0.8100474683544303,3.936039360393604,3.710625,0.6521484375,16,0.011740331491712707,1.0,8.276111419564906,0.6003245348396695,1.8143757644181013,6.477469535908737,0.3954263077338615,3,0.01727783042939418,1.0,2.864894056968125,0.7626811594202898,2.6422018348623855,1.4982638888888888,0.8472222222222222,0,0.1346153846153846,0.6388888888888888,4.693810856436663
16,32,row,col,False,32,True,True,tw16_th32_trow_icol_lo_pal32_pad64_full,3.4343418027488943,0.8118670886075949,7.390300230946882,4.5428125,0.8431640625,10,0.0011838989739542227,0.95,3.664065455790012,0.9471518987341772,12.573673870333987,0.6725,0.9181640625,0,0.1471698113207547,1.0,2.681091008250246,0.8100474683544303,3.936039360393604,3.710625,0.6521484375,16,0.011740331491712707,1.0,8.276111419564906,0.6003245348396695,1.8143757644181013,6.477469535908737,0.3954263077338615,3,0.01727783042939418,1.0,2.864894056968125,0.7626811594202898,2.6422018348623855,1.4982638888888888,0.8472222222222222,0,0.1346153846153846,0.6388888888888888,4.693810856436663
16,4,row,col,False,32,False,False,tw16_th4_trow_icol_lo_pal32,1.1012491560822755,0.680617088607595,1.9656019656019657,8.48234375,0.8908203125,10,0.08917748917748917,1.0,3.3406024888313075,0.9398734177215189,11.149825783972126,0.75375,0.9236328125,0,0.18532818532818532,0.9625,3.4076727527974837,0.8066455696202532,4.401650618982118,4.15125,0.67265625,9,0.017475728155339806,1.0,8.361569604576458,0.636835685970254,2.3521161117209415,6.619773571860686,0.4189250022508328,4,0.025016619432490117,1.0,3.415889017296907,0.8559782608695652,4.9655172413793105,5.512152777777778,0.6909722222222222,0,0.0,0.8333333333333334,4.692711278412696
16,4,row,morton,False,64,False,False,tw16_th4_trow_imorton_lo_pal64,0.3510463034113782,0.5914556962025317,1.9399818126705062,12.62171875,0.8890625,0,0.09464131374243734,0.9875,3.7372892483717055,0.9439873417721518,14.1280353200883,0.7734375,0.9236328125,0,0.15444015444015444,0.9875,3.5375794580480067,0.7933544303797468,4.892966360856269,4.6490625,0.68046875,7,0.0180064308681672,1.0,8.289501002597984,0.6245251032141473,2.478897981918677,6.951672284158673,0.4174304492662285,5,0.021736086804340218,1.0,2.798525563607086,0.8333333333333333,5.008695652173913,6.555555555555555,0.71875,0,0.024691358024691357,0.9166666666666666,4.68625242508214
16,32,col,bup,True,0,False,True,tw16_th32_tcol_ibup_hi_pal0_full,0.10406042869963161,0.5901107594936709,2.3046453006841916,4.46828125,0.8541015625,14,0.2529284164859002,0.9625,3.8300592303875494,0.9512658227848101,19.047619047619047,0.55875,0.9302734375,0,0.012295081967213115,1.0,2.5578722840910353,0.8078322784810127,5.818181818181818,3.46015625,0.636328125,19,0.007853403141361256,1.0,8.718907513834937,0.6334680875160041,3.006391602577427,6.305211304122375,0.3344917619519222,2,0.0021485460270420447,1.0,3.9938613947445476,0.838768115942029,8.727272727272727,4.303819444444445,0.7465277777777778,0,0.0,0.7256944444444444,4.684245421685338
16,32,col,bup,True,0,True,True,tw16_th32_tcol_ibup_hi_pal0_pad64_full,0.10406042869963161,0.5901107594936709,2.3046453006841916,4.46828125,0.8541015625,14,0.2529284164859002,0.9625,3.8300592303875494,0.9512658227848101,19.047619047619047,0.55875,0.9302734375,0,0.012295081967213115,1.0,2.5578722840910353,0.8078322784810127,5.818181818181818,3.46015625,0.636328125,19,0.007853403141361256,1.0,8.718907513834937,0.6334680875160041,3.006391602577427,6.305211304122375,0.3344917619519222,2,0.0021485460270420447,1.0,3.9938613947445476,0.838768115942029,8.727272727272727,4.303819444444445,0.7465277777777778,0,0.0,0.7256944444444444,4.684245421685338
16,32,row,col,False,0,False,True,tw16_th32_trow_icol_lo_pal0_full,3.433096415207507,0.8121835443037975,7.407407407407407,4.5434375,0.844140625,10,0.0015785319652722968,0.95,3.740292294096059,0.9473892405063291,12.6232741617357,0.6709375,0.9193359375,0,0.14339622641509434,0.975,2.5663473176495195,0.8111550632911393,3.8929440389294405,3.61953125,0.6568359375,17,0.012362637362637362,1.0,8.275624212371257,0.600775944281756,1.8160843770599868,6.48600812375767,0.3965967407940938,3,0.017153910726668855,1.0,2.84506702916356,0.7445652173913043,2.4201680672268906,1.4965277777777777,0.8472222222222222,0,0.12280701754385964,0.6388888888888888,4.681567978898184
16,32,row,col,False,0,True,True,tw16_th32_trow_icol_lo_pal0_pad64_full,3.433096415207507,0.8121835443037975,7.407407407407407,4.5434375,0.844140625,10,0.0015785319652722968,0.95,3.740292294096059,0.9473892405063291,12.6232741617357,0.6709375,0.9193359375,0,0.14339622641509434,0.975,2.5663473176495195,0.8111550632911393,3.8929440389294405,3.61953125,0.6568359375,17,0.012362637362637362,1.0,8.275624212371257,0.600775944281756,1.8160843770599868,6.48600812375767,0.3965967407940938,3,0.017153910726668855,1.0,2.84506702916356,0.7445652173913043,2.4201680672268906,1.4965277777777777,0.8472222222222222,0,0.12280701754385964,0.6388888888888888,4.681567978898184
16,4,row,morton,False,0,False,True,tw16_th4_trow_imorton_lo_pal0_full,0.34999965830447444,0.5925632911392406,1.941747572815534,12.57140625,0.8919921875,0,0.09484625378951927,0.9875,3.8254574145305464,0.944382911392405,14.222222222222221,0.76859375,0.9216796875,0,0.15444015444015444,0.95,3.7206833735590514,0.801503164556962,5.05130228887135,4.51125,0.6763671875,6,0.01997422680412371,1.0,8.28322452912293,0.6249532017412367,2.480917667238422,6.9869674185463655,0.4174484559286936,2,0.02211069385463096,1.0,2.061010101195313,0.7780797101449275,4.027972027972028,8.821180555555555,0.6041666666666666,0,0.03508771929824561,1.0,4.681064946424063
16,32,col,col,False,32,False,False,tw16_th32_tcol_icol_lo_pal32,2.3282580749507034,0.7730221518987341,4.204993429697766,4.408125,0.853515625,13,0.05238095238095238,0.9625,3.5427771530420564,0.946756329113924,12.45136186770428,0.6403125,0.9193359375,0,0.16602316602316602,1.0,3.2308778031672505,0.8011075949367088,3.78698224852071,4.2615625,0.693359375,10,0.006472491909385114,1.0,8.307523446566693,0.5880990504645873,1.7386927122464313,6.679872094028174,0.320482578554065,5,0.015954655190511178,1.0,2.340136050137567,0.8052536231884058,3.0638297872340425,4.657986111111111,0.6909722222222222,0,0.10112359550561797,0.9583333333333334,4.67368157359424
16,1,row,row,False,32,False,True,tw16_th1_trow_irow_lo_pal32_full,0.9665065794996786,0.5906645569620254,2.3340627279358133,4.525,0.3408203125,13,0.2567099567099567,0.9625,3.763377585559489,0.9410601265822784,14.578587699316628,0.6896875,0.9126953125,0,0.22393822393822393,0.7940625,3.127225443889998,0.7747626582278482,5.465414175918019,4.85703125,0.744921875,9,0.020064724919093852,1.0,8.198698553951806,0.5767559427603066,2.7586782376502,6.497692507129893,0.44950031511659316,6,0.013502641060621962,1.0,3.417382139357044,0.7626811594202898,5.647058823529412,1.4982638888888888,0.6458333333333334,0,0.1346153846153846,0.6388888888888888,4.670225094138086
16,1,row,col,False,32,False,True,tw16_th1_trow_icol_lo_pal32_full,0.9665065794996786,0.5906645569620254,2.3340627279358133,4.525,0.3408203125,13,0.2567099567099567,0.9625,3.763377585559489,0.9410601265822784,14.578587699316628,0.6896875,0.9126953125,0,0.22393822393822393,0.7940625,3.127225443889998,0.7747626582278482,5.465414175918019,4.85703125,0.744921875,9,0.020064724919093852,1.0,8.198698553951806,0.5767559427603066,2.7586782376502,6.497692507129893,0.44950031511659316,6,0.013502641060621962,1.0,3.417382139357044,0.7626811594202898,5.647058823529412,1.4982638888888888,0.6458333333333334,0,0.1346153846153846,0.6388888888888888,4.670225094138086
16,1,row,morton,False,32,False,True,tw16_th1_trow_imorton_lo_pal32_full,0.9665065794996786,0.5906645569620254,2.3340627279358133,4.525,0.3408203125,13,0.2567099567099567,0.9625,3.763377585559489,0.9410601265822784,14.578587699316628,0.6896875,0.9126953125,0,0.22393822393822393,0.7940625,3.127225443889998,0.7747626582278482,5.465414175918019,4.85703125,0.744921875,9,0.020064724919093852,1.0,8.198698553951806,0.5767559427603066,2.7586782376502,6.497692507129893,0.44950031511659316,6,0.013502641060621962,1.0,3.417382139357044,0.7626811594202898,5.647058823529412,1.4982638888888888,0.6458333333333334,0,0.1346153846153846,0.6388888888888888,4.670225094138086
16,1,row,bup,False,32,False,True,tw16_th1_trow_ibup_lo_pal32_full,0.9665065794996786,0.5906645569620254,2.3340627279358133,4.525,0.3408203125,13,0.2567099567099567,0.9625,3.763377585559489,0.9410601265822784,14.578587699316628,0.6896875,0.9126953125,0,0.22393822393822393,0.7940625,3.127225443889998,0.7747626582278482,5.465414175918019,4.85703125,0.744921875,9,0.020064724919093852,1.0,8.198698553951806,0.5767559427603066,2.7586782376502,6.497692507129893,0.44950031511659316,6,0.013502641060621962,1.0,3.417382139357044,0.7626811594202898,5.647058823529412,1.4982638888888888,0.6458333333333334,0,0.1346153846153846,0.6388888888888888,4.670225094138086
16,4,row,morton,False,64,False,True,tw16_th4_trow_imorton_lo_pal64_full,0.3510463034113782,0.5914556962025317,1.9399818126705062,12.62171875,0.8890625,0,0.09464131374243734,0.9875,3.7372892483717055,0.9439873417721518,14.1280353200883,0.7734375,0.9236328125,0,0.15444015444015444,0.9875,3.5375794580480067,0.7933544303797468,4.892966360856269,4.6490625,0.68046875,7,0.0180064308681672,1.0,8.287649706064656,0.6252657189166528,2.4803858520900324,6.956702100077781,0.4178446025029261,3,0.02231578947368421,1.0,2.4434755324898214,0.802536231884058,4.430769230769231,7.373263888888889,0.6770833333333334,0,0.043010752688172046,0.9166666666666666,4.6501920330104145
16,4,col,bup,False,0,True,True,tw16_th4_tcol_ibup_lo_pal0_pad64_full,1.219036820052829,0.66123417721519,2.8268551236749118,3.654375,0.802734375,9,0.2572178477690289,0.9625,2.4983009348540914,0.9501582278481013,17.344173441734416,0.51,0.92890625,0,0.2815533980582524,0.79,2.8803667695344815,0.772863924050633,4.651162790697675,4.2271875,0.5080078125,15,0.022023809523809525,0.95,9.430928263349287,0.7864819429708872,4.995682583542009,3.4180278281911676,0.6267218870982263,6,0.02025870919170488,0.5614035087719298,3.1684011350517,0.8523550724637681,8.112676056338028,3.796875,0.7881944444444444,0,0.12903225806451613,0.7638888888888888,4.6420951412552105
16,4,col,row,True,32,True,True,tw16_th4_tcol_irow_hi_pal32_pad64_full,0.9248690283562733,0.6647943037974684,2.8181417877586967,3.67078125,0.8001953125,12,0.24867724867724866,0.9625,5.822765704913717,0.9516613924050632,20.71197411003236,0.64484375,0.9013671875,0,0.007194244604316547,0.70359375,4.157535649668818,0.7897151898734177,5.423728813559322,4.1184375,0.5326171875,6,0.007995079950799507,0.95,5.173246188868272,0.8040031211184163,5.60719131614654,3.3325900959294787,0.6283965067074818,9,0.002000965983578279,0.5614035087719298,3.8501993499237104,0.8704710144927537,9.290322580645162,3.2274305555555554,0.7986111111111112,0,0.03389830508474576,0.8333333333333334,4.605861666112814
16,4,row,row,True,32,True,False,tw16_th4_trow_irow_hi_pal32_pad64,1.4158527605556404,0.6637658227848102,2.8181417877586967,3.72609375,0.896484375,9,0.24867724867724866,0.818125,5.640642059127099,0.9515822784810126,21.05263157894737,0.66125,0.9111328125,0,0.007194244604316547,0.8,3.8672260092866155,0.7852056962025317,5.719392314566577,4.398125,0.677734375,8,0.006765067650676507,0.85,5.211766822464219,0.7952126150032082,5.8315693982461445,3.514095583787054,0.705861168632394,7,0.0017622339704486919,0.5517241379310345,4.56959423860339,0.8822463768115942,9.76271186440678,3.029513888888889,0.7986111111111112,0,0.017241379310344827,0.5833333333333334,4.605803389231622
16,4,col,row,True,32,True,False,tw16_th4_tcol_irow_hi_pal32_pad64,0.9248690283562733,0.6647943037974684,2.8181417877586967,3.67078125,0.8001953125,12,0.24867724867724866,0.9625,5.822765704913717,0.9516613924050632,20.71197411003236,0.64484375,0.9013671875,0,0.007194244604316547,0.70359375,4.157535649668818,0.7897151898734177,5.423728813559322,4.1184375,0.5326171875,6,0.007995079950799507,0.95,5.173246188868272,0.8040031211184163,5.60719131614654,3.3325900959294787,0.6283965067074818,9,0.002000965983578279,0.5614035087719298,3.8463152530961437,0.8759057971014492,9.76271186440678,3.217013888888889,0.7986111111111112,0,0.017241379310344827,0.9166666666666666,4.605473256430057
16,4,col,bup,False,0,True,False,tw16_th4_tcol_ibup_lo_pal0_pad64,1.219036820052829,0.66123417721519,2.8268551236749118,3.654375,0.802734375,9,0.2572178477690289,0.9625,2.4983009348540914,0.9501582278481013,17.344173441734416,0.51,0.92890625,0,0.2815533980582524,0.79,2.8803667695344815,0.772863924050633,4.651162790697675,4.2271875,0.5080078125,15,0.022023809523809525,0.95,9.431401885603815,0.7863780514577033,4.983204134366925,3.416230230749287,0.6262177005492032,6,0.02011317924592623,0.5614035087719298,2.7567193886273325,0.848731884057971,7.890410958904109,3.779513888888889,0.78125,0,0.14285714285714285,0.9184027777777778,4.601069053289133
16,1,row,row,False,64,False,True,tw16_th1_trow_irow_lo_pal64_full,0.9683935642113985,0.5897151898734178,2.334914264866837,4.5140625,0.341796875,13,0.25583405358686256,0.9625,3.464501734322066,0.9419303797468355,14.678899082568808,0.680625,0.9123046875,0,0.22393822393822393,0.95046875,2.9897337534864965,0.7725474683544304,5.333333333333333,4.92390625,0.744140625,10,0.0180064308681672,1.0,8.195485963848512,0.5767815134714855,2.7586782376502,6.485161178809092,0.4517871612496624,6,0.013831500805378528,1.0,3.7761063697724686,0.786231884057971,5.877551020408164,1.4756944444444444,0.6770833333333334,0,0.13978494623655913,0.4791666666666667,4.591829138098938
16,1,row,col,False,64,False,True,tw16_th1_trow_icol_lo_pal64_full,0.9683935642113985,0.5897151898734178,2.334914264866837,4.5140625,0.341796875,13,0.25583405358686256,0.9625,3.464501734322066,0.9419303797468355,14.678899082568808,0.680625,0.9123046875,0,0.22393822393822393,0.95046875,2.9897337534864965,0.7725474683544304,5.333333333333333,4.92390625,0.744140625,10,0.0180064308681672,1.0,8.195485963848512,0.5767815134714855,2.7586782376502,6.485161178809092,0.4517871612496624,6,0.013831500805378528,1.0,3.7761063697724686,0.786231884057971,5.877551020408164,1.4756944444444444,0.6770833333333334,0,0.13978494623655913,0.4791666666666667,4.591829138098938
16,1,row,morton,False,64,False,True,tw16_th1_trow_imorton_lo_pal64_full,0.9683935642113985,0.5897151898734178,2.334914264866837,4.5140625,0.341796875,13,0.25583405358686256,0.9625,3.464501734322066,0.9419303797468355,14.678899082568808,0.680625,0.9123046875,0,0.22393822393822393,0.95046875,2.9897337534864965,0.7725474683544304,5.333333333333333,4.92390625,0.744140625,10,0.0180064308681672,1.0,8.195485963848512,0.5767815134714855,2.7586782376502,6.485161178809092,0.4517871612496624,6,0.013831500805378528,1.0,3.7761063697724686,0.786231884057971,5.877551020408164,1.4756944444444444,0.6770833333333334,0,0.13978494623655913,0.4791666666666667,4.591829138098938
16,1,row,bup,False,64,False,True,tw16_th1_trow_ibup_lo_pal64_full,0.9683935642113985,0.5897151898734178,2.334914264866837,4.5140625,0.341796875,13,0.25583405358686256,0.9625,3.464501734322066,0.9419303797468355,14.678899082568808,0.680625,0.9123046875,0,0.22393822393822393,0.95046875,2.9897337534864965,0.7725474683544304,5.333333333333333,4.92390625,0.744140625,10,0.0180064308681672,1.0,8.195485963848512,0.5767815134714855,2.7586782376502,6.485161178809092,0.4517871612496624,6,0.013831500805378528,1.0,3.7761063697724686,0.786231884057971,5.877551020408164,1.4756944444444444,0.6770833333333334,0,0.13978494623655913,0.4791666666666667,4.591829138098938
16,1,row,row,False,32,False,False,tw16_th1_trow_irow_lo_pal32,0.9665065794996786,0.5906645569620254,2.3340627279358133,4.525,0.3408203125,13,0.2567099567099567,0.9625,3.763377585559489,0.9410601265822784,14.578587699316628,0.6896875,0.9126953125,0,0.22393822393822393,0.7940625,3.127225443889998,0.7747626582278482,5.465414175918019,4.85703125,0.744921875,9,0.020064724919093852,1.0,8.183531431644154,0.5738757075185702,2.7603893315520778,6.390718174747213,0.45144503466282526,6,0.016619432490115812,1.0,2.6669928271273227,0.8052536231884058,7.111111111111111,4.657986111111111,0.6979166666666666,0,0.10112359550561797,0.9583333333333334,4.590636026222819
16,1,row,col,False,32,False,False,tw16_th1_trow_icol_lo_pal32,0.9665065794996786,0.5906645569620254,2.3340627279358133,4.525,0.3408203125,13,0.2567099567099567,0.9625,3.763377585559489,0.9410601265822784,14.578587699316628,0.6896875,0.9126953125,0,0.22393822393822393,0.7940625,3.127225443889998,0.7747626582278482,5.465414175918019,4.85703125,0.744921875,9,0.020064724919093852,1.0,8.183531431644154,0.5738757075185702,2.7603893315520778,6.390718174747213,0.45144503466282526,6,0.016619432490115812,1.0,2.6669928271273227,0.8052536231884058,7.111111111111111,4.657986111111111,0.6979166666666666,0,0.10112359550561797,0.9583333333333334,4.590636026222819
16,1,row,morton,False,32,False,False,tw16_th1_trow_imorton_lo_pal32,0.9665065794996786,0.5906645569620254,2.3340627279358133,4.525,0.3408203125,13,0.2567099567099567,0.9625,3.763377585559489,0.9410601265822784,14.578587699316628,0.6896875,0.9126953125,0,0.22393822393822393,0.7940625,3.127225443889998,0.7747626582278482,5.465414175918019,4.85703125,0.744921875,9,0.020064724919093852,1.0,8.183531431644154,0.5738757075185702,2.7603893315520778,6.390718174747213,0.45144503466282526,6,0.016619432490115812,1.0,2.6669928271273227,0.8052536231884058,7.111111111111111,4.657986111111111,0.6979166666666666,0,0.10112359550561797,0.9583333333333334,4.590636026222819
16,1,row,bup,False,32,False,False,tw16_th1_trow_ibup_lo_pal32,0.9665065794996786,0.5906645569620254,2.3340627279358133,4.525,0.3408203125,13,0.2567099567099567,0.9625,3.763377585559489,0.9410601265822784,14.578587699316628,0.6896875,0.9126953125,0,0.22393822393822393,0.7940625,3.127225443889998,0.7747626582278482,5.465414175918019,4.85703125,0.744921875,9,0.020064724919093852,1.0,8.183531431644154,0.5738757075185702,2.7603893315520778,6.390718174747213,0.45144503466282526,6,0.016619432490115812,1.0,2.6669928271273227,0.8052536231884058,7.111111111111111,4.657986111111111,0.6979166666666666,0,0.10112359550561797,0.9583333333333334,4.590636026222819
16,32,row,morton,False,0,True,False,tw16_th32_trow_imorton_lo_pal0_pad64,0.4064506354223498,0.5930379746835444,1.9429265330904675,12.5521875,0.857421875,0,0.09441316587267215,0.9875,3.7323638471816385,0.9435126582278481,14.065934065934066,0.7921875,0.9201171875,0,0.15444015444015444,0.9875,7.89417978500499,0.7919303797468354,4.71976401179941,4.62640625,0.6609375,4,0.017396907216494846,1.0,4.112328580393625,0.6336422067268905,2.4884941287797324,6.791374989197131,0.38447825695507337,7,0.020166923380019342,1.0,2.8655255602285576,0.8197463768115942,4.760330578512397,7.440972222222222,0.6631944444444444,0,0.041237113402061855,0.7638888888888888,4.5756685253432545
16,32,row,row,False,32,False,True,tw16_th32_trow_irow_lo_pal32_full,0.208855469399982,0.5907436708860759,2.334914264866837,4.450625,0.857421875,13,0.2559652928416486,0.9625,3.1264344159747637,0.9386867088607596,14.414414414414415,0.61375,0.9177734375,0,0.25842696629213485,1.0,3.5784120893814464,0.8073575949367089,5.541125541125541,3.29078125,0.648046875,9,0.03537414965986395,1.0,8.384428348795515,0.6101779428596135,2.7710987642494493,6.4623973727422,0.3954263077338615,6,0.019500438212094653,1.0,2.918415299779051,0.8088768115942029,6.6976744186046515,4.784722222222222,0.7222222222222222,0,0.1111111111111111,0.7638888888888888,4.567138563561173
16,32,row,row,False,32,True,True,tw16_th32_trow_irow_lo_pal32_pad64_full,0.208855469399982,0.5907436708860759,2.334914264866837,4.450625,0.857421875,13,0.2559652928416486,0.9625,3.1264344159747637,0.9386867088607596,14.414414414414415,0.61375,0.9177734375,0,0.25842696629213485,1.0,3.5784120893814464,0.8073575949367089,5.541125541125541,3.29078125,0.648046875,9,0.03537414965986395,1.0,8.384428348795515,0.6101779428596135,2.7710987642494493,6.4623973727422,0.3954263077338615,6,0.019500438212094653,1.0,2.918415299779051,0.8088768115942029,6.6976744186046515,4.784722222222222,0.7222222222222222,0,0.1111111111111111,0.7638888888888888,4.567138563561173
16,1,row,row,False,0,False,True,tw16_th1_trow_irow_lo_pal0_full,0.9645775207774208,0.5911392405063292,2.337472607742878,4.53359375,0.3404296875,13,0.2572542226071893,0.9625,3.418106856948648,0.941376582278481,14.678899082568808,0.69234375,0.9244140625,0,0.22393822393822393,0.9625,3.0448806127393,0.7776107594936709,5.64373897707231,4.791875,0.744921875,10,0.01997422680412371,1.0,8.198993740602331,0.5773036138498888,2.76131156930126,6.496707285455017,0.45054470153956966,6,0.013621402058967716,1.0,3.45772459218877,0.7445652173913043,5.647058823529412,1.4965277777777777,0.6180555555555556,0,0.12280701754385964,0.6388888888888888,4.563013525180637
16,1,row,col,False,0,False,True,tw16_th1_trow_icol_lo_pal0_full,0.9645775207774208,0.5911392405063292,2.337472607742878,4.53359375,0.3404296875,13,0.2572542226071893,0.9625,3.418106856948648,0.941376582278481,14.678899082568808,0.69234375,0.9244140625,0,0.22393822393822393,0.9625,3.0448806127393,0.7776107594936709,5.64373897707231,4.791875,0.744921875,10,0.01997422680412371,1.0,8.198993740602331,0.5773036138498888,2.76131156930126,6.496707285455017,0.45054470153956966,6,0.013621402058967716,1.0,3.45772459218877,0.7445652173913043,5.647058823529412,1.4965277777777777,0.6180555555555556,0,0.12280701754385964,0.6388888888888888,4.563013525180637
16,1,row,morton,False,0,False,True,tw16_th1_trow_imorton_lo_pal0_full,0.9645775207774208,0.5911392405063292,2.337472607742878,4.53359375,0.3404296875,13,0.2572542226071893,0.9625,3.418106856948648,0.941376582278481,14.678899082568808,0.69234375,0.9244140625,0,0.22393822393822393,0.9625,3.0448806127393,0.7776107594936709,5.64373897707231,4.791875,0.744921875,10,0.01997422680412371,1.0,8.198993740602331,0.5773036138498888,2.76131156930126,6.496707285455017,0.45054470153956966,6,0.013621402058967716,1.0,3.45772459218877,0.7445652173913043,5.647058823529412,1.4965277777777777,0.6180555555555556,0,0.12280701754385964,0.6388888888888888,4.563013525180637
16,1,row,bup,False,0,False,True,tw16_th1_trow_ibup_lo_pal0_full,0.9645775207774208,0.5911392405063292,2.337472607742878,4.53359375,0.3404296875,13,0.2572542226071893,0.9625,3.418106856948648,0.941376582278481,14.678899082568808,0.69234375,0.9244140625,0,0.22393822393822393,0.9625,3.0448806127393,0.7776107594936709,5.64373897707231,4.791875,0.744921875,10,0.01997422680412371,1.0,8.198993740602331,0.5773036138498888,2.76131156930126,6.496707285455017,0.45054470153956966,6,0.013621402058967716,1.0,3.45772459218877,0.7445652173913043,5.647058823529412,1.4965277777777777,0.6180555555555556,0,0.12280701754385964,0.6388888888888888,4.563013525180637
16,4,row,row,True,32,True,True,tw16_th4_trow_irow_hi_pal32_pad64_full,1.4158527605556404,0.6637658227848102,2.8181417877586967,3.72609375,0.896484375,9,0.24867724867724866,0.818125,5.640642059127099,0.9515822784810126,21.05263157894737,0.66125,0.9111328125,0,0.007194244604316547,0.8,3.8672260092866155,0.7852056962025317,5.719392314566577,4.398125,0.677734375,8,0.006765067650676507,0.85,5.208265099408499,0.79483028782897,5.822179732313575,3.5131276467029644,0.7054110020707662,7,0.0020999864517003116,0.5517241379310345,3.9440943466758682,0.9021739130434783,10.285714285714286,2.388888888888889,0.84375,0,0.06521739130434782,0.8333333333333334,4.542202883122154
16,32,col,col,False,0,False,True,tw16_th32_tcol_icol_lo_pal0_full,3.2944317309405093,0.8113132911392404,7.2727272727272725,4.60953125,0.841015625,11,0.0011838989739542227,0.95,2.500472233459049,0.9496835443037974,13.008130081300813,0.6403125,0.928125,0,0.15139442231075698,0.9875,3.070626091477467,0.8017405063291139,3.7691401648998824,4.05140625,0.6359375,12,0.013548387096774193,1.0,8.391684448811173,0.6017974008067397,1.7926749914789453,6.357912021432893,0.3332312955793644,6,0.01756596501630596,1.0,2.84506702916356,0.7445652173913043,2.4201680672268906,1.4965277777777777,0.8472222222222222,0,0.12280701754385964,0.6388888888888888,4.514052140518442
16,32,col,col,False,0,True,True,tw16_th32_tcol_icol_lo_pal0_pad64_full,3.2944317309405093,0.8113132911392404,7.2727272727272725,4.60953125,0.841015625,11,0.0011838989739542227,0.95,2.500472233459049,0.9496835443037974,13.008130081300813,0.6403125,0.928125,0,0.15139442231075698,0.9875,3.070626091477467,0.8017405063291139,3.7691401648998824,4.05140625,0.6359375,12,0.013548387096774193,1.0,8.391684448811173,0.6017974008067397,1.7926749914789453,6.357912021432893,0.3332312955793644,6,0.01756596501630596,1.0,2.84506702916356,0.7445652173913043,2.4201680672268906,1.4965277777777777,0.8472222222222222,0,0.12280701754385964,0.6388888888888888,4.514052140518442
16,32,row,bup,False,32,False,False,tw16_th32_trow_ibup_lo_pal32,0.21382632327674989,0.5921677215189873,2.335766423357664,4.4459375,0.8572265625,13,0.25627705627705627,0.9625,3.1075800839382044,0.9409018987341772,14.645308924485127,0.5940625,0.9193359375,0,0.26640926640926643,1.0,3.494972413501917,0.796993670886076,5.258833196384552,3.5759375,0.65625,9,0.0284789644012945,1.0,8.345187206757897,0.5961483458448775,2.6618357487922704,6.558102151931553,0.3712973800306113,6,0.01854378783107659,1.0,2.6375226912171224,0.7934782608695652,6.329670329670329,5.128472222222222,0.6909722222222222,0,0.0898876404494382,0.9166666666666666,4.501078186345653
16,32,row,row,False,64,False,True,tw16_th32_trow_irow_lo_pal64_full,0.19713955142460904,0.5906645569620252,2.3323615160349855,4.48390625,0.858203125,13,0.2567099567099567,0.9625,3.13532617114228,0.9371044303797469,14.065934065934066,0.629375,0.9166015625,0,0.2509090909090909,1.0,3.1790293597619965,0.7999208860759494,5.328892589508743,3.355625,0.63984375,12,0.03428201811125485,1.0,8.383532448151687,0.6096391655895163,2.7705679532611818,6.464229539365656,0.3949041145223733,6,0.019362852550051147,1.0,3.149498528806884,0.8260869565217391,7.024390243902439,4.303819444444445,0.7465277777777778,0,0.0958904109589041,0.7638888888888888,4.487513189475275
16,32,row,row,False,64,True,True,tw16_th32_trow_irow_lo_pal64_pad64_full,0.19713955142460904,0.5906645569620252,2.3323615160349855,4.48390625,0.858203125,13,0.2567099567099567,0.9625,3.13532617114228,0.9371044303797469,14.065934065934066,0.629375,0.9166015625,0,0.2509090909090909,1.0,3.1790293597619965,0.7999208860759494,5.328892589508743,3.355625,0.63984375,12,0.03428201811125485,1.0,8.383532448151687,0.6096391655895163,2.7705679532611818,6.464229539365656,0.3949041145223733,6,0.019362852550051147,1.0,3.149498528806884,0.8260869565217391,7.024390243902439,4.303819444444445,0.7465277777777778,0,0.0958904109589041,0.7638888888888888,4.487513189475275
16,1,row,row,False,64,False,False,tw16_th1_trow_irow_lo_pal64,0.9683935642113985,0.5897151898734178,2.334914264866837,4.5140625,0.341796875,13,0.25583405358686256,0.9625,3.464501734322066,0.9419303797468355,14.678899082568808,0.680625,0.9123046875,0,0.22393822393822393,0.95046875,2.9897337534864965,0.7725474683544304,5.333333333333333,4.92390625,0.744140625,10,0.0180064308681672,1.0,8.18299460501659,0.5737627689793806,2.7569692637598284,6.383510500388903,0.451246961375709,6,0.016835841792089603,1.0,2.705872584541062,0.8206521739130435,7.2,4.291666666666667,0.71875,0,0.1111111111111111,0.9583333333333334,4.4810583519262215
16,1,row,col,False,64,False,False,tw16_th1_trow_icol_lo_pal64,0.9683935642113985,0.5897151898734178,2.334914264866837,4.5140625,0.341796875,13,0.25583405358686256,0.9625,3.464501734322066,0.9419303797468355,14.678899082568808,0.680625,0.9123046875,0,0.22393822393822393,0.95046875,2.9897337534864965,0.7725474683544304,5.333333333333333,4.92390625,0.744140625,10,0.0180064308681672,1.0,8.18299460501659,0.5737627689793806,2.7569692637598284,6.383510500388903,0.451246961375709,6,0.016835841792089603,1.0,2.705872584541062,0.8206521739130435,7.2,4.291666666666667,0.71875,0,0.1111111111111111,0.9583333333333334,4.4810583519262215
16,1,row,morton,False,64,False,False,tw16_th1_trow_imorton_lo_pal64,0.9683935642113985,0.5897151898734178,2.334914264866837,4.5140625,0.341796875,13,0.25583405358686256,0.9625,3.464501734322066,0.9419303797468355,14.678899082568808,0.680625,0.9123046875,0,0.22393822393822393,0.95046875,2.9897337534864965,0.7725474683544304,5.333333333333333,4.92390625,0.744140625,10,0.0180064308681672,1.0,8.18299460501659,0.5737627689793806,2.7569692637598284,6.383510500388903,0.451246961375709,6,0.016835841792089603,1.0,2.705872584541062,0.8206521739130435,7.2,4.291666666666667,0.71875,0,0.1111111111111111,0.9583333333333334,4.4810583519262215
16,1,row,bup,False,64,False,False,tw16_th1_trow_ibup_lo_pal64,0.9683935642113985,0.5897151898734178,2.334914264866837,4.5140625,0.341796875,13,0.25583405358686256,0.9625,3.464501734322066,0.9419303797468355,14.678899082568808,0.680625,0.9123046875,0,0.22393822393822393,0.95046875,2.9897337534864965,0.7725474683544304,5.333333333333333,4.92390625,0.744140625,10,0.0180064308681672,1.0,8.18299460501659,0.5737627689793806,2.7569692637598284,6.383510500388903,0.451246961375709,6,0.016835841792089603,1.0,2.705872584541062,0.8206521739130435,7.2,4.291666666666667,0.71875,0,0.1111111111111111,0.9583333333333334,4.4810583519262215
16,1,row,row,False,0,False,False,tw16_th1_trow_irow_lo_pal0,0.9645775207774208,0.5911392405063292,2.337472607742878,4.53359375,0.3404296875,13,0.2572542226071893,0.9625,3.418106856948648,0.941376582278481,14.678899082568808,0.69234375,0.9244140625,0,0.22393822393822393,0.9625,3.0448806127393,0.7776107594936709,5.64373897707231,4.791875,0.744921875,10,0.01997422680412371,1.0,8.18350951918738,0.5742236084637748,2.762498209425584,6.396145536254429,0.45133699468803457,6,0.016760558452010216,1.0,2.6452086912943873,0.7916666666666667,7.2,5.026041666666667,0.6736111111111112,0,0.09278350515463918,0.9583333333333334,4.477116668666713
16,1,row,col,False,0,False,False,tw16_th1_trow_icol_lo_pal0,0.9645775207774208,0.5911392405063292,2.337472607742878,4.53359375,0.3404296875,13,0.2572542226071893,0.9625,3.418106856948648,0.941376582278481,14.678899082568808,0.69234375,0.9244140625,0,0.22393822393822393,0.9625,3.0448806127393,0.7776107594936709,5.64373897707231,4.791875,0.744921875,10,0.01997422680412371,1.0,8.18350951918738,0.5742236084637748,2.762498209425584,6.396145536254429,0.45133699468803457,6,0.016760558452010216,1.0,2.6452086912943873,0.7916666666666667,7.2,5.026041666666667,0.6736111111111112,0,0.09278350515463918,0.9583333333333334,4.477116668666713
16,1,row,morton,False,0,False,False,tw16_th1_trow_imorton_lo_pal0,0.9645775207774208,0.5911392405063292,2.337472607742878,4.53359375,0.3404296875,13,0.2572542226071893,0.9625,3.418106856948648,0.941376582278481,14.678899082568808,0.69234375,0.9244140625,0,0.22393822393822393,0.9625,3.0448806127393,0.7776107594936709,5.64373897707231,4.791875,0.744921875,10,0.01997422680412371,1.0,8.18350951918738,0.5742236084637748,2.762498209425584,6.396145536254429,0.45133699468803457,6,0.016760558452010216,1.0,2.6452086912943873,0.7916666666666667,7.2,5.026041666666667,0.6736111111111112,0,0.09278350515463918,0.9583333333333334,4.477116668666713
16,1,row,bup,False,0,False,False,tw16_th1_trow_ibup_lo_pal0,0.9645775207774208,0.5911392405063292,2.337472607742878,4.53359375,0.3404296875,13,0.2572542226071893,0.9625,3.418106856948648,0.941376582278481,14.678899082568808,0.69234375,0.9244140625,0,0.22393822393822393,0.9625,3.0448806127393,0.7776107594936709,5.64373897707231,4.791875,0.744921875,10,0.01997422680412371,1.0,8.18350951918738,0.5742236084637748,2.762498209425584,6.396145536254429,0.45133699468803457,6,0.016760558452010216,1.0,2.6452086912943873,0.7916666666666667,7.2,5.026041666666667,0.6736111111111112,0,0.09278350515463918,0.9583333333333334,4.477116668666713
16,32,row,morton,False,0,False,False,tw16_th32_trow_imorton_lo_pal0,0.4064506354223498,0.5930379746835444,1.9429265330904675,12.5521875,0.857421875,0,0.09441316587267215,0.9875,3.7323638471816385,0.9435126582278481,14.065934065934066,0.7921875,0.9201171875,0,0.15444015444015444,0.9875,7.89417978500499,0.7919303797468354,4.71976401179941,4.62640625,0.6609375,4,0.017396907216494846,1.0,3.7771641264260225,0.6273117805415751,2.4349747474747474,6.886734076570737,0.37234176645358785,10,0.02144931593127821,1.0,2.8655255602285576,0.8197463768115942,4.760330578512397,7.440972222222222,0.6631944444444444,0,0.041237113402061855,0.7638888888888888,4.4751191891529745
16,4,row,bup,True,32,True,False,tw16_th4_trow_ibup_hi_pal32_pad64,1.283863218035045,0.6619462025316456,2.8181417877586967,3.7353125,0.896484375,10,0.2492063492063492,0.818125,5.64029956176423,0.951503164556962,21.05263157894737,0.66140625,0.9111328125,0,0.007194244604316547,0.8,4.094109516709507,0.7840189873417722,5.719392314566577,4.4040625,0.677734375,6,0.007995079950799507,0.85,4.609216865195569,0.7944642162284936,5.8315693982461445,3.5114337568058076,0.705861168632394,13,0.0017622339704486919,0.5517241379310345,4.3873906355438095,0.8740942028985508,9.76271186440678,3.4270833333333335,0.7986111111111112,0,0.017241379310344827,0.625,4.455159540959028
16,32,row,bup,False,0,False,True,tw16_th32_trow_ibup_lo_pal0_full,0.1978509497403631,0.5923259493670886,2.328966521106259,4.475625,0.859375,13,0.2575888985255854,0.9625,3.1668810419184137,0.9408227848101265,14.512471655328799,0.59484375,0.91875,0,0.25475285171102663,1.0,3.0083393476600446,0.7985759493670885,5.517241379310345,3.26546875,0.6412109375,14,0.03077889447236181,0.9875,8.382027756136711,0.610169891675993,2.779218907623577,6.476242329962838,0.39571441433330334,6,0.019551340507021703,1.0,3.149498528806884,0.8260869565217391,7.024390243902439,4.303819444444445,0.7465277777777778,0,0.0958904109589041,0.7638888888888888,4.45094355699133
16,32,row,bup,False,0,True,True,tw16_th32_trow_ibup_lo_pal0_pad64_full,0.1978509497403631,0.5923259493670886,2.328966521106259,4.475625,0.859375,13,0.2575888985255854,0.9625,3.1668810419184137,0.9408227848101265,14.512471655328799,0.59484375,0.91875,0,0.25475285171102663,1.0,3.0083393476600446,0.7985759493670885,5.517241379310345,3.26546875,0.6412109375,14,0.03077889447236181,0.9875,8.382027756136711,0.610169891675993,2.779218907623577,6.476242329962838,0.39571441433330334,6,0.019551340507021703,1.0,3.149498528806884,0.8260869565217391,7.024390243902439,4.303819444444445,0.7465277777777778,0,0.0958904109589041,0.7638888888888888,4.45094355699133
16,8,col,bup,False,32,False,False,tw16_th8_tcol_ibup_lo_pal32,0.3365208422947821,0.5921677215189873,2.337472607742878,4.4484375,0.853515625,12,0.2567099567099567,0.9625,3.092943287056963,0.9401107594936708,14.545454545454545,0.61296875,0.9193359375,0,0.26640926640926643,1.0,3.132542823665618,0.7924841772151898,5.276174773289365,3.76046875,0.693359375,11,0.03171521035598705,1.0,8.462970428317233,0.596689183561727,2.6342029777352822,6.225356494684989,0.32125686504006484,5,0.020643084566670165,1.0,2.6049517371108415,0.7907608695652173,6.329670329670329,5.258680555555555,0.6909722222222222,0,0.0898876404494382,0.9166666666666666,4.444934358377708
16,32,row,col,False,32,True,False,tw16_th32_trow_icol_lo_pal32_pad64,2.584254701078404,0.7735759493670886,4.221635883905013,4.37828125,0.8572265625,11,0.050216450216450215,0.9625,3.5337234845989816,0.9465189873417721,12.379110251450676,0.6528125,0.9193359375,0,0.16602316602316602,1.0,2.293006154158645,0.782120253164557,3.3755274261603376,3.845625,0.65625,17,0.02524271844660194,1.0,8.273386103987475,0.5960983827254267,1.7874687181388451,6.487045199204909,0.3832718105699109,3,0.017313539617241996,1.0,2.340136050137567,0.8052536231884058,3.0638297872340425,4.657986111111111,0.6909722222222222,0,0.10112359550561797,0.9583333333333334,4.437719518373254
16,4,row,bup,True,32,True,True,tw16_th4_trow_ibup_hi_pal32_pad64_full,1.283863218035045,0.6619462025316456,2.8181417877586967,3.7353125,0.896484375,10,0.2492063492063492,0.818125,5.64029956176423,0.951503164556962,21.05263157894737,0.66140625,0.9111328125,0,0.007194244604316547,0.8,4.094109516709507,0.7840189873417722,5.719392314566577,4.4040625,0.677734375,6,0.007995079950799507,0.85,4.607440783583616,0.7941602098562605,5.822179732313575,3.509307752138968,0.7054110020707662,13,0.001896761956374475,0.5517241379310345,4.177966126063952,0.8922101449275363,10.285714285714286,2.829861111111111,0.84375,0,0.06521739130434782,0.6597222222222222,4.4336842655274555
16,32,row,col,False,32,False,False,tw16_th32_trow_icol_lo_pal32,2.584254701078404,0.7735759493670886,4.221635883905013,4.37828125,0.8572265625,11,0.050216450216450215,0.9625,3.5337234845989816,0.9465189873417721,12.379110251450676,0.6528125,0.9193359375,0,0.16602316602316602,1.0,2.293006154158645,0.782120253164557,3.3755274261603376,3.845625,0.65625,17,0.02524271844660194,1.0,8.253562701422986,0.5892546272350238,1.7512183309622544,6.577581885748855,0.37145943999279735,3,0.01598964346943774,1.0,2.340136050137567,0.8052536231884058,3.0638297872340425,4.657986111111111,0.6909722222222222,0,0.10112359550561797,0.9583333333333334,4.431772497603908
16,32,row,col,False,64,True,False,tw16_th32_trow_icol_lo_pal64_pad64,2.588520961023808,0.7737341772151899,4.2356055592322965,4.376875,0.8578125,11,0.04969749351771824,0.9625,3.595469093064925,0.9462025316455696,12.260536398467433,0.6509375,0.9197265625,0,0.16216216216216217,0.975,2.173696011506382,0.7820411392405063,3.411513859275053,3.915,0.6556640625,18,0.023794212218649517,1.0,8.276108942844653,0.5964011634454935,1.7902896398069068,6.4631060409644805,0.3840460970559107,5,0.017572171418325264,1.0,2.3817346535065793,0.8206521739130435,3.310344827586207,4.291666666666667,0.71875,0,0.1111111111111111,0.9583333333333334,4.428070752274499
16,32,row,col,False,64,False,False,tw16_th32_trow_icol_lo_pal64,2.588520961023808,0.7737341772151899,4.2356055592322965,4.376875,0.8578125,11,0.04969749351771824,0.9625,3.595469093064925,0.9462025316455696,12.260536398467433,0.6509375,0.9197265625,0,0.16216216216216217,0.975,2.173696011506382,0.7820411392405063,3.411513859275053,3.915,0.6556640625,18,0.023794212218649517,1.0,8.254181948618665,0.5889680637870887,1.7502117618586641,6.568714890674963,0.3704870802196813,4,0.01617080854042702,1.0,2.3817346535065793,0.8206521739130435,3.310344827586207,4.291666666666667,0.71875,0,0.1111111111111111,0.9583333333333334,4.421492654006703
16,32,row,col,False,0,True,False,tw16_th32_trow_icol_lo_pal0_pad64,2.5801512415807792,0.7736550632911392,4.213298222514813,4.3825,0.857421875,11,0.05067128627111304,0.9625,3.610933601067675,0.946756329113924,12.427184466019417,0.65125,0.9201171875,0,0.16216216216216217,0.975,2.1613648643635432,0.7823575949367088,3.3368091762252345,3.7709375,0.6609375,18,0.027706185567010308,1.0,8.27534427572756,0.5967581880199643,1.7891823354774863,6.494304727335581,0.38449626361753847,3,0.016943081276641472,1.0,2.2961278089414465,0.7916666666666667,2.823529411764706,5.026041666666667,0.6631944444444444,0,0.09278350515463918,0.9583333333333334,4.419425763950992
16,32,col,bup,False,64,False,True,tw16_th32_tcol_ibup_lo_pal64_full,0.33630893470778744,0.5893196202531645,2.334914264866837,4.4540625,0.8552734375,12,0.25421530479896237,0.9625,3.1209042003604424,0.9369462025316455,13.91304347826087,0.63390625,0.916796875,0,0.2509090909090909,1.0,2.6671055779055566,0.7886075949367088,4.841149773071105,3.686875,0.6228515625,15,0.04033290653008963,1.0,8.520140636550197,0.6147879463720238,2.736754966887417,6.329202316135166,0.3317727559196903,3,0.01909131271274234,1.0,3.243790787354861,0.8596014492753623,7.578947368421052,3.3506944444444446,0.8020833333333334,0,0.12280701754385964,0.7638888888888888,4.412208526826328
16,32,col,bup,False,64,True,True,tw16_th32_tcol_ibup_lo_pal64_pad64_full,0.33630893470778744,0.5893196202531645,2.334914264866837,4.4540625,0.8552734375,12,0.25421530479896237,0.9625,3.1209042003604424,0.9369462025316455,13.91304347826087,0.63390625,0.916796875,0,0.2509090909090909,1.0,2.6671055779055566,0.7886075949367088,4.841149773071105,3.686875,0.6228515625,15,0.04033290653008963,1.0,8.520140636550197,0.6147879463720238,2.736754966887417,6.329202316135166,0.3317727559196903,3,0.01909131271274234,1.0,3.243790787354861,0.8596014492753623,7.578947368421052,3.3506944444444446,0.8020833333333334,0,0.12280701754385964,0.7638888888888888,4.412208526826328
16,32,row,col,False,0,False,False,tw16_th32_trow_icol_lo_pal0,2.5801512415807792,0.7736550632911392,4.213298222514813,4.3825,0.857421875,11,0.05067128627111304,0.9625,3.610933601067675,0.946756329113924,12.427184466019417,0.65125,0.9201171875,0,0.16216216216216217,0.975,2.1613648643635432,0.7823575949367088,3.3368091762252345,3.7709375,0.6609375,18,0.027706185567010308,1.0,8.250220209990708,0.5892882108281929,1.7528631157971277,6.590458905885403,0.3718735932294949,3,0.01613072535778019,1.0,2.2961278089414465,0.7916666666666667,2.823529411764706,5.026041666666667,0.6631944444444444,0,0.09278350515463918,0.9583333333333334,4.411888544229936
16,32,row,row,False,0,True,False,tw16_th32_trow_irow_lo_pal0_pad64,-0.028309215901478835,0.5916930379746835,2.3366192040890836,4.44203125,0.857421875,15,0.256388046773495,0.9625,3.12178626612353,0.9398734177215189,14.578587699316628,0.59375,0.9201171875,0,0.26640926640926643,0.9875,3.17613636557877,0.8028481012658228,5.391743892165122,3.47515625,0.6609375,12,0.028994845360824743,1.0,8.3656140853944,0.6032920703537854,2.720028208744711,6.478523895946763,0.38460430359232917,5,0.019593795894974387,1.0,2.6698350911792197,0.779891304347826,6.329670329670329,5.496527777777778,0.6631944444444444,0,0.07216494845360824,0.9166666666666666,4.411862881706722
16,32,row,row,False,0,False,False,tw16_th32_trow_irow_lo_pal0,-0.028309215901478835,0.5916930379746835,2.3366192040890836,4.44203125,0.857421875,15,0.256388046773495,0.9625,3.12178626612353,0.9398734177215189,14.578587699316628,0.59375,0.9201171875,0,0.26640926640926643,0.9875,3.17613636557877,0.8028481012658228,5.391743892165122,3.47515625,0.6609375,12,0.028994845360824743,1.0,8.344435547555676,0.5961480394318359,2.663551401869159,6.559018235243281,0.37248581975330874,6,0.018370131915042515,1.0,2.6698350911792197,0.779891304347826,6.329670329670329,5.496527777777778,0.6631944444444444,0,0.07216494845360824,0.9166666666666666,4.405509320355104
16,8,row,col,False,32,True,False,tw16_th8_trow_icol_lo_pal32_pad64,0.6619296023209831,0.5789556962025316,1.661905998441963,10.70375,0.87890625,0,0.029004329004329005,1.0,2.77926085146635,0.9393987341772152,10.738255033557047,0.724375,0.9193359375,0,0.26640926640926643,0.9875,3.364922161069872,0.8030854430379747,4.183006535947713,4.20375,0.67109375,9,0.018122977346278317,1.0,8.186385369369013,0.6185123691465518,2.066692862756305,6.7525883674704,0.438876384262177,4,0.029357090245870014,1.0,2.975494836864658,0.8242753623188406,3.5337423312883436,4.763888888888889,0.7152777777777778,0,0.06097560975609756,0.7916666666666666,4.403907045942266
16,8,row,col,False,32,False,True,tw16_th8_trow_icol_lo_pal32_full,0.6619296023209831,0.5789556962025316,1.661905998441963,10.70375,0.87890625,0,0.029004329004329005,1.0,2.77926085146635,0.9393987341772152,10.738255033557047,0.724375,0.9193359375,0,0.26640926640926643,0.9875,3.364922161069872,0.8030854430379747,4.183006535947713,4.20375,0.67109375,9,0.018122977346278317,1.0,8.180034293921475,0.6179574512075834,2.064775160599572,6.75856883588281,0.43948861078599083,3,0.029699842022116903,1.0,2.975494836864658,0.8242753623188406,3.5337423312883436,4.763888888888889,0.7152777777777778,0,0.06097560975609756,0.7916666666666666,4.402001723308005
16,8,row,col,False,32,True,True,tw16_th8_trow_icol_lo_pal32_pad64_full,0.6619296023209831,0.5789556962025316,1.661905998441963,10.70375,0.87890625,0,0.029004329004329005,1.0,2.77926085146635,0.9393987341772152,10.738255033557047,0.724375,0.9193359375,0,0.26640926640926643,0.9875,3.364922161069872,0.8030854430379747,4.183006535947713,4.20375,0.67109375,9,0.018122977346278317,1.0,8.180034293921475,0.6179574512075834,2.064775160599572,6.75856883588281,0.43948861078599083,3,0.029699842022116903,1.0,2.975494836864658,0.8242753623188406,3.5337423312883436,4.763888888888889,0.7152777777777778,0,0.06097560975609756,0.7916666666666666,4.402001723308005
16,8,row,col,False,64,False,False,tw16_th8_trow_icol_lo_pal64,0.6643340186941176,0.578006329113924,1.6588906168999482,10.7303125,0.8748046875,0,0.02895419187554019,1.0,2.8058885120965646,0.9395569620253164,10.774410774410775,0.7259375,0.9205078125,0,0.26640926640926643,0.975,3.2415128003834717,0.8016613924050633,4.166666666666667,4.23,0.6662109375,10,0.0180064308681672,1.0,8.192577472389312,0.6187047392350222,2.063891267123288,6.726972603923602,0.4388943909246421,6,0.02912145607280364,1.0,3.009340493443754,0.8188405797101449,3.4285714285714284,4.819444444444445,0.71875,0,0.06172839506172839,0.75,4.3841783538015076
16,8,row,col,False,64,True,False,tw16_th8_trow_icol_lo_pal64_pad64,0.6643340186941176,0.578006329113924,1.6588906168999482,10.7303125,0.8748046875,0,0.02895419187554019,1.0,2.8058885120965646,0.9395569620253164,10.774410774410775,0.7259375,0.9205078125,0,0.26640926640926643,0.975,3.2415128003834717,0.8016613924050633,4.166666666666667,4.23,0.6662109375,10,0.0180064308681672,1.0,8.186292029953538,0.6189898855226401,2.0707613014066357,6.723187278541181,0.4411992437201765,4,0.029983479208408027,1.0,2.9965983332831163,0.8315217391304348,3.6923076923076925,4.416666666666667,0.7430555555555556,0,0.08108108108108109,0.75,4.381018505054712
16,8,row,col,False,64,False,True,tw16_th8_trow_icol_lo_pal64_full,0.6643340186941176,0.578006329113924,1.6588906168999482,10.7303125,0.8748046875,0,0.02895419187554019,1.0,2.8058885120965646,0.9395569620253164,10.774410774410775,0.7259375,0.9205078125,0,0.26640926640926643,0.975,3.2415128003834717,0.8016613924050633,4.166666666666667,4.23,0.6662109375,10,0.0180064308681672,1.0,8.182945876681613,0.6184521806981884,2.0672836418209104,6.728960331864143,0.440803097145944,3,0.030073074761101742,1.0,2.9965983332831163,0.8315217391304348,3.6923076923076925,4.416666666666667,0.7430555555555556,0,0.08108108108108109,0.75,4.380014659073134
16,8,row,col,False,64,True,True,tw16_th8_trow_icol_lo_pal64_pad64_full,0.6643340186941176,0.578006329113924,1.6588906168999482,10.7303125,0.8748046875,0,0.02895419187554019,1.0,2.8058885120965646,0.9395569620253164,10.774410774410775,0.7259375,0.9205078125,0,0.26640926640926643,0.975,3.2415128003834717,0.8016613924050633,4.166666666666667,4.23,0.6662109375,10,0.0180064308681672,1.0,8.182945876681613,0.6184521806981884,2.0672836418209104,6.728960331864143,0.440803097145944,3,0.030073074761101742,1.0,2.9965983332831163,0.8315217391304348,3.6923076923076925,4.416666666666667,0.7430555555555556,0,0.08108108108108109,0.75,4.380014659073134
16,2,row,col,False,32,False,True,tw16_th2_trow_icol_lo_pal32_full,5.040097242525082,0.709493670886076,2.0486555697823303,5.0753125,0.8880859375,5,0.3359307359307359,0.9875,4.844816612042439,0.9488132911392404,13.943355119825709,0.82734375,0.930078125,0,0.0,0.8896875,2.742463588657136,0.7915348101265822,4.737231680236862,5.1025,0.741015625,12,0.019417475728155338,1.0,3.1335620070381873,0.6426053132576334,2.694439269746647,6.933471610059632,0.422652381381111,17,0.01197311300938244,1.0,10.216412997730933,0.8994565217391304,5.818181818181818,2.6475694444444446,0.6388888888888888,1,0.0,0.3333333333333333,4.337610533468445
16,4,row,row,True,64,True,True,tw16_th4_trow_irow_hi_pal64_pad64_full,1.4022629909287034,0.6614715189873418,2.789886660854403,3.6990625,0.89609375,9,0.24986876640419947,0.818125,4.5041471047733666,0.9572784810126582,21.768707482993197,0.510625,0.9376953125,0,0.014563106796116505,0.78,4.164157397273718,0.7855221518987342,5.560382276281494,4.0725,0.6853515625,6,0.0024198427102238356,0.85,4.671498867003374,0.7908667371199519,5.655978101476195,3.5953850142597874,0.7032141892500225,12,0.0015412450579642162,0.5517241379310345,5.538868760064412,0.9221014492753623,12.0,2.0868055555555554,0.8715277777777778,0,0.0,0.3472222222222222,4.321276745913992
16,16,col,bup,False,64,False,True,tw16_th16_tcol_ibup_lo_pal64_full,0.21815914275233217,0.5915348101265823,2.337472607742878,4.4546875,0.8552734375,13,0.2554019014693172,0.9625,3.116740013718356,0.9398734177215189,14.545454545454545,0.6021875,0.920703125,0,0.26640926640926643,0.9875,2.444332263327201,0.7978639240506329,5.157131345688961,3.62,0.69375,17,0.03215434083601286,1.0,8.507244274743467,0.6126181599259899,2.7415533336492444,6.371445856019359,0.33301521562978303,3,0.01837677944167129,1.0,3.0278434924694526,0.8315217391304348,7.2,4.3125,0.7638888888888888,0,0.11764705882352941,0.7638888888888888,4.318289155122017
16,16,col,bup,False,64,True,True,tw16_th16_tcol_ibup_lo_pal64_pad64_full,0.21815914275233217,0.5915348101265823,2.337472607742878,4.4546875,0.8552734375,13,0.2554019014693172,0.9625,3.116740013718356,0.9398734177215189,14.545454545454545,0.6021875,0.920703125,0,0.26640926640926643,0.9875,2.444332263327201,0.7978639240506329,5.157131345688961,3.62,0.69375,17,0.03215434083601286,1.0,8.507244274743467,0.6126181599259899,2.7415533336492444,6.371445856019359,0.33301521562978303,3,0.01837677944167129,1.0,3.0278434924694526,0.8315217391304348,7.2,4.3125,0.7638888888888888,0,0.11764705882352941,0.7638888888888888,4.318289155122017
16,16,col,row,False,32,False,True,tw16_th16_tcol_irow_lo_pal32_full,0.22184075280357662,0.5919303797468354,2.337472607742878,4.42640625,0.853515625,13,0.25627705627705627,0.9625,3.120561628301689,0.9398734177215189,14.545454545454545,0.5915625,0.9193359375,0,0.26640926640926643,0.9875,2.3731579056214978,0.7983386075949367,5.276174773289365,3.4871875,0.693359375,18,0.02977346278317152,1.0,8.523521490277629,0.6145157617179706,2.742593031524058,6.335269207501512,0.332204915818853,2,0.01815090015156556,1.0,2.918415299779051,0.8088768115942029,6.6976744186046515,4.784722222222222,0.7222222222222222,0,0.1111111111111111,0.7638888888888888,4.295012316105508
16,16,col,row,False,32,True,True,tw16_th16_tcol_irow_lo_pal32_pad64_full,0.22184075280357662,0.5919303797468354,2.337472607742878,4.42640625,0.853515625,13,0.25627705627705627,0.9625,3.120561628301689,0.9398734177215189,14.545454545454545,0.5915625,0.9193359375,0,0.26640926640926643,0.9875,2.3731579056214978,0.7983386075949367,5.276174773289365,3.4871875,0.693359375,18,0.02977346278317152,1.0,8.523521490277629,0.6145157617179706,2.742593031524058,6.335269207501512,0.332204915818853,2,0.01815090015156556,1.0,2.918415299779051,0.8088768115942029,6.6976744186046515,4.784722222222222,0.7222222222222222,0,0.1111111111111111,0.7638888888888888,4.295012316105508
16,32,col,row,False,0,False,True,tw16_th32_tcol_irow_lo_pal0_full,0.4571280442219834,0.5912974683544304,2.337472607742878,4.42390625,0.857421875,11,0.25573344872349635,0.9625,3.144138243405674,0.9393196202531645,14.382022471910112,0.601875,0.921875,0,0.25475285171102663,1.0,2.357655760233308,0.7827531645569621,4.801200300075019,3.59140625,0.60078125,18,0.03978622327790974,0.9875,8.516054781507304,0.6136216451451315,2.7384389643584037,6.3229798634517325,0.3332132889168993,2,0.018830855914297364,1.0,2.699653314923374,0.7907608695652173,6.4,5.282986111111111,0.6979166666666666,0,0.12359550561797752,0.7638888888888888,4.291818450428423
16,32,col,row,False,0,True,True,tw16_th32_tcol_irow_lo_pal0_pad64_full,0.4571280442219834,0.5912974683544304,2.337472607742878,4.42390625,0.857421875,11,0.25573344872349635,0.9625,3.144138243405674,0.9393196202531645,14.382022471910112,0.601875,0.921875,0,0.25475285171102663,1.0,2.357655760233308,0.7827531645569621,4.801200300075019,3.59140625,0.60078125,18,0.03978622327790974,0.9875,8.516054781507304,0.6136216451451315,2.7384389643584037,6.3229798634517325,0.3332132889168993,2,0.018830855914297364,1.0,2.699653314923374,0.7907608695652173,6.4,5.282986111111111,0.6979166666666666,0,0.12359550561797752,0.7638888888888888,4.291818450428423
16,4,row,row,True,0,True,True,tw16_th4_trow_irow_hi_pal0_pad64_full,1.4004165873158345,0.6613924050632911,2.789886660854403,3.6959375,0.8974609375,9,0.24986876640419947,0.818125,4.484095941552983,0.9569620253164557,21.993127147766323,0.513125,0.9357421875,0,0.014563106796116505,0.8,4.0560623138684395,0.7853639240506329,5.512489233419466,4.05734375,0.676171875,7,0.002380952380952381,0.85,4.873341291983649,0.7909191424961063,5.656531091122409,3.5948146227638063,0.7024759160889529,10,0.001477204055596589,0.5517241379310345,4.92918093556536,0.8994565217391304,11.076923076923077,2.5885416666666665,0.8402777777777778,0,0.02127659574468085,0.4861111111111111,4.287394954546468
16,16,col,row,False,64,False,True,tw16_th16_tcol_irow_lo_pal64_full,0.21980603093798656,0.5911392405063292,2.337472607742878,4.4353125,0.8552734375,13,0.2554019014693172,0.9625,3.1180160553850222,0.9398734177215189,14.545454545454545,0.59453125,0.920703125,0,0.26640926640926643,0.9875,2.2344222013588673,0.7972310126582278,5.157131345688961,3.516875,0.69375,19,0.029581993569131833,1.0,8.527447151763452,0.615610759182463,2.7444144015938523,6.316480857315703,0.3338975420905735,3,0.018350660401790668,1.0,3.149498528806884,0.8260869565217391,7.024390243902439,4.303819444444445,0.7465277777777778,0,0.0958904109589041,0.7638888888888888,4.282402427638174
16,16,col,row,False,64,True,True,tw16_th16_tcol_irow_lo_pal64_pad64_full,0.21980603093798656,0.5911392405063292,2.337472607742878,4.4353125,0.8552734375,13,0.2554019014693172,0.9625,3.1180160553850222,0.9398734177215189,14.545454545454545,0.59453125,0.920703125,0,0.26640926640926643,0.9875,2.2344222013588673,0.7972310126582278,5.157131345688961,3.516875,0.69375,19,0.029581993569131833,1.0,8.527447151763452,0.615610759182463,2.7444144015938523,6.316480857315703,0.3338975420905735,3,0.018350660401790668,1.0,3.149498528806884,0.8260869565217391,7.024390243902439,4.303819444444445,0.7465277777777778,0,0.0958904109589041,0.7638888888888888,4.282402427638174
16,4,row,row,True,64,True,False,tw16_th4_trow_irow_hi_pal64_pad64,1.4022629909287034,0.6614715189873418,2.789886660854403,3.6990625,0.89609375,9,0.24986876640419947,0.818125,4.5041471047733666,0.9572784810126582,21.768707482993197,0.510625,0.9376953125,0,0.014563106796116505,0.78,4.164157397273718,0.7855221518987342,5.560382276281494,4.0725,0.6853515625,6,0.0024198427102238356,0.85,4.670472816478851,0.79081479136336,5.648247583715708,3.6007950911762165,0.7032682092374178,12,0.0014064697609001407,0.5517241379310345,4.959520625883204,0.8994565217391304,10.666666666666666,2.6597222222222223,0.8298611111111112,0,0.02040816326530612,0.4583333333333333,4.263034117338514
16,4,col,row,False,32,False,True,tw16_th4_tcol_irow_lo_pal32_full,0.22184075280357662,0.5919303797468354,2.337472607742878,4.42640625,0.853515625,13,0.25627705627705627,0.9625,3.120561628301689,0.9398734177215189,14.545454545454545,0.5915625,0.9193359375,0,0.26640926640926643,0.9875,2.3731579056214978,0.7983386075949367,5.276174773289365,3.4871875,0.693359375,18,0.02977346278317152,1.0,8.423860285778005,0.5982658801212779,2.6422634271099743,6.50132227119523,0.32782929683983075,3,0.019015699417886753,1.0,2.7562884437141904,0.7943840579710145,6.260869565217392,5.161458333333333,0.7048611111111112,0,0.11627906976744186,0.7638888888888888,4.248901269149135
16,2,col,row,False,32,False,True,tw16_th2_tcol_irow_lo_pal32_full,0.22184075280357662,0.5919303797468354,2.337472607742878,4.42640625,0.853515625,13,0.25627705627705627,0.9625,3.120561628301689,0.9398734177215189,14.545454545454545,0.5915625,0.9193359375,0,0.26640926640926643,0.9875,2.3731579056214978,0.7983386075949367,5.276174773289365,3.4871875,0.693359375,18,0.02977346278317152,1.0,8.413490595558327,0.5967975642069228,2.636243506789392,6.576181833895083,0.326748897091924,2,0.01787216148023549,1.0,2.7562884437141904,0.7943840579710145,6.260869565217392,5.161458333333333,0.7048611111111112,0,0.11627906976744186,0.7638888888888888,4.245790362083231
16,1,col,row,False,32,False,True,tw16_th1_tcol_irow_lo_pal32_full,0.22184075280357662,0.5919303797468354,2.337472607742878,4.42640625,0.853515625,13,0.25627705627705627,0.9625,3.120561628301689,0.9398734177215189,14.545454545454545,0.5915625,0.9193359375,0,0.26640926640926643,0.9875,2.3731579056214978,0.7983386075949367,5.276174773289365,3.4871875,0.693359375,18,0.02977346278317152,1.0,8.41348230497806,0.595592922143438,2.6339631231504668,6.594538069311209,0.3200684253173674,5,0.018198999055051974,1.0,2.7562884437141904,0.7943840579710145,6.260869565217392,5.161458333333333,0.7048611111111112,0,0.11627906976744186,0.7638888888888888,4.245787874909151
16,1,col,col,False,32,False,True,tw16_th1_tcol_icol_lo_pal32_full,0.22184075280357662,0.5919303797468354,2.337472607742878,4.42640625,0.853515625,13,0.25627705627705627,0.9625,3.120561628301689,0.9398734177215189,14.545454545454545,0.5915625,0.9193359375,0,0.26640926640926643,0.9875,2.3731579056214978,0.7983386075949367,5.276174773289365,3.4871875,0.693359375,18,0.02977346278317152,1.0,8.41348230497806,0.595592922143438,2.6339631231504668,6.594538069311209,0.3200684253173674,5,0.018198999055051974,1.0,2.7562884437141904,0.7943840579710145,6.260869565217392,5.161458333333333,0.7048611111111112,0,0.11627906976744186,0.7638888888888888,4.245787874909151
16,1,col,morton,False,32,False,True,tw16_th1_tcol_imorton_lo_pal32_full,0.22184075280357662,0.5919303797468354,2.337472607742878,4.42640625,0.853515625,13,0.25627705627705627,0.9625,3.120561628301689,0.9398734177215189,14.545454545454545,0.5915625,0.9193359375,0,0.26640926640926643,0.9875,2.3731579056214978,0.7983386075949367,5.276174773289365,3.4871875,0.693359375,18,0.02977346278317152,1.0,8.41348230497806,0.595592922143438,2.6339631231504668,6.594538069311209,0.3200684253173674,5,0.018198999055051974,1.0,2.7562884437141904,0.7943840579710145,6.260869565217392,5.161458333333333,0.7048611111111112,0,0.11627906976744186,0.7638888888888888,4.245787874909151
16,1,col,bup,False,32,False,True,tw16_th1_tcol_ibup_lo_pal32_full,0.22184075280357662,0.5919303797468354,2.337472607742878,4.42640625,0.853515625,13,0.25627705627705627,0.9625,3.120561628301689,0.9398734177215189,14.545454545454545,0.5915625,0.9193359375,0,0.26640926640926643,0.9875,2.3731579056214978,0.7983386075949367,5.276174773289365,3.4871875,0.693359375,18,0.02977346278317152,1.0,8.41348230497806,0.595592922143438,2.6339631231504668,6.594538069311209,0.3200684253173674,5,0.018198999055051974,1.0,2.7562884437141904,0.7943840579710145,6.260869565217392,5.161458333333333,0.7048611111111112,0,0.11627906976744186,0.7638888888888888,4.245787874909151
16,4,col,morton,True,32,True,False,tw16_th4_tcol_imorton_hi_pal32_pad64,1.3134541312833683,0.6773734177215189,2.4700887688151294,10.4309375,0.8001953125,0,0.016931216931216932,1.0,5.090640731704398,0.9528481012658228,17.204301075268816,0.72140625,0.9013671875,0,0.050359712230215826,0.79,3.6269471455076694,0.7833860759493672,4.5422285308729595,4.924375,0.5326171875,7,0.020910209102091022,1.0,5.079017077435047,0.8223262575927102,4.8707694898130995,3.2938726125658975,0.6283965067074818,9,0.02076864693300214,0.5614035087719298,3.501744960852907,0.8894927536231885,7.111111111111111,4.284722222222222,0.7986111111111112,0,0.017241379310344827,0.9166666666666666,4.245528797893612
16,16,col,row,False,0,False,True,tw16_th16_tcol_irow_lo_pal0_full,0.2206014475131901,0.5919303797468354,2.338326635001827,4.43203125,0.8533203125,13,0.256388046773495,0.9625,3.122035784419832,0.9401898734177214,14.545454545454545,0.5903125,0.9193359375,0,0.26640926640926643,0.9875,2.274202571825968,0.8005537974683544,5.4283290924512295,3.39625,0.6888671875,19,0.03350515463917526,1.0,8.516054781507304,0.6136216451451315,2.7384389643584037,6.3229798634517325,0.3332132889168993,2,0.018830855914297364,1.0,2.699653314923374,0.7907608695652173,6.4,5.282986111111111,0.6979166666666666,0,0.12359550561797752,0.7638888888888888,4.245451854369492
16,16,col,row,False,0,True,True,tw16_th16_tcol_irow_lo_pal0_pad64_full,0.2206014475131901,0.5919303797468354,2.338326635001827,4.43203125,0.8533203125,13,0.256388046773495,0.9625,3.122035784419832,0.9401898734177214,14.545454545454545,0.5903125,0.9193359375,0,0.26640926640926643,0.9875,2.274202571825968,0.8005537974683544,5.4283290924512295,3.39625,0.6888671875,19,0.03350515463917526,1.0,8.516054781507304,0.6136216451451315,2.7384389643584037,6.3229798634517325,0.3332132889168993,2,0.018830855914297364,1.0,2.699653314923374,0.7907608695652173,6.4,5.282986111111111,0.6979166666666666,0,0.12359550561797752,0.7638888888888888,4.245451854369492
16,4,col,morton,True,32,True,True,tw16_th4_tcol_imorton_hi_pal32_pad64_full,1.3134541312833683,0.6773734177215189,2.4700887688151294,10.4309375,0.8001953125,0,0.016931216931216932,1.0,5.090640731704398,0.9528481012658228,17.204301075268816,0.72140625,0.9013671875,0,0.050359712230215826,0.79,3.6269471455076694,0.7833860759493672,4.5422285308729595,4.924375,0.5326171875,7,0.020910209102091022,1.0,5.07845482467916,0.8224569454692392,4.869129776131964,3.289309480598047,0.6286846133069236,9,0.020981434191455588,0.5614035087719298,3.501744960852907,0.8894927536231885,7.111111111111111,4.284722222222222,0.7986111111111112,0,0.017241379310344827,0.9166666666666666,4.245360122066846
16,4,row,row,True,0,True,False,tw16_th4_trow_irow_hi_pal0_pad64,1.4004165873158345,0.6613924050632911,2.789886660854403,3.6959375,0.8974609375,9,0.24986876640419947,0.818125,4.484095941552983,0.9569620253164557,21.993127147766323,0.513125,0.9357421875,0,0.014563106796116505,0.8,4.0560623138684395,0.7853639240506329,5.512489233419466,4.05734375,0.676171875,7,0.002380952380952381,0.85,4.872460539108768,0.7909887609867774,5.65266243282853,3.5967850661135596,0.7028180426757901,10,0.0014764109791289175,0.5517241379310345,4.506711927278896,0.8740942028985508,9.76271186440678,3.3854166666666665,0.7847222222222222,0,0.015873015873015872,0.5833333333333334,4.2448838278553565
16,2,row,col,False,0,False,True,tw16_th2_trow_icol_lo_pal0_full,5.040995091707014,0.7093354430379747,2.0506247997436717,5.08296875,0.8857421875,5,0.3360762234733651,0.9875,4.672600268802281,0.9487341772151898,14.035087719298245,0.828125,0.9359375,0,0.0,0.975,2.764311161745128,0.794620253164557,4.953560371517028,5.0928125,0.74296875,12,0.020618556701030927,1.0,2.9324367044333703,0.6429614185929793,2.698209122283369,6.933229625788609,0.4247051409021338,19,0.011943957968476358,1.0,10.258369016249452,0.8994565217391304,5.818181818181818,2.7083333333333335,0.6041666666666666,1,0.0,0.3333333333333333,4.242444492233844
16,16,col,bup,False,0,False,True,tw16_th16_tcol_ibup_lo_pal0_full,0.22084768960179813,0.5921677215189873,2.338326635001827,4.43625,0.8533203125,13,0.256388046773495,0.9625,3.1200226646940945,0.9400316455696203,14.545454545454545,0.59859375,0.9193359375,0,0.26640926640926643,0.9875,2.2571530828040447,0.8002373417721519,5.4283290924512295,3.53734375,0.6888671875,19,0.03221649484536082,1.0,8.501660503932705,0.6117069068418943,2.739087207650791,6.3581712902947025,0.33276312235527145,5,0.01909741535951348,1.0,2.741587589141937,0.8070652173913043,6.857142857142857,4.961805555555555,0.7256944444444444,0,0.13580246913580246,0.7638888888888888,4.240390419611665
16,16,col,bup,False,0,True,True,tw16_th16_tcol_ibup_lo_pal0_pad64_full,0.22084768960179813,0.5921677215189873,2.338326635001827,4.43625,0.8533203125,13,0.256388046773495,0.9625,3.1200226646940945,0.9400316455696203,14.545454545454545,0.59859375,0.9193359375,0,0.26640926640926643,0.9875,2.2571530828040447,0.8002373417721519,5.4283290924512295,3.53734375,0.6888671875,19,0.03221649484536082,1.0,8.501660503932705,0.6117069068418943,2.739087207650791,6.3581712902947025,0.33276312235527145,5,0.01909741535951348,1.0,2.741587589141937,0.8070652173913043,6.857142857142857,4.961805555555555,0.7256944444444444,0,0.13580246913580246,0.7638888888888888,4.240390419611665
16,2,row,col,False,64,False,True,tw16_th2_trow_icol_lo_pal64_full,5.053888908042488,0.7090981012658228,2.0486555697823303,5.06875,0.8826171875,5,0.3349178910976664,0.9875,4.665434542313472,0.9492088607594936,14.035087719298245,0.81734375,0.927734375,0,0.003861003861003861,0.975,2.7087936750306754,0.7880537974683544,4.5681655960028555,5.13390625,0.741796875,12,0.01929260450160772,1.0,2.9377955757671526,0.643039471283573,2.6968256187945743,6.912488116843834,0.4234266678671108,19,0.011979403832008127,1.0,10.367198420406062,0.9021739130434783,5.938144329896907,2.5243055555555554,0.6770833333333334,1,0.0,0.25,4.239668963923629
16,16,col,bup,False,32,False,True,tw16_th16_tcol_ibup_lo_pal32_full,-0.017071760382076917,0.5923259493670886,2.337472607742878,4.429375,0.853515625,15,0.25627705627705627,0.9625,3.1187087142721537,0.9397943037974683,14.545454545454545,0.60078125,0.9193359375,0,0.26640926640926643,0.9875,2.272380601716497,0.7973101265822785,5.276174773289365,3.67046875,0.693359375,19,0.02912621359223301,0.975,8.507205736888851,0.612480340104965,2.7419431279620854,6.366537032235762,0.33245700909336456,6,0.01857264419697362,1.0,2.816202585777865,0.8161231884057971,6.6976744186046515,4.678819444444445,0.7395833333333334,0,0.13157894736842105,0.7638888888888888,4.234099460970924
16,16,col,bup,False,32,True,True,tw16_th16_tcol_ibup_lo_pal32_pad64_full,-0.017071760382076917,0.5923259493670886,2.337472607742878,4.429375,0.853515625,15,0.25627705627705627,0.9625,3.1187087142721537,0.9397943037974683,14.545454545454545,0.60078125,0.9193359375,0,0.26640926640926643,0.9875,2.272380601716497,0.7973101265822785,5.276174773289365,3.67046875,0.693359375,19,0.02912621359223301,0.975,8.507205736888851,0.612480340104965,2.7419431279620854,6.366537032235762,0.33245700909336456,6,0.01857264419697362,1.0,2.816202585777865,0.8161231884057971,6.6976744186046515,4.678819444444445,0.7395833333333334,0,0.13157894736842105,0.7638888888888888,4.234099460970924
16,1,col,row,False,32,False,False,tw16_th1_tcol_irow_lo_pal32,0.22184075280357662,0.5919303797468354,2.337472607742878,4.42640625,0.853515625,13,0.25627705627705627,0.9625,3.120561628301689,0.9398734177215189,14.545454545454545,0.5915625,0.9193359375,0,0.26640926640926643,0.9875,2.3731579056214978,0.7983386075949367,5.276174773289365,3.4871875,0.693359375,18,0.02977346278317152,1.0,8.413644947690003,0.5958972732303429,2.6342029777352822,6.589214415348716,0.32125686504006484,5,0.018228893320737554,1.0,2.6375226912171224,0.7934782608695652,6.329670329670329,5.128472222222222,0.6909722222222222,0,0.0898876404494382,0.9166666666666666,4.233960092473028
16,1,col,col,False,32,False,False,tw16_th1_tcol_icol_lo_pal32,0.22184075280357662,0.5919303797468354,2.337472607742878,4.42640625,0.853515625,13,0.25627705627705627,0.9625,3.120561628301689,0.9398734177215189,14.545454545454545,0.5915625,0.9193359375,0,0.26640926640926643,0.9875,2.3731579056214978,0.7983386075949367,5.276174773289365,3.4871875,0.693359375,18,0.02977346278317152,1.0,8.413644947690003,0.5958972732303429,2.6342029777352822,6.589214415348716,0.32125686504006484,5,0.018228893320737554,1.0,2.6375226912171224,0.7934782608695652,6.329670329670329,5.128472222222222,0.6909722222222222,0,0.0898876404494382,0.9166666666666666,4.233960092473028
16,1,col,morton,False,32,False,False,tw16_th1_tcol_imorton_lo_pal32,0.22184075280357662,0.5919303797468354,2.337472607742878,4.42640625,0.853515625,13,0.25627705627705627,0.9625,3.120561628301689,0.9398734177215189,14.545454545454545,0.5915625,0.9193359375,0,0.26640926640926643,0.9875,2.3731579056214978,0.7983386075949367,5.276174773289365,3.4871875,0.693359375,18,0.02977346278317152,1.0,8.413644947690003,0.5958972732303429,2.6342029777352822,6.589214415348716,0.32125686504006484,5,0.018228893320737554,1.0,2.6375226912171224,0.7934782608695652,6.329670329670329,5.128472222222222,0.6909722222222222,0,0.0898876404494382,0.9166666666666666,4.233960092473028
16,1,col,bup,False,32,False,False,tw16_th1_tcol_ibup_lo_pal32,0.22184075280357662,0.5919303797468354,2.337472607742878,4.42640625,0.853515625,13,0.25627705627705627,0.9625,3.120561628301689,0.9398734177215189,14.545454545454545,0.5915625,0.9193359375,0,0.26640926640926643,0.9875,2.3731579056214978,0.7983386075949367,5.276174773289365,3.4871875,0.693359375,18,0.02977346278317152,1.0,8.413644947690003,0.5958972732303429,2.6342029777352822,6.589214415348716,0.32125686504006484,5,0.018228893320737554,1.0,2.6375226912171224,0.7934782608695652,6.329670329670329,5.128472222222222,0.6909722222222222,0,0.0898876404494382,0.9166666666666666,4.233960092473028
16,2,col,row,False,32,False,False,tw16_th2_tcol_irow_lo_pal32,0.22184075280357662,0.5919303797468354,2.337472607742878,4.42640625,0.853515625,13,0.25627705627705627,0.9625,3.120561628301689,0.9398734177215189,14.545454545454545,0.5915625,0.9193359375,0,0.26640926640926643,0.9875,2.3731579056214978,0.7983386075949367,5.276174773289365,3.4871875,0.693359375,18,0.02977346278317152,1.0,8.413644947690003,0.5958972732303429,2.6342029777352822,6.589214415348716,0.32125686504006484,5,0.018228893320737554,1.0,2.6375226912171224,0.7934782608695652,6.329670329670329,5.128472222222222,0.6909722222222222,0,0.0898876404494382,0.9166666666666666,4.233960092473028
16,4,col,row,False,32,False,False,tw16_th4_tcol_irow_lo_pal32,0.22184075280357662,0.5919303797468354,2.337472607742878,4.42640625,0.853515625,13,0.25627705627705627,0.9625,3.120561628301689,0.9398734177215189,14.545454545454545,0.5915625,0.9193359375,0,0.26640926640926643,0.9875,2.3731579056214978,0.7983386075949367,5.276174773289365,3.4871875,0.693359375,18,0.02977346278317152,1.0,8.413644947690003,0.5958972732303429,2.6342029777352822,6.589214415348716,0.32125686504006484,5,0.018228893320737554,1.0,2.6375226912171224,0.7934782608695652,6.329670329670329,5.128472222222222,0.6909722222222222,0,0.0898876404494382,0.9166666666666666,4.233960092473028
16,8,col,row,False,32,False,False,tw16_th8_tcol_irow_lo_pal32,0.22184075280357662,0.5919303797468354,2.337472607742878,4.42640625,0.853515625,13,0.25627705627705627,0.9625,3.120561628301689,0.9398734177215189,14.545454545454545,0.5915625,0.9193359375,0,0.26640926640926643,0.9875,2.3731579056214978,0.7983386075949367,5.276174773289365,3.4871875,0.693359375,18,0.02977346278317152,1.0,8.413644947690003,0.5958972732303429,2.6342029777352822,6.589214415348716,0.32125686504006484,5,0.018228893320737554,1.0,2.6375226912171224,0.7934782608695652,6.329670329670329,5.128472222222222,0.6909722222222222,0,0.0898876404494382,0.9166666666666666,4.233960092473028
16,16,col,row,False,32,False,False,tw16_th16_tcol_irow_lo_pal32,0.22184075280357662,0.5919303797468354,2.337472607742878,4.42640625,0.853515625,13,0.25627705627705627,0.9625,3.120561628301689,0.9398734177215189,14.545454545454545,0.5915625,0.9193359375,0,0.26640926640926643,0.9875,2.3731579056214978,0.7983386075949367,5.276174773289365,3.4871875,0.693359375,18,0.02977346278317152,1.0,8.413644947690003,0.5958972732303429,2.6342029777352822,6.589214415348716,0.32125686504006484,5,0.018228893320737554,1.0,2.6375226912171224,0.7934782608695652,6.329670329670329,5.128472222222222,0.6909722222222222,0,0.0898876404494382,0.9166666666666666,4.233960092473028
16,32,col,row,False,32,False,False,tw16_th32_tcol_irow_lo_pal32,0.22184075280357662,0.5919303797468354,2.337472607742878,4.42640625,0.853515625,13,0.25627705627705627,0.9625,3.120561628301689,0.9398734177215189,14.545454545454545,0.5915625,0.9193359375,0,0.26640926640926643,0.9875,2.3731579056214978,0.7983386075949367,5.276174773289365,3.4871875,0.693359375,18,0.02977346278317152,1.0,8.413644947690003,0.5958972732303429,2.6342029777352822,6.589214415348716,0.32125686504006484,5,0.018228893320737554,1.0,2.6375226912171224,0.7934782608695652,6.329670329670329,5.128472222222222,0.6909722222222222,0,0.0898876404494382,0.9166666666666666,4.233960092473028
16,2,row,col,True,32,False,True,tw16_th2_trow_icol_hi_pal32_full,5.0384492070162885,0.7097310126582279,2.0486555697823303,5.0753125,0.8880859375,5,0.33636363636363636,0.9875,4.845133067738641,0.9488924050632911,13.943355119825709,0.82734375,0.930078125,0,0.0,0.8896875,3.004901219233516,0.7903481012658228,4.737231680236862,5.1025,0.741015625,10,0.01488673139158576,1.0,2.535731794903087,0.6459815419437714,2.6943137894099567,6.931795004753263,0.42268839470604125,23,0.013898127078592684,1.0,10.194673867296151,0.8940217391304348,5.818181818181818,2.6475694444444446,0.6388888888888888,1,0.0,0.3333333333333333,4.224271776374605
16,4,col,row,False,64,False,True,tw16_th4_tcol_irow_lo_pal64_full,0.21980603093798656,0.5911392405063292,2.337472607742878,4.4353125,0.8552734375,13,0.2554019014693172,0.9625,3.1180160553850222,0.9398734177215189,14.545454545454545,0.59453125,0.920703125,0,0.26640926640926643,0.9875,2.2344222013588673,0.7972310126582278,5.157131345688961,3.516875,0.69375,19,0.029581993569131833,1.0,8.4252436581551,0.5990480156956823,2.6484321355001144,6.481220292109584,0.3300981363104349,3,0.019383416017009214,1.0,2.865874476395768,0.8079710144927537,6.4,4.796875,0.7256944444444444,0,0.11392405063291139,0.7638888888888888,4.2233789743145564
16,32,row,bup,False,32,False,True,tw16_th32_trow_ibup_lo_pal32_full,0.327339486318337,0.5916139240506328,2.3315118397085612,4.46671875,0.856640625,12,0.2564991334488735,0.9625,1.9105520925772437,0.9425632911392405,14.814814814814815,0.5790625,0.919140625,0,0.2698412698412698,1.0,3.319463735861343,0.8007911392405064,5.465414175918019,3.31875,0.6453125,11,0.03300970873786408,1.0,8.384291983412178,0.6100137096915453,2.7766845843732004,6.470002592688618,0.3944719546232106,6,0.019518590000364152,1.0,3.1928205902390676,0.8414855072463768,7.2,3.826388888888889,0.7743055555555556,0,0.1076923076923077,0.7638888888888888,4.2205609283470595
16,32,row,bup,False,32,True,True,tw16_th32_trow_ibup_lo_pal32_pad64_full,0.327339486318337,0.5916139240506328,2.3315118397085612,4.46671875,0.856640625,12,0.2564991334488735,0.9625,1.9105520925772437,0.9425632911392405,14.814814814814815,0.5790625,0.919140625,0,0.2698412698412698,1.0,3.319463735861343,0.8007911392405064,5.465414175918019,3.31875,0.6453125,11,0.03300970873786408,1.0,8.384291983412178,0.6100137096915453,2.7766845843732004,6.470002592688618,0.3944719546232106,6,0.019518590000364152,1.0,3.1928205902390676,0.8414855072463768,7.2,3.826388888888889,0.7743055555555556,0,0.1076923076923077,0.7638888888888888,4.2205609283470595
16,2,col,row,False,64,False,True,tw16_th2_tcol_irow_lo_pal64_full,0.21980603093798656,0.5911392405063292,2.337472607742878,4.4353125,0.8552734375,13,0.2554019014693172,0.9625,3.1180160553850222,0.9398734177215189,14.545454545454545,0.59453125,0.920703125,0,0.26640926640926643,0.9875,2.2344222013588673,0.7972310126582278,5.157131345688961,3.516875,0.69375,19,0.029581993569131833,1.0,8.41268982357785,0.5965103496312741,2.636964448495898,6.564462881341284,0.32809939677680744,2,0.017812061711079945,1.0,2.865874476395768,0.8079710144927537,6.4,4.796875,0.7256944444444444,0,0.11392405063291139,0.7638888888888888,4.2196128239413815
16,4,col,row,False,0,False,True,tw16_th4_tcol_irow_lo_pal0_full,0.2206014475131901,0.5919303797468354,2.338326635001827,4.43203125,0.8533203125,13,0.256388046773495,0.9625,3.122035784419832,0.9401898734177214,14.545454545454545,0.5903125,0.9193359375,0,0.26640926640926643,0.9875,2.274202571825968,0.8005537974683544,5.4283290924512295,3.39625,0.6888671875,19,0.03350515463917526,1.0,8.418036761998499,0.5985006127175116,2.646978084824084,6.511917725347852,0.32916178986224903,4,0.01958081504259004,1.0,2.734873188405798,0.7835144927536233,6.260869565217392,5.458333333333333,0.6875,0,0.10869565217391304,0.7638888888888888,4.219568435865092
16,1,col,row,False,64,False,True,tw16_th1_tcol_irow_lo_pal64_full,0.21980603093798656,0.5911392405063292,2.337472607742878,4.4353125,0.8552734375,13,0.2554019014693172,0.9625,3.1180160553850222,0.9398734177215189,14.545454545454545,0.59453125,0.920703125,0,0.26640926640926643,0.9875,2.2344222013588673,0.7972310126582278,5.157131345688961,3.516875,0.69375,19,0.029581993569131833,1.0,8.412218295780034,0.5954971584171349,2.633363677742376,6.595385014259787,0.3204645718915999,5,0.018214936247723135,1.0,2.865874476395768,0.8079710144927537,6.4,4.796875,0.7256944444444444,0,0.11392405063291139,0.7638888888888888,4.219471365602037
16,1,col,col,False,64,False,True,tw16_th1_tcol_icol_lo_pal64_full,0.21980603093798656,0.5911392405063292,2.337472607742878,4.4353125,0.8552734375,13,0.2554019014693172,0.9625,3.1180160553850222,0.9398734177215189,14.545454545454545,0.59453125,0.920703125,0,0.26640926640926643,0.9875,2.2344222013588673,0.7972310126582278,5.157131345688961,3.516875,0.69375,19,0.029581993569131833,1.0,8.412218295780034,0.5954971584171349,2.633363677742376,6.595385014259787,0.3204645718915999,5,0.018214936247723135,1.0,2.865874476395768,0.8079710144927537,6.4,4.796875,0.7256944444444444,0,0.11392405063291139,0.7638888888888888,4.219471365602037
16,1,col,morton,False,64,False,True,tw16_th1_tcol_imorton_lo_pal64_full,0.21980603093798656,0.5911392405063292,2.337472607742878,4.4353125,0.8552734375,13,0.2554019014693172,0.9625,3.1180160553850222,0.9398734177215189,14.545454545454545,0.59453125,0.920703125,0,0.26640926640926643,0.9875,2.2344222013588673,0.7972310126582278,5.157131345688961,3.516875,0.69375,19,0.029581993569131833,1.0,8.412218295780034,0.5954971584171349,2.633363677742376,6.595385014259787,0.3204645718915999,5,0.018214936247723135,1.0,2.865874476395768,0.8079710144927537,6.4,4.796875,0.7256944444444444,0,0.11392405063291139,0.7638888888888888,4.219471365602037
16,1,col,bup,False,64,False,True,tw16_th1_tcol_ibup_lo_pal64_full,0.21980603093798656,0.5911392405063292,2.337472607742878,4.4353125,0.8552734375,13,0.2554019014693172,0.9625,3.1180160553850222,0.9398734177215189,14.545454545454545,0.59453125,0.920703125,0,0.26640926640926643,0.9875,2.2344222013588673,0.7972310126582278,5.157131345688961,3.516875,0.69375,19,0.029581993569131833,1.0,8.412218295780034,0.5954971584171349,2.633363677742376,6.595385014259787,0.3204645718915999,5,0.018214936247723135,1.0,2.865874476395768,0.8079710144927537,6.4,4.796875,0.7256944444444444,0,0.11392405063291139,0.7638888888888888,4.219471365602037
16,1,col,row,False,0,False,True,tw16_th1_tcol_irow_lo_pal0_full,0.2206014475131901,0.5919303797468354,2.338326635001827,4.43203125,0.8533203125,13,0.256388046773495,0.9625,3.122035784419832,0.9401898734177214,14.545454545454545,0.5903125,0.9193359375,0,0.26640926640926643,0.9875,2.274202571825968,0.8005537974683544,5.4283290924512295,3.39625,0.6888671875,19,0.03350515463917526,1.0,8.412262672552036,0.5951927307269695,2.6349228036617025,6.598807363235675,0.3197803187179256,5,0.018102240896358545,1.0,2.734873188405798,0.7835144927536233,6.260869565217392,5.458333333333333,0.6875,0,0.10869565217391304,0.7638888888888888,4.217836209031153
16,1,col,col,False,0,False,True,tw16_th1_tcol_icol_lo_pal0_full,0.2206014475131901,0.5919303797468354,2.338326635001827,4.43203125,0.8533203125,13,0.256388046773495,0.9625,3.122035784419832,0.9401898734177214,14.545454545454545,0.5903125,0.9193359375,0,0.26640926640926643,0.9875,2.274202571825968,0.8005537974683544,5.4283290924512295,3.39625,0.6888671875,19,0.03350515463917526,1.0,8.412262672552036,0.5951927307269695,2.6349228036617025,6.598807363235675,0.3197803187179256,5,0.018102240896358545,1.0,2.734873188405798,0.7835144927536233,6.260869565217392,5.458333333333333,0.6875,0,0.10869565217391304,0.7638888888888888,4.217836209031153
16,1,col,morton,False,0,False,True,tw16_th1_tcol_imorton_lo_pal0_full,0.2206014475131901,0.5919303797468354,2.338326635001827,4.43203125,0.8533203125,13,0.256388046773495,0.9625,3.122035784419832,0.9401898734177214,14.545454545454545,0.5903125,0.9193359375,0,0.26640926640926643,0.9875,2.274202571825968,0.8005537974683544,5.4283290924512295,3.39625,0.6888671875,19,0.03350515463917526,1.0,8.412262672552036,0.5951927307269695,2.6349228036617025,6.598807363235675,0.3197803187179256,5,0.018102240896358545,1.0,2.734873188405798,0.7835144927536233,6.260869565217392,5.458333333333333,0.6875,0,0.10869565217391304,0.7638888888888888,4.217836209031153
16,1,col,bup,False,0,False,True,tw16_th1_tcol_ibup_lo_pal0_full,0.2206014475131901,0.5919303797468354,2.338326635001827,4.43203125,0.8533203125,13,0.256388046773495,0.9625,3.122035784419832,0.9401898734177214,14.545454545454545,0.5903125,0.9193359375,0,0.26640926640926643,0.9875,2.274202571825968,0.8005537974683544,5.4283290924512295,3.39625,0.6888671875,19,0.03350515463917526,1.0,8.412262672552036,0.5951927307269695,2.6349228036617025,6.598807363235675,0.3197803187179256,5,0.018102240896358545,1.0,2.734873188405798,0.7835144927536233,6.260869565217392,5.458333333333333,0.6875,0,0.10869565217391304,0.7638888888888888,4.217836209031153
16,2,col,row,False,0,False,True,tw16_th2_tcol_irow_lo_pal0_full,0.2206014475131901,0.5919303797468354,2.338326635001827,4.43203125,0.8533203125,13,0.256388046773495,0.9625,3.122035784419832,0.9401898734177214,14.545454545454545,0.5903125,0.9193359375,0,0.26640926640926643,0.9875,2.274202571825968,0.8005537974683544,5.4283290924512295,3.39625,0.6888671875,19,0.03350515463917526,1.0,8.410130149772746,0.5962497399108198,2.636243506789392,6.588523031717224,0.32633474385522643,3,0.017827746838989876,1.0,2.734873188405798,0.7835144927536233,6.260869565217392,5.458333333333333,0.6875,0,0.10869565217391304,0.7638888888888888,4.217196452197367
16,2,row,col,True,64,False,True,tw16_th2_trow_icol_hi_pal64_full,5.05192890672962,0.709256329113924,2.0486555697823303,5.06875,0.8826171875,5,0.3353500432152118,0.9875,4.665750998009674,0.9492879746835443,14.035087719298245,0.81734375,0.927734375,0,0.003861003861003861,0.975,2.968147332078174,0.7871044303797468,4.5681655960028555,5.13390625,0.741796875,10,0.015434083601286173,1.0,2.640549707049325,0.6464157765729713,2.6966999160995617,6.9110362112176995,0.42346268119204106,22,0.013800833654418719,1.0,10.349082478377078,0.8976449275362319,5.938144329896907,2.5243055555555554,0.6770833333333334,1,0.0,0.25,4.2160410383137155
16,1,col,row,False,0,False,False,tw16_th1_tcol_irow_lo_pal0,0.2206014475131901,0.5919303797468354,2.338326635001827,4.43203125,0.8533203125,13,0.256388046773495,0.9625,3.122035784419832,0.9401898734177214,14.545454545454545,0.5903125,0.9193359375,0,0.26640926640926643,0.9875,2.274202571825968,0.8005537974683544,5.4283290924512295,3.39625,0.6888671875,19,0.03350515463917526,1.0,8.41303879677501,0.595401586198983,2.6343229214097077,6.595385014259787,0.3209147384532277,5,0.017915252458098604,1.0,2.6698350911792197,0.779891304347826,6.329670329670329,5.496527777777778,0.6631944444444444,0,0.07216494845360824,0.9166666666666666,4.211565236575388
16,1,col,col,False,0,False,False,tw16_th1_tcol_icol_lo_pal0,0.2206014475131901,0.5919303797468354,2.338326635001827,4.43203125,0.8533203125,13,0.256388046773495,0.9625,3.122035784419832,0.9401898734177214,14.545454545454545,0.5903125,0.9193359375,0,0.26640926640926643,0.9875,2.274202571825968,0.8005537974683544,5.4283290924512295,3.39625,0.6888671875,19,0.03350515463917526,1.0,8.41303879677501,0.595401586198983,2.6343229214097077,6.595385014259787,0.3209147384532277,5,0.017915252458098604,1.0,2.6698350911792197,0.779891304347826,6.329670329670329,5.496527777777778,0.6631944444444444,0,0.07216494845360824,0.9166666666666666,4.211565236575388
16,1,col,morton,False,0,False,False,tw16_th1_tcol_imorton_lo_pal0,0.2206014475131901,0.5919303797468354,2.338326635001827,4.43203125,0.8533203125,13,0.256388046773495,0.9625,3.122035784419832,0.9401898734177214,14.545454545454545,0.5903125,0.9193359375,0,0.26640926640926643,0.9875,2.274202571825968,0.8005537974683544,5.4283290924512295,3.39625,0.6888671875,19,0.03350515463917526,1.0,8.41303879677501,0.595401586198983,2.6343229214097077,6.595385014259787,0.3209147384532277,5,0.017915252458098604,1.0,2.6698350911792197,0.779891304347826,6.329670329670329,5.496527777777778,0.6631944444444444,0,0.07216494845360824,0.9166666666666666,4.211565236575388
16,1,col,bup,False,0,False,False,tw16_th1_tcol_ibup_lo_pal0,0.2206014475131901,0.5919303797468354,2.338326635001827,4.43203125,0.8533203125,13,0.256388046773495,0.9625,3.122035784419832,0.9401898734177214,14.545454545454545,0.5903125,0.9193359375,0,0.26640926640926643,0.9875,2.274202571825968,0.8005537974683544,5.4283290924512295,3.39625,0.6888671875,19,0.03350515463917526,1.0,8.41303879677501,0.595401586198983,2.6343229214097077,6.595385014259787,0.3209147384532277,5,0.017915252458098604,1.0,2.6698350911792197,0.779891304347826,6.329670329670329,5.496527777777778,0.6631944444444444,0,0.07216494845360824,0.9166666666666666,4.211565236575388
16,2,col,row,False,0,False,False,tw16_th2_tcol_irow_lo_pal0,0.2206014475131901,0.5919303797468354,2.338326635001827,4.43203125,0.8533203125,13,0.256388046773495,0.9625,3.122035784419832,0.9401898734177214,14.545454545454545,0.5903125,0.9193359375,0,0.26640926640926643,0.9875,2.274202571825968,0.8005537974683544,5.4283290924512295,3.39625,0.6888671875,19,0.03350515463917526,1.0,8.41303879677501,0.595401586198983,2.6343229214097077,6.595385014259787,0.3209147384532277,5,0.017915252458098604,1.0,2.6698350911792197,0.779891304347826,6.329670329670329,5.496527777777778,0.6631944444444444,0,0.07216494845360824,0.9166666666666666,4.211565236575388
16,4,col,row,False,0,False,False,tw16_th4_tcol_irow_lo_pal0,0.2206014475131901,0.5919303797468354,2.338326635001827,4.43203125,0.8533203125,13,0.256388046773495,0.9625,3.122035784419832,0.9401898734177214,14.545454545454545,0.5903125,0.9193359375,0,0.26640926640926643,0.9875,2.274202571825968,0.8005537974683544,5.4283290924512295,3.39625,0.6888671875,19,0.03350515463917526,1.0,8.41303879677501,0.595401586198983,2.6343229214097077,6.595385014259787,0.3209147384532277,5,0.017915252458098604,1.0,2.6698350911792197,0.779891304347826,6.329670329670329,5.496527777777778,0.6631944444444444,0,0.07216494845360824,0.9166666666666666,4.211565236575388
16,8,col,row,False,0,False,False,tw16_th8_tcol_irow_lo_pal0,0.2206014475131901,0.5919303797468354,2.338326635001827,4.43203125,0.8533203125,13,0.256388046773495,0.9625,3.122035784419832,0.9401898734177214,14.545454545454545,0.5903125,0.9193359375,0,0.26640926640926643,0.9875,2.274202571825968,0.8005537974683544,5.4283290924512295,3.39625,0.6888671875,19,0.03350515463917526,1.0,8.41303879677501,0.595401586198983,2.6343229214097077,6.595385014259787,0.3209147384532277,5,0.017915252458098604,1.0,2.6698350911792197,0.779891304347826,6.329670329670329,5.496527777777778,0.6631944444444444,0,0.07216494845360824,0.9166666666666666,4.211565236575388
16,16,col,row,False,0,False,False,tw16_th16_tcol_irow_lo_pal0,0.2206014475131901,0.5919303797468354,2.338326635001827,4.43203125,0.8533203125,13,0.256388046773495,0.9625,3.122035784419832,0.9401898734177214,14.545454545454545,0.5903125,0.9193359375,0,0.26640926640926643,0.9875,2.274202571825968,0.8005537974683544,5.4283290924512295,3.39625,0.6888671875,19,0.03350515463917526,1.0,8.41303879677501,0.595401586198983,2.6343229214097077,6.595385014259787,0.3209147384532277,5,0.017915252458098604,1.0,2.6698350911792197,0.779891304347826,6.329670329670329,5.496527777777778,0.6631944444444444,0,0.07216494845360824,0.9166666666666666,4.211565236575388
16,32,col,row,False,0,False,False,tw16_th32_tcol_irow_lo_pal0,0.2206014475131901,0.5919303797468354,2.338326635001827,4.43203125,0.8533203125,13,0.256388046773495,0.9625,3.122035784419832,0.9401898734177214,14.545454545454545,0.5903125,0.9193359375,0,0.26640926640926643,0.9875,2.274202571825968,0.8005537974683544,5.4283290924512295,3.39625,0.6888671875,19,0.03350515463917526,1.0,8.41303879677501,0.595401586198983,2.6343229214097077,6.595385014259787,0.3209147384532277,5,0.017915252458098604,1.0,2.6698350911792197,0.779891304347826,6.329670329670329,5.496527777777778,0.6631944444444444,0,0.07216494845360824,0.9166666666666666,4.211565236575388
16,16,col,bup,False,32,True,False,tw16_th16_tcol_ibup_lo_pal32_pad64,-0.017071760382076917,0.5923259493670886,2.337472607742878,4.429375,0.853515625,15,0.25627705627705627,0.9625,3.1187087142721537,0.9397943037974683,14.545454545454545,0.60078125,0.9193359375,0,0.26640926640926643,0.9875,2.272380601716497,0.7973101265822785,5.276174773289365,3.67046875,0.693359375,19,0.02912621359223301,0.975,8.454326184549013,0.6009586174228578,2.659021968930968,6.473148388211909,0.31891599891960026,6,0.018976897689768978,1.0,2.6049517371108415,0.7907608695652173,6.329670329670329,5.258680555555555,0.6909722222222222,0,0.0898876404494382,0.9166666666666666,4.197110510402271
16,32,row,row,False,0,False,True,tw16_th32_trow_irow_lo_pal0_full,0.0887725252589211,0.5901107594936709,2.3366192040890836,4.45484375,0.855859375,14,0.25585429314830876,0.9625,1.8841183234803003,0.9397943037974683,14.645308924485127,0.5946875,0.9205078125,0,0.2734375,0.9875,3.520767645452393,0.8159810126582279,5.776173285198556,3.10390625,0.660546875,10,0.036061026352288486,1.0,8.377675642471205,0.6098727491368441,2.773489932885906,6.466995073891626,0.39663275411902404,4,0.020026311942698435,1.0,2.699653314923374,0.7907608695652173,6.4,5.282986111111111,0.6979166666666666,0,0.12359550561797752,0.7638888888888888,4.195640178176913
16,32,row,row,False,0,True,True,tw16_th32_trow_irow_lo_pal0_pad64_full,0.0887725252589211,0.5901107594936709,2.3366192040890836,4.45484375,0.855859375,14,0.25585429314830876,0.9625,1.8841183234803003,0.9397943037974683,14.645308924485127,0.5946875,0.9205078125,0,0.2734375,0.9875,3.520767645452393,0.8159810126582279,5.776173285198556,3.10390625,0.660546875,10,0.036061026352288486,1.0,8.377675642471205,0.6098727491368441,2.773489932885906,6.466995073891626,0.39663275411902404,4,0.020026311942698435,1.0,2.699653314923374,0.7907608695652173,6.4,5.282986111111111,0.6979166666666666,0,0.12359550561797752,0.7638888888888888,4.195640178176913
16,1,col,row,False,64,False,False,tw16_th1_tcol_irow_lo_pal64,0.21980603093798656,0.5911392405063292,2.337472607742878,4.4353125,0.8552734375,13,0.2554019014693172,0.9625,3.1180160553850222,0.9398734177215189,14.545454545454545,0.59453125,0.920703125,0,0.26640926640926643,0.9875,2.2344222013588673,0.7972310126582278,5.157131345688961,3.516875,0.69375,19,0.029581993569131833,1.0,8.412949057706694,0.5956970817680332,2.6330041414463206,6.591513265923429,0.32125686504006484,6,0.018130906545327265,1.0,2.5939789653784224,0.8079710144927537,6.4,4.758680555555555,0.71875,0,0.1111111111111111,0.9166666666666666,4.192501043078301
16,1,col,col,False,64,False,False,tw16_th1_tcol_icol_lo_pal64,0.21980603093798656,0.5911392405063292,2.337472607742878,4.4353125,0.8552734375,13,0.2554019014693172,0.9625,3.1180160553850222,0.9398734177215189,14.545454545454545,0.59453125,0.920703125,0,0.26640926640926643,0.9875,2.2344222013588673,0.7972310126582278,5.157131345688961,3.516875,0.69375,19,0.029581993569131833,1.0,8.412949057706694,0.5956970817680332,2.6330041414463206,6.591513265923429,0.32125686504006484,6,0.018130906545327265,1.0,2.5939789653784224,0.8079710144927537,6.4,4.758680555555555,0.71875,0,0.1111111111111111,0.9166666666666666,4.192501043078301
16,1,col,morton,False,64,False,False,tw16_th1_tcol_imorton_lo_pal64,0.21980603093798656,0.5911392405063292,2.337472607742878,4.4353125,0.8552734375,13,0.2554019014693172,0.9625,3.1180160553850222,0.9398734177215189,14.545454545454545,0.59453125,0.920703125,0,0.26640926640926643,0.9875,2.2344222013588673,0.7972310126582278,5.157131345688961,3.516875,0.69375,19,0.029581993569131833,1.0,8.412949057706694,0.5956970817680332,2.6330041414463206,6.591513265923429,0.32125686504006484,6,0.018130906545327265,1.0,2.5939789653784224,0.8079710144927537,6.4,4.758680555555555,0.71875,0,0.1111111111111111,0.9166666666666666,4.192501043078301
16,1,col,bup,False,64,False,False,tw16_th1_tcol_ibup_lo_pal64,0.21980603093798656,0.5911392405063292,2.337472607742878,4.4353125,0.8552734375,13,0.2554019014693172,0.9625,3.1180160553850222,0.9398734177215189,14.545454545454545,0.59453125,0.920703125,0,0.26640926640926643,0.9875,2.2344222013588673,0.7972310126582278,5.157131345688961,3.516875,0.69375,19,0.029581993569131833,1.0,8.412949057706694,0.5956970817680332,2.6330041414463206,6.591513265923429,0.32125686504006484,6,0.018130906545327265,1.0,2.5939789653784224,0.8079710144927537,6.4,4.758680555555555,0.71875,0,0.1111111111111111,0.9166666666666666,4.192501043078301
16,2,col,row,False,64,False,False,tw16_th2_tcol_irow_lo_pal64,0.21980603093798656,0.5911392405063292,2.337472607742878,4.4353125,0.8552734375,13,0.2554019014693172,0.9625,3.1180160553850222,0.9398734177215189,14.545454545454545,0.59453125,0.920703125,0,0.26640926640926643,0.9875,2.2344222013588673,0.7972310126582278,5.157131345688961,3.516875,0.69375,19,0.029581993569131833,1.0,8.412949057706694,0.5956970817680332,2.6330041414463206,6.591513265923429,0.32125686504006484,6,0.018130906545327265,1.0,2.5939789653784224,0.8079710144927537,6.4,4.758680555555555,0.71875,0,0.1111111111111111,0.9166666666666666,4.192501043078301
16,4,col,row,False,64,False,False,tw16_th4_tcol_irow_lo_pal64,0.21980603093798656,0.5911392405063292,2.337472607742878,4.4353125,0.8552734375,13,0.2554019014693172,0.9625,3.1180160553850222,0.9398734177215189,14.545454545454545,0.59453125,0.920703125,0,0.26640926640926643,0.9875,2.2344222013588673,0.7972310126582278,5.157131345688961,3.516875,0.69375,19,0.029581993569131833,1.0,8.412949057706694,0.5956970817680332,2.6330041414463206,6.591513265923429,0.32125686504006484,6,0.018130906545327265,1.0,2.5939789653784224,0.8079710144927537,6.4,4.758680555555555,0.71875,0,0.1111111111111111,0.9166666666666666,4.192501043078301
16,8,col,row,False,64,False,False,tw16_th8_tcol_irow_lo_pal64,0.21980603093798656,0.5911392405063292,2.337472607742878,4.4353125,0.8552734375,13,0.2554019014693172,0.9625,3.1180160553850222,0.9398734177215189,14.545454545454545,0.59453125,0.920703125,0,0.26640926640926643,0.9875,2.2344222013588673,0.7972310126582278,5.157131345688961,3.516875,0.69375,19,0.029581993569131833,1.0,8.412949057706694,0.5956970817680332,2.6330041414463206,6.591513265923429,0.32125686504006484,6,0.018130906545327265,1.0,2.5939789653784224,0.8079710144927537,6.4,4.758680555555555,0.71875,0,0.1111111111111111,0.9166666666666666,4.192501043078301
16,16,col,row,False,64,False,False,tw16_th16_tcol_irow_lo_pal64,0.21980603093798656,0.5911392405063292,2.337472607742878,4.4353125,0.8552734375,13,0.2554019014693172,0.9625,3.1180160553850222,0.9398734177215189,14.545454545454545,0.59453125,0.920703125,0,0.26640926640926643,0.9875,2.2344222013588673,0.7972310126582278,5.157131345688961,3.516875,0.69375,19,0.029581993569131833,1.0,8.412949057706694,0.5956970817680332,2.6330041414463206,6.591513265923429,0.32125686504006484,6,0.018130906545327265,1.0,2.5939789653784224,0.8079710144927537,6.4,4.758680555555555,0.71875,0,0.1111111111111111,0.9166666666666666,4.192501043078301
16,32,col,row,False,64,False,False,tw16_th32_tcol_irow_lo_pal64,0.21980603093798656,0.5911392405063292,2.337472607742878,4.4353125,0.8552734375,13,0.2554019014693172,0.9625,3.1180160553850222,0.9398734177215189,14.545454545454545,0.59453125,0.920703125,0,0.26640926640926643,0.9875,2.2344222013588673,0.7972310126582278,5.157131345688961,3.516875,0.69375,19,0.029581993569131833,1.0,8.412949057706694,0.5956970817680332,2.6330041414463206,6.591513265923429,0.32125686504006484,6,0.018130906545327265,1.0,2.5939789653784224,0.8079710144927537,6.4,4.758680555555555,0.71875,0,0.1111111111111111,0.9166666666666666,4.192501043078301
16,16,col,bup,False,32,False,False,tw16_th16_tcol_ibup_lo_pal32,-0.017071760382076917,0.5923259493670886,2.337472607742878,4.429375,0.853515625,15,0.25627705627705627,0.9625,3.1187087142721537,0.9397943037974683,14.545454545454545,0.60078125,0.9193359375,0,0.26640926640926643,0.9875,2.272380601716497,0.7973101265822785,5.276174773289365,3.67046875,0.693359375,19,0.02912621359223301,0.975,8.40154656827667,0.593747802330872,2.6342029777352822,6.611476968282776,0.32125686504006484,6,0.018193905041810992,1.0,2.6049517371108415,0.7907608695652173,6.329670329670329,5.258680555555555,0.6909722222222222,0,0.0898876404494382,0.9166666666666666,4.181276625520568
16,32,row,bup,False,64,False,True,tw16_th32_trow_ibup_lo_pal64_full,0.21157797138926648,0.5903481012658228,2.328966521106259,4.4675,0.8576171875,13,0.2546476437527021,0.9625,1.8862164584354124,0.9409018987341772,14.71264367816092,0.5984375,0.9201171875,0,0.27058823529411763,1.0,3.192156098689329,0.8041139240506329,5.47008547008547,3.3678125,0.650390625,12,0.03387533875338753,1.0,8.396194913297794,0.6111419843361653,2.783096016932846,6.464039408866995,0.3929774016386063,6,0.018915281364810303,1.0,3.243790787354861,0.8596014492753623,7.578947368421052,3.3506944444444446,0.8020833333333334,0,0.12280701754385964,0.7638888888888888,4.180540655288398
16,32,row,bup,False,64,True,True,tw16_th32_trow_ibup_lo_pal64_pad64_full,0.21157797138926648,0.5903481012658228,2.328966521106259,4.4675,0.8576171875,13,0.2546476437527021,0.9625,1.8862164584354124,0.9409018987341772,14.71264367816092,0.5984375,0.9201171875,0,0.27058823529411763,1.0,3.192156098689329,0.8041139240506329,5.47008547008547,3.3678125,0.650390625,12,0.03387533875338753,1.0,8.396194913297794,0.6111419843361653,2.783096016932846,6.464039408866995,0.3929774016386063,6,0.018915281364810303,1.0,3.243790787354861,0.8596014492753623,7.578947368421052,3.3506944444444446,0.8020833333333334,0,0.12280701754385964,0.7638888888888888,4.180540655288398
16,32,col,bup,False,32,False,False,tw16_th32_tcol_ibup_lo_pal32,-0.018065299411612834,0.5922468354430379,2.337472607742878,4.4334375,0.853515625,15,0.25627705627705627,0.9625,3.097486404145571,0.9403481012658228,14.545454545454545,0.59140625,0.9193359375,0,0.26640926640926643,1.0,2.2673334918070296,0.7960443037974684,5.276174773289365,3.60046875,0.693359375,19,0.031067961165048542,0.975,8.407480867012747,0.5952184929462994,2.6342029777352822,6.602350704347074,0.32125686504006484,6,0.01843882299429691,1.0,2.6375226912171224,0.7934782608695652,6.329670329670329,5.128472222222222,0.6909722222222222,0,0.0898876404494382,0.9166666666666666,4.179404478220283
16,2,row,col,True,0,False,True,tw16_th2_trow_icol_hi_pal0_full,5.038713019902135,0.7094145569620254,2.0506247997436717,5.08296875,0.8857421875,5,0.33650931139021223,0.9875,4.672600268802281,0.9487341772151898,14.035087719298245,0.828125,0.9359375,0,0.0,0.975,2.786309726275991,0.7933544303797468,4.953560371517028,5.0928125,0.74296875,12,0.01610824742268041,1.0,2.533657552627307,0.6463202809580797,2.6983349657198823,6.931518451300666,0.42477716755199424,23,0.014010998633927633,1.0,10.23662988581467,0.8940217391304348,5.818181818181818,2.7083333333333335,0.6041666666666666,1,0.0,0.3333333333333333,4.12617389468218
16,2,row,morton,True,32,False,True,tw16_th2_trow_imorton_hi_pal32_full,5.486205225404525,0.7106803797468355,2.1709633649932156,5.0753125,0.8880859375,5,0.26406926406926406,0.9875,4.551590380610505,0.9449367088607594,14.780600461893764,0.82734375,0.930078125,0,0.05791505791505792,0.8896875,2.832182425118844,0.7870253164556962,5.704099821746881,5.1025,0.741015625,12,0.01488673139158576,1.0,2.4839888317102568,0.6378150821782889,2.7774843975036005,6.931674012617751,0.4225263347438552,23,0.018276670984909493,1.0,10.134403909510665,0.8777173913043479,5.877551020408164,2.6475694444444446,0.6388888888888888,1,0.0,0.3333333333333333,4.117314387986136
16,2,row,morton,True,64,False,True,tw16_th2_trow_imorton_hi_pal64_full,5.500456044168631,0.7106012658227848,2.1702271956595456,5.06875,0.8826171875,5,0.263180639585134,0.9875,4.376048465635589,0.9453322784810126,14.918414918414918,0.81734375,0.927734375,0,0.06177606177606178,0.975,2.6943212411954893,0.785996835443038,5.6091148115688,5.13390625,0.741796875,13,0.014790996784565916,1.0,2.5859653927254334,0.6380321803420737,2.7774843975036005,6.912885662431942,0.4234266678671108,22,0.01838879159369527,1.0,10.22614356670467,0.8804347826086957,6.063157894736842,2.5243055555555554,0.6770833333333334,1,0.010752688172043012,0.25,4.076736581797668
16,2,row,morton,True,0,False,True,tw16_th2_trow_imorton_hi_pal0_full,5.487187095178879,0.7105221518987341,2.171700033932813,5.08296875,0.8857421875,5,0.26418362927674316,0.9875,4.3828977364281965,0.9447784810126583,14.918414918414918,0.828125,0.9359375,0,0.05791505791505792,0.975,2.7229236954111458,0.7885284810126583,5.818181818181818,5.0928125,0.74296875,13,0.015463917525773196,1.0,2.4818374662236073,0.6380062266145929,2.7817578613328204,6.932866649382076,0.4246871342396687,23,0.018248686514886165,1.0,10.178658871321916,0.8795289855072463,5.818181818181818,2.7083333333333335,0.6041666666666666,1,0.0,0.3333333333333333,4.048905666891813
16,32,col,bup,False,32,False,True,tw16_th32_tcol_ibup_lo_pal32_full,0.09426542499572821,0.5901107594936709,2.335766423357664,4.44921875,0.852734375,14,0.25586446568201565,0.9625,1.9530274299851027,0.9415348101265822,14.678899082568808,0.5878125,0.924609375,0,0.2627450980392157,0.9875,2.4612413308736567,0.7892405063291139,4.926866820631255,3.6053125,0.628125,17,0.03720333547145606,1.0,8.52462857146089,0.6159275661404614,2.7345559389327407,6.300146919021692,0.333339335554155,2,0.019487977473972806,1.0,3.1928205902390676,0.8414855072463768,7.2,3.826388888888889,0.7743055555555556,0,0.1076923076923077,0.7638888888888888,4.031921742285109
16,32,col,bup,False,32,True,True,tw16_th32_tcol_ibup_lo_pal32_pad64_full,0.09426542499572821,0.5901107594936709,2.335766423357664,4.44921875,0.852734375,14,0.25586446568201565,0.9625,1.9530274299851027,0.9415348101265822,14.678899082568808,0.5878125,0.924609375,0,0.2627450980392157,0.9875,2.4612413308736567,0.7892405063291139,4.926866820631255,3.6053125,0.628125,17,0.03720333547145606,1.0,8.52462857146089,0.6159275661404614,2.7345559389327407,6.300146919021692,0.333339335554155,2,0.019487977473972806,1.0,3.1928205902390676,0.8414855072463768,7.2,3.826388888888889,0.7743055555555556,0,0.1076923076923077,0.7638888888888888,4.031921742285109
16,32,col,row,False,32,False,True,tw16_th32_tcol_irow_lo_pal32_full,0.583248701874943,0.5923259493670886,2.337472607742878,4.42484375,0.85859375,10,0.25507998270644183,0.9625,2.085310189615573,0.9424050632911392,14.988290398126464,0.576875,0.9255859375,0,0.25396825396825395,0.9625,2.2790908428383085,0.7758702531645569,4.634322954380884,3.62203125,0.5986328125,18,0.04149377593360996,1.0,8.523521490277629,0.6145157617179706,2.742593031524058,6.335269207501512,0.332204915818853,2,0.01815090015156556,1.0,2.918415299779051,0.8088768115942029,6.6976744186046515,4.784722222222222,0.7222222222222222,0,0.1111111111111111,0.7638888888888888,4.030302141649198
16,32,col,row,False,32,True,True,tw16_th32_tcol_irow_lo_pal32_pad64_full,0.583248701874943,0.5923259493670886,2.337472607742878,4.42484375,0.85859375,10,0.25507998270644183,0.9625,2.085310189615573,0.9424050632911392,14.988290398126464,0.576875,0.9255859375,0,0.25396825396825395,0.9625,2.2790908428383085,0.7758702531645569,4.634322954380884,3.62203125,0.5986328125,18,0.04149377593360996,1.0,8.523521490277629,0.6145157617179706,2.742593031524058,6.335269207501512,0.332204915818853,2,0.01815090015156556,1.0,2.918415299779051,0.8088768115942029,6.6976744186046515,4.784722222222222,0.7222222222222222,0,0.1111111111111111,0.7638888888888888,4.030302141649198
16,32,col,row,False,64,False,True,tw16_th32_tcol_irow_lo_pal64_full,0.4518963169812986,0.5923259493670886,2.335766423357664,4.4521875,0.8595703125,11,0.2559446606139213,0.9625,2.0572667851108983,0.9423259493670886,15.023474178403756,0.57921875,0.92578125,0,0.2589641434262948,0.9625,2.1432046440909365,0.7693037974683544,4.491228070175438,3.63140625,0.591015625,19,0.03942028985507246,1.0,8.527447151763452,0.615610759182463,2.7444144015938523,6.316480857315703,0.3338975420905735,3,0.018350660401790668,1.0,3.149498528806884,0.8260869565217391,7.024390243902439,4.303819444444445,0.7465277777777778,0,0.0958904109589041,0.7638888888888888,4.001458275360705
16,32,col,row,False,64,True,True,tw16_th32_tcol_irow_lo_pal64_pad64_full,0.4518963169812986,0.5923259493670886,2.335766423357664,4.4521875,0.8595703125,11,0.2559446606139213,0.9625,2.0572667851108983,0.9423259493670886,15.023474178403756,0.57921875,0.92578125,0,0.2589641434262948,0.9625,2.1432046440909365,0.7693037974683544,4.491228070175438,3.63140625,0.591015625,19,0.03942028985507246,1.0,8.527447151763452,0.615610759182463,2.7444144015938523,6.316480857315703,0.3338975420905735,3,0.018350660401790668,1.0,3.149498528806884,0.8260869565217391,7.024390243902439,4.303819444444445,0.7465277777777778,0,0.0958904109589041,0.7638888888888888,4.001458275360705
16,32,col,col,True,32,False,True,tw16_th32_tcol_icol_hi_pal32_full,3.4379365733055005,0.8109968354430379,7.239819004524887,4.59796875,0.840625,10,0.0011838989739542227,0.9375,4.610891608083558,0.9559335443037975,12.698412698412698,0.66578125,0.924609375,0,0.003861003861003861,0.975,3.37325241640791,0.8098101265822786,3.665521191294387,4.1371875,0.6365234375,10,0.004521963824289405,1.0,4.163676000059421,0.6215495409450097,1.794398610508033,6.354057557687322,0.33211488250652743,8,0.0024789107592126684,1.0,3.9192651086217856,0.7844202898550725,2.6422018348623855,1.4982638888888888,0.8472222222222222,0,0.0,0.5590277777777778,3.9919416831122265
16,32,col,col,True,32,True,True,tw16_th32_tcol_icol_hi_pal32_pad64_full,3.4379365733055005,0.8109968354430379,7.239819004524887,4.59796875,0.840625,10,0.0011838989739542227,0.9375,4.610891608083558,0.9559335443037975,12.698412698412698,0.66578125,0.924609375,0,0.003861003861003861,0.975,3.37325241640791,0.8098101265822786,3.665521191294387,4.1371875,0.6365234375,10,0.004521963824289405,1.0,4.163676000059421,0.6215495409450097,1.794398610508033,6.354057557687322,0.33211488250652743,8,0.0024789107592126684,1.0,3.9192651086217856,0.7844202898550725,2.6422018348623855,1.4982638888888888,0.8472222222222222,0,0.0,0.5590277777777778,3.9919416831122265
16,32,col,bup,False,0,False,True,tw16_th32_tcol_ibup_lo_pal0_full,0.09050581270952751,0.5906645569620254,2.3340627279358133,4.46828125,0.8541015625,14,0.2559652928416486,0.9625,1.9890472818682743,0.9446202531645569,15.274463007159904,0.55875,0.9302734375,0,0.26229508196721313,1.0,2.2741864795826516,0.7931962025316456,5.095541401273885,3.46015625,0.636328125,19,0.03534031413612566,1.0,8.52378778389865,0.615880224420772,2.7459775024918125,6.306490363840636,0.334455748626992,2,0.019299870346360437,1.0,3.149498528806884,0.8260869565217391,7.024390243902439,4.303819444444445,0.7465277777777778,0,0.0958904109589041,0.7638888888888888,3.9877674310442863
16,32,col,bup,False,0,True,True,tw16_th32_tcol_ibup_lo_pal0_pad64_full,0.09050581270952751,0.5906645569620254,2.3340627279358133,4.46828125,0.8541015625,14,0.2559652928416486,0.9625,1.9890472818682743,0.9446202531645569,15.274463007159904,0.55875,0.9302734375,0,0.26229508196721313,1.0,2.2741864795826516,0.7931962025316456,5.095541401273885,3.46015625,0.636328125,19,0.03534031413612566,1.0,8.52378778389865,0.615880224420772,2.7459775024918125,6.306490363840636,0.334455748626992,2,0.019299870346360437,1.0,3.149498528806884,0.8260869565217391,7.024390243902439,4.303819444444445,0.7465277777777778,0,0.0958904109589041,0.7638888888888888,3.9877674310442863
16,32,col,col,True,64,False,True,tw16_th32_tcol_icol_hi_pal64_full,3.4401003962722996,0.8114715189873418,7.207207207207207,4.56609375,0.8421875,10,0.0011815675462780622,0.9375,4.514122528836977,0.9536392405063292,12.19047619047619,0.69546875,0.9189453125,0,0.003663003663003663,1.0,3.295345638195077,0.8132911392405063,3.784742755765819,4.07453125,0.6314453125,11,0.004492939666238768,1.0,4.163378135283488,0.6209864952191604,1.791564735391571,6.33521735372915,0.33303322229224813,8,0.0024075857470923774,1.0,4.197154516176255,0.806159420289855,2.909090909090909,1.4756944444444444,0.84375,0,0.0,0.4791666666666667,3.9743986473327904
16,32,col,col,True,64,True,True,tw16_th32_tcol_icol_hi_pal64_pad64_full,3.4401003962722996,0.8114715189873418,7.207207207207207,4.56609375,0.8421875,10,0.0011815675462780622,0.9375,4.514122528836977,0.9536392405063292,12.19047619047619,0.69546875,0.9189453125,0,0.003663003663003663,1.0,3.295345638195077,0.8132911392405063,3.784742755765819,4.07453125,0.6314453125,11,0.004492939666238768,1.0,4.163378135283488,0.6209864952191604,1.791564735391571,6.33521735372915,0.33303322229224813,8,0.0024075857470923774,1.0,4.197154516176255,0.806159420289855,2.909090909090909,1.4756944444444444,0.84375,0,0.0,0.4791666666666667,3.9743986473327904
16,8,col,col,True,0,True,False,tw16_th8_tcol_icol_hi_pal0_pad64,0.6870628914284813,0.578243670886076,1.6627695505326059,10.70546875,0.8533203125,0,0.030749242096145518,1.0,3.9630580623029905,0.9449367088607594,10.79258010118044,0.72046875,0.9193359375,0,0.0694980694980695,1.0,3.5170784447012444,0.8218354430379746,4.150453955901427,4.12421875,0.6888671875,9,0.002577319587628866,1.0,3.7053379017392256,0.6493228332098271,2.041028716573767,6.2556390977443606,0.31846583235797243,14,0.006955648775590692,1.0,8.314802521854153,0.8260869565217391,3.2914285714285714,5.220486111111111,0.6736111111111112,1,0.0,0.7916666666666666,3.9428821458425625
16,32,col,col,True,0,True,False,tw16_th32_tcol_icol_hi_pal0_pad64,2.204346199465915,0.7724683544303798,4.169381107491857,4.41703125,0.8533203125,14,0.0519705500216544,0.9625,4.702941159718996,0.9548259493670886,12.5,0.63515625,0.9193359375,0,0.003861003861003861,0.925,3.690648355649709,0.8208069620253164,3.89768574908648,4.16296875,0.6888671875,7,0.008376288659793814,1.0,4.219265164611972,0.6107063530546075,1.7419908466819223,6.459856537896465,0.3187359322949491,7,0.002329916123019571,1.0,2.8525673726647387,0.8070652173913043,2.823529411764706,5.026041666666667,0.6631944444444444,0,0.010309278350515464,0.9583333333333334,3.9097172566032024
16,2,row,morton,False,32,False,True,tw16_th2_trow_imorton_lo_pal32_full,5.033877495223377,0.7079113924050633,2.0499679692504804,5.0753125,0.8880859375,5,0.3359307359307359,0.9875,3.8391969590324546,0.9425632911392405,13.588110403397028,0.82734375,0.930078125,0,0.15444015444015444,0.901875,2.949230406395512,0.781487341772152,5.333333333333333,5.1025,0.741015625,10,0.026537216828478965,1.0,2.5908592258726557,0.6247323892240855,2.596373917336086,6.93226168870452,0.422652381381111,21,0.02251321732432338,1.0,9.506835452444193,0.8586956521739131,4.721311475409836,2.6475694444444446,0.6388888888888888,1,0.04807692307692308,0.4166666666666667,3.8956426276353575
16,8,col,col,True,0,False,False,tw16_th8_tcol_icol_hi_pal0,0.6870628914284813,0.578243670886076,1.6627695505326059,10.70546875,0.8533203125,0,0.030749242096145518,1.0,3.9630580623029905,0.9449367088607594,10.79258010118044,0.72046875,0.9193359375,0,0.0694980694980695,1.0,3.5170784447012444,0.8218354430379746,4.150453955901427,4.12421875,0.6888671875,9,0.002577319587628866,1.0,3.55304687564798,0.643931682124119,2.020076815642458,6.423749027741768,0.32089673179076256,15,0.006508275307043634,1.0,8.276185084541062,0.8206521739130435,3.2,5.369791666666667,0.6631944444444444,1,0.0,0.7916666666666666,3.8933330942838795
16,2,col,col,False,0,False,True,tw16_th2_tcol_icol_lo_pal0_full,5.107372878227617,0.709493670886076,2.051282051282051,4.980625,0.8533203125,5,0.3360762234733651,0.9875,4.645152345272327,0.9526107594936708,13.882863340563992,0.72015625,0.9193359375,0,0.003861003861003861,1.0,2.7005636164348115,0.8152689873417722,4.7976011994003,3.61578125,0.6888671875,16,0.017396907216494846,1.0,3.977756706046402,0.6430064230084636,2.56154254848136,6.97433238268084,0.32615467723057534,10,0.009351686455815909,1.0,3.692206450396461,0.8632246376811594,7.291139240506329,5.597222222222222,0.6875,0,0.0,0.8020833333333334,3.881023637155632
16,2,col,col,False,64,False,True,tw16_th2_tcol_icol_lo_pal64_full,5.106931768450657,0.7088607594936709,2.0506247997436717,4.991875,0.8552734375,5,0.3349178910976664,0.9875,4.641449071933719,0.952373417721519,13.882863340563992,0.724375,0.920703125,0,0.003861003861003861,1.0,2.6426563021475715,0.8085443037974683,4.45993031358885,3.6365625,0.69375,16,0.01607717041800643,1.0,3.979283776359652,0.6430144741920841,2.560748904527951,6.9577391755250195,0.3277572701899703,10,0.009151793541148007,1.0,3.8401223699385882,0.8840579710144927,7.783783783783784,4.529513888888889,0.7361111111111112,0,0.02631578947368421,0.7638888888888888,3.8802193086389427
16,4,col,bup,True,32,False,True,tw16_th4_tcol_ibup_hi_pal32_full,0.35904506555169124,0.5921677215189873,2.3063063063063063,4.43796875,0.853515625,12,0.2528138528138528,0.9625,4.9859378223230575,0.9480221518987342,18.285714285714285,0.63875,0.9193359375,0,0.011583011583011582,0.9875,3.43971147456706,0.8113132911392404,6.2015503875969,3.74078125,0.693359375,11,0.006472491909385114,1.0,4.313068671493541,0.6389289789337897,2.896950578338591,6.464678938726125,0.32786531016476095,8,0.0024692229002786694,1.0,3.6176238198442636,0.8070652173913043,7.890410958904109,5.298611111111111,0.7048611111111112,0,0.0,0.7638888888888888,3.875075405868054
16,2,col,col,False,32,False,True,tw16_th2_tcol_icol_lo_pal32_full,5.108655959733392,0.709493670886076,2.051282051282051,4.97640625,0.853515625,5,0.3359307359307359,0.9875,4.643994644850385,0.952373417721519,13.882863340563992,0.72140625,0.9193359375,0,0.003861003861003861,1.0,2.772995289236995,0.8109968354430379,4.60431654676259,3.65875,0.693359375,15,0.017475728155339806,1.0,3.879175055056402,0.643362221930768,2.562677179305457,6.957289776164549,0.32723507697848203,11,0.009571558796718322,1.0,3.730495714974616,0.8731884057971016,7.48051948051948,5.059027777777778,0.7118055555555556,0,0.011764705882352941,0.8020833333333334,3.873911947655772
16,2,row,morton,False,64,False,True,tw16_th2_trow_imorton_lo_pal64_full,5.048302072133188,0.7076740506329113,2.0499679692504804,5.06875,0.8826171875,5,0.3349178910976664,0.9875,3.7285988262925303,0.9428797468354431,13.646055437100213,0.81734375,0.927734375,0,0.15444015444015444,0.9628125,2.688765147440773,0.7799841772151899,5.224489795918367,5.13390625,0.741796875,12,0.026366559485530548,1.0,2.693753916552324,0.6250190292752811,2.5961409019519857,6.911917725347853,0.4232826145673899,20,0.022626177717067705,1.0,9.87228454545129,0.8632246376811594,4.9655172413793105,2.5243055555555554,0.6770833333333334,1,0.043010752688172046,0.25,3.86773342845214
16,32,col,col,True,0,False,False,tw16_th32_tcol_icol_hi_pal0,2.204346199465915,0.7724683544303798,4.169381107491857,4.41703125,0.8533203125,14,0.0519705500216544,0.9625,4.702941159718996,0.9548259493670886,12.5,0.63515625,0.9193359375,0,0.003861003861003861,0.925,3.690648355649709,0.8208069620253164,3.89768574908648,4.16296875,0.6888671875,7,0.008376288659793814,1.0,4.056586854230626,0.6067613255568116,1.7329119990415145,6.7027568922305765,0.3207706851535068,8,0.002764267469120683,1.0,2.8525673726647387,0.8070652173913043,2.823529411764706,5.026041666666667,0.6631944444444444,0,0.010309278350515464,0.9583333333333334,3.860913763488799
16,4,col,bup,True,64,False,True,tw16_th4_tcol_ibup_hi_pal64_full,0.3669430750409024,0.591376582278481,2.3071377072819033,4.41859375,0.8552734375,12,0.2510803802938634,0.9625,4.983272259954914,0.9477056962025316,18.285714285714285,0.63484375,0.920703125,0,0.011583011583011582,0.9875,3.2910072298949617,0.8102056962025317,6.037735849056604,3.8025,0.69375,12,0.006430868167202572,1.0,4.31778610581365,0.63981535073605,2.905242542934619,6.437040878057212,0.33042225623480687,8,0.002517551946670449,1.0,3.7849813808373587,0.8206521739130435,8.0,4.946180555555555,0.7256944444444444,0,0.0,0.7256944444444444,3.8545020831920707
16,8,col,col,True,0,False,True,tw16_th8_tcol_icol_hi_pal0_full,0.6870628914284813,0.578243670886076,1.6627695505326059,10.70546875,0.8533203125,0,0.030749242096145518,1.0,3.9630580623029905,0.9449367088607594,10.79258010118044,0.72046875,0.9193359375,0,0.0694980694980695,1.0,3.5170784447012444,0.8218354430379746,4.150453955901427,4.12421875,0.6888671875,9,0.002577319587628866,1.0,3.395194874109154,0.6491337953631842,2.0371478873239437,6.262276380606689,0.31842981903304224,17,0.008290862106094322,1.0,8.314802521854153,0.8260869565217391,3.2914285714285714,5.220486111111111,0.6736111111111112,1,0.0,0.7916666666666666,3.849839237553541
16,8,col,col,True,0,True,True,tw16_th8_tcol_icol_hi_pal0_pad64_full,0.6870628914284813,0.578243670886076,1.6627695505326059,10.70546875,0.8533203125,0,0.030749242096145518,1.0,3.9630580623029905,0.9449367088607594,10.79258010118044,0.72046875,0.9193359375,0,0.0694980694980695,1.0,3.5170784447012444,0.8218354430379746,4.150453955901427,4.12421875,0.6888671875,9,0.002577319587628866,1.0,3.395194874109154,0.6491337953631842,2.0371478873239437,6.262276380606689,0.31842981903304224,17,0.008290862106094322,1.0,8.314802521854153,0.8260869565217391,3.2914285714285714,5.220486111111111,0.6736111111111112,1,0.0,0.7916666666666666,3.849839237553541
16,4,col,bup,True,0,False,True,tw16_th4_tcol_ibup_hi_pal0_full,0.35838045764110804,0.5924050632911393,2.3063063063063063,4.44546875,0.8533203125,12,0.2529233434387181,0.9625,4.959579699960188,0.9479430379746836,18.285714285714285,0.645,0.9193359375,0,0.011583011583011582,1.0,3.367897857009519,0.8130537974683545,6.406406406406407,3.63734375,0.6888671875,12,0.006443298969072165,1.0,4.312532559835208,0.6391892822412024,2.9053884397127505,6.472007605219947,0.3284235167011794,8,0.0025061771973173314,1.0,3.554620599232347,0.7971014492753623,7.890410958904109,5.59375,0.6875,0,0.0,0.7638888888888888,3.843036429297209
16,16,row,row,True,64,False,False,tw16_th16_trow_irow_hi_pal64,0.22219558031516362,0.5912183544303797,2.3071377072819033,4.4578125,0.8669921875,13,0.2510803802938634,0.9625,5.006722225321167,0.9475474683544304,18.181818181818183,0.60234375,0.9189453125,0,0.011583011583011582,0.97515625,3.8008943126116037,0.8097310126582279,5.914972273567468,3.624375,0.6158203125,9,0.0038585209003215433,1.0,3.896079200304972,0.6120818966904544,2.9430766100315395,6.587606948405496,0.392293148464932,10,0.0018550927546377319,1.0,3.481908793744756,0.8260869565217391,8.112676056338028,4.722222222222222,0.71875,0,0.0,0.9166666666666666,3.8247705857537
16,2,col,col,True,64,False,False,tw16_th2_tcol_icol_hi_pal64,5.107564679843064,0.7090189873417722,2.0506247997436717,4.991875,0.8552734375,5,0.3349178910976664,0.9875,4.662716360922527,0.9518987341772152,13.882863340563992,0.724375,0.920703125,0,0.0,1.0,2.6322244571396354,0.8107594936708861,4.45993031358885,3.6365625,0.69375,16,0.01929260450160772,1.0,3.809569292980589,0.6434365976648624,2.571219056930803,6.923567539538501,0.32125686504006484,12,0.0071053552677633885,1.0,3.7568430602917493,0.8677536231884058,6.776470588235294,5.237847222222222,0.71875,0,0.0,0.7638888888888888,3.823844881006959
16,2,col,col,True,0,False,False,tw16_th2_tcol_icol_hi_pal0,5.107689333923819,0.7095727848101265,2.051282051282051,4.980625,0.8533203125,5,0.3360762234733651,0.9875,4.666103178564932,0.9520569620253164,13.882863340563992,0.72015625,0.9193359375,0,0.0,1.0,2.6919932131984803,0.8179588607594936,4.7976011994003,3.61578125,0.6888671875,16,0.020618556701030927,1.0,3.8072536157582864,0.6433583151644876,2.5713333333333335,6.937377927577565,0.3209327451156928,12,0.0071381084012736625,1.0,3.5324325099239777,0.8523550724637681,6.6976744186046515,6.123263888888889,0.6736111111111112,0,0.0,0.8020833333333334,3.8171395442922766
16,8,col,bup,True,64,False,True,tw16_th8_tcol_ibup_hi_pal64_full,0.36215140837423565,0.591376582278481,2.3071377072819033,4.44734375,0.8552734375,12,0.2510803802938634,0.9625,4.965968066916939,0.948496835443038,18.285714285714285,0.60765625,0.920703125,0,0.011583011583011582,1.0,3.0459913382140495,0.8063291139240507,6.037735849056604,3.71640625,0.69375,14,0.00707395498392283,1.0,4.417142532941962,0.6211879997940518,2.9138755980861246,6.072992826894823,0.32125686504006484,7,0.002730277338698089,1.0,3.7922151771336554,0.8206521739130435,8.0,4.902777777777778,0.7256944444444444,0,0.0,0.7256944444444444,3.81644583559995
16,8,col,bup,True,64,True,True,tw16_th8_tcol_ibup_hi_pal64_pad64_full,0.36215140837423565,0.591376582278481,2.3071377072819033,4.44734375,0.8552734375,12,0.2510803802938634,0.9625,4.965968066916939,0.948496835443038,18.285714285714285,0.60765625,0.920703125,0,0.011583011583011582,1.0,3.0459913382140495,0.8063291139240507,6.037735849056604,3.71640625,0.69375,14,0.00707395498392283,1.0,4.417142532941962,0.6211879997940518,2.9138755980861246,6.072992826894823,0.32125686504006484,7,0.002730277338698089,1.0,3.7922151771336554,0.8206521739130435,8.0,4.902777777777778,0.7256944444444444,0,0.0,0.7256944444444444,3.81644583559995
16,2,col,col,False,64,False,False,tw16_th2_tcol_icol_lo_pal64,5.106931768450657,0.7088607594936709,2.0506247997436717,4.991875,0.8552734375,5,0.3349178910976664,0.9875,4.641449071933719,0.952373417721519,13.882863340563992,0.724375,0.920703125,0,0.003861003861003861,1.0,2.6426563021475715,0.8085443037974683,4.45993031358885,3.6365625,0.69375,16,0.01607717041800643,1.0,3.7942781796152474,0.6436544618612512,2.570076851317134,6.924207069397632,0.32125686504006484,12,0.00976548827441372,1.0,3.7568430602917493,0.8677536231884058,6.776470588235294,5.237847222222222,0.71875,0,0.0,0.7638888888888888,3.816389698650937
16,16,row,row,True,64,False,True,tw16_th16_trow_irow_hi_pal64_full,0.22219558031516362,0.5912183544303797,2.3071377072819033,4.4578125,0.8669921875,13,0.2510803802938634,0.9625,5.006722225321167,0.9475474683544304,18.181818181818183,0.60234375,0.9189453125,0,0.011583011583011582,0.97515625,3.8008943126116037,0.8097310126582279,5.914972273567468,3.624375,0.6158203125,9,0.0038585209003215433,1.0,3.694450660183737,0.6123677324074158,2.9558575588821334,6.5930515945035,0.39322949491311787,12,0.002109259649862898,1.0,3.957606517533108,0.8478260869565217,8.597014925373134,4.090277777777778,0.7604166666666666,0,0.0,0.7638888888888888,3.8118517960961653
16,16,row,row,True,64,True,True,tw16_th16_trow_irow_hi_pal64_pad64_full,0.22219558031516362,0.5912183544303797,2.3071377072819033,4.4578125,0.8669921875,13,0.2510803802938634,0.9625,5.006722225321167,0.9475474683544304,18.181818181818183,0.60234375,0.9189453125,0,0.011583011583011582,0.97515625,3.8008943126116037,0.8097310126582279,5.914972273567468,3.624375,0.6158203125,9,0.0038585209003215433,1.0,3.694450660183737,0.6123677324074158,2.9558575588821334,6.5930515945035,0.39322949491311787,12,0.002109259649862898,1.0,3.957606517533108,0.8478260869565217,8.597014925373134,4.090277777777778,0.7604166666666666,0,0.0,0.7638888888888888,3.8118517960961653
16,2,col,col,False,32,False,False,tw16_th2_tcol_icol_lo_pal32,5.108655959733392,0.709493670886076,2.051282051282051,4.97640625,0.853515625,5,0.3359307359307359,0.9875,4.643994644850385,0.952373417721519,13.882863340563992,0.72140625,0.9193359375,0,0.003861003861003861,1.0,2.772995289236995,0.8109968354430379,4.60431654676259,3.65875,0.693359375,15,0.017475728155339806,1.0,3.696168721345325,0.6440722494085385,2.5699626865671643,6.924103361852908,0.32113081840280905,13,0.009761729820510129,1.0,3.60063148335393,0.8605072463768115,6.6976744186046515,5.690972222222222,0.6979166666666666,0,0.0,0.8020833333333334,3.8060236243803804
16,2,row,morton,False,0,False,True,tw16_th2_trow_imorton_lo_pal0_full,5.033509732042063,0.7074367088607595,2.0519397242705995,5.08296875,0.8857421875,5,0.3360762234733651,0.9875,3.6879070739191118,0.9423259493670886,13.646055437100213,0.828125,0.9359375,0,0.15444015444015444,0.975,2.709250049025201,0.7823575949367089,5.391743892165122,5.0928125,0.74296875,12,0.027706185567010308,1.0,2.5890702261022653,0.624802084318017,2.5982395473121658,6.934422262552934,0.424579094264878,21,0.02234206471494607,1.0,9.518740875388565,0.8596014492753623,4.645161290322581,2.7083333333333335,0.6041666666666666,1,0.05263157894736842,0.4166666666666667,3.7945367858984227
16,16,row,hilbert,True,32,False,True,tw16_th16_trow_ihilbert_hi_pal32_full,-0.39773433518323187,0.6443829113924051,1.999375195251484,9.7965625,0.866015625,0,0.2571428571428571,1.0,4.699602581521739,0.95,13.91304347826087,0.79015625,0.91875,0,0.0,0.975,3.789237921393095,0.8178006329113925,4.705882352941177,4.614375,0.6123046875,7,0.007766990291262136,1.0,4.231581886809915,0.6562804579388748,2.491172924560799,6.552415521562527,0.3929774016386063,8,0.0032670554345535026,1.0,3.490693392255893,0.875,5.818181818181818,4.633680555555555,0.7256944444444444,0,0.0,0.9166666666666666,3.7938236892117616
16,16,row,hilbert,True,32,True,True,tw16_th16_trow_ihilbert_hi_pal32_pad64_full,-0.39773433518323187,0.6443829113924051,1.999375195251484,9.7965625,0.866015625,0,0.2571428571428571,1.0,4.699602581521739,0.95,13.91304347826087,0.79015625,0.91875,0,0.0,0.975,3.789237921393095,0.8178006329113925,4.705882352941177,4.614375,0.6123046875,7,0.007766990291262136,1.0,4.231581886809915,0.6562804579388748,2.491172924560799,6.552415521562527,0.3929774016386063,8,0.0032670554345535026,1.0,3.490693392255893,0.875,5.818181818181818,4.633680555555555,0.7256944444444444,0,0.0,0.9166666666666666,3.7938236892117616
16,8,col,bup,True,0,False,True,tw16_th8_tcol_ibup_hi_pal0_full,0.3559885800039768,0.5924841772151899,2.3063063063063063,4.46171875,0.8533203125,12,0.2529233434387181,0.9625,5.0120259684201045,0.9473892405063291,18.285714285714285,0.61703125,0.9193359375,0,0.011583011583011582,0.975,2.9908574314255434,0.8089398734177216,6.406406406406407,3.61765625,0.6888671875,15,0.007087628865979381,1.0,4.409318467515986,0.6193100241192906,2.9064101275997185,6.105643418892058,0.31844782569550734,7,0.002473916317091535,1.0,3.562873417267774,0.7980072463768115,7.890410958904109,5.565972222222222,0.6875,0,0.0,0.7638888888888888,3.78831165234176
16,8,col,bup,True,0,True,True,tw16_th8_tcol_ibup_hi_pal0_pad64_full,0.3559885800039768,0.5924841772151899,2.3063063063063063,4.46171875,0.8533203125,12,0.2529233434387181,0.9625,5.0120259684201045,0.9473892405063291,18.285714285714285,0.61703125,0.9193359375,0,0.011583011583011582,0.975,2.9908574314255434,0.8089398734177216,6.406406406406407,3.61765625,0.6888671875,15,0.007087628865979381,1.0,4.409318467515986,0.6193100241192906,2.9064101275997185,6.105643418892058,0.31844782569550734,7,0.002473916317091535,1.0,3.562873417267774,0.7980072463768115,7.890410958904109,5.565972222222222,0.6875,0,0.0,0.7638888888888888,3.78831165234176
16,2,col,col,True,32,False,False,tw16_th2_tcol_icol_hi_pal32,5.10833950403719,0.7094145569620254,2.051282051282051,4.97640625,0.853515625,5,0.3359307359307359,0.9875,4.665894845231599,0.9520569620253164,13.882863340563992,0.72140625,0.9193359375,0,0.0,1.0,2.7705220189899764,0.8132911392405063,4.60431654676259,3.65875,0.693359375,15,0.019417475728155338,1.0,3.611009767947052,0.6438191546488818,2.570990534595387,6.92396508512661,0.32113081840280905,14,0.007137608901018159,1.0,3.5970082949481332,0.8596014492753623,6.6976744186046515,5.690972222222222,0.6979166666666666,0,0.0,0.8020833333333334,3.7851393048995137
16,8,row,row,True,64,False,True,tw16_th8_trow_irow_hi_pal64_full,0.09146641364849706,0.5912183544303797,2.3071377072819033,4.451875,0.8748046875,14,0.2510803802938634,0.9625,5.022720425426761,0.9476265822784811,18.13031161473088,0.6165625,0.9205078125,0,0.011583011583011582,0.9628125,3.338793800134843,0.8089398734177216,6.0606060606060606,3.7446875,0.6662109375,12,0.006430868167202572,1.0,4.049096365674981,0.6130911585192405,3.0461222555678407,6.5138363149252445,0.44118123705771134,8,0.0016167580486433292,1.0,3.8503623188405802,0.8396739130434783,8.0,4.302083333333333,0.7534722222222222,0,0.0,0.7638888888888888,3.7810761533244497
16,8,row,row,True,64,True,True,tw16_th8_trow_irow_hi_pal64_pad64_full,0.09146641364849706,0.5912183544303797,2.3071377072819033,4.451875,0.8748046875,14,0.2510803802938634,0.9625,5.022720425426761,0.9476265822784811,18.13031161473088,0.6165625,0.9205078125,0,0.011583011583011582,0.9628125,3.338793800134843,0.8089398734177216,6.0606060606060606,3.7446875,0.6662109375,12,0.006430868167202572,1.0,4.049096365674981,0.6130911585192405,3.0461222555678407,6.5138363149252445,0.44118123705771134,8,0.0016167580486433292,1.0,3.8503623188405802,0.8396739130434783,8.0,4.302083333333333,0.7534722222222222,0,0.0,0.7638888888888888,3.7810761533244497
16,2,col,col,False,0,False,False,tw16_th2_tcol_icol_lo_pal0,5.107372878227617,0.709493670886076,2.051282051282051,4.980625,0.8533203125,5,0.3360762234733651,0.9875,4.645152345272327,0.9526107594936708,13.882863340563992,0.72015625,0.9193359375,0,0.003861003861003861,1.0,2.7005636164348115,0.8152689873417722,4.7976011994003,3.61578125,0.6888671875,16,0.017396907216494846,1.0,3.693903043428471,0.6437763708231861,2.5707620528771384,6.93779275775646,0.3209327451156928,13,0.009622450050736555,1.0,3.5360556983297755,0.8532608695652174,6.6976744186046515,6.123263888888889,0.6736111111111112,0,0.0,0.8020833333333334,3.7802524631635843
16,8,col,bup,True,64,True,False,tw16_th8_tcol_ibup_hi_pal64_pad64,0.36215140837423565,0.591376582278481,2.3071377072819033,4.44734375,0.8552734375,12,0.2510803802938634,0.9625,4.965968066916939,0.948496835443038,18.285714285714285,0.60765625,0.920703125,0,0.011583011583011582,1.0,3.0459913382140495,0.8063291139240507,6.037735849056604,3.71640625,0.69375,14,0.00707395498392283,1.0,4.421490574777079,0.6212917381007149,2.918137798849995,6.0602540834845735,0.32100477176555325,7,0.0025508371056980673,1.0,3.3969478896401704,0.8251811594202898,8.228571428571428,4.75,0.7256944444444444,0,0.012658227848101266,0.9166666666666666,3.7782235194011364
16,32,row,row,True,32,False,True,tw16_th32_trow_irow_hi_pal32_full,0.2306009995475109,0.5909018987341772,2.3071377072819033,4.450625,0.857421875,13,0.25206073752711494,0.9625,4.928833399059859,0.9463607594936709,17.877094972067038,0.61375,0.9177734375,0,0.011235955056179775,1.0,3.761259187029629,0.8204113924050633,6.393606393606394,3.29078125,0.648046875,10,0.005442176870748299,1.0,3.684327598027383,0.6283724015389944,3.0544849796737235,6.460720767435831,0.3954083010713964,13,0.002300529486945408,1.0,3.8533313204508866,0.822463768115942,8.347826086956522,4.784722222222222,0.7222222222222222,0,0.0,0.7256944444444444,3.7685035638003717
16,32,row,row,True,32,True,True,tw16_th32_trow_irow_hi_pal32_pad64_full,0.2306009995475109,0.5909018987341772,2.3071377072819033,4.450625,0.857421875,13,0.25206073752711494,0.9625,4.928833399059859,0.9463607594936709,17.877094972067038,0.61375,0.9177734375,0,0.011235955056179775,1.0,3.761259187029629,0.8204113924050633,6.393606393606394,3.29078125,0.648046875,10,0.005442176870748299,1.0,3.684327598027383,0.6283724015389944,3.0544849796737235,6.460720767435831,0.3954083010713964,13,0.002300529486945408,1.0,3.8533313204508866,0.822463768115942,8.347826086956522,4.784722222222222,0.7222222222222222,0,0.0,0.7256944444444444,3.7685035638003717
16,8,row,row,True,0,False,True,tw16_th8_trow_irow_hi_pal0_full,0.07458946444071368,0.5920886075949368,2.3063063063063063,4.46484375,0.88125,14,0.25249025552187093,0.9625,5.00471817073256,0.9473101265822785,18.181818181818183,0.61921875,0.9177734375,0,0.011583011583011582,0.97515625,3.3789126016109603,0.8107594936708861,6.387225548902196,3.680625,0.66953125,12,0.006443298969072165,1.0,4.048734962004676,0.612760547291813,3.049654736176269,6.52157981159796,0.43959665076078147,8,0.001686696183849884,1.0,3.678727382646196,0.8143115942028986,7.890410958904109,5.012152777777778,0.7152777777777778,0,0.0,0.7638888888888888,3.768204384830595
16,8,row,row,True,0,True,True,tw16_th8_trow_irow_hi_pal0_pad64_full,0.07458946444071368,0.5920886075949368,2.3063063063063063,4.46484375,0.88125,14,0.25249025552187093,0.9625,5.00471817073256,0.9473101265822785,18.181818181818183,0.61921875,0.9177734375,0,0.011583011583011582,0.97515625,3.3789126016109603,0.8107594936708861,6.387225548902196,3.680625,0.66953125,12,0.006443298969072165,1.0,4.048734962004676,0.612760547291813,3.049654736176269,6.52157981159796,0.43959665076078147,8,0.001686696183849884,1.0,3.678727382646196,0.8143115942028986,7.890410958904109,5.012152777777778,0.7152777777777778,0,0.0,0.7638888888888888,3.768204384830595
16,32,col,col,True,32,True,False,tw16_th32_tcol_icol_hi_pal32_pad64,2.333452880145508,0.7730221518987341,4.204993429697766,4.408125,0.853515625,13,0.051515151515151514,0.9625,4.546129872850472,0.9543512658227848,12.45136186770428,0.6403125,0.9193359375,0,0.003861003861003861,1.0,3.1881206445092682,0.8165348101265822,3.78698224852071,4.2615625,0.693359375,11,0.003883495145631068,1.0,4.231269457730053,0.6114505769516303,1.748360581426974,6.4177512747385705,0.31904204555685606,7,0.0020068807339449542,1.0,3.012095014475623,0.8215579710144927,3.0638297872340425,4.657986111111111,0.6909722222222222,0,0.0,0.9583333333333334,3.7681717036917513
16,16,row,row,True,64,True,False,tw16_th16_trow_irow_hi_pal64_pad64,0.22219558031516362,0.5912183544303797,2.3071377072819033,4.4578125,0.8669921875,13,0.2510803802938634,0.9625,5.006722225321167,0.9475474683544304,18.181818181818183,0.60234375,0.9189453125,0,0.011583011583011582,0.97515625,3.8008943126116037,0.8097310126582279,5.914972273567468,3.624375,0.6158203125,9,0.0038585209003215433,1.0,3.6969694660202057,0.6126628832617943,2.9564617507281925,6.582093163944344,0.39429188799855946,12,0.0019334200442928955,1.0,3.481908793744756,0.8260869565217391,8.112676056338028,4.722222222222222,0.71875,0,0.0,0.9166666666666666,3.7650376654682707
16,8,col,bup,True,0,True,False,tw16_th8_tcol_ibup_hi_pal0_pad64,0.3559885800039768,0.5924841772151899,2.3063063063063063,4.46171875,0.8533203125,12,0.2529233434387181,0.9625,5.0120259684201045,0.9473892405063291,18.285714285714285,0.61703125,0.9193359375,0,0.011583011583011582,0.975,2.9908574314255434,0.8089398734177216,6.406406406406407,3.61765625,0.6888671875,15,0.007087628865979381,1.0,4.4122428145580175,0.6193098709127698,2.9075786511207156,6.094494857834241,0.318231745745926,7,0.0023663547380875553,1.0,3.3134682744210844,0.7998188405797102,8.112676056338028,5.508680555555555,0.6736111111111112,0,0.0,0.9166666666666666,3.7642484421697002
16,8,col,bup,True,64,False,False,tw16_th8_tcol_ibup_hi_pal64,0.36215140837423565,0.591376582278481,2.3071377072819033,4.44734375,0.8552734375,12,0.2510803802938634,0.9625,4.965968066916939,0.948496835443038,18.285714285714285,0.60765625,0.920703125,0,0.011583011583011582,1.0,3.0459913382140495,0.8063291139240507,6.037735849056604,3.71640625,0.69375,14,0.00707395498392283,1.0,4.362443462011139,0.6138219602583732,2.8809381535703613,6.243418892057731,0.3210948050778788,7,0.0017850892544627231,1.0,3.4332599410877505,0.8206521739130435,8.112676056338028,4.883680555555555,0.71875,0,0.0,0.9166666666666666,3.7641405907161127
16,16,row,hilbert,True,32,False,False,tw16_th16_trow_ihilbert_hi_pal32,-0.39773433518323187,0.6443829113924051,1.999375195251484,9.7965625,0.866015625,0,0.2571428571428571,1.0,4.699602581521739,0.95,13.91304347826087,0.79015625,0.91875,0,0.0,0.975,3.789237921393095,0.8178006329113925,4.705882352941177,4.614375,0.6123046875,7,0.007766990291262136,1.0,4.133769819022804,0.6562743218367643,2.4842200180342653,6.555215625270072,0.3922571351400018,9,0.002904027150904447,1.0,3.3687772900408772,0.8632246376811594,5.538461538461538,5.223958333333333,0.6944444444444444,0,0.0,0.9166666666666666,3.752288458654127
16,16,row,hilbert,True,32,True,False,tw16_th16_trow_ihilbert_hi_pal32_pad64,-0.39773433518323187,0.6443829113924051,1.999375195251484,9.7965625,0.866015625,0,0.2571428571428571,1.0,4.699602581521739,0.95,13.91304347826087,0.79015625,0.91875,0,0.0,0.975,3.789237921393095,0.8178006329113925,4.705882352941177,4.614375,0.6123046875,7,0.007766990291262136,1.0,4.132959464021397,0.6562714109128691,2.4877450980392157,6.55008210180624,0.3925452417394436,9,0.0031566763705236575,1.0,3.3687772900408772,0.8632246376811594,5.538461538461538,5.223958333333333,0.6944444444444444,0,0.0,0.9166666666666666,3.7520453521537047
16,8,row,row,True,64,True,False,tw16_th8_trow_irow_hi_pal64_pad64,0.09146641364849706,0.5912183544303797,2.3071377072819033,4.451875,0.8748046875,14,0.2510803802938634,0.9625,5.022720425426761,0.9476265822784811,18.13031161473088,0.6165625,0.9205078125,0,0.011583011583011582,0.9628125,3.338793800134843,0.8089398734177216,6.0606060606060606,3.7446875,0.6662109375,12,0.006430868167202572,1.0,4.0484990516326365,0.6132650515393974,3.045641187618446,6.511399187624233,0.44256775006752497,8,0.0015466272979718092,1.0,3.517646489657359,0.8405797101449275,8.228571428571428,4.208333333333333,0.7430555555555556,0,0.013513513513513514,0.9166666666666666,3.7476253761934237
16,32,col,col,True,32,False,False,tw16_th32_tcol_icol_hi_pal32,2.333452880145508,0.7730221518987341,4.204993429697766,4.408125,0.853515625,13,0.051515151515151514,0.9625,4.546129872850472,0.9543512658227848,12.45136186770428,0.6403125,0.9193359375,0,0.003861003861003861,1.0,3.1881206445092682,0.8165348101265822,3.78698224852071,4.2615625,0.693359375,11,0.003883495145631068,1.0,4.162578985373243,0.606838573913171,1.7349907035326575,6.679854809437386,0.320482578554065,7,0.002554144361638851,1.0,3.012095014475623,0.8215579710144927,3.0638297872340425,4.657986111111111,0.6909722222222222,0,0.0,0.9583333333333334,3.7475645619847087
16,8,col,bup,True,0,False,False,tw16_th8_tcol_ibup_hi_pal0,0.3559885800039768,0.5924841772151899,2.3063063063063063,4.46171875,0.8533203125,12,0.2529233434387181,0.9625,5.0120259684201045,0.9473892405063291,18.285714285714285,0.61703125,0.9193359375,0,0.011583011583011582,0.975,2.9908574314255434,0.8089398734177216,6.406406406406407,3.61765625,0.6888671875,15,0.007087628865979381,1.0,4.3614809213869865,0.6138042109210338,2.884816753926702,6.255552674790424,0.32069865850364637,7,0.0017495363728611917,1.0,3.288546273615931,0.7943840579710144,8.112676056338028,5.621527777777778,0.6631944444444444,0,0.0,0.9166666666666666,3.7465276741378757
16,8,row,row,True,0,True,False,tw16_th8_trow_irow_hi_pal0_pad64,0.07458946444071368,0.5920886075949368,2.3063063063063063,4.46484375,0.88125,14,0.25249025552187093,0.9625,5.00471817073256,0.9473101265822785,18.181818181818183,0.61921875,0.9177734375,0,0.011583011583011582,0.97515625,3.3789126016109603,0.8107594936708861,6.387225548902196,3.680625,0.66953125,12,0.006443298969072165,1.0,4.0486055038071225,0.6131951266356847,3.050780426070449,6.520957566329617,0.4412532637075718,8,0.0016167580486433292,1.0,3.434681539316414,0.8170289855072463,8.112676056338028,5.006944444444445,0.6944444444444444,0,0.0,0.9166666666666666,3.7437609630383504
16,2,col,col,True,64,False,True,tw16_th2_tcol_icol_hi_pal64_full,5.107564679843064,0.7090189873417722,2.0506247997436717,4.991875,0.8552734375,5,0.3349178910976664,0.9875,4.662716360922527,0.9518987341772152,13.882863340563992,0.724375,0.920703125,0,0.0,1.0,2.6322244571396354,0.8107594936708861,4.45993031358885,3.6365625,0.69375,16,0.01929260450160772,1.0,3.4894793950914726,0.6423012676790072,2.559389515593895,6.954109411459684,0.3276672368776447,15,0.007081507449605609,1.0,3.8401223699385882,0.8840579710144927,7.783783783783784,4.529513888888889,0.7361111111111112,0,0.02631578947368421,0.7638888888888888,3.736145842604908
16,2,row,bup,True,32,False,True,tw16_th2_trow_ibup_hi_pal32_full,0.1697705301747532,0.5920886075949368,2.3063063063063063,4.525,0.8880859375,13,0.2532467532467532,0.9625,4.991656987274738,0.9477848101265822,18.07909604519774,0.695,0.930078125,0,0.011583011583011582,0.9628125,3.513279643477431,0.8013449367088608,6.445115810674723,4.86640625,0.741015625,8,0.007766990291262136,1.0,3.6547563165163233,0.5970104126992812,2.9393385154702028,6.776250972258231,0.4229044746556226,11,0.002416389423918753,1.0,4.143998455049707,0.7672101449275361,6.6976744186046515,2.001736111111111,0.6388888888888888,0,0.009615384615384616,0.6666666666666666,3.735691906869412
16,2,col,col,True,32,False,True,tw16_th2_tcol_icol_hi_pal32_full,5.10833950403719,0.7094145569620254,2.051282051282051,4.97640625,0.853515625,5,0.3359307359307359,0.9875,4.665894845231599,0.9520569620253164,13.882863340563992,0.72140625,0.9193359375,0,0.0,1.0,2.7705220189899764,0.8132911392405063,4.60431654676259,3.65875,0.693359375,15,0.019417475728155338,1.0,3.389694478412049,0.6426834799483547,2.5634720191413,6.955336617405583,0.32709102367876114,16,0.007467134092900964,1.0,3.726872526568817,0.8722826086956522,7.48051948051948,5.059027777777778,0.7118055555555556,0,0.011764705882352941,0.8020833333333334,3.7317311412010814
16,8,row,bup,True,32,False,True,tw16_th8_trow_ibup_hi_pal32_full,0.1972730784736325,0.5924050632911393,2.3063063063063063,4.46578125,0.87890625,13,0.2528138528138528,0.9625,4.95478843043731,0.9481012658227848,18.13031161473088,0.59984375,0.9193359375,0,0.011583011583011582,1.0,3.458908383769305,0.806882911392405,6.195546950629235,3.7865625,0.67109375,11,0.004530744336569579,1.0,3.849405260888158,0.6130908138045685,3.048048048048048,6.5226514562267734,0.43968668407310707,10,0.001720566031110643,1.0,3.6958494639666473,0.8215579710144927,7.890410958904109,4.927083333333333,0.7326388888888888,0,0.0,0.7638888888888888,3.727749542634723
16,8,row,bup,True,32,True,True,tw16_th8_trow_ibup_hi_pal32_pad64_full,0.1972730784736325,0.5924050632911393,2.3063063063063063,4.46578125,0.87890625,13,0.2528138528138528,0.9625,4.95478843043731,0.9481012658227848,18.13031161473088,0.59984375,0.9193359375,0,0.011583011583011582,1.0,3.458908383769305,0.806882911392405,6.195546950629235,3.7865625,0.67109375,11,0.004530744336569579,1.0,3.849405260888158,0.6130908138045685,3.048048048048048,6.5226514562267734,0.43968668407310707,10,0.001720566031110643,1.0,3.6958494639666473,0.8215579710144927,7.890410958904109,4.927083333333333,0.7326388888888888,0,0.0,0.7638888888888888,3.727749542634723
16,32,row,row,True,32,True,False,tw16_th32_trow_irow_hi_pal32_pad64,0.23578564786955836,0.5920886075949368,2.3063063063063063,4.4378125,0.8572265625,13,0.2523809523809524,0.9625,4.957260035184038,0.9476265822784811,18.181818181818183,0.599375,0.9193359375,0,0.011583011583011582,1.0,3.528607946965438,0.8125791139240506,6.171648987463838,3.62671875,0.65625,11,0.004530744336569579,1.0,3.8685301105794476,0.6216789374232671,2.982523971543458,6.475274392878749,0.38323579724498064,11,0.0021105347880522266,1.0,3.3906497357737413,0.8097826086956521,8.112676056338028,5.128472222222222,0.6909722222222222,0,0.0,0.9166666666666666,3.724812533939637
16,16,row,hilbert,True,0,False,False,tw16_th16_trow_ihilbert_hi_pal0,-0.39897379918851583,0.6445411392405063,2.002503128911139,9.7846875,0.8669921875,0,0.2572542226071893,1.0,4.676584924768519,0.95,14.222222222222221,0.78109375,0.9189453125,0,0.0,1.0,3.7275909436745494,0.8241297468354429,4.86322188449848,4.4553125,0.6142578125,8,0.008376288659793814,1.0,4.130069535426629,0.6560372528410883,2.4872103520914837,6.568663036902601,0.3922031151526065,9,0.0030441932887784735,1.0,3.3261896894843987,0.8596014492753623,5.433962264150943,5.590277777777778,0.6666666666666666,0,0.0,0.9166666666666666,3.724807651436545
16,16,row,hilbert,True,0,True,False,tw16_th16_trow_ihilbert_hi_pal0_pad64,-0.39897379918851583,0.6445411392405063,2.002503128911139,9.7846875,0.8669921875,0,0.2572542226071893,1.0,4.676584924768519,0.95,14.222222222222221,0.78109375,0.9189453125,0,0.0,1.0,3.7275909436745494,0.8241297468354429,4.86322188449848,4.4553125,0.6142578125,8,0.008376288659793814,1.0,4.129653623250266,0.6564461465688906,2.4936425154088186,6.570927318295739,0.3934815881876294,9,0.0030929284408828905,1.0,3.3261896894843987,0.8596014492753623,5.433962264150943,5.590277777777778,0.6666666666666666,0,0.0,0.9166666666666666,3.7246828777836365
16,2,row,bup,True,64,False,True,tw16_th2_trow_ibup_hi_pal64_full,0.18742307900229638,0.591376582278481,2.3071377072819033,4.5140625,0.8826171875,13,0.2515125324114088,0.9625,4.981456946444585,0.9481012658227848,18.181818181818183,0.69,0.927734375,0,0.011583011583011582,0.975,3.588797903330553,0.7989715189873418,6.2439024390243905,4.94734375,0.741796875,7,0.008360128617363344,1.0,3.5554831780536533,0.5969842291620192,2.9375476009139376,6.764704865612306,0.4233906545421806,12,0.002452096542543875,1.0,4.147393917652847,0.7907608695652174,6.9397590361445785,1.8958333333333333,0.6770833333333334,0,0.021505376344086023,0.6666666666666666,3.7246444524431004
16,16,row,row,True,32,False,True,tw16_th16_trow_irow_hi_pal32_full,0.100731009815761,0.5921677215189873,2.3063063063063063,4.4509375,0.866015625,14,0.2523809523809524,0.9625,4.957774358100703,0.9476265822784811,18.181818181818183,0.6015625,0.91875,0,0.011583011583011582,1.0,3.453680252373133,0.8117879746835444,6.0663507109004735,3.68015625,0.6123046875,12,0.004530744336569579,1.0,3.7914001613873634,0.6124031161772043,2.9541973039215685,6.6225391063866565,0.3929774016386063,11,0.0018621319654275876,1.0,3.8259568380492297,0.832427536231884,8.228571428571428,4.545138888888889,0.7361111111111112,0,0.0,0.7638888888888888,3.7150524117295904
16,16,row,row,True,32,True,True,tw16_th16_trow_irow_hi_pal32_pad64_full,0.100731009815761,0.5921677215189873,2.3063063063063063,4.4509375,0.866015625,14,0.2523809523809524,0.9625,4.957774358100703,0.9476265822784811,18.181818181818183,0.6015625,0.91875,0,0.011583011583011582,1.0,3.453680252373133,0.8117879746835444,6.0663507109004735,3.68015625,0.6123046875,12,0.004530744336569579,1.0,3.7914001613873634,0.6124031161772043,2.9541973039215685,6.6225391063866565,0.3929774016386063,11,0.0018621319654275876,1.0,3.8259568380492297,0.832427536231884,8.228571428571428,4.545138888888889,0.7361111111111112,0,0.0,0.7638888888888888,3.7150524117295904
16,16,row,hilbert,True,64,False,True,tw16_th16_trow_ihilbert_hi_pal64_full,-0.39314409780051807,0.6438291139240506,2.0043845912934546,9.81890625,0.8669921875,0,0.25583405358686256,1.0,4.691987373347948,0.9501582278481012,13.822894168466522,0.7928125,0.9189453125,0,0.0,0.975,3.6442536840489757,0.8150316455696203,4.7093451066961,4.6465625,0.6158203125,8,0.008360128617363344,1.0,4.0358939262105284,0.656600949694651,2.495793969198913,6.534024716964826,0.3929774016386063,10,0.003337080230434172,1.0,3.640104166666667,0.8903985507246377,6.260869565217392,4.078125,0.7534722222222222,0,0.0,0.9166666666666666,3.710749741628984
16,16,row,hilbert,True,64,True,True,tw16_th16_trow_ihilbert_hi_pal64_pad64_full,-0.39314409780051807,0.6438291139240506,2.0043845912934546,9.81890625,0.8669921875,0,0.25583405358686256,1.0,4.691987373347948,0.9501582278481012,13.822894168466522,0.7928125,0.9189453125,0,0.0,0.975,3.6442536840489757,0.8150316455696203,4.7093451066961,4.6465625,0.6158203125,8,0.008360128617363344,1.0,4.0358939262105284,0.656600949694651,2.495793969198913,6.534024716964826,0.3929774016386063,10,0.003337080230434172,1.0,3.640104166666667,0.8903985507246377,6.260869565217392,4.078125,0.7534722222222222,0,0.0,0.9166666666666666,3.710749741628984
16,4,col,col,True,32,False,False,tw16_th4_tcol_icol_hi_pal32,1.1528527852622983,0.6793512658227848,1.9656019656019657,8.4625,0.853515625,10,0.08961038961038961,1.0,3.7068926119270627,0.9431170886075949,11.208406304728546,0.75375,0.9193359375,0,0.11583011583011583,1.0,2.2618787732300705,0.8057753164556962,4.324324324324325,4.3234375,0.693359375,18,0.016828478964401296,1.0,3.9782509355183455,0.650754565035589,2.2817084713677236,6.58340679284418,0.3211848383902044,11,0.005982995696441692,1.0,8.714412064800934,0.884963768115942,4.9655172413793105,4.416666666666667,0.6909722222222222,1,0.0,0.8333333333333334,3.7090252700974355
16,4,col,col,True,64,False,False,tw16_th4_tcol_icol_hi_pal64,1.1447930551509187,0.6787183544303798,1.9631901840490797,8.48421875,0.8552734375,10,0.08945548833189283,1.0,3.7043430833141944,0.9430379746835442,11.208406304728546,0.75484375,0.920703125,0,0.11583011583011583,1.0,2.2333870316619633,0.8031645569620254,4.266666666666667,4.40328125,0.69375,18,0.016720257234726688,1.0,3.9809568358355962,0.6506771634727089,2.2812586254485234,6.575248465992567,0.32116683172773924,11,0.005705285264263213,1.0,8.790939512882447,0.8867753623188406,5.008695652173913,4.272569444444445,0.71875,1,0.0,0.7916666666666666,3.708774276344798
16,2,col,col,True,0,False,True,tw16_th2_tcol_icol_hi_pal0_full,5.107689333923819,0.7095727848101265,2.051282051282051,4.980625,0.8533203125,5,0.3360762234733651,0.9875,4.666103178564932,0.9520569620253164,13.882863340563992,0.72015625,0.9193359375,0,0.0,1.0,2.6919932131984803,0.8179588607594936,4.7976011994003,3.61578125,0.6888671875,16,0.020618556701030927,1.0,3.3872534381010437,0.6422665350369319,2.562223206377325,6.973157030507303,0.3262807238678311,16,0.007286229726416086,1.0,3.688583261990664,0.8623188405797102,7.291139240506329,5.597222222222222,0.6875,0,0.0,0.8020833333333334,3.7067545662017727
16,8,row,row,True,0,False,False,tw16_th8_trow_irow_hi_pal0,0.07458946444071368,0.5920886075949368,2.3063063063063063,4.46484375,0.88125,14,0.25249025552187093,0.9625,5.00471817073256,0.9473101265822785,18.181818181818183,0.61921875,0.9177734375,0,0.011583011583011582,0.97515625,3.3789126016109603,0.8107594936708861,6.387225548902196,3.680625,0.66953125,12,0.006443298969072165,1.0,3.9439253875344633,0.6119179551576336,3.0445192864284585,6.51836487771152,0.43995678401008376,9,0.0018545085552328633,1.0,3.3447308549363814,0.8016304347826086,8.112676056338028,5.427083333333333,0.6666666666666666,0,0.0,0.9166666666666666,3.70336185971855
16,16,row,hilbert,True,0,False,True,tw16_th16_trow_ihilbert_hi_pal0_full,-0.39897379918851583,0.6445411392405063,2.002503128911139,9.7846875,0.8669921875,0,0.2572542226071893,1.0,4.676584924768519,0.95,14.222222222222221,0.78109375,0.9189453125,0,0.0,1.0,3.7275909436745494,0.8241297468354429,4.86322188449848,4.4553125,0.6142578125,8,0.008376288659793814,1.0,4.0272745286793965,0.6561765664256909,2.4945026516621396,6.579656036643333,0.3934275682002341,10,0.003092711042384199,1.0,3.399402647532443,0.8659420289855072,5.647058823529412,5.128472222222222,0.6979166666666666,0,0.0,0.9166666666666666,3.7012904452171798
16,16,row,hilbert,True,0,True,True,tw16_th16_trow_ihilbert_hi_pal0_pad64_full,-0.39897379918851583,0.6445411392405063,2.002503128911139,9.7846875,0.8669921875,0,0.2572542226071893,1.0,4.676584924768519,0.95,14.222222222222221,0.78109375,0.9189453125,0,0.0,1.0,3.7275909436745494,0.8241297468354429,4.86322188449848,4.4553125,0.6142578125,8,0.008376288659793814,1.0,4.0272745286793965,0.6561765664256909,2.4945026516621396,6.579656036643333,0.3934275682002341,10,0.003092711042384199,1.0,3.399402647532443,0.8659420289855072,5.647058823529412,5.128472222222222,0.6979166666666666,0,0.0,0.9166666666666666,3.7012904452171798
16,8,row,bup,True,32,True,False,tw16_th8_trow_ibup_hi_pal32_pad64,0.1972730784736325,0.5924050632911393,2.3063063063063063,4.46578125,0.87890625,13,0.2528138528138528,0.9625,4.95478843043731,0.9481012658227848,18.13031161473088,0.59984375,0.9193359375,0,0.011583011583011582,1.0,3.458908383769305,0.806882911392405,6.195546950629235,3.7865625,0.67109375,11,0.004530744336569579,1.0,3.846942330131383,0.6131427978627908,3.04403872461328,6.538449572206378,0.440478977221572,10,0.0014731156395777069,1.0,3.4313854443083622,0.8215579710144927,8.112676056338028,4.947916666666667,0.7152777777777778,0,0.0,0.9166666666666666,3.700564261441862
16,16,row,hilbert,True,64,True,False,tw16_th16_trow_ihilbert_hi_pal64_pad64,-0.39314409780051807,0.6438291139240506,2.0043845912934546,9.81890625,0.8669921875,0,0.25583405358686256,1.0,4.691987373347948,0.9501582278481012,13.822894168466522,0.7928125,0.9189453125,0,0.0,0.975,3.6442536840489757,0.8150316455696203,4.7093451066961,4.6465625,0.6158203125,8,0.008360128617363344,1.0,4.03837060381977,0.6568173584290922,2.4975178070364774,6.525918243885576,0.393733681462141,10,0.0031286251625830493,1.0,3.4364945054288043,0.8695652173913043,5.702970297029703,4.833333333333333,0.71875,0,0.0,0.9166666666666666,3.69113177878797
16,32,row,bup,True,64,True,False,tw16_th32_trow_ibup_hi_pal64_pad64,0.11790801768330739,0.5915348101265823,2.3071377072819033,4.45375,0.8578125,14,0.2510803802938634,0.9625,4.983244509076442,0.9477848101265822,18.181818181818183,0.59375,0.9197265625,0,0.011583011583011582,0.9875,3.381055627987424,0.8091772151898735,5.998125585754452,3.67625,0.6556640625,12,0.003215434083601286,1.0,3.867645071664744,0.6217749309593512,2.984678085018572,6.47584478437473,0.38383001710632936,11,0.0021875560337098797,1.0,3.464962839638476,0.8233695652173914,8.112676056338028,4.758680555555555,0.71875,0,0.0,0.9166666666666666,3.690940482514541
16,2,row,bup,True,64,False,False,tw16_th2_trow_ibup_hi_pal64,0.18742307900229638,0.591376582278481,2.3071377072819033,4.5140625,0.8826171875,13,0.2515125324114088,0.9625,4.981456946444585,0.9481012658227848,18.181818181818183,0.69,0.927734375,0,0.011583011583011582,0.975,3.588797903330553,0.7989715189873418,6.2439024390243905,4.94734375,0.741796875,7,0.008360128617363344,1.0,3.673423494617074,0.5969302151173965,2.946223964964098,6.633082706766917,0.42402088772845953,11,0.0030451522576128804,1.0,3.454244240604659,0.8632246376811594,8.112676056338028,4.779513888888889,0.71875,0,0.0,1.0,3.690711579707308
16,32,col,col,True,64,True,False,tw16_th32_tcol_icol_hi_pal64_pad64,2.3452168435510385,0.7745253164556962,4.2723631508678235,4.3946875,0.8552734375,13,0.05142610198789974,0.9625,4.602664707562878,0.9546677215189874,12.549019607843137,0.63421875,0.920703125,0,0.0,0.9875,3.0075650860829453,0.8203322784810126,3.928790669122161,4.110625,0.69375,13,0.002572347266881029,1.0,4.0408208165824835,0.6132373929369912,1.7569085939872457,6.372949615417855,0.32143693166471593,9,0.0023706896551724138,1.0,3.106372334666,0.8351449275362319,3.310344827586207,4.291666666666667,0.71875,0,0.0,0.9583333333333334,3.6891605722733423
16,16,col,morton,True,0,False,True,tw16_th16_tcol_imorton_hi_pal0_full,0.9428864172320477,0.6102056962025317,2.0447284345047922,12.54296875,0.8533203125,0,0.014724989172802079,1.0,4.1858430131624305,0.945253164556962,14.953271028037383,0.77671875,0.9193359375,0,0.0888030888030888,1.0,3.5824354255613056,0.797626582278481,4.968944099378882,4.49,0.6888671875,7,0.01675257731958763,1.0,4.208011886022115,0.6497396834227311,2.6016278442305962,6.5791547835105,0.33353740884127125,8,0.018486209584617098,1.0,3.2783392167086305,0.8396739130434783,5.538461538461538,6.661458333333333,0.6909722222222222,0,0.011235955056179775,0.7638888888888888,3.685420794924233
16,16,col,morton,True,0,True,True,tw16_th16_tcol_imorton_hi_pal0_pad64_full,0.9428864172320477,0.6102056962025317,2.0447284345047922,12.54296875,0.8533203125,0,0.014724989172802079,1.0,4.1858430131624305,0.945253164556962,14.953271028037383,0.77671875,0.9193359375,0,0.0888030888030888,1.0,3.5824354255613056,0.797626582278481,4.968944099378882,4.49,0.6888671875,7,0.01675257731958763,1.0,4.208011886022115,0.6497396834227311,2.6016278442305962,6.5791547835105,0.33353740884127125,8,0.018486209584617098,1.0,3.2783392167086305,0.8396739130434783,5.538461538461538,6.661458333333333,0.6909722222222222,0,0.011235955056179775,0.7638888888888888,3.685420794924233
16,8,row,row,True,64,False,False,tw16_th8_trow_irow_hi_pal64,0.09146641364849706,0.5912183544303797,2.3071377072819033,4.451875,0.8748046875,14,0.2510803802938634,0.9625,5.022720425426761,0.9476265822784811,18.13031161473088,0.6165625,0.9205078125,0,0.011583011583011582,0.9628125,3.338793800134843,0.8089398734177216,6.0606060606060606,3.7446875,0.6662109375,12,0.006430868167202572,1.0,3.8436959715075742,0.6121265808198657,3.040199684708355,6.51604874254602,0.4408211038084091,10,0.0018200910045502274,1.0,3.498565395999184,0.8288043478260869,8.112676056338028,4.6875,0.71875,0,0.0,0.9166666666666666,3.6842763427900875
16,16,col,morton,True,64,True,False,tw16_th16_tcol_imorton_hi_pal64_pad64,0.9345504079245384,0.6088607594936709,2.04211869814933,12.61390625,0.8552734375,0,0.014693171996542784,1.0,4.257061614823823,0.9450158227848101,14.953271028037383,0.78140625,0.920703125,0,0.0888030888030888,0.9625,3.4021448016604054,0.7901107594936709,4.855842185128983,4.57203125,0.69375,8,0.016720257234726688,1.0,4.2816672120233115,0.6423764016044269,2.532169117647059,6.667012358482413,0.3209507517781579,7,0.017709605575113155,1.0,3.3114382045088577,0.838768115942029,5.333333333333333,6.493055555555555,0.71875,0,0.0,0.7638888888888888,3.681801684977742
16,32,col,morton,True,64,True,False,tw16_th32_tcol_imorton_hi_pal64_pad64,0.9345504079245384,0.6088607594936709,2.04211869814933,12.61390625,0.8552734375,0,0.014693171996542784,1.0,4.257061614823823,0.9450158227848101,14.953271028037383,0.78140625,0.920703125,0,0.0888030888030888,0.9625,3.4021448016604054,0.7901107594936709,4.855842185128983,4.57203125,0.69375,8,0.016720257234726688,1.0,4.28155820494485,0.6424197216529454,2.5328342526924086,6.665525883674704,0.3210587917529486,7,0.017780172413793104,1.0,3.3114382045088577,0.838768115942029,5.333333333333333,6.493055555555555,0.71875,0,0.0,0.7638888888888888,3.6817689828542033
16,8,col,morton,True,64,True,False,tw16_th8_tcol_imorton_hi_pal64_pad64,0.9345504079245384,0.6088607594936709,2.04211869814933,12.61390625,0.8552734375,0,0.014693171996542784,1.0,4.257061614823823,0.9450158227848101,14.953271028037383,0.78140625,0.920703125,0,0.0888030888030888,0.9625,3.4021448016604054,0.7901107594936709,4.855842185128983,4.57203125,0.69375,8,0.016720257234726688,1.0,4.280706133576359,0.6424196833513152,2.5333887988790122,6.667703742113906,0.32111281174034395,7,0.01785585973988647,1.0,3.2955553384988496,0.8432971014492754,5.433962264150943,6.229166666666667,0.7256944444444444,0,0.012658227848101266,0.7638888888888888,3.6799250748426555
16,8,col,morton,True,64,False,True,tw16_th8_tcol_imorton_hi_pal64_full,0.9345504079245384,0.6088607594936709,2.04211869814933,12.61390625,0.8552734375,0,0.014693171996542784,1.0,4.257061614823823,0.9450158227848101,14.953271028037383,0.78140625,0.920703125,0,0.0888030888030888,0.9625,3.4021448016604054,0.7901107594936709,4.855842185128983,4.57203125,0.69375,8,0.016720257234726688,1.0,4.27667154071319,0.642038313717832,2.5289592166805086,6.674220032840722,0.320968758440623,7,0.018067528735632183,1.0,3.2955553384988496,0.8432971014492754,5.433962264150943,6.229166666666667,0.7256944444444444,0,0.012658227848101266,0.7638888888888888,3.678714696983705
16,8,col,morton,True,64,True,True,tw16_th8_tcol_imorton_hi_pal64_pad64_full,0.9345504079245384,0.6088607594936709,2.04211869814933,12.61390625,0.8552734375,0,0.014693171996542784,1.0,4.257061614823823,0.9450158227848101,14.953271028037383,0.78140625,0.920703125,0,0.0888030888030888,0.9625,3.4021448016604054,0.7901107594936709,4.855842185128983,4.57203125,0.69375,8,0.016720257234726688,1.0,4.27667154071319,0.642038313717832,2.5289592166805086,6.674220032840722,0.320968758440623,7,0.018067528735632183,1.0,3.2955553384988496,0.8432971014492754,5.433962264150943,6.229166666666667,0.7256944444444444,0,0.012658227848101266,0.7638888888888888,3.678714696983705
16,8,row,bup,True,64,False,True,tw16_th8_trow_ibup_hi_pal64_full,0.09080515309997383,0.5915348101265823,2.3071377072819033,4.4634375,0.8748046875,14,0.2510803802938634,0.9625,5.023393553063891,0.9475474683544304,18.13031161473088,0.610625,0.9205078125,0,0.011583011583011582,0.9628125,3.2033474657466567,0.8052215189873417,6.0606060606060606,3.748125,0.6662109375,13,0.006430868167202572,1.0,3.839903557288234,0.6124910437518738,3.0433982114676486,6.553798288825512,0.4408391104708742,10,0.0016864591385004567,1.0,3.792454206924316,0.8342391304347826,8.0,4.519097222222222,0.7534722222222222,0,0.0,0.7638888888888888,3.6774335650176417
16,8,row,bup,True,64,True,True,tw16_th8_trow_ibup_hi_pal64_pad64_full,0.09080515309997383,0.5915348101265823,2.3071377072819033,4.4634375,0.8748046875,14,0.2510803802938634,0.9625,5.023393553063891,0.9475474683544304,18.13031161473088,0.610625,0.9205078125,0,0.011583011583011582,0.9628125,3.2033474657466567,0.8052215189873417,6.0606060606060606,3.748125,0.6662109375,13,0.006430868167202572,1.0,3.839903557288234,0.6124910437518738,3.0433982114676486,6.553798288825512,0.4408391104708742,10,0.0016864591385004567,1.0,3.792454206924316,0.8342391304347826,8.0,4.519097222222222,0.7534722222222222,0,0.0,0.7638888888888888,3.6774335650176417
16,16,col,hilbert,True,0,False,True,tw16_th16_tcol_ihilbert_hi_pal0_full,-0.37878244238471814,0.6444620253164557,2.002503128911139,9.77953125,0.8533203125,0,0.2572542226071893,1.0,4.706241864922392,0.9500791139240505,14.285714285714286,0.78328125,0.9193359375,0,0.0,0.9875,3.7183062970374907,0.8218354430379746,4.7976011994003,4.54125,0.6888671875,7,0.006443298969072165,1.0,3.92128088052307,0.6702154707365653,2.5204757340768493,6.302791461412151,0.33290717565499234,13,0.003299106646402491,1.0,3.395271855258269,0.8659420289855072,5.538461538461538,5.098958333333333,0.6979166666666666,0,0.0,0.9166666666666666,3.67599137640154
16,16,col,hilbert,True,0,True,True,tw16_th16_tcol_ihilbert_hi_pal0_pad64_full,-0.37878244238471814,0.6444620253164557,2.002503128911139,9.77953125,0.8533203125,0,0.2572542226071893,1.0,4.706241864922392,0.9500791139240505,14.285714285714286,0.78328125,0.9193359375,0,0.0,0.9875,3.7183062970374907,0.8218354430379746,4.7976011994003,4.54125,0.6888671875,7,0.006443298969072165,1.0,3.92128088052307,0.6702154707365653,2.5204757340768493,6.302791461412151,0.33290717565499234,13,0.003299106646402491,1.0,3.395271855258269,0.8659420289855072,5.538461538461538,5.098958333333333,0.6979166666666666,0,0.0,0.9166666666666666,3.67599137640154
16,16,row,row,True,32,True,False,tw16_th16_trow_irow_hi_pal32_pad64,0.100731009815761,0.5921677215189873,2.3063063063063063,4.4509375,0.866015625,14,0.2523809523809524,0.9625,4.957774358100703,0.9476265822784811,18.181818181818183,0.6015625,0.91875,0,0.011583011583011582,1.0,3.453680252373133,0.8117879746835444,6.0663507109004735,3.68015625,0.6123046875,12,0.004530744336569579,1.0,3.793773934035227,0.6125760899582366,2.952086947647719,6.612514043730014,0.3927253083640947,11,0.0018940058223141944,1.0,3.4000599612165754,0.8106884057971014,8.112676056338028,5.09375,0.6909722222222222,0,0.0,0.9166666666666666,3.673174855840684
16,16,row,row,True,32,False,False,tw16_th16_trow_irow_hi_pal32,0.100731009815761,0.5921677215189873,2.3063063063063063,4.4509375,0.866015625,14,0.2523809523809524,0.9625,4.957774358100703,0.9476265822784811,18.181818181818183,0.6015625,0.91875,0,0.011583011583011582,1.0,3.453680252373133,0.8117879746835444,6.0663507109004735,3.68015625,0.6123046875,12,0.004530744336569579,1.0,3.790410638693314,0.6122032694295665,2.946374006926054,6.623973727422003,0.3924011884397227,11,0.0018893670620342186,1.0,3.4000599612165754,0.8106884057971014,8.112676056338028,5.09375,0.6909722222222222,0,0.0,0.9166666666666666,3.6721658672381103
16,8,col,morton,True,0,False,True,tw16_th8_tcol_imorton_hi_pal0_full,0.9428864172320477,0.6102056962025317,2.0447284345047922,12.54296875,0.8533203125,0,0.014724989172802079,1.0,4.1858430131624305,0.945253164556962,14.953271028037383,0.77671875,0.9193359375,0,0.0888030888030888,1.0,3.5824354255613056,0.797626582278481,4.968944099378882,4.49,0.6888671875,7,0.01675257731958763,1.0,4.165757163702262,0.6405271373745208,2.5179527353440396,6.729962838129807,0.31806968578374,8,0.01790262978509669,1.0,3.2432518115942033,0.832427536231884,5.333333333333333,7.15625,0.6736111111111112,0,0.0,0.7638888888888888,3.669235637716834
16,8,col,morton,True,0,True,True,tw16_th8_tcol_imorton_hi_pal0_pad64_full,0.9428864172320477,0.6102056962025317,2.0447284345047922,12.54296875,0.8533203125,0,0.014724989172802079,1.0,4.1858430131624305,0.945253164556962,14.953271028037383,0.77671875,0.9193359375,0,0.0888030888030888,1.0,3.5824354255613056,0.797626582278481,4.968944099378882,4.49,0.6888671875,7,0.01675257731958763,1.0,4.165757163702262,0.6405271373745208,2.5179527353440396,6.729962838129807,0.31806968578374,8,0.01790262978509669,1.0,3.2432518115942033,0.832427536231884,5.333333333333333,7.15625,0.6736111111111112,0,0.0,0.7638888888888888,3.669235637716834
16,2,row,col,True,32,False,False,tw16_th2_trow_icol_hi_pal32,5.0384492070162885,0.7097310126582279,2.0486555697823303,5.0753125,0.8880859375,5,0.33636363636363636,0.9875,4.845133067738641,0.9488924050632911,13.943355119825709,0.82734375,0.930078125,0,0.0,0.8896875,3.004901219233516,0.7903481012658228,4.737231680236862,5.1025,0.741015625,10,0.01488673139158576,1.0,2.9818801256673098,0.6495918904000602,2.697328546785398,6.835001296344309,0.42565949401278474,19,0.01060144851474756,1.0,3.297030998389694,0.8641304347826086,7.2,5.538194444444445,0.6909722222222222,0,0.0,1.0,3.6683519887132263
16,32,row,bup,True,32,True,False,tw16_th32_trow_ibup_hi_pal32_pad64,0.23569730398770172,0.5924050632911393,2.3063063063063063,4.4459375,0.8572265625,13,0.2523809523809524,0.9625,4.960993553116526,0.9483386075949367,18.181818181818183,0.5940625,0.9193359375,0,0.011583011583011582,1.0,3.5342233873662825,0.8118670886075949,6.171648987463838,3.5759375,0.65625,11,0.004530744336569579,1.0,3.6668093335410665,0.6213308449699114,2.982523971543458,6.477244836228502,0.38323579724498064,13,0.0021105347880522266,1.0,3.3906497357737413,0.8097826086956521,8.112676056338028,5.128472222222222,0.6909722222222222,0,0.0,0.9166666666666666,3.666719962484241
16,32,row,bup,True,0,False,True,tw16_th32_trow_ibup_hi_pal0_full,0.21857972613542986,0.5922468354430379,2.300503235082674,4.475625,0.859375,13,0.25368603642671295,0.9625,4.967955858385457,0.9481803797468354,17.97752808988764,0.59484375,0.91875,0,0.0076045627376425855,1.0,3.2814030955738995,0.8130537974683545,6.42570281124498,3.26546875,0.6412109375,14,0.007537688442211055,0.9875,3.679909342695395,0.6281738187451531,3.0658152721106458,6.474963270244577,0.39571441433330334,13,0.002589728625620076,1.0,3.9938613947445476,0.838768115942029,8.727272727272727,4.303819444444445,0.7465277777777778,0,0.0,0.7256944444444444,3.66567864840334
16,32,row,bup,True,0,True,True,tw16_th32_trow_ibup_hi_pal0_pad64_full,0.21857972613542986,0.5922468354430379,2.300503235082674,4.475625,0.859375,13,0.25368603642671295,0.9625,4.967955858385457,0.9481803797468354,17.97752808988764,0.59484375,0.91875,0,0.0076045627376425855,1.0,3.2814030955738995,0.8130537974683545,6.42570281124498,3.26546875,0.6412109375,14,0.007537688442211055,0.9875,3.679909342695395,0.6281738187451531,3.0658152721106458,6.474963270244577,0.39571441433330334,13,0.002589728625620076,1.0,3.9938613947445476,0.838768115942029,8.727272727272727,4.303819444444445,0.7465277777777778,0,0.0,0.7256944444444444,3.66567864840334
16,32,col,col,True,64,False,False,tw16_th32_tcol_icol_hi_pal64,2.3452168435510385,0.7745253164556962,4.2723631508678235,4.3946875,0.8552734375,13,0.05142610198789974,0.9625,4.602664707562878,0.9546677215189874,12.549019607843137,0.63421875,0.920703125,0,0.0,0.9875,3.0075650860829453,0.8203322784810126,3.928790669122161,4.110625,0.69375,13,0.002572347266881029,1.0,3.9608716221958753,0.6058944649668802,1.727479024215461,6.659147869674185,0.32084271180336726,9,0.002590129506475324,1.0,3.106372334666,0.8351449275362319,3.310344827586207,4.291666666666667,0.71875,0,0.0,0.9583333333333334,3.6651758139573603
16,4,col,morton,True,32,False,False,tw16_th4_tcol_imorton_hi_pal32,0.9375473419130511,0.6096518987341772,2.041467304625199,12.576875,0.853515625,0,0.015151515151515152,1.0,4.2518650689205835,0.9458069620253164,15.130023640661939,0.77125,0.9193359375,0,0.08494208494208494,0.9875,3.493475833467449,0.7867088607594936,5.107741420590583,4.78796875,0.693359375,7,0.016828478964401296,1.0,4.256112039580575,0.640153780623028,2.5175144684739568,6.784253737792758,0.3210407850904835,7,0.017004303558307968,1.0,2.989799290933674,0.8360507246376812,5.433962264150943,6.824652777777778,0.6909722222222222,0,0.0,0.9166666666666666,3.6646059629414722
16,16,col,hilbert,True,64,False,False,tw16_th16_tcol_ihilbert_hi_pal64,-0.37472355115502487,0.6439873417721519,2.0068987143305113,9.8128125,0.8552734375,0,0.25583405358686256,1.0,4.677635431742168,0.9498417721518987,14.00437636761488,0.79625,0.920703125,0,0.0,0.9875,3.5245840439586855,0.8147151898734177,4.716285924834193,4.6359375,0.69375,8,0.0090032154340836,1.0,4.049431804111308,0.6576929744097821,2.4334384858044165,6.502238354506957,0.32129287836499504,11,0.003080154007700385,1.0,3.4399667276510266,0.8695652173913043,5.702970297029703,4.8125,0.71875,0,0.0,0.9166666666666666,3.661425393588315
16,16,row,hilbert,True,64,False,False,tw16_th16_trow_ihilbert_hi_pal64,-0.39314409780051807,0.6438291139240506,2.0043845912934546,9.81890625,0.8669921875,0,0.25583405358686256,1.0,4.691987373347948,0.9501582278481012,13.822894168466522,0.7928125,0.9189453125,0,0.0,0.975,3.6442536840489757,0.8150316455696203,4.7093451066961,4.6465625,0.6158203125,8,0.008360128617363344,1.0,3.9363925312868027,0.6558464914210862,2.4857142857142858,6.5309999135770465,0.39171693526604845,11,0.0030101505075253764,1.0,3.4364945054288043,0.8695652173913043,5.702970297029703,4.833333333333333,0.71875,0,0.0,0.9166666666666666,3.66053835702808
16,16,row,hilbert,False,0,True,False,tw16_th16_trow_ihilbert_lo_pal0_pad64,-0.9029934653164582,0.6250791139240506,1.9399818126705062,10.6221875,0.8669921875,0,0.3274144651364227,1.0,4.303136460884195,0.9481012658227848,13.704496788008566,0.77140625,0.9189453125,0,0.05405405405405406,1.0,3.9297947005616196,0.8193037974683545,4.804804804804805,4.3746875,0.6142578125,6,0.01288659793814433,1.0,4.267108825090021,0.6509239245903511,2.458776030599235,6.581747472128598,0.39355361483748985,7,0.009032756923942079,1.0,3.083273389821743,0.8586956521739131,5.538461538461538,5.59375,0.6666666666666666,0,0.041237113402061855,0.9166666666666666,3.656782611259776
16,16,row,morton,True,0,False,False,tw16_th16_trow_imorton_hi_pal0,0.9203585670212586,0.6103639240506329,2.0440753752794634,12.54703125,0.8669921875,0,0.015158077089649198,1.0,4.176714992090088,0.9450158227848101,14.883720930232558,0.79453125,0.9189453125,0,0.0888030888030888,1.0,3.6670519461116324,0.7953322784810126,4.945904173106646,4.63359375,0.6142578125,7,0.015463917525773196,1.0,4.082696887416533,0.6324083405195635,2.528075158400699,6.983925330567799,0.392293148464932,7,0.017530354456069142,1.0,3.173621039517779,0.8269927536231885,5.1891891891891895,7.465277777777778,0.6631944444444444,0,0.0,0.7638888888888888,3.6551792594708856
16,32,row,bup,True,64,False,False,tw16_th32_trow_ibup_hi_pal64,0.11790801768330739,0.5915348101265823,2.3071377072819033,4.45375,0.8578125,14,0.2510803802938634,0.9625,4.983244509076442,0.9477848101265822,18.181818181818183,0.59375,0.9197265625,0,0.011583011583011582,0.9875,3.381055627987424,0.8091772151898735,5.998125585754452,3.67625,0.6556640625,12,0.003215434083601286,1.0,3.7388563112825786,0.6142131507917448,2.912848655724499,6.549390718174747,0.37104528675609977,12,0.0021001050052502626,1.0,3.464962839638476,0.8233695652173914,8.112676056338028,4.758680555555555,0.71875,0,0.0,0.9166666666666666,3.652303854399891
16,4,col,col,True,0,False,False,tw16_th4_tcol_icol_hi_pal0,1.1554422867402006,0.679113924050633,1.9674146941284967,8.458125,0.8533203125,10,0.08921611087050671,1.0,3.7055565755346587,0.9429588607594936,11.208406304728546,0.75796875,0.9193359375,0,0.11583011583011583,1.0,2.150552656241404,0.8073575949367089,4.3895747599451305,4.38515625,0.6888671875,19,0.01675257731958763,1.0,3.8736380954316596,0.6502769337546103,2.2809888030279137,6.599481462276381,0.32087872512829746,12,0.006053395850099724,1.0,8.732200913432173,0.8840579710144927,4.9655172413793105,4.538194444444445,0.6631944444444444,1,0.0,0.8333333333333334,3.6503353031737076
16,16,row,morton,True,32,False,True,tw16_th16_trow_imorton_hi_pal32_full,0.9171046115313537,0.6098101265822785,2.0447284345047922,12.56265625,0.866015625,0,0.015584415584415584,1.0,4.158221434052131,0.9450949367088608,14.918414918414918,0.7875,0.91875,0,0.09266409266409266,1.0,3.609040075434682,0.7884493670886076,4.761904761904762,4.73953125,0.6123046875,7,0.015533980582524271,1.0,4.074792141796132,0.631695019101596,2.529733275032794,7.001071644628813,0.3929774016386063,7,0.017747944050045688,1.0,3.3420789818440273,0.8469202898550725,5.538461538461538,6.199652777777778,0.7152777777777778,0,0.012195121951219513,0.7638888888888888,3.6495019021123216
16,16,row,morton,True,32,True,True,tw16_th16_trow_imorton_hi_pal32_pad64_full,0.9171046115313537,0.6098101265822785,2.0447284345047922,12.56265625,0.866015625,0,0.015584415584415584,1.0,4.158221434052131,0.9450949367088608,14.918414918414918,0.7875,0.91875,0,0.09266409266409266,1.0,3.609040075434682,0.7884493670886076,4.761904761904762,4.73953125,0.6123046875,7,0.015533980582524271,1.0,4.074792141796132,0.631695019101596,2.529733275032794,7.001071644628813,0.3929774016386063,7,0.017747944050045688,1.0,3.3420789818440273,0.8469202898550725,5.538461538461538,6.199652777777778,0.7152777777777778,0,0.012195121951219513,0.7638888888888888,3.6495019021123216
16,8,row,row,True,32,True,False,tw16_th8_trow_irow_hi_pal32_pad64,0.19799037805169117,0.5921677215189873,2.3063063063063063,4.45578125,0.87890625,13,0.2528138528138528,0.9625,4.950311571260095,0.9476265822784811,18.13031161473088,0.6153125,0.9193359375,0,0.011583011583011582,1.0,3.348139330499263,0.8097310126582278,6.195546950629235,3.79953125,0.67109375,12,0.004530744336569579,1.0,3.7486671558365456,0.6130992863061213,3.04403872461328,6.53084435225996,0.440478977221572,11,0.001367893093893585,1.0,3.507233371039441,0.8269927536231885,8.112676056338028,4.623263888888889,0.7152777777777778,0,0.0,0.9166666666666666,3.648759948556476
16,16,col,morton,True,64,False,True,tw16_th16_tcol_imorton_hi_pal64_full,0.9345504079245384,0.6088607594936709,2.04211869814933,12.61390625,0.8552734375,0,0.014693171996542784,1.0,4.257061614823823,0.9450158227848101,14.953271028037383,0.78140625,0.920703125,0,0.0888030888030888,0.9625,3.4021448016604054,0.7901107594936709,4.855842185128983,4.57203125,0.69375,8,0.016720257234726688,1.0,4.116156381640574,0.6507905182028407,2.6030324844776387,6.560746694322012,0.33382551544071304,9,0.018288168221531172,1.0,3.4660057875558214,0.8596014492753623,5.938144329896907,5.586805555555555,0.75,0,0.013888888888888888,0.7638888888888888,3.647605194167617
16,16,col,morton,True,64,True,True,tw16_th16_tcol_imorton_hi_pal64_pad64_full,0.9345504079245384,0.6088607594936709,2.04211869814933,12.61390625,0.8552734375,0,0.014693171996542784,1.0,4.257061614823823,0.9450158227848101,14.953271028037383,0.78140625,0.920703125,0,0.0888030888030888,0.9625,3.4021448016604054,0.7901107594936709,4.855842185128983,4.57203125,0.69375,8,0.016720257234726688,1.0,4.116156381640574,0.6507905182028407,2.6030324844776387,6.560746694322012,0.33382551544071304,9,0.018288168221531172,1.0,3.4660057875558214,0.8596014492753623,5.938144329896907,5.586805555555555,0.75,0,0.013888888888888888,0.7638888888888888,3.647605194167617
16,4,row,morton,True,0,False,False,tw16_th4_trow_imorton_hi_pal0,0.8805346381662851,0.6098101265822785,2.042770507500798,12.57140625,0.8919921875,0,0.015158077089649198,1.0,4.314561477139941,0.9462816455696202,15.274463007159904,0.76859375,0.9216796875,0,0.0888030888030888,0.95,3.795420742602369,0.8051424050632912,5.2631578947368425,4.51125,0.6763671875,6,0.01288659793814433,1.0,3.9642201256547427,0.6348783266986465,2.6064333017975403,6.973727422003284,0.41948320878725126,8,0.016830539906924666,1.0,2.773775736139866,0.8260869565217391,5.142857142857143,7.486111111111111,0.6631944444444444,0,0.0,0.9583333333333334,3.645681759496713
16,2,row,bup,True,0,False,True,tw16_th2_trow_ibup_hi_pal0_full,0.16891372305033459,0.5921677215189873,2.3063063063063063,4.53359375,0.8857421875,13,0.2537895192724123,0.9625,4.969374784358303,0.9474683544303797,18.233618233618234,0.699375,0.9359375,0,0.011583011583011582,0.975,3.3016301464902176,0.8028481012658228,6.701570680628272,4.82109375,0.74296875,10,0.008376288659793814,1.0,3.5508095327894074,0.5968362132660827,2.9415802318486883,6.780209143548526,0.42461510758980825,12,0.002451581269919098,1.0,4.16245280137709,0.7490942028985508,6.620689655172414,2.076388888888889,0.6041666666666666,0,0.0,0.6666666666666666,3.6454625198391732
16,8,row,row,True,32,False,True,tw16_th8_trow_irow_hi_pal32_full,0.19799037805169117,0.5921677215189873,2.3063063063063063,4.45578125,0.87890625,13,0.2528138528138528,0.9625,4.950311571260095,0.9476265822784811,18.13031161473088,0.6153125,0.9193359375,0,0.011583011583011582,1.0,3.348139330499263,0.8097310126582278,6.195546950629235,3.79953125,0.67109375,12,0.004530744336569579,1.0,3.650744890345317,0.6129254315875945,3.0451602715932418,6.516100596318382,0.43934455748626994,12,0.001614431614782578,1.0,3.7540469277347635,0.8269927536231885,7.890410958904109,4.708333333333333,0.7326388888888888,0,0.0,0.7638888888888888,3.6440646245786397
16,8,row,row,True,32,True,True,tw16_th8_trow_irow_hi_pal32_pad64_full,0.19799037805169117,0.5921677215189873,2.3063063063063063,4.45578125,0.87890625,13,0.2528138528138528,0.9625,4.950311571260095,0.9476265822784811,18.13031161473088,0.6153125,0.9193359375,0,0.011583011583011582,1.0,3.348139330499263,0.8097310126582278,6.195546950629235,3.79953125,0.67109375,12,0.004530744336569579,1.0,3.650744890345317,0.6129254315875945,3.0451602715932418,6.516100596318382,0.43934455748626994,12,0.001614431614782578,1.0,3.7540469277347635,0.8269927536231885,7.890410958904109,4.708333333333333,0.7326388888888888,0,0.0,0.7638888888888888,3.6440646245786397
16,4,row,row,True,0,False,False,tw16_th4_trow_irow_hi_pal0,-0.0510511111130838,0.5921677215189873,2.3063063063063063,4.40390625,0.8919921875,15,0.25249025552187093,0.9625,4.9957637930954295,0.9473892405063291,18.181818181818183,0.6415625,0.9216796875,0,0.011583011583011582,0.975,3.4289961849959165,0.8034810126582279,6.342913776015857,3.72578125,0.6763671875,11,0.009664948453608248,1.0,3.721127189732943,0.6041107710167619,2.9519363232818,6.585722928009679,0.41960925542450705,11,0.002379369467091221,1.0,3.403104445918669,0.8115942028985508,8.112676056338028,4.284722222222222,0.6701388888888888,0,0.0,1.0,3.6430021069264535
16,8,row,bup,True,64,True,False,tw16_th8_trow_ibup_hi_pal64_pad64,0.09080515309997383,0.5915348101265823,2.3071377072819033,4.4634375,0.8748046875,14,0.2510803802938634,0.9625,5.023393553063891,0.9475474683544304,18.13031161473088,0.610625,0.9205078125,0,0.011583011583011582,0.9628125,3.2033474657466567,0.8052215189873417,6.0606060606060606,3.748125,0.6662109375,13,0.006430868167202572,1.0,3.840702133064643,0.6127081036140285,3.045641187618446,6.543548526488635,0.44256775006752497,10,0.0015817779183802593,1.0,3.441798562926281,0.8351449275362319,8.228571428571428,4.532986111111111,0.7430555555555556,0,0.013513513513513514,0.9166666666666666,3.6426075733507615
16,32,col,col,True,0,False,True,tw16_th32_tcol_icol_hi_pal0_full,3.319115275244307,0.8112341772151899,7.2727272727272725,4.60953125,0.841015625,11,0.0011838989739542227,0.9375,3.4134153975117,0.9568037974683545,13.008130081300813,0.6403125,0.928125,0,0.00398406374501992,0.9875,3.3008322980924114,0.8157436708860759,3.7691401648998824,4.05140625,0.6359375,11,0.004516129032258065,1.0,4.160049443110965,0.621325119328578,1.793119479311948,6.357324345346124,0.33362744215359685,8,0.002447072781876831,1.0,3.8285878783880705,0.7663043478260869,2.4201680672268906,1.4965277777777777,0.8472222222222222,0,0.0,0.5590277777777778,3.6421072436487103
16,32,col,col,True,0,True,True,tw16_th32_tcol_icol_hi_pal0_pad64_full,3.319115275244307,0.8112341772151899,7.2727272727272725,4.60953125,0.841015625,11,0.0011838989739542227,0.9375,3.4134153975117,0.9568037974683545,13.008130081300813,0.6403125,0.928125,0,0.00398406374501992,0.9875,3.3008322980924114,0.8157436708860759,3.7691401648998824,4.05140625,0.6359375,11,0.004516129032258065,1.0,4.160049443110965,0.621325119328578,1.793119479311948,6.357324345346124,0.33362744215359685,8,0.002447072781876831,1.0,3.8285878783880705,0.7663043478260869,2.4201680672268906,1.4965277777777777,0.8472222222222222,0,0.0,0.5590277777777778,3.6421072436487103
16,8,col,morton,True,0,True,False,tw16_th8_tcol_imorton_hi_pal0_pad64,0.9428864172320477,0.6102056962025317,2.0447284345047922,12.54296875,0.8533203125,0,0.014724989172802079,1.0,4.1858430131624305,0.945253164556962,14.953271028037383,0.77671875,0.9193359375,0,0.0888030888030888,1.0,3.5824354255613056,0.797626582278481,4.968944099378882,4.49,0.6888671875,7,0.01675257731958763,1.0,4.069587709271085,0.6409091198340873,2.52003658855301,6.7237231008555876,0.318393805708112,9,0.017640098956652684,1.0,3.2432518115942033,0.832427536231884,5.333333333333333,7.15625,0.6736111111111112,0,0.0,0.7638888888888888,3.640384801387481
16,32,row,morton,True,0,True,False,tw16_th32_trow_imorton_hi_pal0_pad64,0.9337646686826506,0.610126582278481,2.0440753752794634,12.5521875,0.857421875,0,0.015158077089649198,1.0,4.200347804590088,0.9450158227848101,14.883720930232558,0.7921875,0.9201171875,0,0.0888030888030888,0.9875,3.7092317305358318,0.7956487341772152,4.915514592933948,4.62640625,0.6609375,6,0.01675257731958763,1.0,3.9670581452055194,0.6410412710138426,2.5716762234964663,6.792100942010198,0.3844422436301432,9,0.01712218361571802,1.0,3.1852263577807056,0.8278985507246377,5.236363636363636,7.440972222222222,0.6631944444444444,0,0.0,0.7638888888888888,3.6398319319670778
16,16,row,morton,True,32,True,False,tw16_th16_trow_imorton_hi_pal32_pad64,0.9171046115313537,0.6098101265822785,2.0447284345047922,12.56265625,0.866015625,0,0.015584415584415584,1.0,4.158221434052131,0.9450949367088608,14.918414918414918,0.7875,0.91875,0,0.09266409266409266,1.0,3.609040075434682,0.7884493670886076,4.761904761904762,4.73953125,0.6123046875,7,0.015533980582524271,1.0,4.077226783219763,0.6317813527855913,2.5275229357798166,6.9955751447584475,0.39263527505176915,7,0.017607239311143066,1.0,3.226050129922413,0.8315217391304348,5.236363636363636,7.032986111111111,0.6909722222222222,0,0.0,0.7638888888888888,3.63862940934725
16,32,row,bup,True,0,True,False,tw16_th32_trow_ibup_hi_pal0_pad64,0.2339893523626544,0.5923259493670886,2.3063063063063063,4.44859375,0.857421875,13,0.25249025552187093,0.9625,4.959683558390787,0.9481803797468354,18.181818181818183,0.59109375,0.9201171875,0,0.011583011583011582,1.0,3.4575041443037344,0.8147943037974683,6.380857427716849,3.506875,0.6609375,12,0.007087628865979381,0.9875,3.6656354904946005,0.6216872567182989,2.988995660260384,6.475758361420794,0.38462231025479426,13,0.0023283304079951286,1.0,3.3166259837608587,0.7961956521739131,8.112676056338028,5.496527777777778,0.6631944444444444,0,0.0,0.9166666666666666,3.638541196414054
16,4,row,row,True,0,False,True,tw16_th4_trow_irow_hi_pal0_full,-0.0510511111130838,0.5921677215189873,2.3063063063063063,4.40390625,0.8919921875,15,0.25249025552187093,0.9625,4.9957637930954295,0.9473892405063291,18.181818181818183,0.6415625,0.9216796875,0,0.011583011583011582,0.975,3.4289961849959165,0.8034810126582279,6.342913776015857,3.72578125,0.6763671875,11,0.009664948453608248,1.0,3.7326761890065123,0.604362410314471,2.9572173379676956,6.5430645579465905,0.4174484559286936,11,0.0024207978107567626,1.0,3.3195106594939627,0.8179347826086956,7.783783783783784,4.902777777777778,0.71875,0,0.012048192771084338,0.9166666666666666,3.6381074280660535
16,16,row,hilbert,False,0,False,True,tw16_th16_trow_ihilbert_lo_pal0_full,-0.9029934653164582,0.6250791139240506,1.9399818126705062,10.6221875,0.8669921875,0,0.3274144651364227,1.0,4.303136460884195,0.9481012658227848,13.704496788008566,0.77140625,0.9189453125,0,0.05405405405405406,1.0,3.9297947005616196,0.8193037974683545,4.804804804804805,4.3746875,0.6142578125,6,0.01288659793814433,1.0,4.164739067184794,0.6506720171812306,2.460135221329251,6.591478696741855,0.3934635815251643,8,0.00903085248436292,1.0,3.203019856650081,0.8659420289855073,5.592233009708738,5.052083333333333,0.6979166666666666,0,0.03409090909090909,0.9166666666666666,3.6380463305710418
16,16,row,hilbert,False,0,True,True,tw16_th16_trow_ihilbert_lo_pal0_pad64_full,-0.9029934653164582,0.6250791139240506,1.9399818126705062,10.6221875,0.8669921875,0,0.3274144651364227,1.0,4.303136460884195,0.9481012658227848,13.704496788008566,0.77140625,0.9189453125,0,0.05405405405405406,1.0,3.9297947005616196,0.8193037974683545,4.804804804804805,4.3746875,0.6142578125,6,0.01288659793814433,1.0,4.164739067184794,0.6506720171812306,2.460135221329251,6.591478696741855,0.3934635815251643,8,0.00903085248436292,1.0,3.203019856650081,0.8659420289855073,5.592233009708738,5.052083333333333,0.6979166666666666,0,0.03409090909090909,0.9166666666666666,3.6380463305710418
16,8,row,row,True,32,False,False,tw16_th8_trow_irow_hi_pal32,0.19799037805169117,0.5921677215189873,2.3063063063063063,4.45578125,0.87890625,13,0.2528138528138528,0.9625,4.950311571260095,0.9476265822784811,18.13031161473088,0.6153125,0.9193359375,0,0.011583011583011582,1.0,3.348139330499263,0.8097310126582278,6.195546950629235,3.79953125,0.67109375,12,0.004530744336569579,1.0,3.7419861463003334,0.6112302044508449,3.0433982114676486,6.521769942096621,0.4405149905465022,11,0.0014695077149155032,1.0,3.4130933750652064,0.8125,8.112676056338028,5.059027777777778,0.6909722222222222,0,0.0,0.9166666666666666,3.6373416460981893
16,32,row,row,True,64,False,True,tw16_th32_trow_irow_hi_pal64_full,0.22227741612068863,0.5909810126582278,2.3071377072819033,4.48390625,0.858203125,13,0.2523809523809524,0.9625,4.892005468419213,0.9450158227848102,17.48633879781421,0.629375,0.9166015625,0,0.01090909090909091,1.0,3.4740257404336954,0.8141613924050632,6.13614573346117,3.355625,0.63984375,12,0.005821474773609315,1.0,3.4819817583697095,0.6277989682300825,3.0544849796737235,6.461913404200155,0.39486810119744303,15,0.002411135060095715,1.0,3.9938613947445476,0.838768115942029,8.727272727272727,4.303819444444445,0.7465277777777778,0,0.0,0.7256944444444444,3.636930974576779
16,32,row,row,True,64,True,True,tw16_th32_trow_irow_hi_pal64_pad64_full,0.22227741612068863,0.5909810126582278,2.3071377072819033,4.48390625,0.858203125,13,0.2523809523809524,0.9625,4.892005468419213,0.9450158227848102,17.48633879781421,0.629375,0.9166015625,0,0.01090909090909091,1.0,3.4740257404336954,0.8141613924050632,6.13614573346117,3.355625,0.63984375,12,0.005821474773609315,1.0,3.4819817583697095,0.6277989682300825,3.0544849796737235,6.461913404200155,0.39486810119744303,15,0.002411135060095715,1.0,3.9938613947445476,0.838768115942029,8.727272727272727,4.303819444444445,0.7465277777777778,0,0.0,0.7256944444444444,3.636930974576779
16,32,row,morton,True,32,False,True,tw16_th32_trow_imorton_hi_pal32_full,0.9147323972071595,0.6087025316455696,2.04211869814933,12.58296875,0.857421875,0,0.01735357917570499,1.0,4.1938179505216935,0.9438291139240507,14.678899082568808,0.8021875,0.9177734375,0,0.08239700374531835,1.0,3.615790436361988,0.803876582278481,5.0274941084053415,4.03390625,0.648046875,8,0.01904761904761905,1.0,3.9842205778345816,0.6457555185953872,2.633363677742376,6.763201106213811,0.3956784010083731,9,0.01625511396843951,1.0,3.3676006441223834,0.8478260869565217,5.76,6.142361111111111,0.71875,0,0.012345679012345678,0.7638888888888888,3.6357030101289425
16,32,row,morton,True,32,True,True,tw16_th32_trow_imorton_hi_pal32_pad64_full,0.9147323972071595,0.6087025316455696,2.04211869814933,12.58296875,0.857421875,0,0.01735357917570499,1.0,4.1938179505216935,0.9438291139240507,14.678899082568808,0.8021875,0.9177734375,0,0.08239700374531835,1.0,3.615790436361988,0.803876582278481,5.0274941084053415,4.03390625,0.648046875,8,0.01904761904761905,1.0,3.9842205778345816,0.6457555185953872,2.633363677742376,6.763201106213811,0.3956784010083731,9,0.01625511396843951,1.0,3.3676006441223834,0.8478260869565217,5.76,6.142361111111111,0.71875,0,0.012345679012345678,0.7638888888888888,3.6357030101289425
16,2,row,bup,True,32,False,False,tw16_th2_trow_ibup_hi_pal32,0.1697705301747532,0.5920886075949368,2.3063063063063063,4.525,0.8880859375,13,0.2532467532467532,0.9625,4.991656987274738,0.9477848101265822,18.07909604519774,0.695,0.930078125,0,0.011583011583011582,0.9628125,3.513279643477431,0.8013449367088608,6.445115810674723,4.86640625,0.741015625,8,0.007766990291262136,1.0,3.566901834447714,0.596555785920258,2.948927060502574,6.651905626134301,0.4257135140001801,12,0.0029740037087575663,1.0,3.4029786407656895,0.8559782608695652,8.112676056338028,5.163194444444445,0.6909722222222222,0,0.0,1.0,3.6352335808204277
16,32,col,morton,True,0,True,False,tw16_th32_tcol_imorton_hi_pal0_pad64,0.9428864172320477,0.6102056962025317,2.0447284345047922,12.54296875,0.8533203125,0,0.014724989172802079,1.0,4.1858430131624305,0.945253164556962,14.953271028037383,0.77671875,0.9193359375,0,0.0888030888030888,1.0,3.5824354255613056,0.797626582278481,4.968944099378882,4.49,0.6888671875,7,0.01675257731958763,1.0,4.070181430141349,0.6408830895033459,2.5191587564225375,6.722167487684729,0.3182137390834609,9,0.01759982794465553,1.0,3.1852263577807056,0.8278985507246377,5.236363636363636,7.440972222222222,0.6631944444444444,0,0.0,0.7638888888888888,3.634760372267211
16,16,col,morton,True,0,True,False,tw16_th16_tcol_imorton_hi_pal0_pad64,0.9428864172320477,0.6102056962025317,2.0447284345047922,12.54296875,0.8533203125,0,0.014724989172802079,1.0,4.1858430131624305,0.945253164556962,14.953271028037383,0.77671875,0.9193359375,0,0.0888030888030888,1.0,3.5824354255613056,0.797626582278481,4.968944099378882,4.49,0.6888671875,7,0.01675257731958763,1.0,4.069682438018545,0.6408740041757102,2.5204757340768493,6.723947800535822,0.3181056991086702,9,0.01767278462862059,1.0,3.1852263577807056,0.8278985507246377,5.236363636363636,7.440972222222222,0.6631944444444444,0,0.0,0.7638888888888888,3.6346106746303697
16,16,col,hilbert,True,0,True,False,tw16_th16_tcol_ihilbert_hi_pal0_pad64,-0.37878244238471814,0.6444620253164557,2.002503128911139,9.77953125,0.8533203125,0,0.2572542226071893,1.0,4.706241864922392,0.9500791139240505,14.285714285714286,0.78328125,0.9193359375,0,0.0,0.9875,3.7183062970374907,0.8218354430379746,4.7976011994003,4.54125,0.6888671875,7,0.006443298969072165,1.0,3.7999887867702187,0.6628739677680503,2.466007416563659,6.378273269380347,0.3181237057711353,14,0.0027960997992543734,1.0,3.321378927942571,0.8596014492753623,5.383177570093458,5.59375,0.6666666666666666,0,0.0,0.9166666666666666,3.6322144555441147
16,16,col,hilbert,True,32,False,True,tw16_th16_tcol_ihilbert_hi_pal32_full,-0.3783514237908274,0.6445411392405063,1.999375195251484,9.79328125,0.853515625,0,0.2571428571428571,1.0,4.653335219322759,0.9496044303797468,13.973799126637555,0.794375,0.9193359375,0,0.003861003861003861,0.9875,3.5589449163698372,0.8196993670886077,4.733727810650888,4.55953125,0.693359375,8,0.009061488673139158,1.0,3.9254283053332726,0.670832262395626,2.518500783562598,6.301460547921528,0.33288916899252724,13,0.003033105233955983,1.0,3.4915614478114483,0.875,5.818181818181818,4.628472222222222,0.7256944444444444,0,0.0,0.9166666666666666,3.631709357757936
16,16,col,hilbert,True,32,True,True,tw16_th16_tcol_ihilbert_hi_pal32_pad64_full,-0.3783514237908274,0.6445411392405063,1.999375195251484,9.79328125,0.853515625,0,0.2571428571428571,1.0,4.653335219322759,0.9496044303797468,13.973799126637555,0.794375,0.9193359375,0,0.003861003861003861,0.9875,3.5589449163698372,0.8196993670886077,4.733727810650888,4.55953125,0.693359375,8,0.009061488673139158,1.0,3.9254283053332726,0.670832262395626,2.518500783562598,6.301460547921528,0.33288916899252724,13,0.003033105233955983,1.0,3.4915614478114483,0.875,5.818181818181818,4.628472222222222,0.7256944444444444,0,0.0,0.9166666666666666,3.631709357757936
16,4,row,row,True,64,False,True,tw16_th4_trow_irow_hi_pal64_full,-0.03865217482724104,0.5910601265822785,2.3071377072819033,4.38046875,0.8890625,15,0.2510803802938634,0.9625,4.976834611616306,0.9474683544303797,18.285714285714285,0.64140625,0.9236328125,0,0.011583011583011582,0.9875,3.226297816559002,0.7996835443037975,5.942432683379758,3.9175,0.68046875,12,0.0090032154340836,1.0,3.7347585531706056,0.60459813875309,2.952086947647719,6.534370408780572,0.41764652921580986,11,0.002351619809764487,1.0,3.8059577067882335,0.8442028985507246,8.112676056338028,4.149305555555555,0.7604166666666666,0,0.014492753623188406,0.7638888888888888,3.630745593969406
16,32,row,row,True,64,True,False,tw16_th32_trow_irow_hi_pal64_pad64,0.35773990059469973,0.5912974683544304,2.3071377072819033,4.4490625,0.8578125,12,0.2510803802938634,0.9625,5.007593467409775,0.9477848101265822,18.181818181818183,0.59578125,0.9197265625,0,0.011583011583011582,0.97515625,3.3978306088661054,0.810996835443038,5.998125585754452,3.57296875,0.6556640625,12,0.0045016077170418,1.0,3.566750281711599,0.621470350062665,2.984678085018572,6.472612565897502,0.38383001710632936,14,0.0022234176080329925,1.0,3.464962839638476,0.8233695652173914,8.112676056338028,4.758680555555555,0.71875,0,0.0,0.9166666666666666,3.630550820356632
16,2,row,bup,True,0,False,False,tw16_th2_trow_ibup_hi_pal0,0.16891372305033459,0.5921677215189873,2.3063063063063063,4.53359375,0.8857421875,13,0.2537895192724123,0.9625,4.969374784358303,0.9474683544303797,18.233618233618234,0.699375,0.9359375,0,0.011583011583011582,0.975,3.3016301464902176,0.8028481012658228,6.701570680628272,4.82109375,0.74296875,10,0.008376288659793814,1.0,3.769141350416744,0.5973741095986853,2.9514845423936333,6.650038890329271,0.4259115872872963,10,0.003184156198607369,1.0,3.35591493303622,0.8496376811594203,8.112676056338028,5.543402777777778,0.6631944444444444,0,0.0,1.0,3.6303082782932874
16,4,col,morton,True,64,False,False,tw16_th4_tcol_imorton_hi_pal64,0.9311076602345354,0.6087025316455696,2.0395156150414278,12.6209375,0.8552734375,0,0.01512532411408816,1.0,4.2499184543372515,0.9458069620253164,15.130023640661939,0.770625,0.920703125,0,0.08494208494208494,0.9875,3.348211142478214,0.782120253164557,5.039370078740157,4.795625,0.69375,8,0.016720257234726688,1.0,4.252440994445939,0.6394165737656102,2.5111767003776206,6.779656036643332,0.3210948050778788,7,0.017150857542877145,1.0,3.04481388433142,0.8414855072463768,5.433962264150943,6.375,0.71875,0,0.0,0.9166666666666666,3.6302159947577075
16,4,row,row,True,32,False,True,tw16_th4_trow_irow_hi_pal32_full,-0.04808038588571595,0.5918512658227848,2.3063063063063063,4.39296875,0.8908203125,15,0.2523809523809524,0.9625,4.938776266671487,0.9473892405063291,18.13031161473088,0.64015625,0.9236328125,0,0.011583011583011582,1.0,3.2773379807256826,0.8016613924050633,6.1010486177311725,3.80625,0.67265625,12,0.009061488673139158,1.0,3.733392124076322,0.6045282904526377,2.9561596239333707,6.534180278281911,0.41791662915278655,11,0.002527113825418553,1.0,3.7743141378796903,0.8288043478260869,7.890410958904109,4.567708333333333,0.7395833333333334,0,0.0,0.7638888888888888,3.6297923244632724
16,8,row,bup,True,0,False,True,tw16_th8_trow_ibup_hi_pal0_full,0.07312655139110791,0.5924050632911393,2.3063063063063063,4.465625,0.88125,14,0.2529233434387181,0.9625,4.984533571576442,0.9477848101265822,18.181818181818183,0.60359375,0.9177734375,0,0.011583011583011582,0.9875,3.1265289650075854,0.8073575949367089,6.387225548902196,3.67328125,0.66953125,14,0.006443298969072165,1.0,3.8408957773856534,0.6122906990830432,3.0491725519131445,6.560763978912799,0.43947060412352573,10,0.0016163603780877753,1.0,3.6244424591357287,0.8097826086956521,7.890410958904109,5.229166666666667,0.7152777777777778,0,0.0,0.7638888888888888,3.629439362752405
16,8,row,bup,True,0,True,True,tw16_th8_trow_ibup_hi_pal0_pad64_full,0.07312655139110791,0.5924050632911393,2.3063063063063063,4.465625,0.88125,14,0.2529233434387181,0.9625,4.984533571576442,0.9477848101265822,18.181818181818183,0.60359375,0.9177734375,0,0.011583011583011582,0.9875,3.1265289650075854,0.8073575949367089,6.387225548902196,3.67328125,0.66953125,14,0.006443298969072165,1.0,3.8408957773856534,0.6122906990830432,3.0491725519131445,6.560763978912799,0.43947060412352573,10,0.0016163603780877753,1.0,3.6244424591357287,0.8097826086956521,7.890410958904109,5.229166666666667,0.7152777777777778,0,0.0,0.7638888888888888,3.629439362752405
16,32,row,bup,True,32,False,False,tw16_th32_trow_ibup_hi_pal32,0.23569730398770172,0.5924050632911393,2.3063063063063063,4.4459375,0.8572265625,13,0.2523809523809524,0.9625,4.960993553116526,0.9483386075949367,18.181818181818183,0.5940625,0.9193359375,0,0.011583011583011582,1.0,3.5342233873662825,0.8118670886075949,6.171648987463838,3.5759375,0.65625,11,0.004530744336569579,1.0,3.5388512494107403,0.6142564708402632,2.916078629032258,6.557393483709273,0.3712973800306113,14,0.0018893670620342186,1.0,3.3906497357737413,0.8097826086956521,8.112676056338028,5.128472222222222,0.6909722222222222,0,0.0,0.9166666666666666,3.6283325372451425
16,32,col,morton,True,0,False,True,tw16_th32_tcol_imorton_hi_pal0_full,0.9265013725307272,0.6083860759493671,2.0395156150414278,12.64921875,0.857421875,0,0.015144958892254435,1.0,4.131631876609157,0.9449367088607594,14.578587699316628,0.7959375,0.921875,0,0.09125475285171103,1.0,3.4147671433068405,0.7745253164556962,4.395604395604396,4.6253125,0.60078125,8,0.019596199524940617,1.0,4.208011886022115,0.6497396834227311,2.6016278442305962,6.5791547835105,0.33353740884127125,8,0.018486209584617098,1.0,3.2783392167086305,0.8396739130434783,5.538461538461538,6.661458333333333,0.6909722222222222,0,0.011235955056179775,0.7638888888888888,3.6264213424581158
16,32,col,morton,True,0,True,True,tw16_th32_tcol_imorton_hi_pal0_pad64_full,0.9265013725307272,0.6083860759493671,2.0395156150414278,12.64921875,0.857421875,0,0.015144958892254435,1.0,4.131631876609157,0.9449367088607594,14.578587699316628,0.7959375,0.921875,0,0.09125475285171103,1.0,3.4147671433068405,0.7745253164556962,4.395604395604396,4.6253125,0.60078125,8,0.019596199524940617,1.0,4.208011886022115,0.6497396834227311,2.6016278442305962,6.5791547835105,0.33353740884127125,8,0.018486209584617098,1.0,3.2783392167086305,0.8396739130434783,5.538461538461538,6.661458333333333,0.6909722222222222,0,0.011235955056179775,0.7638888888888888,3.6264213424581158
16,4,row,row,True,64,False,False,tw16_th4_trow_irow_hi_pal64,-0.03865217482724104,0.5910601265822785,2.3071377072819033,4.38046875,0.8890625,15,0.2510803802938634,0.9625,4.976834611616306,0.9474683544303797,18.285714285714285,0.64140625,0.9236328125,0,0.011583011583011582,0.9875,3.226297816559002,0.7996835443037975,5.942432683379758,3.9175,0.68046875,12,0.0090032154340836,1.0,3.8246094112320943,0.6039979856840931,2.945773930753564,6.584996975196613,0.41714234266678674,10,0.0022751137556877845,1.0,3.4927909394774446,0.8306159420289855,8.112676056338028,3.765625,0.71875,0,0.0,1.0,3.6263841746567738
16,16,row,hilbert,False,0,False,False,tw16_th16_trow_ihilbert_lo_pal0,-0.9029934653164582,0.6250791139240506,1.9399818126705062,10.6221875,0.8669921875,0,0.3274144651364227,1.0,4.303136460884195,0.9481012658227848,13.704496788008566,0.77140625,0.9189453125,0,0.05405405405405406,1.0,3.9297947005616196,0.8193037974683545,4.804804804804805,4.3746875,0.6142578125,6,0.01288659793814433,1.0,4.165304791285283,0.6500543062830453,2.455749395135617,6.5837870538415,0.3922031151526065,8,0.008992616956506525,1.0,3.083273389821743,0.8586956521739131,5.538461538461538,5.59375,0.6666666666666666,0,0.041237113402061855,0.9166666666666666,3.626241401118355
16,32,row,row,True,32,False,False,tw16_th32_trow_irow_hi_pal32,0.23578564786955836,0.5920886075949368,2.3063063063063063,4.4378125,0.8572265625,13,0.2523809523809524,0.9625,4.957260035184038,0.9476265822784811,18.181818181818183,0.599375,0.9193359375,0,0.011583011583011582,1.0,3.528607946965438,0.8125791139240506,6.171648987463838,3.62671875,0.65625,11,0.004530744336569579,1.0,3.536107585028528,0.6144740286236106,2.916078629032258,6.574038544637456,0.3712973800306113,14,0.002029320177740457,1.0,3.3906497357737413,0.8097826086956521,8.112676056338028,5.128472222222222,0.6909722222222222,0,0.0,0.9166666666666666,3.625085776274361
16,4,row,row,True,32,False,False,tw16_th4_trow_irow_hi_pal32,-0.04808038588571595,0.5918512658227848,2.3063063063063063,4.39296875,0.8908203125,15,0.2523809523809524,0.9625,4.938776266671487,0.9473892405063291,18.13031161473088,0.64015625,0.9236328125,0,0.011583011583011582,1.0,3.2773379807256826,0.8016613924050633,6.1010486177311725,3.80625,0.67265625,12,0.009061488673139158,1.0,3.826202039711289,0.6039716489403103,2.9499796043238833,6.5613343704087805,0.4184568290267399,10,0.002379202967006053,1.0,3.4401918050168963,0.8188405797101449,8.112676056338028,4.017361111111111,0.6944444444444444,0,0.0,1.0,3.6242230658674828
16,4,row,morton,True,64,False,False,tw16_th4_trow_imorton_hi_pal64,0.8734408805597713,0.6088607594936709,2.041467304625199,12.62171875,0.8890625,0,0.016421780466724288,1.0,4.217245854951315,0.9463607594936709,15.347721822541967,0.7734375,0.9236328125,0,0.0888030888030888,1.0,3.602383715038938,0.7963607594936708,5.063291139240507,4.6490625,0.68046875,7,0.01157556270096463,1.0,4.070863752100052,0.6351818734513173,2.603266738660907,6.95284763633221,0.41728639596650763,7,0.017010850542527125,1.0,2.9954659822866354,0.838768115942029,5.333333333333333,6.555555555555555,0.71875,0,0.0,0.9166666666666666,3.6237846825009266
16,16,row,bup,True,64,False,True,tw16_th16_trow_ibup_hi_pal64_full,-0.01823130523335914,0.5915348101265823,2.3071377072819033,4.46796875,0.8669921875,15,0.2510803802938634,0.9625,5.008609092409775,0.9477848101265822,18.181818181818183,0.59671875,0.9189453125,0,0.011583011583011582,0.97515625,3.655071719650623,0.8075158227848102,5.914972273567468,3.67984375,0.6158203125,10,0.005144694533762058,1.0,3.2869497041911204,0.6113146761327548,2.955404577033102,6.610076916429003,0.393085441613397,16,0.0022141777668435664,1.0,3.8269069296243208,0.8532608695652174,9.142857142857142,4.045138888888889,0.7743055555555556,0,0.03076923076923077,0.7638888888888888,3.619874110936803
16,16,row,bup,True,64,True,True,tw16_th16_trow_ibup_hi_pal64_pad64_full,-0.01823130523335914,0.5915348101265823,2.3071377072819033,4.46796875,0.8669921875,15,0.2510803802938634,0.9625,5.008609092409775,0.9477848101265822,18.181818181818183,0.59671875,0.9189453125,0,0.011583011583011582,0.97515625,3.655071719650623,0.8075158227848102,5.914972273567468,3.67984375,0.6158203125,10,0.005144694533762058,1.0,3.2869497041911204,0.6113146761327548,2.955404577033102,6.610076916429003,0.393085441613397,16,0.0022141777668435664,1.0,3.8269069296243208,0.8532608695652174,9.142857142857142,4.045138888888889,0.7743055555555556,0,0.03076923076923077,0.7638888888888888,3.619874110936803
16,32,row,row,True,64,False,False,tw16_th32_trow_irow_hi_pal64,0.35773990059469973,0.5912974683544304,2.3071377072819033,4.4490625,0.8578125,12,0.2510803802938634,0.9625,5.007593467409775,0.9477848101265822,18.181818181818183,0.59578125,0.9197265625,0,0.011583011583011582,0.97515625,3.3978306088661054,0.810996835443038,5.998125585754452,3.57296875,0.6556640625,12,0.0045016077170418,1.0,3.531046076884322,0.6135691797530369,2.912848655724499,6.580796819635295,0.37104528675609977,14,0.0021001050052502626,1.0,3.464962839638476,0.8233695652173914,8.112676056338028,4.758680555555555,0.71875,0,0.0,0.9166666666666666,3.6198395589084487
16,2,col,bup,True,32,False,True,tw16_th2_tcol_ibup_hi_pal32_full,0.2435695514824272,0.5921677215189873,2.3063063063063063,4.42640625,0.853515625,13,0.2523809523809524,0.9625,4.9950682284412,0.9483386075949367,18.285714285714285,0.5915625,0.9193359375,0,0.011583011583011582,0.9875,2.7472253483073823,0.7805379746835444,6.2015503875969,3.4871875,0.693359375,16,0.008414239482200648,1.0,4.072778750107246,0.6084341187954194,2.8813685940534888,6.5701667963010975,0.32754119024038897,9,0.0024553649724648355,1.0,3.654975369763748,0.8106884057971014,7.890410958904109,5.161458333333333,0.7048611111111112,0,0.0,0.7638888888888888,3.6198130560817745
16,32,row,morton,True,64,False,True,tw16_th32_trow_imorton_hi_pal64_full,0.9254413265397057,0.6090189873417722,2.04211869814933,12.5934375,0.858203125,0,0.015584415584415584,1.0,4.16588535780214,0.9421677215189873,14.285714285714286,0.83015625,0.9166015625,0,0.08,1.0,3.4243575048588113,0.7945411392405064,4.859529233105543,4.3784375,0.63984375,9,0.014877102199223804,1.0,4.084269707559357,0.6455996813256113,2.6314472846356773,6.743047273355804,0.3947600612226524,8,0.016905831233797058,1.0,3.4660057875558214,0.8596014492753623,5.938144329896907,5.586805555555555,0.75,0,0.013888888888888888,0.7638888888888888,3.6193799414384125
16,32,row,morton,True,64,True,True,tw16_th32_trow_imorton_hi_pal64_pad64_full,0.9254413265397057,0.6090189873417722,2.04211869814933,12.5934375,0.858203125,0,0.015584415584415584,1.0,4.16588535780214,0.9421677215189873,14.285714285714286,0.83015625,0.9166015625,0,0.08,1.0,3.4243575048588113,0.7945411392405064,4.859529233105543,4.3784375,0.63984375,9,0.014877102199223804,1.0,4.084269707559357,0.6455996813256113,2.6314472846356773,6.743047273355804,0.3947600612226524,8,0.016905831233797058,1.0,3.4660057875558214,0.8596014492753623,5.938144329896907,5.586805555555555,0.75,0,0.013888888888888888,0.7638888888888888,3.6193799414384125
16,16,row,row,True,0,False,True,tw16_th16_trow_irow_hi_pal0_full,-0.14244549402447593,0.5924050632911393,2.3063063063063063,4.46296875,0.8669921875,16,0.25249025552187093,0.9625,5.056722225321167,0.9475474683544304,18.181818181818183,0.60421875,0.9189453125,0,0.011583011583011582,0.95,3.2257594708977004,0.8134493670886076,6.2439024390243905,3.5803125,0.6142578125,14,0.008376288659793814,1.0,3.6869532709896156,0.6121946054198628,2.955706549504445,6.63519142684297,0.39349959485009456,12,0.002003233288817038,1.0,3.691600822730262,0.8134057971014492,8.112676056338028,5.055555555555555,0.7118055555555556,0,0.0,0.7638888888888888,3.6172956650648582
16,16,row,row,True,0,True,True,tw16_th16_trow_irow_hi_pal0_pad64_full,-0.14244549402447593,0.5924050632911393,2.3063063063063063,4.46296875,0.8669921875,16,0.25249025552187093,0.9625,5.056722225321167,0.9475474683544304,18.181818181818183,0.60421875,0.9189453125,0,0.011583011583011582,0.95,3.2257594708977004,0.8134493670886076,6.2439024390243905,3.5803125,0.6142578125,14,0.008376288659793814,1.0,3.6869532709896156,0.6121946054198628,2.955706549504445,6.63519142684297,0.39349959485009456,12,0.002003233288817038,1.0,3.691600822730262,0.8134057971014492,8.112676056338028,5.055555555555555,0.7118055555555556,0,0.0,0.7638888888888888,3.6172956650648582
16,32,col,col,False,64,False,True,tw16_th32_tcol_icol_lo_pal64_full,3.4147839405760974,0.8113924050632911,7.207207207207207,4.56609375,0.8421875,10,0.0011815675462780622,0.95,3.668024323245101,0.9454113924050633,12.19047619047619,0.69546875,0.9189453125,0,0.1391941391941392,1.0,3.2002427799379807,0.7981803797468354,3.784742755765819,4.07453125,0.6314453125,11,0.010269576379974325,1.0,4.09714062830382,0.601659044762892,1.7912319266850367,6.335493907181747,0.33272710903034125,7,0.017293093871505277,1.0,3.278734693829364,0.786231884057971,2.909090909090909,1.4756944444444444,0.84375,0,0.13978494623655913,0.4791666666666667,3.6159478199477713
16,32,col,col,False,64,True,True,tw16_th32_tcol_icol_lo_pal64_pad64_full,3.4147839405760974,0.8113924050632911,7.207207207207207,4.56609375,0.8421875,10,0.0011815675462780622,0.95,3.668024323245101,0.9454113924050633,12.19047619047619,0.69546875,0.9189453125,0,0.1391941391941392,1.0,3.2002427799379807,0.7981803797468354,3.784742755765819,4.07453125,0.6314453125,11,0.010269576379974325,1.0,4.09714062830382,0.601659044762892,1.7912319266850367,6.335493907181747,0.33272710903034125,7,0.017293093871505277,1.0,3.278734693829364,0.786231884057971,2.909090909090909,1.4756944444444444,0.84375,0,0.13978494623655913,0.4791666666666667,3.6159478199477713
16,4,row,bup,False,64,True,True,tw16_th4_trow_ibup_lo_pal64_pad64_full,1.2351861120260297,0.6589398734177215,2.816901408450704,3.7075,0.89609375,10,0.25616797900262467,0.818125,2.5637428409482896,0.9505537974683544,17.438692098092645,0.5075,0.9376953125,0,0.2815533980582524,0.755625,3.947948041074868,0.7712025316455696,5.0,4.13609375,0.6853515625,6,0.019358741681790685,0.85,4.579689258517803,0.7816473420164516,5.105453582774444,3.532866649382076,0.7030161159629063,11,0.0215032154340836,0.5517241379310345,4.461836273385186,0.9076086956521738,10.285714285714286,2.4791666666666665,0.8715277777777778,0,0.13513513513513514,0.3472222222222222,3.611944923181963
16,16,row,bup,True,64,False,False,tw16_th16_trow_ibup_hi_pal64,-0.01823130523335914,0.5915348101265823,2.3071377072819033,4.46796875,0.8669921875,15,0.2510803802938634,0.9625,5.008609092409775,0.9477848101265822,18.181818181818183,0.59671875,0.9189453125,0,0.011583011583011582,0.97515625,3.655071719650623,0.8075158227848102,5.914972273567468,3.67984375,0.6158203125,10,0.005144694533762058,1.0,3.3910691601948466,0.6119426597091122,2.9430766100315395,6.611805375507735,0.392293148464932,15,0.0019250962548127406,1.0,3.4329831697511963,0.822463768115942,8.112676056338028,4.928819444444445,0.71875,0,0.0,0.9166666666666666,3.6117175717506083
16,16,col,hilbert,True,64,False,True,tw16_th16_tcol_ihilbert_hi_pal64_full,-0.37472355115502487,0.6439873417721519,2.0068987143305113,9.8128125,0.8552734375,0,0.25583405358686256,1.0,4.677635431742168,0.9498417721518987,14.00437636761488,0.79625,0.920703125,0,0.0,0.9875,3.5245840439586855,0.8147151898734177,4.716285924834193,4.6359375,0.69375,8,0.0090032154340836,1.0,3.826704496438687,0.6712421136641832,2.518171926006529,6.296482585774782,0.33366345547852705,14,0.0030337785341670058,1.0,3.605869266602963,0.8849637681159421,6.329670329670329,4.15625,0.7569444444444444,0,0.0,0.9166666666666666,3.6111974551817223
16,16,col,hilbert,True,64,True,True,tw16_th16_tcol_ihilbert_hi_pal64_pad64_full,-0.37472355115502487,0.6439873417721519,2.0068987143305113,9.8128125,0.8552734375,0,0.25583405358686256,1.0,4.677635431742168,0.9498417721518987,14.00437636761488,0.79625,0.920703125,0,0.0,0.9875,3.5245840439586855,0.8147151898734177,4.716285924834193,4.6359375,0.69375,8,0.0090032154340836,1.0,3.826704496438687,0.6712421136641832,2.518171926006529,6.296482585774782,0.33366345547852705,14,0.0030337785341670058,1.0,3.605869266602963,0.8849637681159421,6.329670329670329,4.15625,0.7569444444444444,0,0.0,0.9166666666666666,3.6111974551817223
16,16,row,morton,True,32,False,False,tw16_th16_trow_imorton_hi_pal32,0.9171046115313537,0.6098101265822785,2.0447284345047922,12.56265625,0.866015625,0,0.015584415584415584,1.0,4.158221434052131,0.9450949367088608,14.918414918414918,0.7875,0.91875,0,0.09266409266409266,1.0,3.609040075434682,0.7884493670886076,4.761904761904762,4.73953125,0.6123046875,7,0.015533980582524271,1.0,3.9787381979430387,0.6317571226314694,2.5231138246838203,6.9869674185463655,0.3921671018276762,8,0.01763409257898604,1.0,3.226050129922413,0.8315217391304348,5.236363636363636,7.032986111111111,0.6909722222222222,0,0.0,0.7638888888888888,3.6090828337642327
16,4,col,morton,True,0,False,False,tw16_th4_tcol_imorton_hi_pal0,0.9459003780959128,0.6103639240506329,2.04211869814933,12.530625,0.8533203125,0,0.01429190125595496,1.0,4.251943193920583,0.9458069620253164,15.130023640661939,0.77078125,0.9193359375,0,0.08494208494208494,0.9875,3.518225617157233,0.7886867088607594,5.161290322580645,4.756875,0.6888671875,7,0.01675257731958763,1.0,4.047206644978792,0.6397203503280622,2.514450867052023,6.809731224613257,0.32071666516611147,9,0.017530354456069142,1.0,2.955341259532707,0.832427536231884,5.433962264150943,7.194444444444445,0.6631944444444444,0,0.0,0.9166666666666666,3.6056120405748135
16,8,row,bup,True,0,True,False,tw16_th8_trow_ibup_hi_pal0_pad64,0.07312655139110791,0.5924050632911393,2.3063063063063063,4.465625,0.88125,14,0.2529233434387181,0.9625,4.984533571576442,0.9477848101265822,18.181818181818183,0.60359375,0.9177734375,0,0.011583011583011582,0.9875,3.1265289650075854,0.8073575949367089,6.387225548902196,3.67328125,0.66953125,14,0.006443298969072165,1.0,3.840509593533354,0.6127426064463224,3.050780426070449,6.558672543427535,0.4412532637075718,10,0.0016167580486433292,1.0,3.363035504694836,0.8125,8.112676056338028,5.328125,0.6944444444444444,0,0.0,0.9166666666666666,3.603182812152626
16,8,row,bup,True,32,False,False,tw16_th8_trow_ibup_hi_pal32,0.1972730784736325,0.5924050632911393,2.3063063063063063,4.46578125,0.87890625,13,0.2528138528138528,0.9625,4.95478843043731,0.9481012658227848,18.13031161473088,0.59984375,0.9193359375,0,0.011583011583011582,1.0,3.458908383769305,0.806882911392405,6.195546950629235,3.7865625,0.67109375,11,0.004530744336569579,1.0,3.5464504085109487,0.6118480685555511,3.0433982114676486,6.502255639097744,0.4405149905465022,13,0.001679437388474861,1.0,3.3586700658864626,0.8088768115942029,8.112676056338028,5.298611111111111,0.6909722222222222,0,0.0,0.9166666666666666,3.6031451471135414
16,4,col,morton,True,0,False,True,tw16_th4_tcol_imorton_hi_pal0_full,0.9459003780959128,0.6103639240506329,2.04211869814933,12.530625,0.8533203125,0,0.01429190125595496,1.0,4.251943193920583,0.9458069620253164,15.130023640661939,0.77078125,0.9193359375,0,0.08494208494208494,0.9875,3.518225617157233,0.7886867088607594,5.161290322580645,4.756875,0.6888671875,7,0.01675257731958763,1.0,4.15956965772272,0.6417271370994728,2.523774210434479,6.729928268948233,0.3287836499504817,8,0.01713720363238048,1.0,2.558071852161526,0.7889492753623188,4.430769230769231,8.56423611111111,0.6041666666666666,0,0.0,0.9166666666666666,3.599594003660874
16,4,col,morton,True,32,False,True,tw16_th4_tcol_imorton_hi_pal32_full,0.9375473419130511,0.6096518987341772,2.041467304625199,12.576875,0.853515625,0,0.015151515151515152,1.0,4.2518650689205835,0.9458069620253164,15.130023640661939,0.77125,0.9193359375,0,0.08494208494208494,0.9875,3.493475833467449,0.7867088607594936,5.107741420590583,4.78796875,0.693359375,7,0.016828478964401296,1.0,4.163863221529864,0.6419786997939216,2.521024881258443,6.709446028865266,0.3282254434140632,8,0.017259635747564592,1.0,2.585481504707049,0.7961956521739131,4.5,7.949652777777778,0.6388888888888888,0,0.009615384615384616,0.9166666666666666,3.5964995389035965
16,32,row,row,True,0,True,False,tw16_th32_trow_irow_hi_pal0_pad64,-0.005549809029750552,0.5921677215189873,2.3063063063063063,4.44203125,0.857421875,15,0.25249025552187093,0.9625,4.981709204487833,0.9475474683544304,18.181818181818183,0.59375,0.9201171875,0,0.011583011583011582,0.9875,3.4501323747889665,0.8178797468354431,6.380857427716849,3.47515625,0.6609375,12,0.007087628865979381,1.0,3.563737960787315,0.621365271198945,2.988995660260384,6.4781263503586555,0.38462231025479426,14,0.0023641508758104383,1.0,3.3166259837608587,0.7961956521739131,8.112676056338028,5.496527777777778,0.6631944444444444,0,0.0,0.9166666666666666,3.5926188125018683
16,2,row,col,False,32,False,False,tw16_th2_trow_icol_lo_pal32,5.040097242525082,0.709493670886076,2.0486555697823303,5.0753125,0.8880859375,5,0.3359307359307359,0.9875,4.844816612042439,0.9488132911392404,13.943355119825709,0.82734375,0.930078125,0,0.0,0.8896875,2.742463588657136,0.7915348101265822,4.737231680236862,5.1025,0.741015625,12,0.019417475728155338,1.0,2.946668012279969,0.6444841315682591,2.6961972224811257,6.836211217699421,0.42565949401278474,19,0.013015639760680172,1.0,3.3006541867954917,0.865036231884058,7.2,5.538194444444445,0.6909722222222222,0,0.0,1.0,3.5899664539474356
16,8,col,morton,True,32,True,False,tw16_th8_tcol_imorton_hi_pal32_pad64,0.933105487932111,0.6091772151898734,2.04211869814933,12.56578125,0.853515625,0,0.015584415584415584,1.0,4.231123302430891,0.945253164556962,15.165876777251185,0.77234375,0.9193359375,0,0.09266409266409266,0.975,3.4243343105218473,0.7939082278481013,4.881769641495042,4.58921875,0.693359375,8,0.015533980582524271,1.0,3.9790341816032644,0.6411353799287683,2.521024881258443,6.707959554057558,0.31922211218150714,10,0.016461052933581983,1.0,3.288506041469141,0.8342391304347826,5.383177570093458,6.734375,0.6979166666666666,0,0.0,0.7638888888888888,3.5876282770301744
16,8,col,morton,True,32,False,True,tw16_th8_tcol_imorton_hi_pal32_full,0.933105487932111,0.6091772151898734,2.04211869814933,12.56578125,0.853515625,0,0.015584415584415584,1.0,4.231123302430891,0.945253164556962,15.165876777251185,0.77234375,0.9193359375,0,0.09266409266409266,0.975,3.4243343105218473,0.7939082278481013,4.881769641495042,4.58921875,0.693359375,8,0.015533980582524271,1.0,3.9738666028960896,0.6406056113830467,2.516747868453106,6.717725347852389,0.3191140722067165,10,0.01666547200917497,1.0,3.288506041469141,0.8342391304347826,5.383177570093458,6.734375,0.6979166666666666,0,0.0,0.7638888888888888,3.586078003418022
16,8,col,morton,True,32,True,True,tw16_th8_tcol_imorton_hi_pal32_pad64_full,0.933105487932111,0.6091772151898734,2.04211869814933,12.56578125,0.853515625,0,0.015584415584415584,1.0,4.231123302430891,0.945253164556962,15.165876777251185,0.77234375,0.9193359375,0,0.09266409266409266,0.975,3.4243343105218473,0.7939082278481013,4.881769641495042,4.58921875,0.693359375,8,0.015533980582524271,1.0,3.9738666028960896,0.6406056113830467,2.516747868453106,6.717725347852389,0.3191140722067165,10,0.01666547200917497,1.0,3.288506041469141,0.8342391304347826,5.383177570093458,6.734375,0.6979166666666666,0,0.0,0.7638888888888888,3.586078003418022
16,16,col,hilbert,True,0,False,False,tw16_th16_tcol_ihilbert_hi_pal0,-0.37878244238471814,0.6444620253164557,2.002503128911139,9.77953125,0.8533203125,0,0.2572542226071893,1.0,4.706241864922392,0.9500791139240505,14.285714285714286,0.78328125,0.9193359375,0,0.0,0.9875,3.7183062970374907,0.8218354430379746,4.7976011994003,4.54125,0.6888671875,7,0.006443298969072165,1.0,3.641628149351109,0.6573811083620795,2.4337455830388692,6.535701322271195,0.32098676510308816,15,0.0033241191084362643,1.0,3.321378927942571,0.8596014492753623,5.383177570093458,5.59375,0.6666666666666666,0,0.0,0.9166666666666666,3.5847062643183816
16,16,row,row,True,0,False,False,tw16_th16_trow_irow_hi_pal0,-0.14244549402447593,0.5924050632911393,2.3063063063063063,4.46296875,0.8669921875,16,0.25249025552187093,0.9625,5.056722225321167,0.9475474683544304,18.181818181818183,0.60421875,0.9189453125,0,0.011583011583011582,0.95,3.2257594708977004,0.8134493670886076,6.2439024390243905,3.5803125,0.6142578125,14,0.008376288659793814,1.0,3.6922264839691907,0.6114638793792275,2.947274579724911,6.584080891884884,0.3925812550643738,12,0.002169425102347878,1.0,3.3332825860152866,0.7989130434782609,8.112676056338028,5.461805555555555,0.6631944444444444,0,0.0,0.9166666666666666,3.5830458052872327
16,16,col,morton,True,32,True,False,tw16_th16_tcol_imorton_hi_pal32_pad64,0.933105487932111,0.6091772151898734,2.04211869814933,12.56578125,0.853515625,0,0.015584415584415584,1.0,4.231123302430891,0.945253164556962,15.165876777251185,0.77234375,0.9193359375,0,0.09266409266409266,0.975,3.4243343105218473,0.7939082278481013,4.881769641495042,4.58921875,0.693359375,8,0.015533980582524271,1.0,3.9792892993232263,0.6412480886581768,2.52212389380531,6.706611355976147,0.3191140722067165,10,0.01657339647008179,1.0,3.2383062840712675,0.832427536231884,5.284403669724771,7.005208333333333,0.6909722222222222,0,0.0,0.7638888888888888,3.5826848366063753
16,32,col,morton,True,32,True,False,tw16_th32_tcol_imorton_hi_pal32_pad64,0.933105487932111,0.6091772151898734,2.04211869814933,12.56578125,0.853515625,0,0.015584415584415584,1.0,4.231123302430891,0.945253164556962,15.165876777251185,0.77234375,0.9193359375,0,0.09266409266409266,0.975,3.4243343105218473,0.7939082278481013,4.881769641495042,4.58921875,0.693359375,8,0.015533980582524271,1.0,3.97744710166687,0.6409354182762399,2.518720069656073,6.710690519401953,0.3186458989826236,10,0.016628440366972478,1.0,3.2383062840712675,0.832427536231884,5.284403669724771,7.005208333333333,0.6909722222222222,0,0.0,0.7638888888888888,3.5821321773094685
16,16,row,bup,True,64,True,False,tw16_th16_trow_ibup_hi_pal64_pad64,-0.01823130523335914,0.5915348101265823,2.3071377072819033,4.46796875,0.8669921875,15,0.2510803802938634,0.9625,5.008609092409775,0.9477848101265822,18.181818181818183,0.59671875,0.9189453125,0,0.011583011583011582,0.97515625,3.655071719650623,0.8075158227848102,5.914972273567468,3.67984375,0.6158203125,10,0.005144694533762058,1.0,3.290135863424398,0.6115663920337242,2.9564617507281925,6.5929824561403505,0.39429188799855946,16,0.0020388793194361446,1.0,3.4329831697511963,0.822463768115942,8.112676056338028,4.928819444444445,0.71875,0,0.0,0.9166666666666666,3.5814375827194738
16,4,col,col,True,64,False,True,tw16_th4_tcol_icol_hi_pal64_full,1.1447930551509187,0.6787183544303798,1.9631901840490797,8.48421875,0.8552734375,10,0.08945548833189283,1.0,3.7043430833141944,0.9430379746835442,11.208406304728546,0.75484375,0.920703125,0,0.11583011583011583,1.0,2.2333870316619633,0.8031645569620254,4.266666666666667,4.40328125,0.69375,18,0.016720257234726688,1.0,3.673732214206632,0.6520522052667239,2.2783838065608633,6.51399187624233,0.33020617628522553,14,0.007227891156462585,1.0,8.431827242740637,0.8559782608695652,4.173913043478261,4.871527777777778,0.6770833333333334,1,0.021505376344086023,0.7916666666666666,3.5806956628419275
16,2,row,row,True,64,False,False,tw16_th2_trow_irow_hi_pal64,0.1826762435592586,0.5901898734177216,2.3071377072819033,4.5140625,0.8826171875,13,0.2515125324114088,0.9625,4.979241756571167,0.9475474683544304,18.181818181818183,0.69,0.927734375,0,0.011583011583011582,0.975,3.5223422071280215,0.7823575949367089,6.2439024390243905,4.94734375,0.741796875,7,0.008360128617363344,1.0,3.372296716744942,0.6229936375623979,2.946223964964098,6.636384063607294,0.42402088772845953,15,0.0038501925096254812,1.0,3.3781572840829197,0.8233695652173914,8.112676056338028,4.779513888888889,0.71875,0,0.0,0.9583333333333334,3.574530673478304
16,16,col,morton,True,32,False,True,tw16_th16_tcol_imorton_hi_pal32_full,0.933105487932111,0.6091772151898734,2.04211869814933,12.56578125,0.853515625,0,0.015584415584415584,1.0,4.231123302430891,0.945253164556962,15.165876777251185,0.77234375,0.9193359375,0,0.09266409266409266,0.975,3.4243343105218473,0.7939082278481013,4.881769641495042,4.58921875,0.693359375,8,0.015533980582524271,1.0,3.9086294300291042,0.64953124926865,2.593580490429013,6.6246823956442835,0.33211488250652743,11,0.01722353636901242,1.0,3.3676006441223834,0.8478260869565217,5.76,6.142361111111111,0.71875,0,0.012345679012345678,0.7638888888888888,3.57441631182325
16,16,col,morton,True,32,True,True,tw16_th16_tcol_imorton_hi_pal32_pad64_full,0.933105487932111,0.6091772151898734,2.04211869814933,12.56578125,0.853515625,0,0.015584415584415584,1.0,4.231123302430891,0.945253164556962,15.165876777251185,0.77234375,0.9193359375,0,0.09266409266409266,0.975,3.4243343105218473,0.7939082278481013,4.881769641495042,4.58921875,0.693359375,8,0.015533980582524271,1.0,3.9086294300291042,0.64953124926865,2.593580490429013,6.6246823956442835,0.33211488250652743,11,0.01722353636901242,1.0,3.3676006441223834,0.8478260869565217,5.76,6.142361111111111,0.71875,0,0.012345679012345678,0.7638888888888888,3.57441631182325
16,4,col,col,False,32,False,False,tw16_th4_tcol_icol_lo_pal32,1.1624122131761576,0.6810917721518988,1.9656019656019657,8.4625,0.853515625,10,0.08917748917748917,1.0,3.2528141211397115,0.939636075949367,11.208406304728546,0.75375,0.9193359375,0,0.1891891891891892,1.0,2.8247397785145734,0.8013449367088608,4.324324324324325,4.3234375,0.693359375,13,0.020064724919093852,1.0,3.441792718800044,0.6384241176064402,2.2808988764044944,6.583095670210008,0.3211848383902044,15,0.020503131450963927,1.0,8.68180336914876,0.8768115942028984,4.9655172413793105,4.416666666666667,0.6909722222222222,1,0.0,0.8333333333333334,3.5738751435190963
16,4,col,col,False,64,False,False,tw16_th4_tcol_icol_lo_pal64,1.1514386247711725,0.6803797468354431,1.9631901840490797,8.48421875,0.8552734375,10,0.08945548833189283,1.0,3.2505810482230455,0.939636075949367,11.208406304728546,0.75484375,0.920703125,0,0.1891891891891892,1.0,2.796117505022703,0.7977056962025316,4.266666666666667,4.40328125,0.69375,13,0.01929260450160772,1.0,3.4441300561921935,0.6384072109049651,2.2803594655315123,6.574574366951863,0.32116683172773924,15,0.020336016800840042,1.0,8.758330817230274,0.8786231884057971,5.008695652173913,4.272569444444445,0.71875,1,0.0,0.7916666666666666,3.573328812406274
16,16,col,bup,True,64,False,False,tw16_th16_tcol_ibup_hi_pal64,0.24219327282571212,0.5916930379746835,2.3071377072819033,4.4546875,0.8552734375,13,0.2510803802938634,0.9625,4.988714968288248,0.9477056962025316,18.285714285714285,0.6021875,0.920703125,0,0.011583011583011582,0.9875,2.6333747289113365,0.813370253164557,6.037735849056604,3.62,0.69375,18,0.003215434083601286,1.0,4.094206660542781,0.6122729488409409,2.8809381535703613,6.605582922824302,0.3210948050778788,9,0.002065103255162758,1.0,3.4332599410877505,0.8206521739130435,8.112676056338028,4.883680555555555,0.71875,0,0.0,0.9166666666666666,3.572706775369558
16,8,col,col,False,32,False,False,tw16_th8_tcol_icol_lo_pal32,0.6936628839046755,0.5786392405063291,1.6632016632016633,10.6990625,0.853515625,0,0.02987012987012987,1.0,2.7828529047047956,0.9397151898734177,10.756302521008404,0.7084375,0.9193359375,0,0.2625482625482625,1.0,3.6606280973016263,0.8057753164556962,4.150453955901427,4.18109375,0.693359375,6,0.02524271844660194,1.0,3.4526057137976576,0.6268495045952547,2.0181742072766595,6.368006222452683,0.32129287836499504,14,0.02994996676113502,1.0,8.060073211287616,0.8125,3.310344827586207,5.0625,0.6909722222222222,2,0.033707865168539325,0.7916666666666666,3.572587126502103
16,4,row,bup,False,64,True,False,tw16_th4_trow_ibup_lo_pal64_pad64,1.2351861120260297,0.6589398734177215,2.816901408450704,3.7075,0.89609375,10,0.25616797900262467,0.818125,2.5637428409482896,0.9505537974683544,17.438692098092645,0.5075,0.9376953125,0,0.2815533980582524,0.755625,3.947948041074868,0.7712025316455696,5.0,4.13609375,0.6853515625,6,0.019358741681790685,0.85,4.576738822832932,0.7816387929116386,5.101401992769597,3.537066804943393,0.7032141892500225,11,0.021766793918692653,0.5517241379310345,4.05692315326438,0.8822463768115942,8.727272727272727,3.0190972222222223,0.8298611111111112,0,0.12244897959183673,0.4583333333333333,3.570568480464421
16,32,row,bup,True,0,False,False,tw16_th32_trow_ibup_hi_pal0,0.2339893523626544,0.5923259493670886,2.3063063063063063,4.44859375,0.857421875,13,0.25249025552187093,0.9625,4.959683558390787,0.9481803797468354,18.181818181818183,0.59109375,0.9201171875,0,0.011583011583011582,1.0,3.4575041443037344,0.8147943037974683,6.380857427716849,3.506875,0.6609375,12,0.007087628865979381,0.9875,3.437349976651153,0.6140823097086948,2.9176963033940186,6.546642468239565,0.3725578464031692,15,0.0020294621925189826,1.0,3.3166259837608587,0.7961956521739131,8.112676056338028,5.496527777777778,0.6631944444444444,0,0.0,0.9166666666666666,3.57005554226102
16,4,col,col,False,64,False,True,tw16_th4_tcol_icol_lo_pal64_full,1.1514386247711725,0.6803797468354431,1.9631901840490797,8.48421875,0.8552734375,10,0.08945548833189283,1.0,3.2505810482230455,0.939636075949367,11.208406304728546,0.75484375,0.920703125,0,0.1891891891891892,1.0,2.796117505022703,0.7977056962025316,4.266666666666667,4.40328125,0.69375,13,0.01929260450160772,1.0,3.5430720252380414,0.6400515264291382,2.277576568774112,6.515391928096102,0.3301161429729,14,0.020976543122386792,1.0,8.417334489117449,0.8523550724637681,4.173913043478261,4.871527777777778,0.6770833333333334,1,0.021505376344086023,0.7916666666666666,3.5689117703087456
16,2,col,bup,True,64,False,True,tw16_th2_tcol_ibup_hi_pal64_full,0.24447307240377159,0.5914556962025317,2.3071377072819033,4.4353125,0.8552734375,13,0.2510803802938634,0.9625,4.991256832739724,0.9480221518987342,18.285714285714285,0.59453125,0.920703125,0,0.011583011583011582,0.9875,2.607415580696107,0.7803006329113924,6.037735849056604,3.516875,0.69375,17,0.008360128617363344,1.0,3.971044469477741,0.6080079736514702,2.875782881002088,6.572828623282343,0.3273791302782029,10,0.002349310985658684,1.0,3.817112016908212,0.822463768115942,8.0,4.796875,0.7256944444444444,0,0.0,0.7256944444444444,3.5682372158197615
16,2,col,bup,True,64,False,False,tw16_th2_tcol_ibup_hi_pal64,0.24447307240377159,0.5914556962025317,2.3071377072819033,4.4353125,0.8552734375,13,0.2510803802938634,0.9625,4.991256832739724,0.9480221518987342,18.285714285714285,0.59453125,0.920703125,0,0.011583011583011582,0.9875,2.607415580696107,0.7803006329113924,6.037735849056604,3.516875,0.69375,17,0.008360128617363344,1.0,4.082283622114192,0.6083830156746919,2.8809381535703613,6.591323135424769,0.3210948050778788,9,0.0018550927546377319,1.0,3.464962839638476,0.8233695652173914,8.112676056338028,4.758680555555555,0.71875,0,0.0,0.9166666666666666,3.5663940438837227
16,4,col,morton,True,64,False,True,tw16_th4_tcol_imorton_hi_pal64_full,0.9311076602345354,0.6087025316455696,2.0395156150414278,12.6209375,0.8552734375,0,0.01512532411408816,1.0,4.2499184543372515,0.9458069620253164,15.130023640661939,0.770625,0.920703125,0,0.08494208494208494,0.9875,3.348211142478214,0.782120253164557,5.039370078740157,4.795625,0.69375,8,0.016720257234726688,1.0,4.166097913801556,0.6423882446494372,2.5220139494333043,6.685731570305073,0.3303682362474115,8,0.017296990748945522,1.0,2.652599023601562,0.8097826086956521,4.682926829268292,7.192708333333333,0.6770833333333334,0,0.021505376344086023,0.9166666666666666,3.565091584491407
16,16,col,hilbert,True,64,True,False,tw16_th16_tcol_ihilbert_hi_pal64_pad64,-0.37472355115502487,0.6439873417721519,2.0068987143305113,9.8128125,0.8552734375,0,0.25583405358686256,1.0,4.677635431742168,0.9498417721518987,14.00437636761488,0.79625,0.920703125,0,0.0,0.9875,3.5245840439586855,0.8147151898734177,4.716285924834193,4.6359375,0.69375,8,0.0090032154340836,1.0,3.7105081639039863,0.6647996298771728,2.46160064672595,6.312176994209662,0.32102277842801835,15,0.0033766793591493644,1.0,3.4399667276510266,0.8695652173913043,5.702970297029703,4.8125,0.71875,0,0.0,0.9166666666666666,3.5597483015261187
16,16,row,bup,True,32,False,True,tw16_th16_trow_ibup_hi_pal32_full,0.10428454357103534,0.5924050632911393,2.3063063063063063,4.4353125,0.866015625,14,0.2523809523809524,0.9625,4.959643094915049,0.9480221518987342,18.181818181818183,0.59984375,0.91875,0,0.011583011583011582,1.0,3.4453024174575204,0.8093354430379747,6.0663507109004735,3.6715625,0.6123046875,12,0.004530744336569579,1.0,3.287915713612538,0.6118987651361407,2.9535940371656118,6.62772448362285,0.39250922841451336,16,0.002071265578374583,1.0,3.7902834961938234,0.8360507246376812,8.727272727272727,4.439236111111111,0.7534722222222222,0,0.013888888888888888,0.7638888888888888,3.5590316604056946
16,16,row,bup,True,32,True,True,tw16_th16_trow_ibup_hi_pal32_pad64_full,0.10428454357103534,0.5924050632911393,2.3063063063063063,4.4353125,0.866015625,14,0.2523809523809524,0.9625,4.959643094915049,0.9480221518987342,18.181818181818183,0.59984375,0.91875,0,0.011583011583011582,1.0,3.4453024174575204,0.8093354430379747,6.0663507109004735,3.6715625,0.6123046875,12,0.004530744336569579,1.0,3.287915713612538,0.6118987651361407,2.9535940371656118,6.62772448362285,0.39250922841451336,16,0.002071265578374583,1.0,3.7902834961938234,0.8360507246376812,8.727272727272727,4.439236111111111,0.7534722222222222,0,0.013888888888888888,0.7638888888888888,3.5590316604056946
16,2,col,bup,True,0,False,True,tw16_th2_tcol_ibup_hi_pal0_full,0.24030358527823825,0.5923259493670886,2.3063063063063063,4.43203125,0.8533203125,13,0.2529233434387181,0.9625,4.970276561774534,0.9483386075949367,18.285714285714285,0.5903125,0.9193359375,0,0.011583011583011582,1.0,2.6743303117976778,0.7825158227848101,6.406406406406407,3.39625,0.6888671875,17,0.008376288659793814,1.0,3.970811671859641,0.6081208738890296,2.8817991631799162,6.590424336703829,0.32608265058071484,10,0.002382286995515695,1.0,3.5880596088941834,0.7998188405797102,7.890410958904109,5.458333333333333,0.6875,0,0.0,0.7638888888888888,3.556871536398345
16,4,col,col,True,32,False,True,tw16_th4_tcol_icol_hi_pal32_full,1.1528527852622983,0.6793512658227848,1.9656019656019657,8.4625,0.853515625,10,0.08961038961038961,1.0,3.7068926119270627,0.9431170886075949,11.208406304728546,0.75375,0.9193359375,0,0.11583011583011583,1.0,2.2618787732300705,0.8057753164556962,4.324324324324325,4.3234375,0.693359375,18,0.016828478964401296,1.0,3.57054396728124,0.6516606778599592,2.276949112519186,6.545294270158154,0.32799135680201674,15,0.007162514995413168,1.0,8.386788453092803,0.848731884057971,4.027972027972028,5.166666666666667,0.6388888888888888,1,0.009615384615384616,0.8333333333333334,3.5539508184554904
16,8,col,col,False,0,False,False,tw16_th8_tcol_icol_lo_pal0,0.6986559422861598,0.5791930379746836,1.6627695505326059,10.70546875,0.8533203125,0,0.029449978345604158,1.0,2.7603883491902392,0.939636075949367,10.79258010118044,0.72046875,0.9193359375,0,0.26640926640926643,1.0,3.58135744770268,0.8059335443037974,4.150453955901427,4.12421875,0.6888671875,7,0.021262886597938145,1.0,3.44149108155952,0.6264925949256746,2.019724210158841,6.424094719557514,0.32089673179076256,14,0.03012701634066972,1.0,8.167227965162608,0.8088768115942029,3.2,5.369791666666667,0.6631944444444444,2,0.010309278350515464,0.7916666666666666,3.5539165035591687
16,32,row,row,True,0,False,False,tw16_th32_trow_irow_hi_pal0,-0.005549809029750552,0.5921677215189873,2.3063063063063063,4.44203125,0.857421875,15,0.25249025552187093,0.9625,4.981709204487833,0.9475474683544304,18.181818181818183,0.59375,0.9201171875,0,0.011583011583011582,0.9875,3.4501323747889665,0.8178797468354431,6.380857427716849,3.47515625,0.6609375,12,0.007087628865979381,1.0,3.4342024490467002,0.6141519281993659,2.9176963033940186,6.559640480511624,0.3725578464031692,15,0.0022394065572623255,1.0,3.3166259837608587,0.7961956521739131,8.112676056338028,5.496527777777778,0.6631944444444444,0,0.0,0.9166666666666666,3.553758158979684
16,32,col,col,False,32,False,True,tw16_th32_tcol_icol_lo_pal32_full,3.4126201176092983,0.8109177215189873,7.239819004524887,4.59796875,0.840625,10,0.0011838989739542227,0.95,3.770017506133507,0.9484177215189873,12.698412698412698,0.66578125,0.924609375,0,0.138996138996139,0.975,3.0172014891191252,0.7953322784810126,3.665521191294387,4.1371875,0.6365234375,12,0.014211886304909561,1.0,4.0970830470616075,0.6020740745928048,1.7942873092668403,6.353435312418979,0.33182677590708565,7,0.017348524080787155,1.0,2.864894056968125,0.7626811594202898,2.6422018348623855,1.4982638888888888,0.8472222222222222,0,0.1346153846153846,0.6388888888888888,3.553300867989723
16,32,col,col,False,32,True,True,tw16_th32_tcol_icol_lo_pal32_pad64_full,3.4126201176092983,0.8109177215189873,7.239819004524887,4.59796875,0.840625,10,0.0011838989739542227,0.95,3.770017506133507,0.9484177215189873,12.698412698412698,0.66578125,0.924609375,0,0.138996138996139,0.975,3.0172014891191252,0.7953322784810126,3.665521191294387,4.1371875,0.6365234375,12,0.014211886304909561,1.0,4.0970830470616075,0.6020740745928048,1.7942873092668403,6.353435312418979,0.33182677590708565,7,0.017348524080787155,1.0,2.864894056968125,0.7626811594202898,2.6422018348623855,1.4982638888888888,0.8472222222222222,0,0.1346153846153846,0.6388888888888888,3.553300867989723
16,8,row,bup,True,64,False,False,tw16_th8_trow_ibup_hi_pal64,0.09080515309997383,0.5915348101265823,2.3071377072819033,4.4634375,0.8748046875,14,0.2510803802938634,0.9625,5.023393553063891,0.9475474683544304,18.13031161473088,0.610625,0.9205078125,0,0.011583011583011582,0.9628125,3.2033474657466567,0.8052215189873417,6.0606060606060606,3.748125,0.6662109375,13,0.006430868167202572,1.0,3.5404133849308437,0.6112302427524751,3.040199684708355,6.512972085385878,0.4408211038084091,13,0.0018550927546377319,1.0,3.443852734968588,0.8251811594202898,8.112676056338028,4.928819444444445,0.71875,0,0.0,0.9166666666666666,3.552726366114852
16,16,row,row,True,0,True,False,tw16_th16_trow_irow_hi_pal0_pad64,-0.14244549402447593,0.5924050632911393,2.3063063063063063,4.46296875,0.8669921875,16,0.25249025552187093,0.9625,5.056722225321167,0.9475474683544304,18.181818181818183,0.60421875,0.9189453125,0,0.011583011583011582,0.95,3.2257594708977004,0.8134493670886076,6.2439024390243905,3.5803125,0.6142578125,14,0.008376288659793814,1.0,3.590074974951512,0.6125063948643051,2.9591836734693877,6.621432892576268,0.3941118213739083,13,0.0019682271896527483,1.0,3.3332825860152866,0.7989130434782609,8.112676056338028,5.461805555555555,0.6631944444444444,0,0.0,0.9166666666666666,3.5524003525819294
16,4,row,bup,True,0,False,False,tw16_th4_trow_ibup_hi_pal0,-0.05537296833043914,0.5924841772151899,2.3063063063063063,4.40625,0.8919921875,15,0.2533564313555652,0.9625,5.053676799343087,0.9498417721518988,18.181818181818183,0.6309375,0.9216796875,0,0.003861003861003861,0.975,2.891886976515774,0.799129746835443,6.342913776015857,4.18359375,0.6763671875,15,0.007731958762886598,0.9875,3.7728827243818257,0.6022484763913094,2.9519363232818,6.822936651974764,0.41960925542450705,10,0.0025893138318345637,1.0,3.5735955892358993,0.7998188405797102,8.112676056338028,4.479166666666667,0.6701388888888888,0,0.0,0.875,3.5506411204950066
16,16,col,bup,True,0,True,False,tw16_th16_tcol_ibup_hi_pal0_pad64,0.2428318991717262,0.5924841772151899,2.3063063063063063,4.43625,0.8533203125,13,0.25249025552187093,0.9625,4.991997619263985,0.9478639240506329,18.285714285714285,0.59859375,0.9193359375,0,0.011583011583011582,0.9875,2.422460256417931,0.8154272151898734,6.406406406406407,3.53734375,0.6888671875,20,0.008376288659793814,1.0,4.24288097902116,0.617769715013192,2.9067021704180065,6.485385878489327,0.31803367245880976,8,0.002079151132778893,1.0,3.288546273615931,0.7943840579710144,8.112676056338028,5.621527777777778,0.6631944444444444,0,0.0,0.9166666666666666,3.548904520678977
16,4,row,bup,False,0,True,True,tw16_th4_trow_ibup_lo_pal0_pad64_full,1.2303969230690475,0.6588607594936708,2.8193832599118944,3.704375,0.8974609375,10,0.2566929133858268,0.818125,2.5284994008111594,0.950632911392405,17.438692098092645,0.5059375,0.9357421875,0,0.2815533980582524,0.775,3.9546392840027833,0.7700158227848102,4.915514592933948,4.14046875,0.676171875,6,0.018452380952380953,0.85,4.580339921122943,0.7816386780067479,5.105453582774444,3.5274392878748597,0.7024579094264878,11,0.021679307336062822,0.5517241379310345,3.871136108430952,0.8822463768115942,9.290322580645162,3.0347222222222223,0.8402777777777778,0,0.14893617021276595,0.4861111111111111,3.545263399077127
16,2,row,row,True,0,False,False,tw16_th2_trow_irow_hi_pal0,0.17189558817908246,0.591613924050633,2.3063063063063063,4.53359375,0.8857421875,13,0.2529233434387181,0.9625,4.993741872965899,0.9473101265822785,18.233618233618234,0.699375,0.9359375,0,0.011583011583011582,0.9625,3.4627641671087748,0.7840981012658228,6.701570680628272,4.82109375,0.74296875,8,0.00902061855670103,1.0,3.369313390075275,0.6228022633163126,2.9514845423936333,6.646685679716533,0.4259115872872963,15,0.0035340634731796075,1.0,3.214610585210133,0.7934782608695652,8.112676056338028,5.543402777777778,0.6631944444444444,0,0.0,0.9583333333333334,3.544698293017337
16,32,row,morton,True,0,False,False,tw16_th32_trow_imorton_hi_pal0,0.9337646686826506,0.610126582278481,2.0440753752794634,12.5521875,0.857421875,0,0.015158077089649198,1.0,4.200347804590088,0.9450158227848101,14.883720930232558,0.7921875,0.9201171875,0,0.0888030888030888,0.9875,3.7092317305358318,0.7956487341772152,4.915514592933948,4.62640625,0.6609375,6,0.01675257731958763,1.0,3.643704699924447,0.6352740054592672,2.52003658855301,6.887390891020655,0.37234176645358785,12,0.016830539906924666,1.0,3.1852263577807056,0.8278985507246377,5.236363636363636,7.440972222222222,0.6631944444444444,0,0.0,0.7638888888888888,3.5428258983827563
16,2,row,morton,True,32,False,False,tw16_th2_trow_imorton_hi_pal32,5.486205225404525,0.7106803797468355,2.1709633649932156,5.0753125,0.8880859375,5,0.26406926406926406,0.9875,4.551590380610505,0.9449367088607594,14.780600461893764,0.82734375,0.930078125,0,0.05791505791505792,0.8896875,2.832182425118844,0.7870253164556962,5.704099821746881,5.1025,0.741015625,12,0.01488673139158576,1.0,2.8343883120005593,0.6425048619546517,2.780821917808219,6.8348111658456485,0.4255874673629243,20,0.01497498338056751,1.0,3.3015460485569186,0.8614130434782609,7.384615384615385,5.538194444444445,0.6909722222222222,0,0.0,1.0,3.5391484459778524
16,8,col,morton,False,0,True,False,tw16_th8_tcol_imorton_lo_pal0_pad64,0.4110029868571794,0.5932753164556962,1.9435165502581233,12.54296875,0.8533203125,0,0.09484625378951927,0.9875,3.8057041167421746,0.9445411392405063,14.317673378076062,0.77671875,0.9193359375,0,0.14285714285714285,1.0,3.677222624115097,0.7953322784810126,4.822908816880181,4.49,0.6888671875,6,0.017396907216494846,1.0,4.2060050738352235,0.6333800187983194,2.4372314432555395,6.723066286405669,0.318393805708112,7,0.022085977555483846,1.0,2.985112159218203,0.8251811594202898,4.88135593220339,7.15625,0.6736111111111112,0,0.031914893617021274,0.7638888888888888,3.5387539296438524
16,8,col,morton,False,0,False,True,tw16_th8_tcol_imorton_lo_pal0_full,0.4110029868571794,0.5932753164556962,1.9435165502581233,12.54296875,0.8533203125,0,0.09484625378951927,0.9875,3.8057041167421746,0.9445411392405063,14.317673378076062,0.77671875,0.9193359375,0,0.14285714285714285,1.0,3.677222624115097,0.7953322784810126,4.822908816880181,4.49,0.6888671875,6,0.017396907216494846,1.0,4.202644838081758,0.6328941448255692,2.4349747474747474,6.730049261083744,0.3181056991086702,7,0.02216881299996413,1.0,2.985112159218203,0.8251811594202898,4.88135593220339,7.15625,0.6736111111111112,0,0.031914893617021274,0.7638888888888888,3.5377458589178126
16,8,col,morton,False,0,True,True,tw16_th8_tcol_imorton_lo_pal0_pad64_full,0.4110029868571794,0.5932753164556962,1.9435165502581233,12.54296875,0.8533203125,0,0.09484625378951927,0.9875,3.8057041167421746,0.9445411392405063,14.317673378076062,0.77671875,0.9193359375,0,0.14285714285714285,1.0,3.677222624115097,0.7953322784810126,4.822908816880181,4.49,0.6888671875,6,0.017396907216494846,1.0,4.202644838081758,0.6328941448255692,2.4349747474747474,6.730049261083744,0.3181056991086702,7,0.02216881299996413,1.0,2.985112159218203,0.8251811594202898,4.88135593220339,7.15625,0.6736111111111112,0,0.031914893617021274,0.7638888888888888,3.5377458589178126
16,2,col,bup,True,32,False,False,tw16_th2_tcol_ibup_hi_pal32,0.2435695514824272,0.5921677215189873,2.3063063063063063,4.42640625,0.853515625,13,0.2523809523809524,0.9625,4.9950682284412,0.9483386075949367,18.285714285714285,0.5915625,0.9193359375,0,0.011583011583011582,0.9875,2.7472253483073823,0.7805379746835444,6.2015503875969,3.4871875,0.693359375,16,0.008414239482200648,1.0,3.884898915313128,0.6088263356315277,2.8825170644213043,6.585826635554403,0.3210948050778788,11,0.0018893670620342186,1.0,3.3870265473679444,0.8088768115942029,8.112676056338028,5.128472222222222,0.6909722222222222,0,0.0,0.9166666666666666,3.536654223403959
16,4,col,col,False,32,False,True,tw16_th4_tcol_icol_lo_pal32_full,1.1624122131761576,0.6810917721518988,1.9656019656019657,8.4625,0.853515625,10,0.08917748917748917,1.0,3.2528141211397115,0.939636075949367,11.208406304728546,0.75375,0.9193359375,0,0.1891891891891892,1.0,2.8247397785145734,0.8013449367088608,4.324324324324325,4.3234375,0.693359375,13,0.020064724919093852,1.0,3.439458808683579,0.6397730524664538,2.2778455844718297,6.548059804684124,0.32809939677680744,15,0.020993578434831697,1.0,8.314603391777306,0.8451086956521738,4.027972027972028,5.166666666666667,0.6388888888888888,1,0.019230769230769232,0.8333333333333334,3.5364549727470114
16,8,row,bup,True,0,False,False,tw16_th8_trow_ibup_hi_pal0,0.07312655139110791,0.5924050632911393,2.3063063063063063,4.465625,0.88125,14,0.2529233434387181,0.9625,4.984533571576442,0.9477848101265822,18.181818181818183,0.60359375,0.9177734375,0,0.011583011583011582,0.9875,3.1265289650075854,0.8073575949367089,6.387225548902196,3.67328125,0.66953125,14,0.006443298969072165,1.0,3.638954850152695,0.611012914778909,3.0445192864284585,6.523947800535822,0.43995678401008376,12,0.001924490010147311,1.0,3.2903075457576376,0.7980072463768115,8.112676056338028,5.666666666666667,0.6666666666666666,0,0.0,0.9166666666666666,3.5354435932447084
16,32,row,morton,True,32,True,False,tw16_th32_trow_imorton_hi_pal32_pad64,0.9295464854367079,0.6096518987341772,2.0434227330779056,12.55875,0.8572265625,0,0.015584415584415584,1.0,4.160169078604004,0.9450949367088608,14.953271028037383,0.78796875,0.9193359375,0,0.09266409266409266,1.0,3.317297351876988,0.7902689873417721,4.769001490312966,4.725,0.65625,9,0.01488673139158576,1.0,3.9704817662651326,0.6409895550670318,2.569620253164557,6.797078904156944,0.3833078238948411,9,0.016633875871937043,1.0,3.2383062840712675,0.832427536231884,5.284403669724771,7.005208333333333,0.6909722222222222,0,0.0,0.7638888888888888,3.533480149046661
16,16,row,hilbert,False,64,False,True,tw16_th16_trow_ihilbert_lo_pal64_full,-0.9011472530738376,0.6238924050632911,1.937046004842615,10.69546875,0.8669921875,0,0.3262748487467589,1.0,4.255003297311073,0.9481012658227848,13.646055437100213,0.775,0.9189453125,0,0.0694980694980695,0.975,3.4844866709002913,0.8088607594936709,4.591104734576757,4.5621875,0.6158203125,9,0.01157556270096463,1.0,4.1795315436096185,0.6512523143232269,2.4688486814030894,6.537948319073546,0.3929954083010714,8,0.008677323028280344,1.0,3.383136790360626,0.8894927536231885,6.193548387096774,4.043402777777778,0.7534722222222222,0,0.04225352112676056,0.9166666666666666,3.532348753607996
16,16,row,hilbert,False,64,True,True,tw16_th16_trow_ihilbert_lo_pal64_pad64_full,-0.9011472530738376,0.6238924050632911,1.937046004842615,10.69546875,0.8669921875,0,0.3262748487467589,1.0,4.255003297311073,0.9481012658227848,13.646055437100213,0.775,0.9189453125,0,0.0694980694980695,0.975,3.4844866709002913,0.8088607594936709,4.591104734576757,4.5621875,0.6158203125,9,0.01157556270096463,1.0,4.1795315436096185,0.6512523143232269,2.4688486814030894,6.537948319073546,0.3929954083010714,8,0.008677323028280344,1.0,3.383136790360626,0.8894927536231885,6.193548387096774,4.043402777777778,0.7534722222222222,0,0.04225352112676056,0.9166666666666666,3.532348753607996
16,2,row,col,True,64,False,False,tw16_th2_trow_icol_hi_pal64,5.05192890672962,0.709256329113924,2.0486555697823303,5.06875,0.8826171875,5,0.3353500432152118,0.9875,4.665750998009674,0.9492879746835443,14.035087719298245,0.81734375,0.927734375,0,0.003861003861003861,0.975,2.968147332078174,0.7871044303797468,4.5681655960028555,5.13390625,0.741796875,10,0.015434083601286173,1.0,2.6898617527179054,0.6503923881378875,2.695443533358181,6.818235243280616,0.4240749077158549,22,0.01064053202660133,1.0,3.3638550011210997,0.8722826086956522,7.291139240506329,5.128472222222222,0.71875,0,0.0,1.0,3.5323119042886915
16,16,col,morton,False,0,False,True,tw16_th16_tcol_imorton_lo_pal0_full,0.4110029868571794,0.5932753164556962,1.9435165502581233,12.54296875,0.8533203125,0,0.09484625378951927,0.9875,3.8057041167421746,0.9445411392405063,14.317673378076062,0.77671875,0.9193359375,0,0.14285714285714285,1.0,3.677222624115097,0.7953322784810126,4.822908816880181,4.49,0.6888671875,6,0.017396907216494846,1.0,4.150068648329778,0.642695958438521,2.516200582786065,6.579431336963097,0.3336094354911317,8,0.022235420765433014,1.0,3.081385736717378,0.8333333333333333,5.097345132743363,6.661458333333333,0.6909722222222222,0,0.033707865168539325,0.7638888888888888,3.531600359742136
16,16,col,morton,False,0,True,True,tw16_th16_tcol_imorton_lo_pal0_pad64_full,0.4110029868571794,0.5932753164556962,1.9435165502581233,12.54296875,0.8533203125,0,0.09484625378951927,0.9875,3.8057041167421746,0.9445411392405063,14.317673378076062,0.77671875,0.9193359375,0,0.14285714285714285,1.0,3.677222624115097,0.7953322784810126,4.822908816880181,4.49,0.6888671875,6,0.017396907216494846,1.0,4.150068648329778,0.642695958438521,2.516200582786065,6.579431336963097,0.3336094354911317,8,0.022235420765433014,1.0,3.081385736717378,0.8333333333333333,5.097345132743363,6.661458333333333,0.6909722222222222,0,0.033707865168539325,0.7638888888888888,3.531600359742136
16,4,col,col,True,0,False,True,tw16_th4_tcol_icol_hi_pal0_full,1.1554422867402006,0.679113924050633,1.9674146941284967,8.458125,0.8533203125,10,0.08921611087050671,1.0,3.7055565755346587,0.9429588607594936,11.208406304728546,0.75796875,0.9193359375,0,0.11583011583011583,1.0,2.150552656241404,0.8073575949367089,4.3895747599451305,4.38515625,0.6888671875,19,0.01675257731958763,1.0,3.568119990817415,0.6519475094193058,2.2791018317904275,6.559502203785326,0.32887368326280725,15,0.007172384552874254,1.0,8.461401330584708,0.8478260869565217,3.972413793103448,5.328125,0.6041666666666666,2,0.0,0.8333333333333334,3.531599913504688
16,2,row,row,True,64,False,True,tw16_th2_trow_irow_hi_pal64_full,0.1826762435592586,0.5901898734177216,2.3071377072819033,4.5140625,0.8826171875,13,0.2515125324114088,0.9625,4.979241756571167,0.9475474683544304,18.181818181818183,0.69,0.927734375,0,0.011583011583011582,0.975,3.5223422071280215,0.7823575949367089,6.2439024390243905,4.94734375,0.741796875,7,0.008360128617363344,1.0,2.9578627517816116,0.623587424719503,2.9338235294117645,6.767038285368594,0.4233726478797155,19,0.003012259194395797,1.0,4.169133048087629,0.7961956521739131,6.9397590361445785,1.8958333333333333,0.6770833333333334,0,0.021505376344086023,0.6666666666666666,3.5292980603897757
16,8,col,col,False,32,True,False,tw16_th8_tcol_icol_lo_pal32_pad64,0.6936628839046755,0.5786392405063291,1.6632016632016633,10.6990625,0.853515625,0,0.02987012987012987,1.0,2.7828529047047956,0.9397151898734177,10.756302521008404,0.7084375,0.9193359375,0,0.2625482625482625,1.0,3.6606280973016263,0.8057753164556962,4.150453955901427,4.18109375,0.693359375,6,0.02524271844660194,1.0,3.2955477901015024,0.6320676052966703,2.0396615547329455,6.224302134646962,0.3191680921941118,16,0.031093099985654855,1.0,8.095366312962799,0.8170289855072463,3.388235294117647,4.907986111111111,0.6979166666666666,2,0.034482758620689655,0.7916666666666666,3.5289990595607748
16,4,row,bup,True,32,False,False,tw16_th4_trow_ibup_hi_pal32,-0.050676140276367576,0.5924050632911393,2.3063063063063063,4.40625,0.8908203125,15,0.2528138528138528,0.9625,4.996689272919145,0.9498417721518988,18.13031161473088,0.62953125,0.9236328125,0,0.003861003861003861,1.0,2.8438183712258676,0.7982594936708861,6.1010486177311725,4.235625,0.67265625,15,0.007119741100323625,1.0,3.776429062594901,0.6023443167208729,2.9499796043238833,6.812099213551119,0.4184568290267399,10,0.00262412091949197,1.0,3.6148848404436276,0.8079710144927537,8.112676056338028,4.208333333333333,0.6944444444444444,0,0.0,0.875,3.528895099078427
16,16,col,hilbert,False,0,False,True,tw16_th16_tcol_ihilbert_lo_pal0_full,-0.8833143439861026,0.6249208860759494,1.937632455343627,10.62203125,0.8533203125,0,0.3274144651364227,1.0,4.290096149011609,0.9483386075949367,13.822894168466522,0.77203125,0.9193359375,0,0.05791505791505792,1.0,3.6574765007180616,0.8162183544303798,4.737231680236862,4.4396875,0.6888671875,7,0.014819587628865979,1.0,4.060942154770322,0.6651977147039801,2.4908511645929305,6.318866130844352,0.33303322229224813,11,0.009120907641540915,1.0,3.14404906643158,0.8677536231884058,5.647058823529412,5.067708333333333,0.6979166666666666,0,0.045454545454545456,0.9166666666666666,3.528391294485081
16,16,col,hilbert,False,0,True,True,tw16_th16_tcol_ihilbert_lo_pal0_pad64_full,-0.8833143439861026,0.6249208860759494,1.937632455343627,10.62203125,0.8533203125,0,0.3274144651364227,1.0,4.290096149011609,0.9483386075949367,13.822894168466522,0.77203125,0.9193359375,0,0.05791505791505792,1.0,3.6574765007180616,0.8162183544303798,4.737231680236862,4.4396875,0.6888671875,7,0.014819587628865979,1.0,4.060942154770322,0.6651977147039801,2.4908511645929305,6.318866130844352,0.33303322229224813,11,0.009120907641540915,1.0,3.14404906643158,0.8677536231884058,5.647058823529412,5.067708333333333,0.6979166666666666,0,0.045454545454545456,0.9166666666666666,3.528391294485081
16,32,col,morton,False,0,True,False,tw16_th32_tcol_imorton_lo_pal0_pad64,0.4110029868571794,0.5932753164556962,1.9435165502581233,12.54296875,0.8533203125,0,0.09484625378951927,0.9875,3.8057041167421746,0.9445411392405063,14.317673378076062,0.77671875,0.9193359375,0,0.14285714285714285,1.0,3.677222624115097,0.7953322784810126,4.822908816880181,4.49,0.6888671875,6,0.017396907216494846,1.0,4.2071395670784195,0.6333627673821725,2.436820823856457,6.721493388644024,0.31819573242099575,7,0.02197290128324611,1.0,2.8655255602285576,0.8197463768115942,4.760330578512397,7.440972222222222,0.6631944444444444,0,0.041237113402061855,0.7638888888888888,3.5271356177178466
16,16,row,hilbert,False,32,False,False,tw16_th16_trow_ihilbert_lo_pal32,-0.9021886678214202,0.624762658227848,1.937046004842615,10.6325,0.866015625,0,0.32727272727272727,1.0,4.2942182371262945,0.9481012658227848,13.559322033898304,0.77609375,0.91875,0,0.06177606177606178,0.975,3.5086129023271058,0.8126582278481013,4.63768115942029,4.5375,0.6123046875,9,0.012297734627831715,1.0,4.172549603678189,0.6502812175054398,2.456062149770759,6.567193846685679,0.39222112181507157,8,0.008397186942374305,1.0,3.1880642427589523,0.8650362318840579,5.702970297029703,5.220486111111111,0.6944444444444444,0,0.033707865168539325,0.9166666666666666,3.5271323082115225
16,16,col,morton,False,0,True,False,tw16_th16_tcol_imorton_lo_pal0_pad64,0.4110029868571794,0.5932753164556962,1.9435165502581233,12.54296875,0.8533203125,0,0.09484625378951927,0.9875,3.8057041167421746,0.9445411392405063,14.317673378076062,0.77671875,0.9193359375,0,0.14285714285714285,1.0,3.677222624115097,0.7953322784810126,4.822908816880181,4.49,0.6888671875,6,0.017396907216494846,1.0,4.206916791838821,0.633310323704388,2.437642201061768,6.723221847722755,0.31805167912127486,7,0.021974476627473472,1.0,2.8655255602285576,0.8197463768115942,4.760330578512397,7.440972222222222,0.6631944444444444,0,0.041237113402061855,0.7638888888888888,3.527068785145967
16,8,col,morton,False,32,False,True,tw16_th8_tcol_imorton_lo_pal32_full,0.4115567340827695,0.5928006329113924,1.9423368740515934,12.56578125,0.853515625,0,0.09437229437229437,0.9875,3.894045726244613,0.9447784810126583,14.479638009049774,0.77234375,0.9193359375,0,0.138996138996139,0.975,3.529321443601412,0.7912974683544304,4.733727810650888,4.58921875,0.693359375,7,0.01423948220064725,1.0,4.2043408770151585,0.6331633036508366,2.4354872658387707,6.717742632443177,0.3191680921941118,7,0.0221489498960648,1.0,3.021442143511578,0.8278985507246377,4.9655172413793105,6.734375,0.6979166666666666,0,0.034482758620689655,0.7638888888888888,3.5264464803422935
16,8,col,morton,False,32,True,True,tw16_th8_tcol_imorton_lo_pal32_pad64_full,0.4115567340827695,0.5928006329113924,1.9423368740515934,12.56578125,0.853515625,0,0.09437229437229437,0.9875,3.894045726244613,0.9447784810126583,14.479638009049774,0.77234375,0.9193359375,0,0.138996138996139,0.975,3.529321443601412,0.7912974683544304,4.733727810650888,4.58921875,0.693359375,7,0.01423948220064725,1.0,4.2043408770151585,0.6331633036508366,2.4354872658387707,6.717742632443177,0.3191680921941118,7,0.0221489498960648,1.0,3.021442143511578,0.8278985507246377,4.9655172413793105,6.734375,0.6979166666666666,0,0.034482758620689655,0.7638888888888888,3.5264464803422935
16,16,row,hilbert,False,32,False,True,tw16_th16_trow_ihilbert_lo_pal32_full,-0.9021886678214202,0.624762658227848,1.937046004842615,10.6325,0.866015625,0,0.32727272727272727,1.0,4.2942182371262945,0.9481012658227848,13.559322033898304,0.77609375,0.91875,0,0.06177606177606178,0.975,3.5086129023271058,0.8126582278481013,4.63768115942029,4.5375,0.6123046875,9,0.012297734627831715,1.0,4.167599152507736,0.6506270884642438,2.4633824406029126,6.567470400138276,0.39288736832628074,8,0.00938026981450253,1.0,3.1958338365539456,0.8759057971014492,5.76,4.595486111111111,0.7256944444444444,0,0.05,0.9166666666666666,3.526424132239886
16,16,row,hilbert,False,32,True,True,tw16_th16_trow_ihilbert_lo_pal32_pad64_full,-0.9021886678214202,0.624762658227848,1.937046004842615,10.6325,0.866015625,0,0.32727272727272727,1.0,4.2942182371262945,0.9481012658227848,13.559322033898304,0.77609375,0.91875,0,0.06177606177606178,0.975,3.5086129023271058,0.8126582278481013,4.63768115942029,4.5375,0.6123046875,9,0.012297734627831715,1.0,4.167599152507736,0.6506270884642438,2.4633824406029126,6.567470400138276,0.39288736832628074,8,0.00938026981450253,1.0,3.1958338365539456,0.8759057971014492,5.76,4.595486111111111,0.7256944444444444,0,0.05,0.9166666666666666,3.526424132239886
16,8,col,col,False,32,False,True,tw16_th8_tcol_icol_lo_pal32_full,0.6936628839046755,0.5786392405063291,1.6632016632016633,10.6990625,0.853515625,0,0.02987012987012987,1.0,2.7828529047047956,0.9397151898734177,10.756302521008404,0.7084375,0.9193359375,0,0.2625482625482625,1.0,3.6606280973016263,0.8057753164556962,4.150453955901427,4.18109375,0.693359375,6,0.02524271844660194,1.0,3.2861761418409596,0.6313224238588925,2.0336391437308867,6.235364272750843,0.31907805888178625,16,0.031789835854060644,1.0,8.095366312962799,0.8170289855072463,3.388235294117647,4.907986111111111,0.6979166666666666,2,0.034482758620689655,0.7916666666666666,3.526187565082612
16,8,col,col,False,32,True,True,tw16_th8_tcol_icol_lo_pal32_pad64_full,0.6936628839046755,0.5786392405063291,1.6632016632016633,10.6990625,0.853515625,0,0.02987012987012987,1.0,2.7828529047047956,0.9397151898734177,10.756302521008404,0.7084375,0.9193359375,0,0.2625482625482625,1.0,3.6606280973016263,0.8057753164556962,4.150453955901427,4.18109375,0.693359375,6,0.02524271844660194,1.0,3.2861761418409596,0.6313224238588925,2.0336391437308867,6.235364272750843,0.31907805888178625,16,0.031789835854060644,1.0,8.095366312962799,0.8170289855072463,3.388235294117647,4.907986111111111,0.6979166666666666,2,0.034482758620689655,0.7916666666666666,3.526187565082612
16,16,row,hilbert,False,32,True,False,tw16_th16_trow_ihilbert_lo_pal32_pad64,-0.9021886678214202,0.624762658227848,1.937046004842615,10.6325,0.866015625,0,0.32727272727272727,1.0,4.2942182371262945,0.9481012658227848,13.559322033898304,0.77609375,0.91875,0,0.06177606177606178,0.975,3.5086129023271058,0.8126582278481013,4.63768115942029,4.5375,0.6123046875,9,0.012297734627831715,1.0,4.1685900314511155,0.650783730068254,2.4591940831420556,6.564462881341284,0.3925272350769785,8,0.009434954929676265,1.0,3.1880642427589523,0.8650362318840579,5.702970297029703,5.220486111111111,0.6944444444444444,0,0.033707865168539325,0.9166666666666666,3.5259444365434
16,16,row,hilbert,False,64,True,False,tw16_th16_trow_ihilbert_lo_pal64_pad64,-0.9011472530738376,0.6238924050632911,1.937046004842615,10.69546875,0.8669921875,0,0.3262748487467589,1.0,4.255003297311073,0.9481012658227848,13.646055437100213,0.775,0.9189453125,0,0.0694980694980695,0.975,3.4844866709002913,0.8088607594936709,4.591104734576757,4.5621875,0.6158203125,9,0.01157556270096463,1.0,4.182049051133522,0.6513386480072223,2.4680061428205784,6.531086336530983,0.39378770144953634,8,0.008296129644602242,1.0,3.310980731225297,0.8713768115942029,5.818181818181818,4.798611111111111,0.71875,0,0.024691358024691357,0.9166666666666666,3.525888399951634
16,16,col,morton,False,64,False,True,tw16_th16_tcol_imorton_lo_pal64_full,0.4119200802657037,0.5920094936708862,1.9423368740515934,12.61390625,0.8552734375,0,0.09334485738980121,0.9875,3.8769227184035664,0.9443037974683544,14.317673378076062,0.78140625,0.920703125,0,0.14285714285714285,0.9625,3.498402129185151,0.7879746835443038,4.71976401179941,4.57203125,0.69375,7,0.017363344051446947,1.0,4.156868462985829,0.6439027453932971,2.519817073170732,6.561109670728546,0.3338795354281084,8,0.02239828218133353,1.0,3.2605892417353415,0.8559782608695652,5.647058823529412,5.586805555555555,0.75,0,0.041666666666666664,0.7638888888888888,3.523657529863606
16,16,col,morton,False,64,True,True,tw16_th16_tcol_imorton_lo_pal64_pad64_full,0.4119200802657037,0.5920094936708862,1.9423368740515934,12.61390625,0.8552734375,0,0.09334485738980121,0.9875,3.8769227184035664,0.9443037974683544,14.317673378076062,0.78140625,0.920703125,0,0.14285714285714285,0.9625,3.498402129185151,0.7879746835443038,4.71976401179941,4.57203125,0.69375,7,0.017363344051446947,1.0,4.156868462985829,0.6439027453932971,2.519817073170732,6.561109670728546,0.3338795354281084,8,0.02239828218133353,1.0,3.2605892417353415,0.8559782608695652,5.647058823529412,5.586805555555555,0.75,0,0.041666666666666664,0.7638888888888888,3.523657529863606
16,16,row,bup,True,0,False,False,tw16_th16_trow_ibup_hi_pal0,0.33760827277823857,0.5923259493670886,2.3063063063063063,4.44515625,0.8669921875,12,0.2529233434387181,0.9625,5.059350126165048,0.9480221518987342,18.181818181818183,0.59984375,0.9189453125,0,0.011583011583011582,0.95,3.0970707841888396,0.8115506329113924,6.2439024390243905,3.586875,0.6142578125,15,0.008376288659793814,1.0,3.488812554436546,0.6118989949459219,2.947274579724911,6.617526575058336,0.3925812550643738,14,0.00209944364743343,1.0,3.28464631387358,0.7952898550724637,8.112676056338028,5.666666666666667,0.6631944444444444,0,0.0,0.9166666666666666,3.522786496232592
16,16,col,morton,False,32,False,True,tw16_th16_tcol_imorton_lo_pal32_full,0.4115567340827695,0.5928006329113924,1.9423368740515934,12.56578125,0.853515625,0,0.09437229437229437,0.9875,3.894045726244613,0.9447784810126583,14.479638009049774,0.77234375,0.9193359375,0,0.138996138996139,0.975,3.529321443601412,0.7912974683544304,4.733727810650888,4.58921875,0.693359375,7,0.01423948220064725,1.0,4.143115042598071,0.641889669313255,2.5078023407022108,6.625460202229712,0.3322229224813181,8,0.021808235381089672,1.0,3.1621578099838974,0.8423913043478262,5.333333333333333,6.142361111111111,0.71875,0,0.037037037037037035,0.7638888888888888,3.5221502966643987
16,16,col,morton,False,32,True,True,tw16_th16_tcol_imorton_lo_pal32_pad64_full,0.4115567340827695,0.5928006329113924,1.9423368740515934,12.56578125,0.853515625,0,0.09437229437229437,0.9875,3.894045726244613,0.9447784810126583,14.479638009049774,0.77234375,0.9193359375,0,0.138996138996139,0.975,3.529321443601412,0.7912974683544304,4.733727810650888,4.58921875,0.693359375,7,0.01423948220064725,1.0,4.143115042598071,0.641889669313255,2.5078023407022108,6.625460202229712,0.3322229224813181,8,0.021808235381089672,1.0,3.1621578099838974,0.8423913043478262,5.333333333333333,6.142361111111111,0.71875,0,0.037037037037037035,0.7638888888888888,3.5221502966643987
16,2,row,row,True,0,False,True,tw16_th2_trow_irow_hi_pal0_full,0.17189558817908246,0.591613924050633,2.3063063063063063,4.53359375,0.8857421875,13,0.2529233434387181,0.9625,4.993741872965899,0.9473101265822785,18.233618233618234,0.699375,0.9359375,0,0.011583011583011582,0.9625,3.4627641671087748,0.7840981012658228,6.701570680628272,4.82109375,0.74296875,8,0.00902061855670103,1.0,2.9542998667510876,0.6235697136837937,2.9375476009139376,6.779759744188056,0.42477716755199424,19,0.002941485450152327,1.0,4.180568743406075,0.7536231884057971,6.620689655172414,2.076388888888889,0.6041666666666666,0,0.0,0.6666666666666666,3.5167900518396755
16,4,col,col,False,0,False,False,tw16_th4_tcol_icol_lo_pal0,1.1624043120566558,0.6808544303797468,1.9674146941284967,8.458125,0.8533203125,10,0.08921611087050671,1.0,3.251794540443509,0.9395569620253164,11.208406304728546,0.75796875,0.9193359375,0,0.1891891891891892,1.0,2.7145191184624666,0.8022151898734178,4.3895747599451305,4.38515625,0.6888671875,14,0.019329896907216496,1.0,3.338477651505821,0.6379025917524901,2.280539240805708,6.59929133177772,0.32087872512829746,16,0.020329612652647048,1.0,8.706838594591593,0.8777173913043478,4.9655172413793105,4.538194444444445,0.6631944444444444,1,0.0,0.8333333333333334,3.5164610511909915
16,16,row,bup,True,32,True,False,tw16_th16_trow_ibup_hi_pal32_pad64,0.10428454357103534,0.5924050632911393,2.3063063063063063,4.4353125,0.866015625,14,0.2523809523809524,0.9625,4.959643094915049,0.9480221518987342,18.181818181818183,0.59984375,0.91875,0,0.011583011583011582,1.0,3.4453024174575204,0.8093354430379747,6.0663507109004735,3.6715625,0.6123046875,12,0.004530744336569579,1.0,3.291862221904421,0.6126544107602416,2.952086947647719,6.617025321925503,0.3927253083640947,16,0.002139525095577146,1.0,3.3514236890748688,0.8070652173913043,8.112676056338028,5.298611111111111,0.6909722222222222,0,0.0,0.9166666666666666,3.516329632181364
16,4,row,row,False,64,True,True,tw16_th4_trow_irow_lo_pal64_pad64_full,1.24418729873489,0.6608386075949367,2.816901408450704,3.6990625,0.89609375,10,0.25616797900262467,0.818125,2.513839096222551,0.9503955696202532,17.438692098092645,0.510625,0.9376953125,0,0.2815533980582524,0.78,3.8371513780982704,0.7735759493670886,5.0,4.0725,0.6853515625,7,0.02117362371445856,0.85,4.3645407751449286,0.7798024520136668,5.105453582774444,3.5987727940541006,0.7030161159629063,13,0.020967309753483387,0.5517241379310345,4.556215299150082,0.9148550724637681,10.285714285714286,2.0868055555555554,0.8715277777777778,0,0.13513513513513514,0.3472222222222222,3.5157762696806913
16,16,col,hilbert,True,32,False,False,tw16_th16_tcol_ihilbert_hi_pal32,-0.3783514237908274,0.6445411392405063,1.999375195251484,9.79328125,0.853515625,0,0.2571428571428571,1.0,4.653335219322759,0.9496044303797468,13.973799126637555,0.794375,0.9193359375,0,0.003861003861003861,0.9875,3.5589449163698372,0.8196993670886077,4.733727810650888,4.55953125,0.693359375,8,0.009061488673139158,1.0,3.547799559135478,0.6577454563891969,2.4308823529411763,6.512056002074151,0.32129287836499504,16,0.0030789685455372452,1.0,3.3800643047543106,0.8641304347826086,5.592233009708738,5.204861111111111,0.6944444444444444,0,0.0,0.9166666666666666,3.507271019592883
16,8,col,morton,True,32,False,False,tw16_th8_tcol_imorton_hi_pal32,0.933105487932111,0.6091772151898734,2.04211869814933,12.56578125,0.853515625,0,0.015584415584415584,1.0,4.231123302430891,0.945253164556962,15.165876777251185,0.77234375,0.9193359375,0,0.09266409266409266,0.975,3.4243343105218473,0.7939082278481013,4.881769641495042,4.58921875,0.693359375,8,0.015533980582524271,1.0,3.7258751544420488,0.6356020043345623,2.498164860313485,6.866424682395644,0.3210948050778788,12,0.016444491095483012,1.0,3.2383062840712675,0.832427536231884,5.284403669724771,7.005208333333333,0.6909722222222222,0,0.0,0.7638888888888888,3.5066605931420223
16,16,col,morton,True,32,False,False,tw16_th16_tcol_imorton_hi_pal32,0.933105487932111,0.6091772151898734,2.04211869814933,12.56578125,0.853515625,0,0.015584415584415584,1.0,4.231123302430891,0.945253164556962,15.165876777251185,0.77234375,0.9193359375,0,0.09266409266409266,0.975,3.4243343105218473,0.7939082278481013,4.881769641495042,4.58921875,0.693359375,8,0.015533980582524271,1.0,3.7258751544420488,0.6356020043345623,2.498164860313485,6.866424682395644,0.3210948050778788,12,0.016444491095483012,1.0,3.2383062840712675,0.832427536231884,5.284403669724771,7.005208333333333,0.6909722222222222,0,0.0,0.7638888888888888,3.5066605931420223
16,32,col,morton,True,32,False,False,tw16_th32_tcol_imorton_hi_pal32,0.933105487932111,0.6091772151898734,2.04211869814933,12.56578125,0.853515625,0,0.015584415584415584,1.0,4.231123302430891,0.945253164556962,15.165876777251185,0.77234375,0.9193359375,0,0.09266409266409266,0.975,3.4243343105218473,0.7939082278481013,4.881769641495042,4.58921875,0.693359375,8,0.015533980582524271,1.0,3.7258751544420488,0.6356020043345623,2.498164860313485,6.866424682395644,0.3210948050778788,12,0.016444491095483012,1.0,3.2383062840712675,0.832427536231884,5.284403669724771,7.005208333333333,0.6909722222222222,0,0.0,0.7638888888888888,3.5066605931420223
16,4,row,bup,False,0,True,False,tw16_th4_trow_ibup_lo_pal0_pad64,1.2303969230690475,0.6588607594936708,2.8193832599118944,3.704375,0.8974609375,10,0.2566929133858268,0.818125,2.5284994008111594,0.950632911392405,17.438692098092645,0.5059375,0.9357421875,0,0.2815533980582524,0.775,3.9546392840027833,0.7700158227848102,4.915514592933948,4.14046875,0.676171875,6,0.018452380952380953,0.85,4.584235289524519,0.7819430673952831,5.109962904080551,3.528683778411546,0.7029440893130459,11,0.02113952083752768,0.5517241379310345,3.461973056130666,0.855072463768116,8.0,3.8159722222222223,0.7847222222222222,0,0.12698412698412698,0.625,3.5055157043675713
16,16,row,morton,False,64,False,True,tw16_th16_trow_imorton_lo_pal64_full,0.38737759625905555,0.591613924050633,1.9399818126705062,12.59734375,0.8669921875,0,0.09420916162489196,0.9875,3.7092258263483053,0.9435126582278481,14.065934065934066,0.7915625,0.9189453125,0,0.15444015444015444,1.0,3.7005054363138123,0.7860759493670886,4.6613255644573925,4.6596875,0.6158203125,6,0.01864951768488746,1.0,4.014716476668789,0.6238020296582732,2.4434073823802684,6.977910292973814,0.39249122175204826,7,0.022064507062047642,1.0,3.426690563014253,0.8559782608695652,5.702970297029703,5.579861111111111,0.7534722222222222,0,0.014084507042253521,0.7638888888888888,3.5046043352949368
16,16,row,morton,False,64,True,True,tw16_th16_trow_imorton_lo_pal64_pad64_full,0.38737759625905555,0.591613924050633,1.9399818126705062,12.59734375,0.8669921875,0,0.09420916162489196,0.9875,3.7092258263483053,0.9435126582278481,14.065934065934066,0.7915625,0.9189453125,0,0.15444015444015444,1.0,3.7005054363138123,0.7860759493670886,4.6613255644573925,4.6596875,0.6158203125,6,0.01864951768488746,1.0,4.014716476668789,0.6238020296582732,2.4434073823802684,6.977910292973814,0.39249122175204826,7,0.022064507062047642,1.0,3.426690563014253,0.8559782608695652,5.702970297029703,5.579861111111111,0.7534722222222222,0,0.014084507042253521,0.7638888888888888,3.5046043352949368
16,2,col,bup,True,0,False,False,tw16_th2_tcol_ibup_hi_pal0,0.24030358527823825,0.5923259493670886,2.3063063063063063,4.43203125,0.8533203125,13,0.2529233434387181,0.9625,4.970276561774534,0.9483386075949367,18.285714285714285,0.5903125,0.9193359375,0,0.011583011583011582,1.0,2.6743303117976778,0.7825158227848101,6.406406406406407,3.39625,0.6888671875,17,0.008376288659793814,1.0,3.883086368172531,0.6082869455353472,2.884816753926702,6.585947627689914,0.32069865850364637,11,0.0019594807376045347,1.0,3.309379606949264,0.7943840579710144,8.112676056338028,5.496527777777778,0.6631944444444444,0,0.0,0.9166666666666666,3.5026859450977192
16,8,col,col,False,64,False,False,tw16_th8_tcol_icol_lo_pal64,0.6910738225456878,0.578006329113924,1.6593207155820586,10.72765625,0.8552734375,0,0.029386343993085567,1.0,2.758732148636443,0.9397151898734177,10.79258010118044,0.72,0.920703125,0,0.26640926640926643,1.0,3.555877464214171,0.8036392405063291,4.10783055198973,4.18140625,0.69375,7,0.020578778135048232,1.0,3.3451711020028068,0.6266585899687319,2.0182446103397753,6.411667098781436,0.32098676510308816,15,0.02992649632481624,1.0,8.018889104554866,0.8188405797101449,3.4285714285714284,4.762152777777778,0.71875,1,0.06172839506172839,0.75,3.502524646201143
16,8,col,col,False,0,True,False,tw16_th8_tcol_icol_lo_pal0_pad64,0.6986559422861598,0.5791930379746836,1.6627695505326059,10.70546875,0.8533203125,0,0.029449978345604158,1.0,2.7603883491902392,0.939636075949367,10.79258010118044,0.72046875,0.9193359375,0,0.26640926640926643,1.0,3.58135744770268,0.8059335443037974,4.150453955901427,4.12421875,0.6888671875,7,0.021262886597938145,1.0,3.2933689257054954,0.6322058464356274,2.0405967832957113,6.256797165327111,0.31846583235797243,16,0.030834319314474203,1.0,8.07983489928246,0.8152173913043479,3.2914285714285714,5.220486111111111,0.6736111111111112,2,0.031914893617021274,0.7916666666666666,3.5007405502149465
16,8,col,morton,True,0,False,False,tw16_th8_tcol_imorton_hi_pal0,0.9428864172320477,0.6102056962025317,2.0447284345047922,12.54296875,0.8533203125,0,0.014724989172802079,1.0,4.1858430131624305,0.945253164556962,14.953271028037383,0.77671875,0.9193359375,0,0.0888030888030888,1.0,3.5824354255613056,0.797626582278481,4.968944099378882,4.49,0.6888671875,7,0.01675257731958763,1.0,3.6156015392187086,0.6350462437597295,2.498920179682101,6.891815746262207,0.32087872512829746,13,0.01714545645403968,1.0,3.1852263577807056,0.8278985507246377,5.236363636363636,7.440972222222222,0.6631944444444444,0,0.0,0.7638888888888888,3.498386404990418
16,16,col,morton,True,0,False,False,tw16_th16_tcol_imorton_hi_pal0,0.9428864172320477,0.6102056962025317,2.0447284345047922,12.54296875,0.8533203125,0,0.014724989172802079,1.0,4.1858430131624305,0.945253164556962,14.953271028037383,0.77671875,0.9193359375,0,0.0888030888030888,1.0,3.5824354255613056,0.797626582278481,4.968944099378882,4.49,0.6888671875,7,0.01675257731958763,1.0,3.6156015392187086,0.6350462437597295,2.498920179682101,6.891815746262207,0.32087872512829746,13,0.01714545645403968,1.0,3.1852263577807056,0.8278985507246377,5.236363636363636,7.440972222222222,0.6631944444444444,0,0.0,0.7638888888888888,3.498386404990418
16,32,col,morton,True,0,False,False,tw16_th32_tcol_imorton_hi_pal0,0.9428864172320477,0.6102056962025317,2.0447284345047922,12.54296875,0.8533203125,0,0.014724989172802079,1.0,4.1858430131624305,0.945253164556962,14.953271028037383,0.77671875,0.9193359375,0,0.0888030888030888,1.0,3.5824354255613056,0.797626582278481,4.968944099378882,4.49,0.6888671875,7,0.01675257731958763,1.0,3.6156015392187086,0.6350462437597295,2.498920179682101,6.891815746262207,0.32087872512829746,13,0.01714545645403968,1.0,3.1852263577807056,0.8278985507246377,5.236363636363636,7.440972222222222,0.6631944444444444,0,0.0,0.7638888888888888,3.498386404990418
16,8,col,morton,False,32,True,False,tw16_th8_tcol_imorton_lo_pal32_pad64,0.4115567340827695,0.5928006329113924,1.9423368740515934,12.56578125,0.853515625,0,0.09437229437229437,0.9875,3.894045726244613,0.9447784810126583,14.479638009049774,0.77234375,0.9193359375,0,0.138996138996139,0.975,3.529321443601412,0.7912974683544304,4.733727810650888,4.58921875,0.693359375,7,0.01423948220064725,1.0,4.108407700561396,0.6336756292722603,2.439183776719086,6.7076138622418116,0.31924011884397224,8,0.022127384880218048,1.0,3.021442143511578,0.8278985507246377,4.9655172413793105,6.734375,0.6979166666666666,0,0.034482758620689655,0.7638888888888888,3.4976665274061647
16,4,row,bup,True,64,False,False,tw16_th4_trow_ibup_hi_pal64,-0.04031719328715688,0.5916139240506328,2.3071377072819033,4.40375,0.8890625,15,0.2510803802938634,0.9625,5.010116156893501,0.95,18.285714285714285,0.63046875,0.9236328125,0,0.003861003861003861,1.0,2.5576835058422445,0.7958860759493671,5.942432683379758,4.3075,0.68046875,17,0.00707395498392283,1.0,3.8786577739816153,0.6026317228046724,2.945773930753564,6.8165759225650335,0.41714234266678674,9,0.002590129506475324,1.0,3.67689420034701,0.8206521739130435,8.112676056338028,3.921875,0.71875,0,0.0,0.875,3.495689289077507
16,32,row,morton,True,32,False,False,tw16_th32_trow_imorton_hi_pal32,0.9295464854367079,0.6096518987341772,2.0434227330779056,12.55875,0.8572265625,0,0.015584415584415584,1.0,4.160169078604004,0.9450949367088608,14.953271028037383,0.78796875,0.9193359375,0,0.09266409266409266,1.0,3.317297351876988,0.7902689873417721,4.769001490312966,4.725,0.65625,9,0.01488673139158576,1.0,3.842457994103004,0.6345701523852374,2.5147787533686863,6.881012877020137,0.3712973800306113,10,0.016934327000454847,1.0,3.2383062840712675,0.832427536231884,5.284403669724771,7.005208333333333,0.6909722222222222,0,0.0,0.7638888888888888,3.4950730173980227
16,16,row,hilbert,False,64,False,False,tw16_th16_trow_ihilbert_lo_pal64,-0.9011472530738376,0.6238924050632911,1.937046004842615,10.69546875,0.8669921875,0,0.3262748487467589,1.0,4.255003297311073,0.9481012658227848,13.646055437100213,0.775,0.9189453125,0,0.0694980694980695,0.975,3.4844866709002913,0.8088607594936709,4.591104734576757,4.5621875,0.6158203125,9,0.01157556270096463,1.0,4.073630386635064,0.6500618212438429,2.456270697121508,6.540420015556132,0.3917889619159089,9,0.008925446272313616,1.0,3.310980731225297,0.8713768115942029,5.818181818181818,4.798611111111111,0.71875,0,0.024691358024691357,0.9166666666666666,3.4933628006020965
16,4,col,col,False,0,False,True,tw16_th4_tcol_icol_lo_pal0_full,1.1624043120566558,0.6808544303797468,1.9674146941284967,8.458125,0.8533203125,10,0.08921611087050671,1.0,3.251794540443509,0.9395569620253164,11.208406304728546,0.75796875,0.9193359375,0,0.1891891891891892,1.0,2.7145191184624666,0.8022151898734178,4.3895747599451305,4.38515625,0.6888671875,14,0.019329896907216496,1.0,3.3357917826357655,0.6397990061939346,2.277307616610903,6.563702359346642,0.32872962996308636,16,0.02102250644807971,1.0,8.454154953773115,0.8460144927536232,3.972413793103448,5.328125,0.6041666666666666,2,0.0,0.8333333333333334,3.490386926448127
16,32,row,morton,True,64,True,False,tw16_th32_trow_imorton_hi_pal64_pad64,0.93422981117474,0.6090981012658228,2.041467304625199,12.5975,0.8578125,0,0.014261019878997408,1.0,4.182019997603359,0.9450949367088608,14.953271028037383,0.79234375,0.9197265625,0,0.0888030888030888,1.0,3.1966565793528456,0.789003164556962,4.7976011994003,4.65203125,0.6556640625,10,0.016720257234726688,1.0,3.8741489618315565,0.6414682587936562,2.56870754340008,6.765223403335926,0.38373998379400376,10,0.017105970952124797,1.0,3.3114382045088577,0.838768115942029,5.333333333333333,6.493055555555555,0.71875,0,0.0,0.7638888888888888,3.4865828039029454
16,16,col,hilbert,False,0,True,False,tw16_th16_tcol_ihilbert_lo_pal0_pad64,-0.8833143439861026,0.6249208860759494,1.937632455343627,10.62203125,0.8533203125,0,0.3274144651364227,1.0,4.290096149011609,0.9483386075949367,13.822894168466522,0.77203125,0.9193359375,0,0.05791505791505792,1.0,3.6574765007180616,0.8162183544303798,4.737231680236862,4.4396875,0.6888671875,7,0.014819587628865979,1.0,3.938471003486491,0.6583400557218149,2.446403653431435,6.390182352432806,0.3181056991086702,12,0.009427874964152566,1.0,3.0739864132588233,0.8586956521739131,5.433962264150943,5.597222222222222,0.6666666666666666,0,0.041237113402061855,0.9166666666666666,3.4846436837826555
16,8,col,morton,True,64,False,False,tw16_th8_tcol_imorton_hi_pal64,0.9345504079245384,0.6088607594936709,2.04211869814933,12.61390625,0.8552734375,0,0.014693171996542784,1.0,4.257061614823823,0.9450158227848101,14.953271028037383,0.78140625,0.920703125,0,0.0888030888030888,0.9625,3.4021448016604054,0.7901107594936709,4.855842185128983,4.57203125,0.69375,8,0.016720257234726688,1.0,3.6232250194160454,0.6352722357429993,2.496440129449838,6.869414916601849,0.320968758440623,13,0.016590829541477073,1.0,3.3114382045088577,0.838768115942029,5.333333333333333,6.493055555555555,0.71875,0,0.0,0.7638888888888888,3.484269027195562
16,16,col,morton,True,64,False,False,tw16_th16_tcol_imorton_hi_pal64,0.9345504079245384,0.6088607594936709,2.04211869814933,12.61390625,0.8552734375,0,0.014693171996542784,1.0,4.257061614823823,0.9450158227848101,14.953271028037383,0.78140625,0.920703125,0,0.0888030888030888,0.9625,3.4021448016604054,0.7901107594936709,4.855842185128983,4.57203125,0.69375,8,0.016720257234726688,1.0,3.6232250194160454,0.6352722357429993,2.496440129449838,6.869414916601849,0.320968758440623,13,0.016590829541477073,1.0,3.3114382045088577,0.838768115942029,5.333333333333333,6.493055555555555,0.71875,0,0.0,0.7638888888888888,3.484269027195562
16,32,col,morton,True,64,False,False,tw16_th32_tcol_imorton_hi_pal64,0.9345504079245384,0.6088607594936709,2.04211869814933,12.61390625,0.8552734375,0,0.014693171996542784,1.0,4.257061614823823,0.9450158227848101,14.953271028037383,0.78140625,0.920703125,0,0.0888030888030888,0.9625,3.4021448016604054,0.7901107594936709,4.855842185128983,4.57203125,0.69375,8,0.016720257234726688,1.0,3.6232250194160454,0.6352722357429993,2.496440129449838,6.869414916601849,0.320968758440623,13,0.016590829541477073,1.0,3.3114382045088577,0.838768115942029,5.333333333333333,6.493055555555555,0.71875,0,0.0,0.7638888888888888,3.484269027195562
16,2,row,row,True,32,False,False,tw16_th2_trow_irow_hi_pal32,0.16888692011392736,0.5912183544303797,2.3063063063063063,4.525,0.8880859375,13,0.2528138528138528,0.9625,4.990074708793725,0.9473892405063291,18.07909604519774,0.695,0.930078125,0,0.011583011583011582,0.9628125,3.3192290105660387,0.7828322784810127,6.445115810674723,4.86640625,0.741015625,9,0.007766990291262136,1.0,3.2672729564416683,0.6223146274685732,2.948927060502574,6.646478264627085,0.4257135140001801,16,0.0035688044505090793,1.0,3.2942829885917764,0.8079710144927537,8.112676056338028,5.163194444444445,0.6909722222222222,0,0.0,0.9583333333333334,3.483540106434331
16,16,row,bup,True,0,False,True,tw16_th16_trow_ibup_hi_pal0_full,0.33760827277823857,0.5923259493670886,2.3063063063063063,4.44515625,0.8669921875,12,0.2529233434387181,0.9625,5.059350126165048,0.9480221518987342,18.181818181818183,0.59984375,0.9189453125,0,0.011583011583011582,0.95,3.0970707841888396,0.8115506329113924,6.2439024390243905,3.586875,0.6142578125,15,0.008376288659793814,1.0,3.1840804493184534,0.6118290700422092,2.955404577033102,6.647065940713854,0.39324750157558297,17,0.001967328297909714,1.0,3.7868763444252167,0.8251811594202898,8.597014925373134,4.789930555555555,0.7361111111111112,0,0.0,0.7638888888888888,3.481589867752328
16,16,row,bup,True,0,True,True,tw16_th16_trow_ibup_hi_pal0_pad64_full,0.33760827277823857,0.5923259493670886,2.3063063063063063,4.44515625,0.8669921875,12,0.2529233434387181,0.9625,5.059350126165048,0.9480221518987342,18.181818181818183,0.59984375,0.9189453125,0,0.011583011583011582,0.95,3.0970707841888396,0.8115506329113924,6.2439024390243905,3.586875,0.6142578125,15,0.008376288659793814,1.0,3.1840804493184534,0.6118290700422092,2.955404577033102,6.647065940713854,0.39324750157558297,17,0.001967328297909714,1.0,3.7868763444252167,0.8251811594202898,8.597014925373134,4.789930555555555,0.7361111111111112,0,0.0,0.7638888888888888,3.481589867752328
16,4,row,row,False,0,True,True,tw16_th4_trow_irow_lo_pal0_pad64_full,1.2428641717733242,0.6608386075949367,2.8193832599118944,3.6959375,0.8974609375,10,0.25616797900262467,0.818125,2.475402749967277,0.9501582278481013,17.438692098092645,0.513125,0.9357421875,0,0.2815533980582524,0.8,3.72727283584124,0.7723892405063291,4.915514592933948,4.05734375,0.676171875,8,0.02023809523809524,0.85,4.565091348151428,0.7799069180513039,5.105453582774444,3.5966986431596233,0.7024579094264878,11,0.021142358547553527,0.5517241379310345,3.9781082300090516,0.8903985507246377,9.290322580645162,2.5885416666666665,0.8402777777777778,0,0.14893617021276595,0.4861111111111111,3.479463013498414
16,32,col,col,False,0,True,False,tw16_th32_tcol_icol_lo_pal0_pad64,2.203396832377307,0.7722310126582279,4.169381107491857,4.41703125,0.8533203125,14,0.0519705500216544,0.9625,3.7456040305464247,0.9471518987341772,12.5,0.63515625,0.9193359375,0,0.1583011583011583,0.925,3.6163921896572786,0.8051424050632912,3.89768574908648,4.16296875,0.6888671875,7,0.010309278350515464,1.0,3.8539576890863794,0.5919227052232711,1.7461443274077204,6.458577478178204,0.318717925632484,9,0.01745644849093125,1.0,2.2961278089414465,0.7916666666666667,2.823529411764706,5.026041666666667,0.6631944444444444,0,0.09278350515463918,0.9583333333333334,3.476190851463206
16,16,row,morton,False,64,True,False,tw16_th16_trow_imorton_lo_pal64_pad64,0.38737759625905555,0.591613924050633,1.9399818126705062,12.59734375,0.8669921875,0,0.09420916162489196,0.9875,3.7092258263483053,0.9435126582278481,14.065934065934066,0.7915625,0.9189453125,0,0.15444015444015444,1.0,3.7005054363138123,0.7860759493670886,4.6613255644573925,4.6596875,0.6158203125,6,0.01864951768488746,1.0,4.017868287345206,0.624254051926443,2.4443364738687734,6.964583873476795,0.39364364814981545,7,0.02193552922979576,1.0,3.120046190355115,0.8342391304347826,5.052631578947368,6.503472222222222,0.71875,0,0.024691358024691357,0.7638888888888888,3.4748854412319483
16,4,row,row,False,64,True,False,tw16_th4_trow_irow_lo_pal64_pad64,1.24418729873489,0.6608386075949367,2.816901408450704,3.6990625,0.89609375,10,0.25616797900262467,0.818125,2.513839096222551,0.9503955696202532,17.438692098092645,0.510625,0.9376953125,0,0.2815533980582524,0.78,3.8371513780982704,0.7735759493670886,5.0,4.0725,0.6853515625,7,0.02117362371445856,0.85,4.363403080353401,0.7797939029088539,5.101401992769597,3.5993259009592946,0.7032141892500225,13,0.021030071662983055,0.5517241379310345,4.145804493844091,0.8894927536231885,8.727272727272727,2.6597222222222223,0.8298611111111112,0,0.12244897959183673,0.4583333333333333,3.474393880712634
16,8,col,col,True,32,True,False,tw16_th8_tcol_icol_hi_pal32_pad64,0.6833390305428475,0.578006329113924,1.6632016632016633,10.6990625,0.853515625,0,0.03116883116883117,1.0,3.9623565946515233,0.9450158227848101,10.756302521008404,0.7084375,0.9193359375,0,0.0694980694980695,1.0,3.7295429307783365,0.8209651898734177,4.150453955901427,4.18109375,0.693359375,7,0.003883495145631068,1.0,3.6096669133353396,0.6493151267408784,2.040452846159272,6.225391063866563,0.3191680921941118,15,0.006885669200975469,1.0,3.3493643139623,0.8288043478260869,3.388235294117647,4.907986111111111,0.6979166666666666,0,0.0,0.7916666666666666,3.4723975044520237
16,32,row,bup,True,32,False,True,tw16_th32_trow_ibup_hi_pal32_full,0.34969417743874676,0.5919303797468354,2.3038156947444204,4.46671875,0.856640625,12,0.25259965337954937,0.9625,3.800577319733273,0.9496044303797468,18.285714285714285,0.5790625,0.919140625,0,0.011904761904761904,0.9875,3.4863683789400954,0.8142405063291139,6.305418719211823,3.31875,0.6453125,12,0.005825242718446602,1.0,3.782528403676138,0.6278789360021861,3.0620832010161956,6.468360556563823,0.39445394796074545,12,0.002403320952589032,1.0,4.11971115136876,0.855072463768116,9.0,3.826388888888889,0.7743055555555556,0,0.0,0.7256944444444444,3.469311052089893
16,32,row,bup,True,32,True,True,tw16_th32_trow_ibup_hi_pal32_pad64_full,0.34969417743874676,0.5919303797468354,2.3038156947444204,4.46671875,0.856640625,12,0.25259965337954937,0.9625,3.800577319733273,0.9496044303797468,18.285714285714285,0.5790625,0.919140625,0,0.011904761904761904,0.9875,3.4863683789400954,0.8142405063291139,6.305418719211823,3.31875,0.6453125,12,0.005825242718446602,1.0,3.782528403676138,0.6278789360021861,3.0620832010161956,6.468360556563823,0.39445394796074545,12,0.002403320952589032,1.0,4.11971115136876,0.855072463768116,9.0,3.826388888888889,0.7743055555555556,0,0.0,0.7256944444444444,3.469311052089893
16,8,col,col,False,0,False,True,tw16_th8_tcol_icol_lo_pal0_full,0.6986559422861598,0.5791930379746836,1.6627695505326059,10.70546875,0.8533203125,0,0.029449978345604158,1.0,2.7603883491902392,0.939636075949367,10.79258010118044,0.72046875,0.9193359375,0,0.26640926640926643,1.0,3.58135744770268,0.8059335443037974,4.150453955901427,4.12421875,0.6888671875,7,0.021262886597938145,1.0,3.18460239881262,0.6316952060859324,2.0361441542901386,6.262034396335666,0.31830377239578644,17,0.03178817451205511,1.0,8.07983489928246,0.8152173913043479,3.2914285714285714,5.220486111111111,0.6736111111111112,2,0.031914893617021274,0.7916666666666666,3.468110592147084
16,8,col,col,False,0,True,True,tw16_th8_tcol_icol_lo_pal0_pad64_full,0.6986559422861598,0.5791930379746836,1.6627695505326059,10.70546875,0.8533203125,0,0.029449978345604158,1.0,2.7603883491902392,0.939636075949367,10.79258010118044,0.72046875,0.9193359375,0,0.26640926640926643,1.0,3.58135744770268,0.8059335443037974,4.150453955901427,4.12421875,0.6888671875,7,0.021262886597938145,1.0,3.18460239881262,0.6316952060859324,2.0361441542901386,6.262034396335666,0.31830377239578644,17,0.03178817451205511,1.0,8.07983489928246,0.8152173913043479,3.2914285714285714,5.220486111111111,0.6736111111111112,2,0.031914893617021274,0.7916666666666666,3.468110592147084
16,16,col,hilbert,False,64,False,False,tw16_th16_tcol_ihilbert_lo_pal64,-0.884006378253632,0.6237341772151899,1.9393939393939394,10.6909375,0.8552734375,0,0.3262748487467589,1.0,4.243134157507674,0.9480221518987342,13.852813852813853,0.781875,0.920703125,0,0.0694980694980695,0.9875,3.485232155612519,0.8093354430379747,4.617604617604617,4.5546875,0.69375,8,0.012861736334405145,1.0,3.9891271487919804,0.6525957102246558,2.406013474174499,6.517552501944516,0.32143693166471593,11,0.008890444522226112,1.0,3.3194003869663815,0.8713768115942029,5.877551020408164,4.777777777777778,0.71875,0,0.024691358024691357,0.9166666666666666,3.4673329144851923
16,16,col,morton,False,32,True,False,tw16_th16_tcol_imorton_lo_pal32_pad64,0.4115567340827695,0.5928006329113924,1.9423368740515934,12.56578125,0.853515625,0,0.09437229437229437,0.9875,3.894045726244613,0.9447784810126583,14.479638009049774,0.77234375,0.9193359375,0,0.138996138996139,0.975,3.529321443601412,0.7912974683544304,4.733727810650888,4.58921875,0.693359375,7,0.01423948220064725,1.0,4.008531008285035,0.6337710482838915,2.440006747922905,6.706282948751189,0.3191500855316467,9,0.02224135457023963,1.0,2.977109462759336,0.826086956521739,4.88135593220339,7.005208333333333,0.6909722222222222,0,0.033707865168539325,0.7638888888888888,3.463270251648032
16,32,row,bup,True,64,False,True,tw16_th32_trow_ibup_hi_pal64_full,0.23598623373538574,0.5905063291139241,2.3029866858582224,4.4675,0.8576171875,13,0.2503242542153048,0.9625,3.7567365228690015,0.9480221518987342,18.181818181818183,0.5984375,0.9201171875,0,0.011764705882352941,1.0,3.4773176483320314,0.8162183544303797,6.262230919765166,3.3678125,0.650390625,12,0.005420054200542005,1.0,3.790185418353091,0.6288165641316947,3.065652818991098,6.461723273701495,0.3929413883136761,12,0.0023643241670304087,1.0,4.263052717721285,0.8722826086956521,9.442622950819672,3.3506944444444446,0.8020833333333334,0,0.0,0.7256944444444444,3.463093880489155
16,32,row,bup,True,64,True,True,tw16_th32_trow_ibup_hi_pal64_pad64_full,0.23598623373538574,0.5905063291139241,2.3029866858582224,4.4675,0.8576171875,13,0.2503242542153048,0.9625,3.7567365228690015,0.9480221518987342,18.181818181818183,0.5984375,0.9201171875,0,0.011764705882352941,1.0,3.4773176483320314,0.8162183544303797,6.262230919765166,3.3678125,0.650390625,12,0.005420054200542005,1.0,3.790185418353091,0.6288165641316947,3.065652818991098,6.461723273701495,0.3929413883136761,12,0.0023643241670304087,1.0,4.263052717721285,0.8722826086956521,9.442622950819672,3.3506944444444446,0.8020833333333334,0,0.0,0.7256944444444444,3.463093880489155
16,8,col,col,False,64,True,False,tw16_th8_tcol_icol_lo_pal64_pad64,0.6910738225456878,0.578006329113924,1.6593207155820586,10.72765625,0.8552734375,0,0.029386343993085567,1.0,2.758732148636443,0.9397151898734177,10.79258010118044,0.72,0.920703125,0,0.26640926640926643,1.0,3.555877464214171,0.8036392405063291,4.10783055198973,4.18140625,0.69375,7,0.020578778135048232,1.0,3.201698647368441,0.6334470213178067,2.048109600679694,6.208607726212082,0.32116683172773924,17,0.031041172666522957,1.0,8.053115741144683,0.8233695652173914,3.5121951219512195,4.588541666666667,0.7256944444444444,1,0.06329113924050633,0.75,3.4629055734698153
16,32,col,morton,False,32,True,False,tw16_th32_tcol_imorton_lo_pal32_pad64,0.4115567340827695,0.5928006329113924,1.9423368740515934,12.56578125,0.853515625,0,0.09437229437229437,0.9875,3.894045726244613,0.9447784810126583,14.479638009049774,0.77234375,0.9193359375,0,0.138996138996139,0.975,3.529321443601412,0.7912974683544304,4.733727810650888,4.58921875,0.693359375,7,0.01423948220064725,1.0,4.005725519316941,0.6334063172404721,2.4370261162594775,6.710310258404633,0.3186639056450887,9,0.022434059633027522,1.0,2.977109462759336,0.826086956521739,4.88135593220339,7.005208333333333,0.6909722222222222,0,0.033707865168539325,0.7638888888888888,3.462428604957604
16,32,col,morton,False,0,False,True,tw16_th32_tcol_imorton_lo_pal0_full,0.3979663503547406,0.5914556962025317,1.9423368740515934,12.64921875,0.857421875,0,0.09476417135439204,0.9875,3.6923548480197983,0.9433544303797468,13.763440860215054,0.7959375,0.921875,0,0.1520912547528517,1.0,3.514061293993305,0.7723892405063291,4.292421193829645,4.6253125,0.60078125,7,0.020190023752969122,1.0,4.150068648329778,0.642695958438521,2.516200582786065,6.579431336963097,0.3336094354911317,8,0.022235420765433014,1.0,3.081385736717378,0.8333333333333333,5.097345132743363,6.661458333333333,0.6909722222222222,0,0.033707865168539325,0.7638888888888888,3.4586646731224575
16,32,col,morton,False,0,True,True,tw16_th32_tcol_imorton_lo_pal0_pad64_full,0.3979663503547406,0.5914556962025317,1.9423368740515934,12.64921875,0.857421875,0,0.09476417135439204,0.9875,3.6923548480197983,0.9433544303797468,13.763440860215054,0.7959375,0.921875,0,0.1520912547528517,1.0,3.514061293993305,0.7723892405063291,4.292421193829645,4.6253125,0.60078125,7,0.020190023752969122,1.0,4.150068648329778,0.642695958438521,2.516200582786065,6.579431336963097,0.3336094354911317,8,0.022235420765433014,1.0,3.081385736717378,0.8333333333333333,5.097345132743363,6.661458333333333,0.6909722222222222,0,0.033707865168539325,0.7638888888888888,3.4586646731224575
16,16,col,hilbert,False,64,False,True,tw16_th16_tcol_ihilbert_lo_pal64_full,-0.884006378253632,0.6237341772151899,1.9393939393939394,10.6909375,0.8552734375,0,0.3262748487467589,1.0,4.243134157507674,0.9480221518987342,13.852813852813853,0.781875,0.920703125,0,0.0694980694980695,0.9875,3.485232155612519,0.8093354430379747,4.617604617604617,4.5546875,0.69375,8,0.012861736334405145,1.0,3.8717055654574457,0.6667793138721966,2.496763335059555,6.302532192550341,0.33362744215359685,13,0.008768684327364214,1.0,3.5543009692206695,0.8867753623188406,6.47191011235955,4.065972222222222,0.7569444444444444,0,0.014285714285714285,0.9166666666666666,3.4555964977102605
16,16,col,hilbert,False,64,True,True,tw16_th16_tcol_ihilbert_lo_pal64_pad64_full,-0.884006378253632,0.6237341772151899,1.9393939393939394,10.6909375,0.8552734375,0,0.3262748487467589,1.0,4.243134157507674,0.9480221518987342,13.852813852813853,0.781875,0.920703125,0,0.0694980694980695,0.9875,3.485232155612519,0.8093354430379747,4.617604617604617,4.5546875,0.69375,8,0.012861736334405145,1.0,3.8717055654574457,0.6667793138721966,2.496763335059555,6.302532192550341,0.33362744215359685,13,0.008768684327364214,1.0,3.5543009692206695,0.8867753623188406,6.47191011235955,4.065972222222222,0.7569444444444444,0,0.014285714285714285,0.9166666666666666,3.4555964977102605
16,2,row,col,False,64,False,False,tw16_th2_trow_icol_lo_pal64,5.053888908042488,0.7090981012658228,2.0486555697823303,5.06875,0.8826171875,5,0.3349178910976664,0.9875,4.665434542313472,0.9492088607594936,14.035087719298245,0.81734375,0.927734375,0,0.003861003861003861,0.975,2.7087936750306754,0.7880537974683544,4.5681655960028555,5.13390625,0.741796875,12,0.01929260450160772,1.0,2.6540403460936526,0.6451541329377083,2.693811984914094,6.8184253737792755,0.4240749077158549,22,0.013090654532726636,1.0,3.3674781895268966,0.8731884057971014,7.291139240506329,5.128472222222222,0.71875,0,0.0,1.0,3.4545703719336625
16,32,row,row,True,0,False,True,tw16_th32_trow_irow_hi_pal0_full,0.11247270230151751,0.5907436708860759,2.3096355106459763,4.45484375,0.855859375,14,0.25195143104943624,0.9625,3.755765719397297,0.9473101265822785,18.181818181818183,0.5946875,0.9205078125,0,0.015625,0.9875,3.820285413421926,0.8286392405063292,6.715634837355719,3.10390625,0.660546875,10,0.0076282940360610264,1.0,3.678263073517435,0.6278507224785235,3.0569058438127445,6.4655085990839165,0.39663275411902404,13,0.0025580120591997078,1.0,3.7125427737520122,0.806159420289855,8.0,5.282986111111111,0.6979166666666666,0,0.0,0.7256944444444444,3.4535043101475518
16,32,row,row,True,0,True,True,tw16_th32_trow_irow_hi_pal0_pad64_full,0.11247270230151751,0.5907436708860759,2.3096355106459763,4.45484375,0.855859375,14,0.25195143104943624,0.9625,3.755765719397297,0.9473101265822785,18.181818181818183,0.5946875,0.9205078125,0,0.015625,0.9875,3.820285413421926,0.8286392405063292,6.715634837355719,3.10390625,0.660546875,10,0.0076282940360610264,1.0,3.678263073517435,0.6278507224785235,3.0569058438127445,6.4655085990839165,0.39663275411902404,13,0.0025580120591997078,1.0,3.7125427737520122,0.806159420289855,8.0,5.282986111111111,0.6979166666666666,0,0.0,0.7256944444444444,3.4535043101475518
16,16,col,hilbert,False,32,False,True,tw16_th16_tcol_ihilbert_lo_pal32_full,-0.884071579213825,0.6246044303797469,1.937046004842615,10.63109375,0.853515625,0,0.32727272727272727,1.0,4.269189229324617,0.9476265822784811,13.588110403397028,0.783125,0.9193359375,0,0.06563706563706563,0.97515625,3.2823445124458974,0.8142405063291139,4.6817849305047545,4.48234375,0.693359375,10,0.012944983818770227,1.0,4.063893620889294,0.6654919080176036,2.4928903826266806,6.318779707890416,0.3327991356802017,11,0.008914370260773071,1.0,3.372416818151634,0.8786231884057971,5.938144329896907,4.590277777777778,0.7256944444444444,0,0.025,0.9166666666666666,3.4490828146051795
16,16,col,hilbert,False,32,True,True,tw16_th16_tcol_ihilbert_lo_pal32_pad64_full,-0.884071579213825,0.6246044303797469,1.937046004842615,10.63109375,0.853515625,0,0.32727272727272727,1.0,4.269189229324617,0.9476265822784811,13.588110403397028,0.783125,0.9193359375,0,0.06563706563706563,0.97515625,3.2823445124458974,0.8142405063291139,4.6817849305047545,4.48234375,0.693359375,10,0.012944983818770227,1.0,4.063893620889294,0.6654919080176036,2.4928903826266806,6.318779707890416,0.3327991356802017,11,0.008914370260773071,1.0,3.372416818151634,0.8786231884057971,5.938144329896907,4.590277777777778,0.7256944444444444,0,0.025,0.9166666666666666,3.4490828146051795
16,4,row,row,False,0,True,False,tw16_th4_trow_irow_lo_pal0_pad64,1.2428641717733242,0.6608386075949367,2.8193832599118944,3.6959375,0.8974609375,10,0.25616797900262467,0.818125,2.475402749967277,0.9501582278481013,17.438692098092645,0.513125,0.9357421875,0,0.2815533980582524,0.8,3.72727283584124,0.7723892405063291,4.915514592933948,4.05734375,0.676171875,8,0.02023809523809524,0.85,4.570312128065954,0.780202605128505,5.109962904080551,3.597027050384582,0.7029440893130459,11,0.020401315347963224,0.5517241379310345,3.6496743443754323,0.8632246376811594,8.0,3.3854166666666665,0.7847222222222222,0,0.12698412698412698,0.5833333333333334,3.44818585890941
16,32,row,morton,True,64,False,False,tw16_th32_trow_imorton_hi_pal64,0.93422981117474,0.6090981012658228,2.041467304625199,12.5975,0.8578125,0,0.014261019878997408,1.0,4.182019997603359,0.9450949367088608,14.953271028037383,0.79234375,0.9197265625,0,0.0888030888030888,1.0,3.1966565793528456,0.789003164556962,4.7976011994003,4.65203125,0.6556640625,10,0.016720257234726688,1.0,3.744798380371538,0.6346394644628669,2.5145601529902644,6.870019877279406,0.37068515350679754,11,0.01704585229261463,1.0,3.3114382045088577,0.838768115942029,5.333333333333333,6.493055555555555,0.71875,0,0.0,0.7638888888888888,3.44777762946494
16,2,row,row,True,32,False,True,tw16_th2_trow_irow_hi_pal32_full,0.16888692011392736,0.5912183544303797,2.3063063063063063,4.525,0.8880859375,13,0.2528138528138528,0.9625,4.990074708793725,0.9473892405063291,18.07909604519774,0.695,0.930078125,0,0.011583011583011582,0.9628125,3.3192290105660387,0.7828322784810127,6.445115810674723,4.86640625,0.741015625,9,0.007766990291262136,1.0,2.8572172302520107,0.6235179594353527,2.9344187461959828,6.7779275775646015,0.42272440803097144,20,0.002941382449751383,1.0,4.16573758548449,0.7726449275362319,6.6976744186046515,2.001736111111111,0.6388888888888888,0,0.009615384615384616,0.6666666666666666,3.447668848266705
16,16,col,bup,True,0,False,False,tw16_th16_tcol_ibup_hi_pal0,0.2428318991717262,0.5924841772151899,2.3063063063063063,4.43625,0.8533203125,13,0.25249025552187093,0.9625,4.991997619263985,0.9478639240506329,18.285714285714285,0.59859375,0.9193359375,0,0.011583011583011582,0.9875,2.422460256417931,0.8154272151898734,6.406406406406407,3.53734375,0.6888671875,20,0.008376288659793814,1.0,3.8911848593564295,0.6117417631349017,2.884816753926702,6.629089966295048,0.32069865850364637,11,0.001714545645403968,1.0,3.288546273615931,0.7943840579710144,8.112676056338028,5.621527777777778,0.6631944444444444,0,0.0,0.9166666666666666,3.443395684779558
16,2,col,morton,False,64,False,True,tw16_th2_tcol_imorton_lo_pal64_full,5.100395775874315,0.7071993670886076,2.0519397242705995,4.991875,0.8552734375,5,0.3349178910976664,0.9875,3.776522730475765,0.944382911392405,13.617021276595745,0.724375,0.920703125,0,0.138996138996139,1.0,2.2436265003187668,0.7891613924050633,5.148833467417538,3.6365625,0.69375,18,0.03922829581993569,1.0,3.7320020689639612,0.6212742846208495,2.502487131796358,6.9526402212427625,0.3283694967137841,11,0.01838467475966599,1.0,3.5016949264768193,0.8677536231884058,6.4,4.529513888888889,0.7361111111111112,0,0.05263157894736842,0.7638888888888888,3.443040575413394
16,2,row,col,True,0,False,False,tw16_th2_trow_icol_hi_pal0,5.038713019902135,0.7094145569620254,2.0506247997436717,5.08296875,0.8857421875,5,0.33650931139021223,0.9875,4.672600268802281,0.9487341772151898,14.035087719298245,0.828125,0.9359375,0,0.0,0.975,2.786309726275991,0.7933544303797468,4.953560371517028,5.0928125,0.74296875,12,0.01610824742268041,1.0,2.5846292028035642,0.6502097928063966,2.697328546785398,6.8350704347074585,0.42616368056180787,23,0.010427236782252703,1.0,3.2408464170692435,0.8568840579710145,7.2,5.951388888888889,0.6631944444444444,0,0.0,1.0,3.4418870428605155
16,8,col,col,True,32,False,True,tw16_th8_tcol_icol_hi_pal32_full,0.6833390305428475,0.578006329113924,1.6632016632016633,10.6990625,0.853515625,0,0.03116883116883117,1.0,3.9623565946515233,0.9450158227848101,10.756302521008404,0.7084375,0.9193359375,0,0.0694980694980695,1.0,3.7295429307783365,0.8209651898734177,4.150453955901427,4.18109375,0.693359375,7,0.003883495145631068,1.0,3.4990536053833594,0.6488130354959966,2.0350698230679938,6.2357791029297385,0.3194381921310885,16,0.007888980528561695,1.0,3.3493643139623,0.8288043478260869,3.388235294117647,4.907986111111111,0.6979166666666666,0,0.0,0.7916666666666666,3.4392135120664293
16,8,col,col,True,32,True,True,tw16_th8_tcol_icol_hi_pal32_pad64_full,0.6833390305428475,0.578006329113924,1.6632016632016633,10.6990625,0.853515625,0,0.03116883116883117,1.0,3.9623565946515233,0.9450158227848101,10.756302521008404,0.7084375,0.9193359375,0,0.0694980694980695,1.0,3.7295429307783365,0.8209651898734177,4.150453955901427,4.18109375,0.693359375,7,0.003883495145631068,1.0,3.4990536053833594,0.6488130354959966,2.0350698230679938,6.2357791029297385,0.3194381921310885,16,0.007888980528561695,1.0,3.3493643139623,0.8288043478260869,3.388235294117647,4.907986111111111,0.6979166666666666,0,0.0,0.7916666666666666,3.4392135120664293
16,16,col,hilbert,False,0,False,False,tw16_th16_tcol_ihilbert_lo_pal0,-0.8833143439861026,0.6249208860759494,1.937632455343627,10.62203125,0.8533203125,0,0.3274144651364227,1.0,4.290096149011609,0.9483386075949367,13.822894168466522,0.77203125,0.9193359375,0,0.05791505791505792,1.0,3.6574765007180616,0.8162183544303798,4.737231680236862,4.4396875,0.6888671875,7,0.014819587628865979,1.0,3.779967588048007,0.6520754866261322,2.406413775892189,6.552104398928355,0.3209507517781579,13,0.009237552048707093,1.0,3.0739864132588233,0.8586956521739131,5.433962264150943,5.597222222222222,0.6666666666666666,0,0.041237113402061855,0.9166666666666666,3.4370926591511104
16,16,col,hilbert,True,32,True,False,tw16_th16_tcol_ihilbert_hi_pal32_pad64,-0.3783514237908274,0.6445411392405063,1.999375195251484,9.79328125,0.853515625,0,0.2571428571428571,1.0,4.653335219322759,0.9496044303797468,13.973799126637555,0.794375,0.9193359375,0,0.003861003861003861,0.9875,3.5589449163698372,0.8196993670886077,4.733727810650888,4.55953125,0.693359375,8,0.009061488673139158,1.0,3.3015928328914805,0.6632456314065358,2.4439234571030286,6.347523982369718,0.31936616548122804,19,0.003013344812742144,1.0,3.3800643047543106,0.8641304347826086,5.592233009708738,5.204861111111111,0.6944444444444444,0,0.0,0.9166666666666666,3.433409001719684
16,16,row,bup,True,0,True,False,tw16_th16_trow_ibup_hi_pal0_pad64,0.33760827277823857,0.5923259493670886,2.3063063063063063,4.44515625,0.8669921875,12,0.2529233434387181,0.9625,5.059350126165048,0.9480221518987342,18.181818181818183,0.59984375,0.9189453125,0,0.011583011583011582,0.95,3.0970707841888396,0.8115506329113924,6.2439024390243905,3.586875,0.6142578125,15,0.008376288659793814,1.0,3.1890685221631685,0.6126978457136507,2.9591836734693877,6.630801140782992,0.3941118213739083,17,0.0020033741037536906,1.0,3.28464631387358,0.7952898550724637,8.112676056338028,5.666666666666667,0.6631944444444444,0,0.0,0.9166666666666666,3.432863286550578
16,32,row,morton,False,32,False,True,tw16_th32_trow_imorton_lo_pal32_full,0.40245062858373437,0.592246835443038,1.9446976602856274,12.58296875,0.857421875,0,0.0945770065075922,0.9875,3.7218259140746026,0.942246835443038,13.675213675213675,0.8021875,0.9177734375,0,0.14606741573033707,1.0,3.716968869768306,0.8011867088607596,4.881769641495042,4.03390625,0.648046875,7,0.018367346938775512,1.0,3.82361108190179,0.6387896547936198,2.5478927203065136,6.762976406533575,0.3956964076708382,10,0.02052743078384104,1.0,3.1621578099838974,0.8423913043478262,5.333333333333333,6.142361111111111,0.71875,0,0.037037037037037035,0.7638888888888888,3.4295817996547817
16,32,row,morton,False,32,True,True,tw16_th32_trow_imorton_lo_pal32_pad64_full,0.40245062858373437,0.592246835443038,1.9446976602856274,12.58296875,0.857421875,0,0.0945770065075922,0.9875,3.7218259140746026,0.942246835443038,13.675213675213675,0.8021875,0.9177734375,0,0.14606741573033707,1.0,3.716968869768306,0.8011867088607596,4.881769641495042,4.03390625,0.648046875,7,0.018367346938775512,1.0,3.82361108190179,0.6387896547936198,2.5478927203065136,6.762976406533575,0.3956964076708382,10,0.02052743078384104,1.0,3.1621578099838974,0.8423913043478262,5.333333333333333,6.142361111111111,0.71875,0,0.037037037037037035,0.7638888888888888,3.4295817996547817
16,32,row,morton,False,64,True,False,tw16_th32_trow_imorton_lo_pal64_pad64,0.4012330070521559,0.592246835443038,1.941747572815534,12.5975,0.8578125,0,0.09464131374243734,0.9875,3.7047203027362476,0.9433544303797468,14.035087719298245,0.79234375,0.9197265625,0,0.15444015444015444,1.0,3.515840795173127,0.7854430379746835,4.617604617604617,4.65203125,0.6556640625,7,0.01864951768488746,1.0,4.018516096238845,0.6339304554465546,2.4872103520914837,6.764722150203094,0.383775997118934,8,0.02022592791823561,1.0,3.1291316193550234,0.8351449275362319,5.097345132743363,6.493055555555555,0.71875,0,0.024691358024691357,0.7638888888888888,3.4279125168277655
16,16,col,col,True,64,True,False,tw16_th16_tcol_icol_hi_pal64_pad64,0.17317983888207378,0.5912183544303797,1.5080113100848256,4.4578125,0.8552734375,13,0.2510803802938634,0.9625,4.386801555953883,0.9475474683544304,10.774410774410775,0.60234375,0.920703125,0,0.011583011583011582,0.97515625,3.5038908993267786,0.8097310126582279,3.7536656891495603,3.624375,0.69375,9,0.0038585209003215433,1.0,3.5811489060084956,0.6225941560832327,1.831028262176789,6.4032667876588025,0.32140091833978573,14,0.0020834830088368415,1.0,2.8702463951105264,0.8260869565217391,3.272727272727273,4.722222222222222,0.8576388888888888,0,0.0,0.9166666666666666,3.4268037367971393
16,2,row,col,False,0,False,False,tw16_th2_trow_icol_lo_pal0,5.040995091707014,0.7093354430379747,2.0506247997436717,5.08296875,0.8857421875,5,0.3360762234733651,0.9875,4.672600268802281,0.9487341772151898,14.035087719298245,0.828125,0.9359375,0,0.0,0.975,2.764311161745128,0.794620253164557,4.953560371517028,5.0928125,0.74296875,12,0.020618556701030927,1.0,2.5485456774693547,0.6450583692114052,2.6961972224811257,6.835416126523205,0.42616368056180787,23,0.012981559886630044,1.0,3.2444696054750404,0.8577898550724639,7.2,5.951388888888889,0.6631944444444444,0,0.0,1.0,3.4258872430671983
16,16,row,bup,True,32,False,False,tw16_th16_trow_ibup_hi_pal32,0.10428454357103534,0.5924050632911393,2.3063063063063063,4.4353125,0.866015625,14,0.2523809523809524,0.9625,4.959643094915049,0.9480221518987342,18.181818181818183,0.59984375,0.91875,0,0.011583011583011582,1.0,3.4453024174575204,0.8093354430379747,6.0663507109004735,3.6715625,0.6123046875,12,0.004530744336569579,1.0,2.989912201062137,0.6121858648068987,2.946374006926054,6.615210439892835,0.3924011884397227,19,0.002204261572373255,1.0,3.3514236890748688,0.8070652173913043,8.112676056338028,5.298611111111111,0.6909722222222222,0,0.0,0.9166666666666666,3.425744625928679
16,8,col,col,True,32,False,False,tw16_th8_tcol_icol_hi_pal32,0.6833390305428475,0.578006329113924,1.6632016632016633,10.6990625,0.853515625,0,0.03116883116883117,1.0,3.9623565946515233,0.9450158227848101,10.756302521008404,0.7084375,0.9193359375,0,0.0694980694980695,1.0,3.7295429307783365,0.8209651898734177,4.150453955901427,4.18109375,0.693359375,7,0.003883495145631068,1.0,3.4639526460294308,0.6442969110887309,2.0188080117244747,6.36667530896206,0.32129287836499504,16,0.006402855043560407,1.0,3.316668228385808,0.8260869565217391,3.310344827586207,5.0625,0.6909722222222222,0,0.0,0.7916666666666666,3.4254136157026016
16,2,col,morton,False,32,False,True,tw16_th2_tcol_imorton_lo_pal32_full,5.100854214647727,0.7075158227848102,2.0525978191148173,4.97640625,0.853515625,5,0.3359307359307359,0.9875,3.7800176704810395,0.9446202531645569,13.617021276595745,0.72140625,0.9193359375,0,0.138996138996139,1.0,2.263295099032492,0.79375,5.220228384991843,3.65875,0.693359375,18,0.039482200647249194,1.0,3.7326564277022456,0.6213521075016619,2.505413130088342,6.955250194451646,0.3276312235527145,11,0.018480204790125188,1.0,3.192042525674755,0.855072463768116,6.193548387096774,5.059027777777778,0.7118055555555556,0,0.058823529411764705,0.8402777777777778,3.4183308381234854
16,32,row,morton,True,0,False,True,tw16_th32_trow_imorton_hi_pal0_full,0.9288331617543459,0.6096518987341772,2.0434227330779056,12.59125,0.855859375,0,0.016045099739809193,1.0,2.9796720275073745,0.9448575949367088,14.988290398126464,0.783125,0.9205078125,0,0.09375,0.9875,3.905862125655414,0.8124208860759494,5.2502050861361775,3.82421875,0.660546875,6,0.022191400832177532,1.0,4.083763544305665,0.6461732678410441,2.6332438214009377,6.749010457177427,0.3967407940938147,8,0.016736707473049516,1.0,3.2783392167086305,0.8396739130434783,5.538461538461538,6.661458333333333,0.6909722222222222,0,0.011235955056179775,0.7638888888888888,3.4175085177252353
16,32,row,morton,True,0,True,True,tw16_th32_trow_imorton_hi_pal0_pad64_full,0.9288331617543459,0.6096518987341772,2.0434227330779056,12.59125,0.855859375,0,0.016045099739809193,1.0,2.9796720275073745,0.9448575949367088,14.988290398126464,0.783125,0.9205078125,0,0.09375,0.9875,3.905862125655414,0.8124208860759494,5.2502050861361775,3.82421875,0.660546875,6,0.022191400832177532,1.0,4.083763544305665,0.6461732678410441,2.6332438214009377,6.749010457177427,0.3967407940938147,8,0.016736707473049516,1.0,3.2783392167086305,0.8396739130434783,5.538461538461538,6.661458333333333,0.6909722222222222,0,0.011235955056179775,0.7638888888888888,3.4175085177252353
16,2,col,morton,False,0,False,True,tw16_th2_tcol_imorton_lo_pal0_full,5.098938221749545,0.7073575949367088,2.0525978191148173,4.980625,0.8533203125,5,0.3360762234733651,0.9875,3.7799095481181704,0.9445411392405063,13.617021276595745,0.72015625,0.9193359375,0,0.138996138996139,1.0,2.1709091323003276,0.7964398734177216,5.289256198347108,3.61578125,0.6888671875,19,0.03994845360824742,1.0,3.8296936328548234,0.6210304283953496,2.505087681316302,6.973934837092732,0.326586837129738,10,0.018497109826589597,1.0,3.0580432911732522,0.845108695652174,6.063157894736842,5.597222222222222,0.6875,0,0.06382978723404255,0.8402777777777778,3.409840333622545
16,8,col,col,False,64,False,True,tw16_th8_tcol_icol_lo_pal64_full,0.6910738225456878,0.578006329113924,1.6593207155820586,10.72765625,0.8552734375,0,0.029386343993085567,1.0,2.758732148636443,0.9397151898734177,10.79258010118044,0.72,0.920703125,0,0.26640926640926643,1.0,3.555877464214171,0.8036392405063291,4.10783055198973,4.18140625,0.69375,7,0.020578778135048232,1.0,2.995070300523647,0.63295386219404,2.0427582797825012,6.219652579725175,0.320806698478437,19,0.031526032315978454,1.0,8.053115741144683,0.8233695652173914,3.5121951219512195,4.588541666666667,0.7256944444444444,1,0.06329113924050633,0.75,3.4009170694163773
16,8,col,col,False,64,True,True,tw16_th8_tcol_icol_lo_pal64_pad64_full,0.6910738225456878,0.578006329113924,1.6593207155820586,10.72765625,0.8552734375,0,0.029386343993085567,1.0,2.758732148636443,0.9397151898734177,10.79258010118044,0.72,0.920703125,0,0.26640926640926643,1.0,3.555877464214171,0.8036392405063291,4.10783055198973,4.18140625,0.69375,7,0.020578778135048232,1.0,2.995070300523647,0.63295386219404,2.0427582797825012,6.219652579725175,0.320806698478437,19,0.031526032315978454,1.0,8.053115741144683,0.8233695652173914,3.5121951219512195,4.588541666666667,0.7256944444444444,1,0.06329113924050633,0.75,3.4009170694163773
16,32,col,col,False,32,True,False,tw16_th32_tcol_icol_lo_pal32_pad64,2.3282580749507034,0.7730221518987341,4.204993429697766,4.408125,0.853515625,13,0.05238095238095238,0.9625,3.5427771530420564,0.946756329113924,12.45136186770428,0.6403125,0.9193359375,0,0.16602316602316602,1.0,3.2308778031672505,0.8011075949367088,3.78698224852071,4.2615625,0.693359375,10,0.006472491909385114,1.0,4.062335117393623,0.5926929977526655,1.752756907416384,6.419583441362025,0.31904204555685606,7,0.017667717889908258,1.0,2.340136050137567,0.8052536231884058,3.0638297872340425,4.657986111111111,0.6909722222222222,0,0.10112359550561797,0.9583333333333334,3.40012507484232
16,16,col,hilbert,False,64,True,False,tw16_th16_tcol_ihilbert_lo_pal64_pad64,-0.884006378253632,0.6237341772151899,1.9393939393939394,10.6909375,0.8552734375,0,0.3262748487467589,1.0,4.243134157507674,0.9480221518987342,13.852813852813853,0.781875,0.920703125,0,0.0694980694980695,0.9875,3.485232155612519,0.8093354430379747,4.617604617604617,4.5546875,0.69375,8,0.012861736334405145,1.0,3.748760807572304,0.6596263046862232,2.4304738699378254,6.320508166969147,0.32102277842801835,14,0.00955528414397586,1.0,3.3194003869663815,0.8713768115942029,5.877551020408164,4.777777777777778,0.71875,0,0.024691358024691357,0.9166666666666666,3.3952230121192892
16,8,col,morton,False,32,False,False,tw16_th8_tcol_imorton_lo_pal32,0.4115567340827695,0.5928006329113924,1.9423368740515934,12.56578125,0.853515625,0,0.09437229437229437,0.9875,3.894045726244613,0.9447784810126583,14.479638009049774,0.77234375,0.9193359375,0,0.138996138996139,0.975,3.529321443601412,0.7912974683544304,4.733727810650888,4.58921875,0.693359375,7,0.01423948220064725,1.0,3.7607302645786618,0.6279862632017577,2.4207112970711298,6.86587157549045,0.3212208517151346,11,0.021132920471642,1.0,2.977109462759336,0.826086956521739,4.88135593220339,7.005208333333333,0.6909722222222222,0,0.033707865168539325,0.7638888888888888,3.38893002853612
16,16,col,morton,False,32,False,False,tw16_th16_tcol_imorton_lo_pal32,0.4115567340827695,0.5928006329113924,1.9423368740515934,12.56578125,0.853515625,0,0.09437229437229437,0.9875,3.894045726244613,0.9447784810126583,14.479638009049774,0.77234375,0.9193359375,0,0.138996138996139,0.975,3.529321443601412,0.7912974683544304,4.733727810650888,4.58921875,0.693359375,7,0.01423948220064725,1.0,3.7607302645786618,0.6279862632017577,2.4207112970711298,6.86587157549045,0.3212208517151346,11,0.021132920471642,1.0,2.977109462759336,0.826086956521739,4.88135593220339,7.005208333333333,0.6909722222222222,0,0.033707865168539325,0.7638888888888888,3.38893002853612
16,32,col,morton,False,32,False,False,tw16_th32_tcol_imorton_lo_pal32,0.4115567340827695,0.5928006329113924,1.9423368740515934,12.56578125,0.853515625,0,0.09437229437229437,0.9875,3.894045726244613,0.9447784810126583,14.479638009049774,0.77234375,0.9193359375,0,0.138996138996139,0.975,3.529321443601412,0.7912974683544304,4.733727810650888,4.58921875,0.693359375,7,0.01423948220064725,1.0,3.7607302645786618,0.6279862632017577,2.4207112970711298,6.86587157549045,0.3212208517151346,11,0.021132920471642,1.0,2.977109462759336,0.826086956521739,4.88135593220339,7.005208333333333,0.6909722222222222,0,0.033707865168539325,0.7638888888888888,3.38893002853612
16,4,row,bup,True,32,False,True,tw16_th4_trow_ibup_hi_pal32_full,-0.050676140276367576,0.5924050632911393,2.3063063063063063,4.40625,0.8908203125,15,0.2528138528138528,0.9625,4.996689272919145,0.9498417721518988,18.13031161473088,0.62953125,0.9236328125,0,0.003861003861003861,1.0,2.8438183712258676,0.7982594936708861,6.1010486177311725,4.235625,0.67265625,15,0.007119741100323625,1.0,3.2800109751938624,0.6023266439867936,2.9569150567310643,6.805219946417768,0.4177005492032052,15,0.0024918401010774575,1.0,3.703812930150222,0.822463768115942,7.890410958904109,4.838541666666667,0.7395833333333334,0,0.0,0.7638888888888888,3.3888624818287747
16,8,col,morton,False,0,False,False,tw16_th8_tcol_imorton_lo_pal0,0.4110029868571794,0.5932753164556962,1.9435165502581233,12.54296875,0.8533203125,0,0.09484625378951927,0.9875,3.8057041167421746,0.9445411392405063,14.317673378076062,0.77671875,0.9193359375,0,0.14285714285714285,1.0,3.677222624115097,0.7953322784810126,4.822908816880181,4.49,0.6888671875,6,0.017396907216494846,1.0,3.7458624960303473,0.627231421911891,2.4142463695543315,6.891694754126696,0.32098676510308816,11,0.02235907484516603,1.0,2.8655255602285576,0.8197463768115942,4.760330578512397,7.440972222222222,0.6631944444444444,0,0.041237113402061855,0.7638888888888888,3.388752496403425
16,16,col,morton,False,0,False,False,tw16_th16_tcol_imorton_lo_pal0,0.4110029868571794,0.5932753164556962,1.9435165502581233,12.54296875,0.8533203125,0,0.09484625378951927,0.9875,3.8057041167421746,0.9445411392405063,14.317673378076062,0.77671875,0.9193359375,0,0.14285714285714285,1.0,3.677222624115097,0.7953322784810126,4.822908816880181,4.49,0.6888671875,6,0.017396907216494846,1.0,3.7458624960303473,0.627231421911891,2.4142463695543315,6.891694754126696,0.32098676510308816,11,0.02235907484516603,1.0,2.8655255602285576,0.8197463768115942,4.760330578512397,7.440972222222222,0.6631944444444444,0,0.041237113402061855,0.7638888888888888,3.388752496403425
16,32,col,morton,False,0,False,False,tw16_th32_tcol_imorton_lo_pal0,0.4110029868571794,0.5932753164556962,1.9435165502581233,12.54296875,0.8533203125,0,0.09484625378951927,0.9875,3.8057041167421746,0.9445411392405063,14.317673378076062,0.77671875,0.9193359375,0,0.14285714285714285,1.0,3.677222624115097,0.7953322784810126,4.822908816880181,4.49,0.6888671875,6,0.017396907216494846,1.0,3.7458624960303473,0.627231421911891,2.4142463695543315,6.891694754126696,0.32098676510308816,11,0.02235907484516603,1.0,2.8655255602285576,0.8197463768115942,4.760330578512397,7.440972222222222,0.6631944444444444,0,0.041237113402061855,0.7638888888888888,3.388752496403425
16,8,col,morton,False,64,False,False,tw16_th8_tcol_imorton_lo_pal64,0.4119200802657037,0.5920094936708862,1.9423368740515934,12.61390625,0.8552734375,0,0.09334485738980121,0.9875,3.8769227184035664,0.9443037974683544,14.317673378076062,0.78140625,0.920703125,0,0.14285714285714285,0.9625,3.498402129185151,0.7879746835443038,4.71976401179941,4.57203125,0.69375,7,0.017363344051446947,1.0,3.748868891997457,0.6271367689328637,2.4113283040886926,6.868861809696655,0.3210767984154137,11,0.022366118305915297,1.0,3.1291316193550234,0.8351449275362319,5.097345132743363,6.493055555555555,0.71875,0,0.024691358024691357,0.7638888888888888,3.388111896329062
16,16,col,morton,False,64,False,False,tw16_th16_tcol_imorton_lo_pal64,0.4119200802657037,0.5920094936708862,1.9423368740515934,12.61390625,0.8552734375,0,0.09334485738980121,0.9875,3.8769227184035664,0.9443037974683544,14.317673378076062,0.78140625,0.920703125,0,0.14285714285714285,0.9625,3.498402129185151,0.7879746835443038,4.71976401179941,4.57203125,0.69375,7,0.017363344051446947,1.0,3.748868891997457,0.6271367689328637,2.4113283040886926,6.868861809696655,0.3210767984154137,11,0.022366118305915297,1.0,3.1291316193550234,0.8351449275362319,5.097345132743363,6.493055555555555,0.71875,0,0.024691358024691357,0.7638888888888888,3.388111896329062
16,32,col,morton,False,64,False,False,tw16_th32_tcol_imorton_lo_pal64,0.4119200802657037,0.5920094936708862,1.9423368740515934,12.61390625,0.8552734375,0,0.09334485738980121,0.9875,3.8769227184035664,0.9443037974683544,14.317673378076062,0.78140625,0.920703125,0,0.14285714285714285,0.9625,3.498402129185151,0.7879746835443038,4.71976401179941,4.57203125,0.69375,7,0.017363344051446947,1.0,3.748868891997457,0.6271367689328637,2.4113283040886926,6.868861809696655,0.3210767984154137,11,0.022366118305915297,1.0,3.1291316193550234,0.8351449275362319,5.097345132743363,6.493055555555555,0.71875,0,0.024691358024691357,0.7638888888888888,3.388111896329062
16,2,row,morton,True,64,False,False,tw16_th2_trow_imorton_hi_pal64,5.500456044168631,0.7106012658227848,2.1702271956595456,5.06875,0.8826171875,5,0.263180639585134,0.9875,4.376048465635589,0.9453322784810126,14.918414918414918,0.81734375,0.927734375,0,0.06177606177606178,0.975,2.6943212411954893,0.785996835443038,5.6091148115688,5.13390625,0.741796875,13,0.014790996784565916,1.0,2.5420002255205802,0.6433139854005525,2.779619486883828,6.8179068360556565,0.4240388943909246,23,0.015085754287714385,1.0,3.349905549362071,0.8668478260869565,7.384615384615385,5.128472222222222,0.71875,0,0.0,1.0,3.375923229901952
16,8,col,col,True,64,False,False,tw16_th8_tcol_icol_hi_pal64,0.6853163528783899,0.5772151898734177,1.6593207155820586,10.72765625,0.8552734375,0,0.029818496110630942,1.0,3.9614018617491933,0.9450158227848101,10.79258010118044,0.72,0.920703125,0,0.0694980694980695,1.0,3.4846755430940606,0.8188291139240507,4.10783055198973,4.18140625,0.69375,9,0.002572347266881029,1.0,3.4558241205545386,0.6440455016008031,2.0189489112227808,6.410889292196007,0.32098676510308816,16,0.006440322016100805,1.0,3.443607301012192,0.832427536231884,3.4285714285714284,4.762152777777778,0.71875,0,0.0,0.75,3.371913399757098
16,2,row,morton,True,0,False,False,tw16_th2_trow_imorton_hi_pal0,5.487187095178879,0.7105221518987341,2.171700033932813,5.08296875,0.8857421875,5,0.26418362927674316,0.9875,4.3828977364281965,0.9447784810126583,14.918414918414918,0.828125,0.9359375,0,0.05791505791505792,0.975,2.7229236954111458,0.7885284810126583,5.818181818181818,5.0928125,0.74296875,13,0.015463917525773196,1.0,2.5381898993354164,0.643270818558555,2.782828282828283,6.835467980295567,0.4261096605744125,23,0.014731096259491235,1.0,3.2375717885607127,0.8541666666666667,7.291139240506329,5.951388888888889,0.6631944444444444,0,0.0,1.0,3.371702688549236
16,4,row,bup,True,0,False,True,tw16_th4_trow_ibup_hi_pal0_full,-0.05537296833043914,0.5924841772151899,2.3063063063063063,4.40625,0.8919921875,15,0.2533564313555652,0.9625,5.053676799343087,0.9498417721518988,18.181818181818183,0.6309375,0.9216796875,0,0.003861003861003861,0.975,2.891886976515774,0.799129746835443,6.342913776015857,4.18359375,0.6763671875,15,0.007731958762886598,0.9875,3.2795190283947884,0.6022479018668564,2.958275809173186,6.812427620776078,0.41737642927883317,15,0.0024210526315789475,1.0,3.24422885595129,0.8106884057971014,7.783783783783784,5.180555555555555,0.71875,0,0.012048192771084338,0.9166666666666666,3.3696953383704344
16,16,col,col,True,64,False,True,tw16_th16_tcol_icol_hi_pal64_full,0.17317983888207378,0.5912183544303797,1.5080113100848256,4.4578125,0.8552734375,13,0.2510803802938634,0.9625,4.386801555953883,0.9475474683544304,10.774410774410775,0.60234375,0.920703125,0,0.011583011583011582,0.97515625,3.5038908993267786,0.8097310126582279,3.7536656891495603,3.624375,0.69375,9,0.0038585209003215433,1.0,3.2162636881738607,0.6323995395890716,1.878836099113435,6.317690778670815,0.33368146214099215,18,0.002738914797542379,1.0,3.3445435854403245,0.8478260869565217,3.74025974025974,4.090277777777778,0.8993055555555556,0,0.0,0.7638888888888888,3.3647678904797287
16,16,col,col,True,64,True,True,tw16_th16_tcol_icol_hi_pal64_pad64_full,0.17317983888207378,0.5912183544303797,1.5080113100848256,4.4578125,0.8552734375,13,0.2510803802938634,0.9625,4.386801555953883,0.9475474683544304,10.774410774410775,0.60234375,0.920703125,0,0.011583011583011582,0.97515625,3.5038908993267786,0.8097310126582279,3.7536656891495603,3.624375,0.69375,9,0.0038585209003215433,1.0,3.2162636881738607,0.6323995395890716,1.878836099113435,6.317690778670815,0.33368146214099215,18,0.002738914797542379,1.0,3.3445435854403245,0.8478260869565217,3.74025974025974,4.090277777777778,0.8993055555555556,0,0.0,0.7638888888888888,3.3647678904797287
16,8,col,col,True,64,True,False,tw16_th8_tcol_icol_hi_pal64_pad64,0.6853163528783899,0.5772151898734177,1.6593207155820586,10.72765625,0.8552734375,0,0.029818496110630942,1.0,3.9614018617491933,0.9450158227848101,10.79258010118044,0.72,0.920703125,0,0.0694980694980695,1.0,3.4846755430940606,0.8188291139240507,4.10783055198973,4.18140625,0.69375,9,0.002572347266881029,1.0,3.411410575143611,0.6505377862531143,2.0491977473169696,6.209679370840895,0.32114882506527415,17,0.007472874901199971,1.0,3.4112610355860706,0.8369565217391304,3.5121951219512195,4.588541666666667,0.7256944444444444,0,0.012658227848101266,0.75,3.3553547095912077
16,32,col,col,False,64,True,False,tw16_th32_tcol_icol_lo_pal64_pad64,2.33484519272995,0.7745253164556962,4.2723631508678235,4.3946875,0.8552734375,13,0.05315471045808125,0.9625,3.644126512948734,0.9471518987341772,12.549019607843137,0.63421875,0.920703125,0,0.15057915057915058,1.0,2.918213667628795,0.804746835443038,3.928790669122161,4.110625,0.69375,13,0.00707395498392283,1.0,4.0767384644884705,0.5946539365679645,1.7611336032388665,6.373036038371792,0.32143693166471593,7,0.017385057471264367,1.0,2.3817346535065793,0.8206521739130435,3.310344827586207,4.291666666666667,0.71875,0,0.1111111111111111,0.9583333333333334,3.3541910670657527
16,32,row,morton,False,32,True,False,tw16_th32_trow_imorton_lo_pal32_pad64,0.40397672819143415,0.5929588607594938,1.941747572815534,12.55875,0.8572265625,0,0.09480519480519481,0.9875,3.702510302662202,0.94375,13.973799126637555,0.78796875,0.9193359375,0,0.15444015444015444,1.0,3.5302023392176114,0.7873417721518987,4.630969609261939,4.725,0.65625,7,0.015533980582524271,1.0,3.810557649695064,0.633746366351486,2.4855007088542336,6.797459165154265,0.38334383721977133,10,0.020604543015560722,1.0,2.977109462759336,0.826086956521739,4.88135593220339,7.005208333333333,0.6909722222222222,0,0.033707865168539325,0.7638888888888888,3.353701666328519
16,8,col,col,True,64,False,True,tw16_th8_tcol_icol_hi_pal64_full,0.6853163528783899,0.5772151898734177,1.6593207155820586,10.72765625,0.8552734375,0,0.029818496110630942,1.0,3.9614018617491933,0.9450158227848101,10.79258010118044,0.72,0.920703125,0,0.0694980694980695,1.0,3.4846755430940606,0.8188291139240507,4.10783055198973,4.18140625,0.69375,9,0.002572347266881029,1.0,3.40288540227652,0.6502185584511346,2.04477981197427,6.2204995246737536,0.3212208517151346,17,0.008300991806813282,1.0,3.4112610355860706,0.8369565217391304,3.5121951219512195,4.588541666666667,0.7256944444444444,0,0.012658227848101266,0.75,3.3527971577310804
16,8,col,col,True,64,True,True,tw16_th8_tcol_icol_hi_pal64_pad64_full,0.6853163528783899,0.5772151898734177,1.6593207155820586,10.72765625,0.8552734375,0,0.029818496110630942,1.0,3.9614018617491933,0.9450158227848101,10.79258010118044,0.72,0.920703125,0,0.0694980694980695,1.0,3.4846755430940606,0.8188291139240507,4.10783055198973,4.18140625,0.69375,9,0.002572347266881029,1.0,3.40288540227652,0.6502185584511346,2.04477981197427,6.2204995246737536,0.3212208517151346,17,0.008300991806813282,1.0,3.4112610355860706,0.8369565217391304,3.5121951219512195,4.588541666666667,0.7256944444444444,0,0.012658227848101266,0.75,3.3527971577310804
16,16,col,col,True,64,False,False,tw16_th16_tcol_icol_hi_pal64,0.17317983888207378,0.5912183544303797,1.5080113100848256,4.4578125,0.8552734375,13,0.2510803802938634,0.9625,4.386801555953883,0.9475474683544304,10.774410774410775,0.60234375,0.920703125,0,0.011583011583011582,0.97515625,3.5038908993267786,0.8097310126582279,3.7536656891495603,3.624375,0.69375,9,0.0038585209003215433,1.0,3.3139862927850414,0.6138759103664164,1.7939534883720931,6.593224440411373,0.3210948050778788,16,0.0017500875043752187,1.0,2.8702463951105264,0.8260869565217391,3.272727272727273,4.722222222222222,0.8576388888888888,0,0.0,0.9166666666666666,3.346654952830103
16,32,row,morton,False,32,False,False,tw16_th32_trow_imorton_lo_pal32,0.40397672819143415,0.5929588607594938,1.941747572815534,12.55875,0.8572265625,0,0.09480519480519481,0.9875,3.702510302662202,0.94375,13.973799126637555,0.78796875,0.9193359375,0,0.15444015444015444,1.0,3.5302023392176114,0.7873417721518987,4.630969609261939,4.725,0.65625,7,0.015533980582524271,1.0,3.7855378566533586,0.626815863700434,2.4320063895077557,6.880909169475412,0.371243360043216,10,0.02011826038277177,1.0,2.977109462759336,0.826086956521739,4.88135593220339,7.005208333333333,0.6909722222222222,0,0.033707865168539325,0.7638888888888888,3.3461957284160073
16,32,col,col,False,64,False,False,tw16_th32_tcol_icol_lo_pal64,2.33484519272995,0.7745253164556962,4.2723631508678235,4.3946875,0.8552734375,13,0.05315471045808125,0.9625,3.644126512948734,0.9471518987341772,12.549019607843137,0.63421875,0.920703125,0,0.15057915057915058,1.0,2.918213667628795,0.804746835443038,3.928790669122161,4.110625,0.69375,13,0.00707395498392283,1.0,4.00770001650209,0.5870676119919159,1.731563510116126,6.65963183821623,0.32084271180336726,7,0.015610780539026951,1.0,2.3817346535065793,0.8206521739130435,3.310344827586207,4.291666666666667,0.71875,0,0.1111111111111111,0.9583333333333334,3.3334795326698385
16,32,row,morton,False,64,False,False,tw16_th32_trow_imorton_lo_pal64,0.4012330070521559,0.592246835443038,1.941747572815534,12.5975,0.8578125,0,0.09464131374243734,0.9875,3.7047203027362476,0.9433544303797468,14.035087719298245,0.79234375,0.9197265625,0,0.15444015444015444,1.0,3.515840795173127,0.7854430379746835,4.617604617604617,4.65203125,0.6556640625,7,0.01864951768488746,1.0,3.682140858119528,0.6267551773308779,2.4338479660090027,6.869570477918935,0.370757180156658,11,0.021106055302765138,1.0,3.1291316193550234,0.8351449275362319,5.097345132743363,6.493055555555555,0.71875,0,0.024691358024691357,0.7638888888888888,3.3269999453919707
16,4,row,bup,True,64,False,True,tw16_th4_trow_ibup_hi_pal64_full,-0.04031719328715688,0.5916139240506328,2.3071377072819033,4.40375,0.8890625,15,0.2510803802938634,0.9625,5.010116156893501,0.95,18.285714285714285,0.63046875,0.9236328125,0,0.003861003861003861,1.0,2.5576835058422445,0.7958860759493671,5.942432683379758,4.3075,0.68046875,17,0.00707395498392283,1.0,3.2813835591412666,0.6023704236548745,2.952388242498469,6.803871748336358,0.41750247591608897,15,0.002316358403818482,1.0,3.732562980540247,0.8378623188405797,8.112676056338028,4.4375,0.7604166666666666,0,0.014492753623188406,0.7638888888888888,3.3220739026447257
16,4,col,morton,False,32,False,False,tw16_th4_tcol_imorton_lo_pal32,0.41388681923720916,0.5927215189873418,1.9429265330904675,12.576875,0.853515625,0,0.09393939393939393,0.9875,3.7611406957696016,0.94375,14.065934065934066,0.77125,0.9193359375,0,0.15057915057915058,0.9875,3.3496282174350345,0.7835443037974683,4.926866820631255,4.78796875,0.693359375,8,0.016181229773462782,1.0,3.8776243541970334,0.6308224889656321,2.4232460732984293,6.784271022383545,0.32113081840280905,10,0.022532451628704386,1.0,2.7413847302761543,0.8315217391304348,5.097345132743363,6.824652777777778,0.6909722222222222,0,0.033707865168539325,0.9166666666666666,3.3193366422589077
16,32,col,morton,True,64,False,True,tw16_th32_tcol_imorton_hi_pal64_full,0.9244692972361657,0.6086234177215191,2.041467304625199,12.64984375,0.8595703125,0,0.015131863380890618,1.0,3.101983006005926,0.9481012658227848,15.311004784688995,0.760625,0.92578125,0,0.08764940239043825,0.9625,3.2916973872553346,0.7587025316455696,4.10783055198973,4.965625,0.591015625,8,0.01855072463768116,1.0,4.116156381640574,0.6507905182028407,2.6030324844776387,6.560746694322012,0.33382551544071304,9,0.018288168221531172,1.0,3.4660057875558214,0.8596014492753623,5.938144329896907,5.586805555555555,0.75,0,0.013888888888888888,0.7638888888888888,3.3177619392745754
16,32,col,morton,True,64,True,True,tw16_th32_tcol_imorton_hi_pal64_pad64_full,0.9244692972361657,0.6086234177215191,2.041467304625199,12.64984375,0.8595703125,0,0.015131863380890618,1.0,3.101983006005926,0.9481012658227848,15.311004784688995,0.760625,0.92578125,0,0.08764940239043825,0.9625,3.2916973872553346,0.7587025316455696,4.10783055198973,4.965625,0.591015625,8,0.01855072463768116,1.0,4.116156381640574,0.6507905182028407,2.6030324844776387,6.560746694322012,0.33382551544071304,9,0.018288168221531172,1.0,3.4660057875558214,0.8596014492753623,5.938144329896907,5.586805555555555,0.75,0,0.013888888888888888,0.7638888888888888,3.3177619392745754
16,16,col,col,True,32,False,False,tw16_th16_tcol_icol_hi_pal32,0.053104654692059716,0.5921677215189873,1.509790044821892,4.4509375,0.853515625,14,0.2523809523809524,0.9625,4.341125611797557,0.9476265822784811,10.79258010118044,0.6015625,0.9193359375,0,0.011583011583011582,1.0,3.141591637467172,0.8117879746835444,3.780271707028943,3.68015625,0.693359375,12,0.004530744336569579,1.0,3.620434078358506,0.6148981486065614,1.7993655335427488,6.574781782041311,0.3214549383271811,13,0.0018543787831076589,1.0,2.737051868802441,0.8106884057971014,3.031578947368421,5.09375,0.8506944444444444,0,0.0,0.9166666666666666,3.3095902675719904
16,16,col,hilbert,False,32,True,False,tw16_th16_tcol_ihilbert_lo_pal32_pad64,-0.884071579213825,0.6246044303797469,1.937046004842615,10.63109375,0.853515625,0,0.32727272727272727,1.0,4.269189229324617,0.9476265822784811,13.588110403397028,0.783125,0.9193359375,0,0.06563706563706563,0.97515625,3.2823445124458974,0.8142405063291139,4.6817849305047545,4.48234375,0.693359375,10,0.012944983818770227,1.0,3.640449965442837,0.65822584538755,2.423652130199824,6.354057557687322,0.31934815881876294,15,0.009398765963552876,1.0,3.1959995883768473,0.8650362318840579,5.76,5.201388888888889,0.6944444444444444,0,0.033707865168539325,0.9166666666666666,3.304407994993764
16,16,row,col,True,32,False,True,tw16_th16_trow_icol_hi_pal32_full,0.15844319635872628,0.5921677215189873,1.509790044821892,4.42640625,0.866015625,13,0.2523809523809524,0.9625,4.367473529846288,0.9477056962025316,10.774410774410775,0.5915625,0.91875,0,0.011583011583011582,0.9875,2.462744099979996,0.8136867088607594,3.7780401416765055,3.4871875,0.6123046875,19,0.004530744336569579,1.0,3.9997258373839664,0.613170732417887,1.8224343224343225,6.604735977875724,0.3929954083010714,8,0.002424029509924469,1.0,3.121573920549142,0.822463768115942,3.2542372881355934,4.784722222222222,0.9270833333333334,0,0.0,0.7256944444444444,3.300607182733636
16,16,row,col,True,32,True,True,tw16_th16_trow_icol_hi_pal32_pad64_full,0.15844319635872628,0.5921677215189873,1.509790044821892,4.42640625,0.866015625,13,0.2523809523809524,0.9625,4.367473529846288,0.9477056962025316,10.774410774410775,0.5915625,0.91875,0,0.011583011583011582,0.9875,2.462744099979996,0.8136867088607594,3.7780401416765055,3.4871875,0.6123046875,19,0.004530744336569579,1.0,3.9997258373839664,0.613170732417887,1.8224343224343225,6.604735977875724,0.3929954083010714,8,0.002424029509924469,1.0,3.121573920549142,0.822463768115942,3.2542372881355934,4.784722222222222,0.9270833333333334,0,0.0,0.7256944444444444,3.300607182733636
16,4,col,morton,False,64,False,False,tw16_th4_tcol_imorton_lo_pal64,0.40832869203548516,0.5917721518987342,1.941747572815534,12.6209375,0.8552734375,0,0.09377700950734659,0.9875,3.7591940811862687,0.94375,14.065934065934066,0.770625,0.920703125,0,0.15057915057915058,0.9875,3.205982177753346,0.779113924050633,4.87062404870624,4.795625,0.69375,9,0.01607717041800643,1.0,3.8820293486710273,0.6306748177843673,2.4207112970711298,6.779016506784202,0.32114882506527415,10,0.021806090304515226,1.0,2.8769561431694965,0.8396739130434783,5.284403669724771,6.375,0.71875,0,0.024691358024691357,0.9166666666666666,3.295916541605396
16,4,col,morton,False,64,False,True,tw16_th4_tcol_imorton_lo_pal64_full,0.40832869203548516,0.5917721518987342,1.941747572815534,12.6209375,0.8552734375,0,0.09377700950734659,0.9875,3.7591940811862687,0.94375,14.065934065934066,0.770625,0.920703125,0,0.15057915057915058,0.9875,3.205982177753346,0.779113924050633,4.87062404870624,4.795625,0.69375,9,0.01607717041800643,1.0,3.9953203509860513,0.633906217451154,2.4308823529411763,6.685420447670902,0.3303502295849464,9,0.02218599376240431,1.0,2.507028867238809,0.8079710144927537,4.571428571428571,7.192708333333333,0.6770833333333334,0,0.043010752688172046,0.9166666666666666,3.292911114706835
16,16,col,col,True,0,True,False,tw16_th16_tcol_icol_hi_pal0_pad64,-0.18831403664817703,0.5924050632911393,1.509790044821892,4.46296875,0.8533203125,16,0.25249025552187093,0.9625,4.440366447768023,0.9475474683544304,10.79258010118044,0.60421875,0.9193359375,0,0.011583011583011582,0.95,2.9087290309927916,0.8134493670886076,3.7825059101654848,3.5803125,0.6888671875,14,0.008376288659793814,1.0,3.7714525639955534,0.6200716653056619,1.8174535859014231,6.429885057471265,0.31844782569550734,12,0.001828219099512475,1.0,2.6268953656341765,0.7989130434782609,2.823529411764706,5.461805555555555,0.8402777777777778,0,0.0,0.9166666666666666,3.2898250073080413
16,4,col,morton,False,32,False,True,tw16_th4_tcol_imorton_lo_pal32_full,0.41388681923720916,0.5927215189873418,1.9429265330904675,12.576875,0.853515625,0,0.09393939393939393,0.9875,3.7611406957696016,0.94375,14.065934065934066,0.77125,0.9193359375,0,0.15057915057915058,0.9875,3.3496282174350345,0.7835443037974683,4.926866820631255,4.78796875,0.693359375,8,0.016181229773462782,1.0,3.896853380299868,0.633479344576231,2.42904525988748,6.709134906231095,0.3282254434140632,10,0.021492853361566967,1.0,2.3748441951566965,0.7916666666666667,4.266666666666667,7.949652777777778,0.6388888888888888,0,0.038461538461538464,0.9166666666666666,3.2884512965778123
16,16,row,col,True,32,False,False,tw16_th16_trow_icol_hi_pal32,0.15844319635872628,0.5921677215189873,1.509790044821892,4.42640625,0.866015625,13,0.2523809523809524,0.9625,4.367473529846288,0.9477056962025316,10.774410774410775,0.5915625,0.91875,0,0.011583011583011582,0.9875,2.462744099979996,0.8136867088607594,3.7780401416765055,3.4871875,0.6123046875,19,0.004530744336569579,1.0,4.096249652562063,0.6123600003035179,1.8211722488038278,6.629798634517328,0.39173494192851355,7,0.0020643084566670166,1.0,2.6885517310789053,0.8097826086956521,3.0,5.128472222222222,0.875,0,0.0,0.9166666666666666,3.286262108340041
16,16,row,col,True,64,False,True,tw16_th16_trow_icol_hi_pal64_full,0.15963856590120384,0.5912974683544304,1.507656065959953,4.4353125,0.8669921875,13,0.2510803802938634,0.9625,4.366685769429623,0.9477056962025316,10.774410774410775,0.59453125,0.9189453125,0,0.011583011583011582,0.9875,2.329832118130693,0.812737341772152,3.789224393132031,3.516875,0.6158203125,20,0.0045016077170418,1.0,4.006483621592975,0.6139079775769349,1.8255971726988736,6.582767262985048,0.3930674349509318,8,0.0024253928081830645,1.0,3.297259963768116,0.838768115942029,3.5555555555555554,4.303819444444445,0.9236111111111112,0,0.0,0.7256944444444444,3.2855368188924827
16,16,row,col,True,64,True,True,tw16_th16_trow_icol_hi_pal64_pad64_full,0.15963856590120384,0.5912974683544304,1.507656065959953,4.4353125,0.8669921875,13,0.2510803802938634,0.9625,4.366685769429623,0.9477056962025316,10.774410774410775,0.59453125,0.9189453125,0,0.011583011583011582,0.9875,2.329832118130693,0.812737341772152,3.789224393132031,3.516875,0.6158203125,20,0.0045016077170418,1.0,4.006483621592975,0.6139079775769349,1.8255971726988736,6.582767262985048,0.3930674349509318,8,0.0024253928081830645,1.0,3.297259963768116,0.838768115942029,3.5555555555555554,4.303819444444445,0.9236111111111112,0,0.0,0.7256944444444444,3.2855368188924827
16,4,col,morton,False,0,False,True,tw16_th4_tcol_imorton_lo_pal0_full,0.41423442575066716,0.5934335443037975,1.9435165502581233,12.530625,0.8533203125,0,0.09441316587267215,0.9875,3.7612188207696016,0.94375,14.065934065934066,0.77078125,0.9193359375,0,0.15057915057915058,0.9875,3.374687693095199,0.7856012658227848,4.980544747081712,4.756875,0.6888671875,8,0.01610824742268041,1.0,3.889572717468594,0.6332538505141538,2.4304738699378254,6.729720853858785,0.32876564328801655,10,0.021868927751280694,1.0,2.2921864027520495,0.7817028985507246,4.114285714285714,8.56423611111111,0.6041666666666666,0,0.03508771929824561,0.9166666666666666,3.2845649031806845
16,2,row,morton,False,32,False,False,tw16_th2_trow_imorton_lo_pal32,5.033877495223377,0.7079113924050633,2.0499679692504804,5.0753125,0.8880859375,5,0.3359307359307359,0.9875,3.8391969590324546,0.9425632911392405,13.588110403397028,0.82734375,0.930078125,0,0.15444015444015444,0.901875,2.949230406395512,0.781487341772152,5.333333333333333,5.1025,0.741015625,10,0.026537216828478965,1.0,2.7304983074714535,0.6292922471565232,2.600341588385995,6.8339987900786445,0.4256054740253894,20,0.02099296735593576,1.0,2.8585274973312353,0.8469202898550725,6.0,5.538194444444445,0.6909722222222222,0,0.0449438202247191,1.0,3.272703556603701
16,16,row,col,True,64,False,False,tw16_th16_trow_icol_hi_pal64,0.15963856590120384,0.5912974683544304,1.507656065959953,4.4353125,0.8669921875,13,0.2510803802938634,0.9625,4.366685769429623,0.9477056962025316,10.774410774410775,0.59453125,0.9189453125,0,0.011583011583011582,0.9875,2.329832118130693,0.812737341772152,3.789224393132031,3.516875,0.6158203125,20,0.0045016077170418,1.0,4.09826146693013,0.6126114863947061,1.821917808219178,6.625079941232391,0.39162690195372285,7,0.002065103255162758,1.0,2.8033610896252883,0.8233695652173914,3.235955056179775,4.758680555555555,0.8888888888888888,0,0.0,0.9166666666666666,3.2636802850793467
16,16,row,col,True,32,True,False,tw16_th16_trow_icol_hi_pal32_pad64,0.15844319635872628,0.5921677215189873,1.509790044821892,4.42640625,0.866015625,13,0.2523809523809524,0.9625,4.367473529846288,0.9477056962025316,10.774410774410775,0.5915625,0.91875,0,0.011583011583011582,0.9875,2.462744099979996,0.8136867088607594,3.7780401416765055,3.4871875,0.6123046875,19,0.004530744336569579,1.0,4.005243343677245,0.61342122266669,1.822262118491921,6.598427102238355,0.3920950751778158,8,0.002069376731787731,1.0,2.6885517310789053,0.8097826086956521,3.0,5.128472222222222,0.875,0,0.0,0.9166666666666666,3.258960215674596
16,16,row,col,True,0,False,True,tw16_th16_trow_icol_hi_pal0_full,0.15576087857297294,0.5922468354430379,1.5105027141845646,4.43203125,0.8669921875,13,0.25249025552187093,0.9625,4.376276682957506,0.9480221518987342,10.865874363327674,0.5903125,0.9189453125,0,0.011583011583011582,0.9875,2.341994821117409,0.8157436708860759,3.8004750593824226,3.39625,0.6142578125,20,0.008376288659793814,1.0,4.001262215229318,0.6133274506251574,1.8227788279773156,6.59929133177772,0.3934275682002341,8,0.0023204303343529165,1.0,2.9456224369644475,0.806159420289855,2.9844559585492227,5.282986111111111,0.9305555555555556,0,0.0,0.7256944444444444,3.254152369610556
16,16,row,col,True,0,True,True,tw16_th16_trow_icol_hi_pal0_pad64_full,0.15576087857297294,0.5922468354430379,1.5105027141845646,4.43203125,0.8669921875,13,0.25249025552187093,0.9625,4.376276682957506,0.9480221518987342,10.865874363327674,0.5903125,0.9189453125,0,0.011583011583011582,0.9875,2.341994821117409,0.8157436708860759,3.8004750593824226,3.39625,0.6142578125,20,0.008376288659793814,1.0,4.001262215229318,0.6133274506251574,1.8227788279773156,6.59929133177772,0.3934275682002341,8,0.0023204303343529165,1.0,2.9456224369644475,0.806159420289855,2.9844559585492227,5.282986111111111,0.9305555555555556,0,0.0,0.7256944444444444,3.254152369610556
16,32,col,morton,True,32,False,True,tw16_th32_tcol_imorton_hi_pal32_full,0.9163612541476853,0.6075949367088608,2.038216560509554,12.66984375,0.85859375,0,0.01599654128837008,1.0,3.051206816393072,0.9483386075949367,15.274463007159904,0.75984375,0.9255859375,0,0.08333333333333333,1.0,3.358023615407811,0.7668512658227848,4.2356055592322965,4.7221875,0.5986328125,8,0.01956135151155898,1.0,3.9086294300291042,0.64953124926865,2.593580490429013,6.6246823956442835,0.33211488250652743,11,0.01722353636901242,1.0,3.3676006441223834,0.8478260869565217,5.76,6.142361111111111,0.71875,0,0.012345679012345678,0.7638888888888888,3.2490577060210137
16,32,col,morton,True,32,True,True,tw16_th32_tcol_imorton_hi_pal32_pad64_full,0.9163612541476853,0.6075949367088608,2.038216560509554,12.66984375,0.85859375,0,0.01599654128837008,1.0,3.051206816393072,0.9483386075949367,15.274463007159904,0.75984375,0.9255859375,0,0.08333333333333333,1.0,3.358023615407811,0.7668512658227848,4.2356055592322965,4.7221875,0.5986328125,8,0.01956135151155898,1.0,3.9086294300291042,0.64953124926865,2.593580490429013,6.6246823956442835,0.33211488250652743,11,0.01722353636901242,1.0,3.3676006441223834,0.8478260869565217,5.76,6.142361111111111,0.71875,0,0.012345679012345678,0.7638888888888888,3.2490577060210137
16,16,row,col,True,0,True,False,tw16_th16_trow_icol_hi_pal0_pad64,0.15576087857297294,0.5922468354430379,1.5105027141845646,4.43203125,0.8669921875,13,0.25249025552187093,0.9625,4.376276682957506,0.9480221518987342,10.865874363327674,0.5903125,0.9189453125,0,0.011583011583011582,0.9875,2.341994821117409,0.8157436708860759,3.8004750593824226,3.39625,0.6142578125,20,0.008376288659793814,1.0,4.105124566492955,0.6135434763432968,1.8238131265367883,6.593881254861291,0.3933555415503736,7,0.0020033741037536906,1.0,2.5755787037037043,0.7961956521739131,2.782608695652174,5.496527777777778,0.8611111111111112,0,0.0,0.9166666666666666,3.2483067016635725
16,16,row,col,True,64,True,False,tw16_th16_trow_icol_hi_pal64_pad64,0.15963856590120384,0.5912974683544304,1.507656065959953,4.4353125,0.8669921875,13,0.2510803802938634,0.9625,4.366685769429623,0.9477056962025316,10.774410774410775,0.59453125,0.9189453125,0,0.011583011583011582,0.9875,2.329832118130693,0.812737341772152,3.789224393132031,3.516875,0.6158203125,20,0.0045016077170418,1.0,4.0101922951061155,0.6141588125404097,1.8269807686234882,6.576665802437128,0.39328351490051316,8,0.002109185502864977,1.0,2.8033610896252883,0.8233695652173914,3.235955056179775,4.758680555555555,0.8888888888888888,0,0.0,0.9166666666666666,3.237259533532142
16,16,col,col,True,32,True,False,tw16_th16_tcol_icol_hi_pal32_pad64,0.053104654692059716,0.5921677215189873,1.509790044821892,4.4509375,0.853515625,14,0.2523809523809524,0.9625,4.341125611797557,0.9476265822784811,10.79258010118044,0.6015625,0.9193359375,0,0.011583011583011582,1.0,3.141591637467172,0.8117879746835444,3.780271707028943,3.68015625,0.693359375,12,0.004530744336569579,1.0,3.378848837335834,0.6213283680306294,1.82571239231279,6.413430127041742,0.3191500855316467,16,0.001829530779164873,1.0,2.737051868802441,0.8106884057971014,3.031578947368421,5.09375,0.8506944444444444,0,0.0,0.9166666666666666,3.237114695265189
16,16,col,hilbert,False,32,False,False,tw16_th16_tcol_ihilbert_lo_pal32,-0.884071579213825,0.6246044303797469,1.937046004842615,10.63109375,0.853515625,0,0.32727272727272727,1.0,4.269189229324617,0.9476265822784811,13.588110403397028,0.783125,0.9193359375,0,0.06563706563706563,0.97515625,3.2823445124458974,0.8142405063291139,4.6817849305047545,4.48234375,0.693359375,10,0.012944983818770227,1.0,3.388028990852143,0.6526903249020528,2.408918682599825,6.527214588194624,0.3213829116773206,17,0.0089220111262727,1.0,3.1959995883768473,0.8650362318840579,5.76,5.201388888888889,0.6944444444444444,0,0.033707865168539325,0.9166666666666666,3.228681702616555
16,4,col,bup,False,32,False,True,tw16_th4_tcol_ibup_lo_pal32_full,0.33731626687284066,0.5919303797468354,2.337472607742878,4.43796875,0.853515625,12,0.2567099567099567,0.9625,3.1139628677531657,0.9401898734177214,14.545454545454545,0.63875,0.9193359375,0,0.26640926640926643,0.9875,3.2658646291528983,0.7959651898734177,5.276174773289365,3.74078125,0.693359375,10,0.032362459546925564,1.0,4.235385662661371,0.6205958960991496,2.6429876656007307,6.465525883674704,0.3277752768524354,7,0.01633272188514181,1.0,2.718936893794705,0.7907608695652174,6.260869565217392,5.298611111111111,0.7048611111111112,0,0.11627906976744186,0.7638888888888888,3.2282498387232854
16,4,col,morton,False,0,False,False,tw16_th4_tcol_imorton_lo_pal0,0.41423442575066716,0.5934335443037975,1.9435165502581233,12.530625,0.8533203125,0,0.09441316587267215,0.9875,3.7612188207696016,0.94375,14.065934065934066,0.77078125,0.9193359375,0,0.15057915057915058,0.9875,3.374687693095199,0.7856012658227848,4.980544747081712,4.756875,0.6888671875,8,0.01610824742268041,1.0,3.5777166837789656,0.6308395105719979,2.4230430958663147,6.809558378705384,0.320806698478437,13,0.021904195388222122,1.0,2.6398959866429896,0.8251811594202898,4.9655172413793105,7.194444444444445,0.6631944444444444,0,0.041237113402061855,0.9166666666666666,3.22577905146289
16,16,row,col,True,0,False,False,tw16_th16_trow_icol_hi_pal0,0.15576087857297294,0.5922468354430379,1.5105027141845646,4.43203125,0.8669921875,13,0.25249025552187093,0.9625,4.376276682957506,0.9480221518987342,10.865874363327674,0.5903125,0.9189453125,0,0.011583011583011582,0.9875,2.341994821117409,0.8157436708860759,3.8004750593824226,3.39625,0.6142578125,20,0.008376288659793814,1.0,3.995861616514607,0.6122124823287738,1.8210576015108593,6.629297381384496,0.3917889619159089,8,0.0020294621925189826,1.0,2.5755787037037043,0.7961956521739131,2.782608695652174,5.496527777777778,0.8611111111111112,0,0.0,0.9166666666666666,3.215527816670068
16,4,col,bup,False,64,False,True,tw16_th4_tcol_ibup_lo_pal64_full,0.34290894496752244,0.5912183544303797,2.337472607742878,4.41859375,0.8552734375,12,0.2554019014693172,0.9625,3.111297305385023,0.9398734177215189,14.545454545454545,0.63484375,0.920703125,0,0.26640926640926643,0.9875,3.1251158897127547,0.7946993670886076,5.157131345688961,3.8025,0.69375,11,0.031511254019292605,1.0,4.238391662061703,0.6213869637946693,2.6478260869565218,6.437732261688705,0.3303322229224813,7,0.01655910928302957,1.0,2.8301206519191178,0.8052536231884058,6.4,4.946180555555555,0.7256944444444444,0,0.11392405063291139,0.7638888888888888,3.2034297101332467
16,4,col,bup,False,0,False,True,tw16_th4_tcol_ibup_lo_pal0_full,0.3363962480711802,0.5920886075949368,2.338326635001827,4.44546875,0.8533203125,12,0.2568211346903421,0.9625,3.087604745390297,0.9401107594936708,14.545454545454545,0.645,0.9193359375,0,0.26640926640926643,1.0,3.1909927452513025,0.7978639240506329,5.4283290924512295,3.63734375,0.6888671875,11,0.03221649484536082,1.0,4.2328717083736125,0.6207002472318959,2.646735898257011,6.4727508426238005,0.3283875033762492,7,0.016519590540063536,1.0,2.7014341787439617,0.7807971014492754,6.260869565217392,5.59375,0.6875,0,0.10869565217391304,0.7638888888888888,3.19935197779899
16,16,col,col,True,0,False,True,tw16_th16_tcol_icol_hi_pal0_full,-0.18831403664817703,0.5924050632911393,1.509790044821892,4.46296875,0.8533203125,16,0.25249025552187093,0.9625,4.440366447768023,0.9475474683544304,10.79258010118044,0.60421875,0.9193359375,0,0.011583011583011582,0.95,2.9087290309927916,0.8134493670886076,3.7825059101654848,3.5803125,0.6888671875,14,0.008376288659793814,1.0,3.306439842442858,0.6307689438897885,1.878775086055725,6.334059286146401,0.33314126226703883,17,0.0029686804215526197,1.0,2.9937539441615524,0.8134057971014492,3.1135135135135137,5.055555555555555,0.8993055555555556,0,0.0,0.7638888888888888,3.18700704869497
16,16,col,col,True,0,True,True,tw16_th16_tcol_icol_hi_pal0_pad64_full,-0.18831403664817703,0.5924050632911393,1.509790044821892,4.46296875,0.8533203125,16,0.25249025552187093,0.9625,4.440366447768023,0.9475474683544304,10.79258010118044,0.60421875,0.9193359375,0,0.011583011583011582,0.95,2.9087290309927916,0.8134493670886076,3.7825059101654848,3.5803125,0.6888671875,14,0.008376288659793814,1.0,3.306439842442858,0.6307689438897885,1.878775086055725,6.334059286146401,0.33314126226703883,17,0.0029686804215526197,1.0,2.9937539441615524,0.8134057971014492,3.1135135135135137,5.055555555555555,0.8993055555555556,0,0.0,0.7638888888888888,3.18700704869497
16,32,row,row,False,32,True,False,tw16_th32_trow_irow_lo_pal32_pad64,0.21391466715860652,0.5918512658227848,2.335766423357664,4.4378125,0.8572265625,13,0.25627705627705627,0.9625,3.103846566005714,0.9401898734177214,14.645308924485127,0.599375,0.9193359375,0,0.26640926640926643,1.0,3.3693569731010724,0.7977056962025317,5.258833196384552,3.62671875,0.65625,10,0.0284789644012945,1.0,4.067657411116753,0.6034753551146199,2.7137764435480087,6.475499092558984,0.38325380390744573,7,0.019710248613843677,1.0,2.6375226912171224,0.7934782608695652,6.329670329670329,5.128472222222222,0.6909722222222222,0,0.0898876404494382,0.9166666666666666,3.184195585997191
16,16,col,col,True,0,False,False,tw16_th16_tcol_icol_hi_pal0,-0.18831403664817703,0.5924050632911393,1.509790044821892,4.46296875,0.8533203125,16,0.25249025552187093,0.9625,4.440366447768023,0.9475474683544304,10.79258010118044,0.60421875,0.9193359375,0,0.011583011583011582,0.95,2.9087290309927916,0.8134493670886076,3.7825059101654848,3.5803125,0.6888671875,14,0.008376288659793814,1.0,3.4115673508674336,0.6144119299191393,1.798582398109864,6.619445164635727,0.3212028450526695,15,0.0018195178277756394,1.0,2.6268953656341765,0.7989130434782609,2.823529411764706,5.461805555555555,0.8402777777777778,0,0.0,0.9166666666666666,3.1818594433696052
16,8,col,bup,False,32,False,True,tw16_th8_tcol_ibup_lo_pal32_full,0.3365208422947821,0.5921677215189873,2.337472607742878,4.4484375,0.853515625,12,0.2567099567099567,0.9625,3.092943287056963,0.9401107594936708,14.545454545454545,0.61296875,0.9193359375,0,0.26640926640926643,1.0,3.132542823665618,0.7924841772151898,5.276174773289365,3.76046875,0.693359375,11,0.03171521035598705,1.0,4.20962687685494,0.602152404442439,2.6531688526093737,6.07565465387607,0.31891599891960026,7,0.02151617299003084,1.0,2.7266110081264285,0.7916666666666667,6.260869565217392,5.274305555555555,0.7048611111111112,0,0.11627906976744186,0.7638888888888888,3.1810972200405785
16,8,col,bup,False,32,True,True,tw16_th8_tcol_ibup_lo_pal32_pad64_full,0.3365208422947821,0.5921677215189873,2.337472607742878,4.4484375,0.853515625,12,0.2567099567099567,0.9625,3.092943287056963,0.9401107594936708,14.545454545454545,0.61296875,0.9193359375,0,0.26640926640926643,1.0,3.132542823665618,0.7924841772151898,5.276174773289365,3.76046875,0.693359375,11,0.03171521035598705,1.0,4.20962687685494,0.602152404442439,2.6531688526093737,6.07565465387607,0.31891599891960026,7,0.02151617299003084,1.0,2.7266110081264285,0.7916666666666667,6.260869565217392,5.274305555555555,0.7048611111111112,0,0.11627906976744186,0.7638888888888888,3.1810972200405785
16,16,col,col,True,32,False,True,tw16_th16_tcol_icol_hi_pal32_full,0.053104654692059716,0.5921677215189873,1.509790044821892,4.4509375,0.853515625,14,0.2523809523809524,0.9625,4.341125611797557,0.9476265822784811,10.79258010118044,0.6015625,0.9193359375,0,0.011583011583011582,1.0,3.141591637467172,0.8117879746835444,3.780271707028943,3.68015625,0.693359375,12,0.004530744336569579,1.0,3.0106396393622292,0.6315500453201777,1.8762161110390452,6.344101633393829,0.3325470424056901,20,0.002623508110704652,1.0,3.1950995543073306,0.832427536231884,3.408284023668639,4.545138888888889,0.8888888888888888,0,0.0,0.7638888888888888,3.1724567044235967
16,16,col,col,True,32,True,True,tw16_th16_tcol_icol_hi_pal32_pad64_full,0.053104654692059716,0.5921677215189873,1.509790044821892,4.4509375,0.853515625,14,0.2523809523809524,0.9625,4.341125611797557,0.9476265822784811,10.79258010118044,0.6015625,0.9193359375,0,0.011583011583011582,1.0,3.141591637467172,0.8117879746835444,3.780271707028943,3.68015625,0.693359375,12,0.004530744336569579,1.0,3.0106396393622292,0.6315500453201777,1.8762161110390452,6.344101633393829,0.3325470424056901,20,0.002623508110704652,1.0,3.1950995543073306,0.832427536231884,3.408284023668639,4.545138888888889,0.8888888888888888,0,0.0,0.7638888888888888,3.1724567044235967
16,8,col,bup,False,32,True,False,tw16_th8_tcol_ibup_lo_pal32_pad64,0.3365208422947821,0.5921677215189873,2.337472607742878,4.4484375,0.853515625,12,0.2567099567099567,0.9625,3.092943287056963,0.9401107594936708,14.545454545454545,0.61296875,0.9193359375,0,0.26640926640926643,1.0,3.132542823665618,0.7924841772151898,5.276174773289365,3.76046875,0.693359375,11,0.03171521035598705,1.0,4.213016676125144,0.6025253015743695,2.658411064651013,6.066182698124622,0.3189880255694607,7,0.021517716253048342,1.0,2.6260788008773392,0.7952898550724637,6.4,5.138888888888889,0.6979166666666666,0,0.09195402298850575,0.9166666666666666,3.1720609390967307
16,2,row,bup,False,64,False,True,tw16_th2_trow_ibup_lo_pal64_full,0.16222638660063948,0.5909810126582279,2.334914264866837,4.5140625,0.8826171875,13,0.25583405358686256,0.9625,3.143464367621309,0.940506329113924,14.545454545454545,0.69,0.927734375,0,0.26640926640926643,0.9628125,3.391066870102166,0.785126582278481,5.369127516778524,4.94734375,0.741796875,7,0.019935691318327974,1.0,3.7575720740508816,0.5785128668867918,2.6779763006850583,6.766675308962061,0.42333663455478526,8,0.01947665253791992,1.0,3.252101127114276,0.7735507246376812,5.538461538461538,1.8958333333333333,0.6770833333333334,0,0.13978494623655913,0.6666666666666666,3.1644379676628467
16,32,col,morton,False,32,False,True,tw16_th32_tcol_imorton_lo_pal32_full,0.39756470004170863,0.5910601265822786,1.9405700424499697,12.66984375,0.85859375,0,0.09424989191526156,0.9875,2.5574036152237793,0.9466772151898735,14.285714285714286,0.75984375,0.9255859375,0,0.15079365079365079,1.0,3.4720695103681516,0.7651898734177216,4.158544509421702,4.7221875,0.5986328125,7,0.018375815056312982,1.0,4.143115042598071,0.641889669313255,2.5078023407022108,6.625460202229712,0.3322229224813181,8,0.021808235381089672,1.0,3.1621578099838974,0.8423913043478262,5.333333333333333,6.142361111111111,0.71875,0,0.037037037037037035,0.7638888888888888,3.1586184824350494
16,32,col,morton,False,32,True,True,tw16_th32_tcol_imorton_lo_pal32_pad64_full,0.39756470004170863,0.5910601265822786,1.9405700424499697,12.66984375,0.85859375,0,0.09424989191526156,0.9875,2.5574036152237793,0.9466772151898735,14.285714285714286,0.75984375,0.9255859375,0,0.15079365079365079,1.0,3.4720695103681516,0.7651898734177216,4.158544509421702,4.7221875,0.5986328125,7,0.018375815056312982,1.0,4.143115042598071,0.641889669313255,2.5078023407022108,6.625460202229712,0.3322229224813181,8,0.021808235381089672,1.0,3.1621578099838974,0.8423913043478262,5.333333333333333,6.142361111111111,0.71875,0,0.037037037037037035,0.7638888888888888,3.1586184824350494
16,32,row,bup,False,32,True,False,tw16_th32_trow_ibup_lo_pal32_pad64,0.21382632327674989,0.5921677215189873,2.335766423357664,4.4459375,0.8572265625,13,0.25627705627705627,0.9625,3.1075800839382044,0.9409018987341772,14.645308924485127,0.5940625,0.9193359375,0,0.26640926640926643,1.0,3.494972413501917,0.796993670886076,5.258833196384552,3.5759375,0.65625,9,0.0284789644012945,1.0,3.866800918234282,0.6031272626612644,2.7137764435480087,6.477434966727163,0.38325380390744573,9,0.01956716150956895,1.0,2.6375226912171224,0.7934782608695652,6.329670329670329,5.128472222222222,0.6909722222222222,0,0.0898876404494382,0.9166666666666666,3.157562299788568
16,8,col,bup,False,64,False,True,tw16_th8_tcol_ibup_lo_pal64_full,0.3381172783008557,0.5912183544303797,2.337472607742878,4.44734375,0.8552734375,12,0.2554019014693172,0.9625,3.0939931123470483,0.9406645569620253,14.545454545454545,0.60765625,0.920703125,0,0.26640926640926643,1.0,2.9846659144305563,0.7908227848101266,5.157131345688961,3.71640625,0.69375,12,0.03472668810289389,1.0,4.212165801468363,0.602924152433781,2.662080706759306,6.073200241984271,0.3211848383902044,7,0.021232261541225077,1.0,2.8373544482154136,0.8052536231884058,6.4,4.902777777777778,0.7256944444444444,0,0.11392405063291139,0.7638888888888888,3.154885914488296
16,8,col,bup,False,64,True,True,tw16_th8_tcol_ibup_lo_pal64_pad64_full,0.3381172783008557,0.5912183544303797,2.337472607742878,4.44734375,0.8552734375,12,0.2554019014693172,0.9625,3.0939931123470483,0.9406645569620253,14.545454545454545,0.60765625,0.920703125,0,0.26640926640926643,1.0,2.9846659144305563,0.7908227848101266,5.157131345688961,3.71640625,0.69375,12,0.03472668810289389,1.0,4.212165801468363,0.602924152433781,2.662080706759306,6.073200241984271,0.3211848383902044,7,0.021232261541225077,1.0,2.8373544482154136,0.8052536231884058,6.4,4.902777777777778,0.7256944444444444,0,0.11392405063291139,0.7638888888888888,3.154885914488296
16,32,row,bup,False,0,True,False,tw16_th32_trow_ibup_lo_pal0_pad64,0.2112299454909261,0.5918512658227848,2.3366192040890836,4.44859375,0.857421875,13,0.256388046773495,0.9625,3.1460926663585296,0.940506329113924,14.578587699316628,0.59109375,0.9201171875,0,0.25868725868725867,1.0,3.1719101969492076,0.7997626582278481,5.391743892165122,3.506875,0.6609375,12,0.030927835051546393,0.9875,4.068371306329252,0.6036140558731393,2.720028208744711,6.476155907008901,0.38460430359232917,7,0.01941469355589784,1.0,2.6698350911792197,0.779891304347826,6.329670329670329,5.496527777777778,0.6631944444444444,0,0.07216494845360824,0.9166666666666666,3.1470740411159834
16,8,col,bup,False,0,False,True,tw16_th8_tcol_ibup_lo_pal0_full,0.33400437043404896,0.5921677215189873,2.338326635001827,4.46171875,0.8533203125,12,0.2568211346903421,0.9625,3.1400510138502122,0.9395569620253164,14.545454545454545,0.61703125,0.9193359375,0,0.26640926640926643,0.975,2.922354381522997,0.79375,5.4283290924512295,3.61765625,0.6888671875,13,0.03479381443298969,1.0,4.2002719560214254,0.6008295765164273,2.6523174253885298,6.105522426756546,0.31841181237057714,7,0.02147800207967299,1.0,2.7096869967793884,0.7817028985507246,6.260869565217392,5.565972222222222,0.6875,0,0.10869565217391304,0.7638888888888888,3.1339960389161248
16,8,col,bup,False,0,True,True,tw16_th8_tcol_ibup_lo_pal0_pad64_full,0.33400437043404896,0.5921677215189873,2.338326635001827,4.46171875,0.8533203125,12,0.2568211346903421,0.9625,3.1400510138502122,0.9395569620253164,14.545454545454545,0.61703125,0.9193359375,0,0.26640926640926643,0.975,2.922354381522997,0.79375,5.4283290924512295,3.61765625,0.6888671875,13,0.03479381443298969,1.0,4.2002719560214254,0.6008295765164273,2.6523174253885298,6.105522426756546,0.31841181237057714,7,0.02147800207967299,1.0,2.7096869967793884,0.7817028985507246,6.260869565217392,5.565972222222222,0.6875,0,0.10869565217391304,0.7638888888888888,3.1339960389161248
16,32,col,morton,False,64,False,True,tw16_th32_tcol_imorton_lo_pal64_full,0.39846228213192836,0.591613924050633,1.9423368740515934,12.64984375,0.8595703125,0,0.09424989191526156,0.9875,2.5879598148881504,0.9465189873417721,14.382022471910112,0.760625,0.92578125,0,0.1593625498007968,0.9625,3.2858546818784493,0.7564082278481012,4.022627278441232,4.965625,0.591015625,8,0.01681159420289855,1.0,4.156868462985829,0.6439027453932971,2.519817073170732,6.561109670728546,0.3338795354281084,8,0.02239828218133353,1.0,3.2605892417353415,0.8559782608695652,5.647058823529412,5.586805555555555,0.75,0,0.041666666666666664,0.7638888888888888,3.1321882147991533
16,32,col,morton,False,64,True,True,tw16_th32_tcol_imorton_lo_pal64_pad64_full,0.39846228213192836,0.591613924050633,1.9423368740515934,12.64984375,0.8595703125,0,0.09424989191526156,0.9875,2.5879598148881504,0.9465189873417721,14.382022471910112,0.760625,0.92578125,0,0.1593625498007968,0.9625,3.2858546818784493,0.7564082278481012,4.022627278441232,4.965625,0.591015625,8,0.01681159420289855,1.0,4.156868462985829,0.6439027453932971,2.519817073170732,6.561109670728546,0.3338795354281084,8,0.02239828218133353,1.0,3.2605892417353415,0.8559782608695652,5.647058823529412,5.586805555555555,0.75,0,0.041666666666666664,0.7638888888888888,3.1321882147991533
16,8,col,bup,False,64,True,False,tw16_th8_tcol_ibup_lo_pal64_pad64,0.3381172783008557,0.5912183544303797,2.337472607742878,4.44734375,0.8552734375,12,0.2554019014693172,0.9625,3.0939931123470483,0.9406645569620253,14.545454545454545,0.60765625,0.920703125,0,0.26640926640926643,1.0,2.9846659144305563,0.7908227848101266,5.157131345688961,3.71640625,0.69375,12,0.03472668810289389,1.0,4.2149448177404345,0.6029928899869574,2.6656376704754883,6.0602540834845735,0.32100477176555325,7,0.02126895164187684,1.0,2.581370307015103,0.8097826086956521,6.47191011235955,4.75,0.7256944444444444,0,0.11392405063291139,0.9166666666666666,3.1301212052498864
16,32,row,row,False,64,True,False,tw16_th32_trow_irow_lo_pal64_pad64,0.33349257528165,0.5911392405063292,2.334914264866837,4.4490625,0.8578125,12,0.2554019014693172,0.9625,3.1263896443380497,0.9402689873417721,14.61187214611872,0.59578125,0.9197265625,0,0.26640926640926643,0.9875,3.2318995791782235,0.7959651898734177,5.140562248995984,3.57296875,0.6556640625,11,0.03022508038585209,1.0,3.968436068913503,0.6032057749714204,2.7164522490374683,6.472923688531674,0.38397407040605025,8,0.01932938856015779,1.0,2.5939789653784224,0.8079710144927537,6.4,4.758680555555555,0.71875,0,0.1111111111111111,0.9166666666666666,3.1297633213486558
16,2,row,bup,False,32,False,True,tw16_th2_trow_ibup_lo_pal32_full,0.14775757484531393,0.5918512658227848,2.3340627279358133,4.525,0.8880859375,13,0.2571428571428571,0.9625,3.1165521383545416,0.9402689873417721,14.578587699316628,0.695,0.930078125,0,0.26640926640926643,0.975,3.3135308375767787,0.7878164556962025,5.536332179930795,4.86640625,0.741015625,8,0.019417475728155338,1.0,3.754378681143434,0.5781914941935211,2.678472222222222,6.776976925071299,0.42295849464301793,8,0.019609903001015512,1.0,3.1961356000078833,0.7481884057971014,5.236363636363636,2.001736111111111,0.6388888888888888,0,0.1346153846153846,0.6666666666666666,3.129569344073587
16,32,row,row,False,64,False,False,tw16_th32_trow_irow_lo_pal64,0.33349257528165,0.5911392405063292,2.334914264866837,4.4490625,0.8578125,12,0.2554019014693172,0.9625,3.1263896443380497,0.9402689873417721,14.61187214611872,0.59578125,0.9197265625,0,0.26640926640926643,0.9875,3.2318995791782235,0.7959651898734177,5.140562248995984,3.57296875,0.6556640625,11,0.03022508038585209,1.0,3.937920350363382,0.5954434586268325,2.6591441834811786,6.581833895082534,0.37102728009363467,8,0.01865593279663983,1.0,2.5939789653784224,0.8079710144927537,6.4,4.758680555555555,0.71875,0,0.1111111111111111,0.9166666666666666,3.1206086057836195
16,4,col,bup,False,0,False,False,tw16_th4_tcol_ibup_lo_pal0,0.3363962480711802,0.5920886075949368,2.338326635001827,4.44546875,0.8533203125,12,0.2568211346903421,0.9625,3.087604745390297,0.9401107594936708,14.545454545454545,0.645,0.9193359375,0,0.26640926640926643,1.0,3.1909927452513025,0.7978639240506329,5.4283290924512295,3.63734375,0.6888671875,11,0.03221649484536082,1.0,4.018234678823045,0.6170529367977019,2.6343229214097077,6.5632011062138105,0.3209147384532277,9,0.015710836628293503,1.0,2.5504585815173835,0.7771739130434783,6.329670329670329,5.647569444444445,0.6631944444444444,0,0.07216494845360824,0.9583333333333334,3.1198633092111625
16,8,col,bup,False,0,True,False,tw16_th8_tcol_ibup_lo_pal0_pad64,0.33400437043404896,0.5921677215189873,2.338326635001827,4.46171875,0.8533203125,12,0.2568211346903421,0.9625,3.1400510138502122,0.9395569620253164,14.545454545454545,0.61703125,0.9193359375,0,0.26640926640926643,0.975,2.922354381522997,0.79375,5.4283290924512295,3.61765625,0.6888671875,13,0.03479381443298969,1.0,4.204492083286235,0.6009417490230129,2.6551170261587886,6.0943565811079425,0.31830377239578644,7,0.02122548492345201,1.0,2.534682981721315,0.7844202898550725,6.4,5.508680555555555,0.6736111111111112,0,0.09574468085106383,0.9166666666666666,3.1177616755897604
16,32,row,row,False,32,False,False,tw16_th32_trow_irow_lo_pal32,0.21391466715860652,0.5918512658227848,2.335766423357664,4.4378125,0.8572265625,13,0.25627705627705627,0.9625,3.103846566005714,0.9401898734177214,14.645308924485127,0.599375,0.9193359375,0,0.26640926640926643,1.0,3.3693569731010724,0.7977056962025317,5.258833196384552,3.62671875,0.65625,10,0.0284789644012945,1.0,3.845466580121843,0.5963833082508926,2.6618357487922704,6.574660789905799,0.3712973800306113,9,0.018193905041810992,1.0,2.6375226912171224,0.7934782608695652,6.329670329670329,5.128472222222222,0.6909722222222222,0,0.0898876404494382,0.9166666666666666,3.117538336698718
16,4,col,bup,False,32,False,False,tw16_th4_tcol_ibup_lo_pal32,0.33731626687284066,0.5919303797468354,2.337472607742878,4.43796875,0.853515625,12,0.2567099567099567,0.9625,3.1139628677531657,0.9401898734177214,14.545454545454545,0.63875,0.9193359375,0,0.26640926640926643,0.9875,3.2658646291528983,0.7959651898734177,5.276174773289365,3.74078125,0.693359375,10,0.032362459546925564,1.0,3.9226367448753328,0.617304959111713,2.6342029777352822,6.554852648863538,0.32125686504006484,10,0.015289877890906547,1.0,2.5171271598161553,0.7898550724637681,6.329670329670329,5.263888888888889,0.6909722222222222,0,0.0898876404494382,0.9583333333333334,3.11424418998962
16,8,col,bup,False,0,False,False,tw16_th8_tcol_ibup_lo_pal0,0.33400437043404896,0.5921677215189873,2.338326635001827,4.46171875,0.8533203125,12,0.2568211346903421,0.9625,3.1400510138502122,0.9395569620253164,14.545454545454545,0.61703125,0.9193359375,0,0.26640926640926643,0.975,2.922354381522997,0.79375,5.4283290924512295,3.61765625,0.6888671875,13,0.03479381443298969,1.0,4.154279690903046,0.595314563085644,2.6343229214097077,6.255155129202316,0.3209147384532277,7,0.02043458483501872,1.0,2.641755381034292,0.7780797101449275,6.329670329670329,5.621527777777778,0.6631944444444444,0,0.07216494845360824,0.9166666666666666,3.1134051978061015
16,8,col,bup,False,64,False,False,tw16_th8_tcol_ibup_lo_pal64,0.3381172783008557,0.5912183544303797,2.337472607742878,4.44734375,0.8552734375,12,0.2554019014693172,0.9625,3.0939931123470483,0.9406645569620253,14.545454545454545,0.60765625,0.920703125,0,0.26640926640926643,1.0,2.9846659144305563,0.7908227848101266,5.157131345688961,3.71640625,0.69375,12,0.03472668810289389,1.0,4.155604401722802,0.5955839517206927,2.6330041414463206,6.243401607466943,0.32125686504006484,7,0.020616030801540078,1.0,2.562276066827697,0.8052536231884058,6.4,4.883680555555555,0.71875,0,0.1111111111111111,0.9166666666666666,3.110409656425856
16,2,row,morton,False,64,False,False,tw16_th2_trow_imorton_lo_pal64,5.048302072133188,0.7076740506329113,2.0499679692504804,5.06875,0.8826171875,5,0.3349178910976664,0.9875,3.7285988262925303,0.9428797468354431,13.646055437100213,0.81734375,0.927734375,0,0.15444015444015444,0.9628125,2.688765147440773,0.7799841772151899,5.224489795918367,5.13390625,0.741796875,12,0.026366559485530548,1.0,2.439217865678358,0.6301101495170183,2.59765625,6.817232737014951,0.4240749077158549,23,0.020896044802240114,1.0,3.0426632576146915,0.8532608695652174,6.127659574468085,5.128472222222222,0.71875,0,0.024691358024691357,1.0,3.10841048440629
16,2,row,bup,False,0,False,True,tw16_th2_trow_ibup_lo_pal0_full,0.14622543314975567,0.5916930379746835,2.337472607742878,4.53359375,0.8857421875,13,0.2576873105240364,0.9625,3.105451630706863,0.9398734177215189,14.578587699316628,0.699375,0.9359375,0,0.26640926640926643,0.975,3.334451753141243,0.7886867088607594,5.683836589698046,4.82109375,0.74296875,8,0.019329896907216496,1.0,3.6517850775892065,0.5781478294303308,2.679216449013615,6.780485697001123,0.42448906095255245,9,0.019543289436817036,1.0,3.2227478418267896,0.7291666666666667,5.142857142857143,2.076388888888889,0.6041666666666666,0,0.12280701754385964,0.6666666666666666,3.103883221911929
16,16,row,row,False,64,False,False,tw16_th16_trow_irow_lo_pal64,0.19728325209142206,0.5908227848101266,2.338326635001827,4.4578125,0.8669921875,13,0.2554019014693172,0.9625,3.128621256142845,0.9401107594936708,14.645308924485127,0.60234375,0.9189453125,0,0.26640926640926643,0.9875,3.535629332335523,0.7954113924050633,5.132317562149158,3.624375,0.6158203125,9,0.02765273311897106,1.0,3.5935569556660933,0.5926046283521045,2.672409811076724,6.586950133955579,0.39222112181507157,11,0.018900945047252364,1.0,2.7590730676328503,0.8106884057971014,6.4,4.722222222222222,0.71875,0,0.08641975308641975,0.9166666666666666,3.1024622066348027
16,32,row,bup,False,64,False,False,tw16_th32_trow_ibup_lo_pal64,0.09366069237025765,0.591376582278481,2.334914264866837,4.45375,0.8578125,14,0.2554019014693172,0.9625,3.101728186004717,0.9402689873417721,14.61187214611872,0.59375,0.9197265625,0,0.26640926640926643,1.0,3.0989831191998634,0.7941455696202532,5.140562248995984,3.67625,0.6556640625,12,0.02829581993569132,1.0,4.045301681401432,0.5960787273542064,2.6591441834811786,6.5502722323049,0.37102728009363467,7,0.018725936296814842,1.0,2.5939789653784224,0.8079710144927537,6.4,4.758680555555555,0.71875,0,0.1111111111111111,0.9166666666666666,3.0926661957010833
16,16,row,row,False,64,False,True,tw16_th16_trow_irow_lo_pal64_full,0.19728325209142206,0.5908227848101266,2.338326635001827,4.4578125,0.8669921875,13,0.2554019014693172,0.9625,3.128621256142845,0.9401107594936708,14.645308924485127,0.60234375,0.9189453125,0,0.26640926640926643,0.9875,3.535629332335523,0.7954113924050633,5.132317562149158,3.624375,0.6158203125,9,0.02765273311897106,1.0,3.3952368960030936,0.5929947385985517,2.682943795214246,6.594762768991444,0.39322949491311787,13,0.018558222909563812,1.0,3.1671341708888106,0.8351449275362319,7.024390243902439,4.090277777777778,0.7604166666666666,0,0.10144927536231885,0.7638888888888888,3.0837722990614984
16,16,row,row,False,64,True,True,tw16_th16_trow_irow_lo_pal64_pad64_full,0.19728325209142206,0.5908227848101266,2.338326635001827,4.4578125,0.8669921875,13,0.2554019014693172,0.9625,3.128621256142845,0.9401107594936708,14.645308924485127,0.60234375,0.9189453125,0,0.26640926640926643,0.9875,3.535629332335523,0.7954113924050633,5.132317562149158,3.624375,0.6158203125,9,0.02765273311897106,1.0,3.3952368960030936,0.5929947385985517,2.682943795214246,6.594762768991444,0.39322949491311787,13,0.018558222909563812,1.0,3.1671341708888106,0.8351449275362319,7.024390243902439,4.090277777777778,0.7604166666666666,0,0.10144927536231885,0.7638888888888888,3.0837722990614984
16,32,row,bup,False,0,False,False,tw16_th32_trow_ibup_lo_pal0,0.2112299454909261,0.5918512658227848,2.3366192040890836,4.44859375,0.857421875,13,0.256388046773495,0.9625,3.1460926663585296,0.940506329113924,14.578587699316628,0.59109375,0.9201171875,0,0.25868725868725867,1.0,3.1719101969492076,0.7997626582278481,5.391743892165122,3.506875,0.6609375,12,0.030927835051546393,0.9875,3.8461378396844648,0.5960349093844953,2.663551401869159,6.546089361334371,0.37248581975330874,9,0.018370131915042515,1.0,2.6698350911792197,0.779891304347826,6.329670329670329,5.496527777777778,0.6631944444444444,0,0.07216494845360824,0.9166666666666666,3.080404001122547
16,32,row,bup,False,64,True,False,tw16_th32_trow_ibup_lo_pal64_pad64,0.09366069237025765,0.591376582278481,2.334914264866837,4.45375,0.8578125,14,0.2554019014693172,0.9625,3.101728186004717,0.9402689873417721,14.61187214611872,0.59375,0.9197265625,0,0.26640926640926643,1.0,3.0989831191998634,0.7941455696202532,5.140562248995984,3.67625,0.6556640625,12,0.02829581993569132,1.0,3.971485914218688,0.6035277604907743,2.7164522490374683,6.47655345259701,0.38397407040605025,8,0.01893491124260355,1.0,2.5939789653784224,0.8079710144927537,6.4,4.758680555555555,0.71875,0,0.1111111111111111,0.9166666666666666,3.0705214655462596
16,2,row,morton,False,0,False,False,tw16_th2_trow_imorton_lo_pal0,5.033509732042063,0.7074367088607595,2.0519397242705995,5.08296875,0.8857421875,5,0.3360762234733651,0.9875,3.6879070739191118,0.9423259493670886,13.646055437100213,0.828125,0.9359375,0,0.15444015444015444,0.975,2.709250049025201,0.7823575949367089,5.391743892165122,5.0928125,0.74296875,12,0.027706185567010308,1.0,2.433452007008722,0.6300495397507226,2.6004584681769147,6.834309912712817,0.42618168722427296,23,0.020854473564505406,1.0,2.6993403659710813,0.8405797101449275,5.938144329896907,5.951388888888889,0.6631944444444444,0,0.061855670103092786,1.0,3.0659112692286112
16,8,row,bup,False,32,False,True,tw16_th8_trow_ibup_lo_pal32_full,0.1748402514312275,0.5920094936708861,2.3366192040890836,4.46578125,0.87890625,13,0.2567099567099567,0.9625,3.0997906173893526,0.9405854430379746,14.578587699316628,0.59984375,0.9193359375,0,0.26640926640926643,1.0,3.4565125492008386,0.7939082278481013,5.40084388185654,3.7865625,0.67109375,9,0.02524271844660194,1.0,3.534320648153834,0.5928338611961468,2.741813184209279,6.5269553193328145,0.439524624110921,11,0.01973106765439034,1.0,2.7349627727345123,0.8061594202898551,6.329670329670329,4.927083333333333,0.7326388888888888,0,0.1282051282051282,0.7638888888888888,3.052418515147549
16,8,row,bup,False,32,True,True,tw16_th8_trow_ibup_lo_pal32_pad64_full,0.1748402514312275,0.5920094936708861,2.3366192040890836,4.46578125,0.87890625,13,0.2567099567099567,0.9625,3.0997906173893526,0.9405854430379746,14.578587699316628,0.59984375,0.9193359375,0,0.26640926640926643,1.0,3.4565125492008386,0.7939082278481013,5.40084388185654,3.7865625,0.67109375,9,0.02524271844660194,1.0,3.534320648153834,0.5928338611961468,2.741813184209279,6.5269553193328145,0.439524624110921,11,0.01973106765439034,1.0,2.7349627727345123,0.8061594202898551,6.329670329670329,4.927083333333333,0.7326388888888888,0,0.1282051282051282,0.7638888888888888,3.052418515147549
16,16,row,row,False,32,False,False,tw16_th16_trow_irow_lo_pal32,0.07875692437895387,0.5918512658227848,2.338326635001827,4.4509375,0.866015625,14,0.25627705627705627,0.9625,3.1012580350289785,0.9401107594936708,14.61187214611872,0.6015625,0.91875,0,0.26640926640926643,1.0,3.3132198311908936,0.7973101265822784,5.220228384991843,3.68015625,0.6123046875,11,0.026537216828478965,1.0,3.6908035391207505,0.5927091326913715,2.6754994450610434,6.623437905107597,0.3925812550643738,10,0.018368846436443792,1.0,2.6469329166599564,0.7943840579710144,6.329670329670329,5.09375,0.6909722222222222,0,0.0898876404494382,0.9166666666666666,3.0459991525697037
16,16,row,row,False,32,False,True,tw16_th16_trow_irow_lo_pal32_full,0.07875692437895387,0.5918512658227848,2.338326635001827,4.4509375,0.866015625,14,0.25627705627705627,0.9625,3.1012580350289785,0.9401107594936708,14.61187214611872,0.6015625,0.91875,0,0.26640926640926643,1.0,3.3132198311908936,0.7973101265822784,5.220228384991843,3.68015625,0.6123046875,11,0.026537216828478965,1.0,3.590907038919105,0.5929781000084878,2.681203077208268,6.625840463227033,0.3929774016386063,11,0.018444350758853287,1.0,2.93632016288032,0.8188405797101449,6.620689655172414,4.545138888888889,0.7361111111111112,0,0.11688311688311688,0.7638888888888888,3.0449689271312463
16,16,row,row,False,32,True,True,tw16_th16_trow_irow_lo_pal32_pad64_full,0.07875692437895387,0.5918512658227848,2.338326635001827,4.4509375,0.866015625,14,0.25627705627705627,0.9625,3.1012580350289785,0.9401107594936708,14.61187214611872,0.6015625,0.91875,0,0.26640926640926643,1.0,3.3132198311908936,0.7973101265822784,5.220228384991843,3.68015625,0.6123046875,11,0.026537216828478965,1.0,3.590907038919105,0.5929781000084878,2.681203077208268,6.625840463227033,0.3929774016386063,11,0.018444350758853287,1.0,2.93632016288032,0.8188405797101449,6.620689655172414,4.545138888888889,0.7361111111111112,0,0.11688311688311688,0.7638888888888888,3.0449689271312463
16,4,col,bup,False,64,False,False,tw16_th4_tcol_ibup_lo_pal64,0.34290894496752244,0.5912183544303797,2.337472607742878,4.41859375,0.8552734375,12,0.2554019014693172,0.9625,3.111297305385023,0.9398734177215189,14.545454545454545,0.63484375,0.920703125,0,0.26640926640926643,0.9875,3.1251158897127547,0.7946993670886076,5.157131345688961,3.8025,0.69375,11,0.031511254019292605,1.0,3.823962005762848,0.617600799395435,2.6330041414463206,6.550669777893009,0.32125686504006484,11,0.015365768288414421,1.0,2.4801001409017704,0.8052536231884058,6.4,4.876736111111111,0.71875,0,0.1111111111111111,0.9583333333333334,3.0440987621418554
16,8,row,bup,False,32,True,False,tw16_th8_trow_ibup_lo_pal32_pad64,0.1748402514312275,0.5920094936708861,2.3366192040890836,4.46578125,0.87890625,13,0.2567099567099567,0.9625,3.0997906173893526,0.9405854430379746,14.578587699316628,0.59984375,0.9193359375,0,0.26640926640926643,1.0,3.4565125492008386,0.7939082278481013,5.40084388185654,3.7865625,0.67109375,9,0.02524271844660194,1.0,3.5324012260952005,0.5929726768595568,2.739346590909091,6.538829833203699,0.4404969838840371,11,0.01953631931535197,1.0,2.6549412692313297,0.8079710144927537,6.47191011235955,4.947916666666667,0.7152777777777778,0,0.0975609756097561,0.9166666666666666,3.0438405381796407
16,16,row,row,False,64,True,False,tw16_th16_trow_irow_lo_pal64_pad64,0.19728325209142206,0.5908227848101266,2.338326635001827,4.4578125,0.8669921875,13,0.2554019014693172,0.9625,3.128621256142845,0.9401107594936708,14.645308924485127,0.60234375,0.9189453125,0,0.26640926640926643,0.9875,3.535629332335523,0.7954113924050633,5.132317562149158,3.624375,0.6158203125,9,0.02765273311897106,1.0,3.3965988914165433,0.5932292030833741,2.682819383259912,6.580779535044508,0.3942018546862339,13,0.01863113860864063,1.0,2.7590730676328503,0.8106884057971014,6.4,4.722222222222222,0.71875,0,0.08641975308641975,0.9166666666666666,3.0433747873599373
16,8,row,row,False,0,False,False,tw16_th8_trow_irow_lo_pal0,0.05190117454013432,0.5916139240506328,2.337472607742878,4.46484375,0.88125,14,0.256388046773495,0.9625,3.120740643760661,0.9397943037974683,14.578587699316628,0.61921875,0.9177734375,0,0.26640926640926643,0.9875,3.494501710507566,0.7970727848101267,5.503009458297506,3.680625,0.66953125,9,0.02577319587628866,1.0,3.536823754784349,0.5919912690619673,2.7383093525179856,6.520076052199464,0.4400828306473395,11,0.018755029917071977,1.0,2.574228622148558,0.7853260869565217,6.329670329670329,5.427083333333333,0.6666666666666666,0,0.09278350515463918,0.9166666666666666,3.04258509472311
16,4,row,row,False,0,False,False,tw16_th4_trow_irow_lo_pal0,-0.0739846877716197,0.5916139240506328,2.338326635001827,4.40390625,0.8919921875,15,0.256388046773495,0.9625,3.133396214272153,0.9397943037974683,14.545454545454545,0.6415625,0.9216796875,0,0.26640926640926643,0.975,3.3050387418435436,0.7894778481012659,5.432937181663837,3.72578125,0.6763671875,10,0.028350515463917526,1.0,3.6175808215656655,0.5857960120439145,2.6863072851372056,6.586103189007,0.41944719546232107,10,0.02043458483501872,1.0,2.880024893543215,0.7952898550724637,6.329670329670329,4.284722222222222,0.6701388888888888,0,0.05154639175257732,1.0,3.041351049392373
16,8,row,row,False,64,False,False,tw16_th8_trow_irow_lo_pal64,0.06634073445440847,0.5908227848101266,2.335766423357664,4.451875,0.8748046875,14,0.2554019014693172,0.9625,3.167722612378804,0.9401107594936708,14.578587699316628,0.6165625,0.9205078125,0,0.26640926640926643,0.9628125,3.345278005278722,0.7955696202531646,5.289256198347108,3.7446875,0.6662109375,10,0.02572347266881029,1.0,3.5335376766730118,0.5920522235429349,2.7327476264701716,6.516083311727595,0.4405870171963627,11,0.019250962548127408,1.0,2.775729669887278,0.8134057971014492,6.4,4.6875,0.71875,0,0.08641975308641975,0.9166666666666666,3.036321689337941
16,8,row,row,False,0,False,True,tw16_th8_trow_irow_lo_pal0_full,0.05190117454013432,0.5916139240506328,2.337472607742878,4.46484375,0.88125,14,0.256388046773495,0.9625,3.120740643760661,0.9397943037974683,14.578587699316628,0.61921875,0.9177734375,0,0.26640926640926643,0.9875,3.494501710507566,0.7970727848101267,5.503009458297506,3.680625,0.66953125,9,0.02577319587628866,1.0,3.4392887535083476,0.5926250440257635,2.7428530792205943,6.521700803733472,0.4396146574232466,12,0.018901732073217863,1.0,2.7634291609155746,0.7980072463768116,6.260869565217392,5.012152777777778,0.7152777777777778,0,0.11904761904761904,0.7638888888888888,3.0322446482170116
16,8,row,row,False,0,True,True,tw16_th8_trow_irow_lo_pal0_pad64_full,0.05190117454013432,0.5916139240506328,2.337472607742878,4.46484375,0.88125,14,0.256388046773495,0.9625,3.120740643760661,0.9397943037974683,14.578587699316628,0.61921875,0.9177734375,0,0.26640926640926643,0.9875,3.494501710507566,0.7970727848101267,5.503009458297506,3.680625,0.66953125,9,0.02577319587628866,1.0,3.4392887535083476,0.5926250440257635,2.7428530792205943,6.521700803733472,0.4396146574232466,12,0.018901732073217863,1.0,2.7634291609155746,0.7980072463768116,6.260869565217392,5.012152777777778,0.7152777777777778,0,0.11904761904761904,0.7638888888888888,3.0322446482170116
16,2,row,row,False,0,False,True,tw16_th2_trow_irow_lo_pal0_full,0.14920729827850376,0.5911392405063292,2.337472607742878,4.53359375,0.8857421875,13,0.2568211346903421,0.9625,3.129818719314459,0.9397151898734177,14.578587699316628,0.699375,0.9359375,0,0.26640926640926643,0.9625,3.0426476294299034,0.7699367088607595,5.683836589698046,4.82109375,0.74296875,10,0.015463917525773196,1.0,3.6054768590182222,0.6048987344707096,2.6771088797371707,6.7800535822314405,0.42466912757720354,10,0.028366310628611453,1.0,3.240863783855775,0.7336956521739131,5.142857142857143,2.076388888888889,0.6041666666666666,0,0.12280701754385964,0.6666666666666666,3.0225072706268588
16,8,row,row,False,64,False,True,tw16_th8_trow_irow_lo_pal64_full,0.06634073445440847,0.5908227848101266,2.335766423357664,4.451875,0.8748046875,14,0.2554019014693172,0.9625,3.167722612378804,0.9401107594936708,14.578587699316628,0.6165625,0.9205078125,0,0.26640926640926643,0.9628125,3.345278005278722,0.7955696202531646,5.289256198347108,3.7446875,0.6662109375,10,0.02572347266881029,1.0,3.4405392119572875,0.5929816855839323,2.7406442444339176,6.5172932330827065,0.4409291437831998,12,0.018694216037669548,1.0,2.914238991259812,0.8260869565217391,6.545454545454546,4.302083333333333,0.7534722222222222,0,0.1267605633802817,0.7638888888888888,3.022273082060477
16,8,row,row,False,64,True,True,tw16_th8_trow_irow_lo_pal64_pad64_full,0.06634073445440847,0.5908227848101266,2.335766423357664,4.451875,0.8748046875,14,0.2554019014693172,0.9625,3.167722612378804,0.9401107594936708,14.578587699316628,0.6165625,0.9205078125,0,0.26640926640926643,0.9628125,3.345278005278722,0.7955696202531646,5.289256198347108,3.7446875,0.6662109375,10,0.02572347266881029,1.0,3.4405392119572875,0.5929816855839323,2.7406442444339176,6.5172932330827065,0.4409291437831998,12,0.018694216037669548,1.0,2.914238991259812,0.8260869565217391,6.545454545454546,4.302083333333333,0.7534722222222222,0,0.1267605633802817,0.7638888888888888,3.022273082060477
16,8,row,row,False,32,False,False,tw16_th8_trow_irow_lo_pal32,0.1755575510092866,0.5917721518987342,2.3366192040890836,4.45578125,0.87890625,13,0.2567099567099567,0.9625,3.0953137582121375,0.9401107594936708,14.578587699316628,0.6153125,0.9193359375,0,0.26640926640926643,1.0,3.4618600007851654,0.7967563291139241,5.40084388185654,3.79953125,0.67109375,9,0.025889967637540454,1.0,3.4330572784970705,0.5911817242981344,2.736754966887417,6.522081064730792,0.4405510038714324,12,0.018648752667856268,1.0,2.7273820608456676,0.7961956521739131,6.329670329670329,5.059027777777778,0.6909722222222222,0,0.07865168539325842,0.9166666666666666,3.0215651710537292
16,16,row,bup,False,64,False,False,tw16_th16_trow_ibup_lo_pal64,-0.043143633457100705,0.5911392405063292,2.338326635001827,4.46796875,0.8669921875,15,0.2554019014693172,0.9625,3.1536741463974765,0.9403481012658228,14.645308924485127,0.59671875,0.9189453125,0,0.2625482625482625,0.9875,3.3936652602748634,0.7931962025316456,5.132317562149158,3.67984375,0.6158203125,10,0.02829581993569132,1.0,3.488929246546551,0.5924566890594283,2.672409811076724,6.611165845648604,0.39222112181507157,12,0.018900945047252364,1.0,2.7101474436392916,0.8070652173913043,6.4,4.928819444444445,0.71875,0,0.08641975308641975,0.9166666666666666,3.016550273386135
16,16,row,row,False,32,True,False,tw16_th16_trow_irow_lo_pal32_pad64,0.07875692437895387,0.5918512658227848,2.338326635001827,4.4509375,0.866015625,14,0.25627705627705627,0.9625,3.1012580350289785,0.9401107594936708,14.61187214611872,0.6015625,0.91875,0,0.26640926640926643,1.0,3.3132198311908936,0.7973101265822784,5.220228384991843,3.68015625,0.6123046875,11,0.026537216828478965,1.0,3.5911189124520426,0.5928647784529963,2.6778523489932886,6.6112349840117535,0.3926892950391645,11,0.01876468731366841,1.0,2.6469329166599564,0.7943840579710144,6.329670329670329,5.09375,0.6909722222222222,0,0.0898876404494382,0.9166666666666666,3.0160937645690913
16,8,row,row,False,0,True,False,tw16_th8_trow_irow_lo_pal0_pad64,0.05190117454013432,0.5916139240506328,2.337472607742878,4.46484375,0.88125,14,0.256388046773495,0.9625,3.120740643760661,0.9397943037974683,14.578587699316628,0.61921875,0.9177734375,0,0.26640926640926643,0.9875,3.494501710507566,0.7970727848101267,5.503009458297506,3.680625,0.66953125,9,0.02577319587628866,1.0,3.441574726262216,0.5932335163897924,2.7458471760797343,6.521372396508513,0.44143333033222293,12,0.0185224237311964,1.0,2.556207028352241,0.8016304347826086,6.4,5.006944444444445,0.6944444444444444,0,0.11235955056179775,0.9166666666666666,3.0122082267868384
16,8,row,row,False,32,False,True,tw16_th8_trow_irow_lo_pal32_full,0.1755575510092866,0.5917721518987342,2.3366192040890836,4.45578125,0.87890625,13,0.2567099567099567,0.9625,3.0953137582121375,0.9401107594936708,14.578587699316628,0.6153125,0.9193359375,0,0.26640926640926643,1.0,3.4618600007851654,0.7967563291139241,5.40084388185654,3.79953125,0.67109375,9,0.025889967637540454,1.0,3.3390818655833483,0.5927118373293213,2.73986550483046,6.520490882378359,0.43920050418654905,13,0.019089728743376496,1.0,2.7931602365026285,0.8115942028985508,6.329670329670329,4.708333333333333,0.7326388888888888,0,0.1282051282051282,0.7638888888888888,2.9999503647453087
16,8,row,row,False,32,True,True,tw16_th8_trow_irow_lo_pal32_pad64_full,0.1755575510092866,0.5917721518987342,2.3366192040890836,4.45578125,0.87890625,13,0.2567099567099567,0.9625,3.0953137582121375,0.9401107594936708,14.578587699316628,0.6153125,0.9193359375,0,0.26640926640926643,1.0,3.4618600007851654,0.7967563291139241,5.40084388185654,3.79953125,0.67109375,9,0.025889967637540454,1.0,3.3390818655833483,0.5927118373293213,2.73986550483046,6.520490882378359,0.43920050418654905,13,0.019089728743376496,1.0,2.7931602365026285,0.8115942028985508,6.329670329670329,4.708333333333333,0.7326388888888888,0,0.1282051282051282,0.7638888888888888,2.9999503647453087
16,8,row,row,False,64,True,False,tw16_th8_trow_irow_lo_pal64_pad64,0.06634073445440847,0.5908227848101266,2.335766423357664,4.451875,0.8748046875,14,0.2554019014693172,0.9625,3.167722612378804,0.9401107594936708,14.578587699316628,0.6165625,0.9205078125,0,0.26640926640926643,0.9628125,3.345278005278722,0.7955696202531646,5.289256198347108,3.7446875,0.6662109375,10,0.02572347266881029,1.0,3.4408463809949312,0.5934425633699567,2.7415533336492444,6.509860859044162,0.442243630143153,12,0.018840732538929313,1.0,2.670767086256216,0.8260869565217391,6.545454545454546,4.208333333333333,0.7430555555555556,0,0.12162162162162163,0.9166666666666666,2.9980180422714104
16,8,row,row,False,32,True,False,tw16_th8_trow_irow_lo_pal32_pad64,0.1755575510092866,0.5917721518987342,2.3366192040890836,4.45578125,0.87890625,13,0.2567099567099567,0.9625,3.0953137582121375,0.9401107594936708,14.578587699316628,0.6153125,0.9193359375,0,0.26640926640926643,1.0,3.4618600007851654,0.7967563291139241,5.40084388185654,3.79953125,0.67109375,9,0.025889967637540454,1.0,3.3366513928967834,0.5929291653028874,2.739346590909091,6.531224613257281,0.4404969838840371,13,0.01901020658693136,1.0,2.7307891959624087,0.8134057971014492,6.47191011235955,4.623263888888889,0.7152777777777778,0,0.0975609756097561,0.9166666666666666,2.9929841188853175
16,2,row,row,False,64,False,True,tw16_th2_trow_irow_lo_pal64_full,0.15747955115760126,0.5897943037974683,2.334914264866837,4.5140625,0.8826171875,13,0.25583405358686256,0.9625,3.141249177747892,0.9399525316455696,14.545454545454545,0.69,0.927734375,0,0.26640926640926643,0.9628125,3.2316208202018855,0.7685126582278481,5.369127516778524,4.94734375,0.741796875,8,0.015434083601286173,1.0,3.309747562814625,0.6050898789070136,2.675870681282087,6.769112436263072,0.42331862789232017,13,0.02840630472854641,1.0,3.2738402575490584,0.7789855072463767,5.538461538461538,1.8958333333333333,0.6770833333333334,0,0.13978494623655913,0.6666666666666666,2.9898528581588435
16,2,row,row,False,32,False,True,tw16_th2_trow_irow_lo_pal32_full,0.14687396478448855,0.5909810126582279,2.3340627279358133,4.525,0.8880859375,13,0.2567099567099567,0.9625,3.11496985987353,0.9398734177215189,14.578587699316628,0.695,0.930078125,0,0.26640926640926643,0.975,3.1388976803935416,0.7693037974683544,5.536332179930795,4.86640625,0.741015625,9,0.016181229773462782,1.0,3.406895057353946,0.6047338501749281,2.675004623636027,6.778688099559243,0.4227784280183668,12,0.02850140056022409,1.0,3.2178747304426665,0.7536231884057971,5.236363636363636,2.001736111111111,0.6388888888888888,0,0.1346153846153846,0.6666666666666666,2.981611467902648
16,4,row,bup,False,0,False,False,tw16_th4_trow_ibup_lo_pal0,-0.07830654498897527,0.5919303797468354,2.338326635001827,4.40625,0.8919921875,15,0.2572542226071893,0.9625,3.283973313183904,0.942246835443038,14.545454545454545,0.6309375,0.9216796875,0,0.24324324324324326,0.975,2.9033934508891743,0.785126582278481,5.432937181663837,4.18359375,0.6763671875,13,0.02384020618556701,0.9875,3.578545949440911,0.5838728012391247,2.6863072851372056,6.823282343790511,0.41944719546232107,10,0.019069946464186992,1.0,3.0505160368604454,0.7835144927536232,6.329670329670329,4.479166666666667,0.6701388888888888,0,0.05154639175257732,0.875,2.9810662235782
16,16,row,bup,False,64,False,True,tw16_th16_trow_ibup_lo_pal64_full,-0.043143633457100705,0.5911392405063292,2.338326635001827,4.46796875,0.8669921875,15,0.2554019014693172,0.9625,3.1536741463974765,0.9403481012658228,14.645308924485127,0.59671875,0.9189453125,0,0.2625482625482625,0.9875,3.3936652602748634,0.7931962025316456,5.132317562149158,3.67984375,0.6158203125,10,0.02829581993569132,1.0,3.188941689654702,0.5919417206255208,2.6826949828433646,6.612393051594504,0.393085441613397,15,0.018448239510858108,1.0,3.1879412042741553,0.8414855072463767,7.578947368421052,4.045138888888889,0.7743055555555556,0,0.1076923076923077,0.7638888888888888,2.9743333823820666
16,16,row,bup,False,64,True,True,tw16_th16_trow_ibup_lo_pal64_pad64_full,-0.043143633457100705,0.5911392405063292,2.338326635001827,4.46796875,0.8669921875,15,0.2554019014693172,0.9625,3.1536741463974765,0.9403481012658228,14.645308924485127,0.59671875,0.9189453125,0,0.2625482625482625,0.9875,3.3936652602748634,0.7931962025316456,5.132317562149158,3.67984375,0.6158203125,10,0.02829581993569132,1.0,3.188941689654702,0.5919417206255208,2.6826949828433646,6.612393051594504,0.393085441613397,15,0.018448239510858108,1.0,3.1879412042741553,0.8414855072463767,7.578947368421052,4.045138888888889,0.7743055555555556,0,0.1076923076923077,0.7638888888888888,2.9743333823820666
16,2,row,bup,False,0,False,False,tw16_th2_trow_ibup_lo_pal0,0.14622543314975567,0.5916930379746835,2.337472607742878,4.53359375,0.8857421875,13,0.2576873105240364,0.9625,3.105451630706863,0.9398734177215189,14.578587699316628,0.699375,0.9359375,0,0.26640926640926643,0.975,3.334451753141243,0.7886867088607594,5.683836589698046,4.82109375,0.74296875,8,0.019329896907216496,1.0,3.268681051792636,0.5787462206243386,2.689304141681774,6.649485783424077,0.4260916539119474,13,0.020504566289933166,1.0,3.0184023909700457,0.8333333333333333,6.329670329670329,5.543402777777778,0.6631944444444444,0,0.020618556701030927,1.0,2.9685174690872835
16,4,row,row,False,32,False,False,tw16_th4_trow_irow_lo_pal32,-0.0702678222928701,0.5915348101265823,2.335766423357664,4.39296875,0.8908203125,15,0.25627705627705627,0.9625,3.0868686132199077,0.9399525316455696,14.61187214611872,0.64015625,0.9236328125,0,0.26640926640926643,1.0,3.39019764243874,0.7883702531645569,5.3112033195020745,3.80625,0.67265625,9,0.030420711974110032,1.0,3.4217977515874027,0.5854916226553792,2.682943795214246,6.562164030766572,0.41858287566399566,12,0.02036317833525769,1.0,2.619649030123199,0.8025362318840579,6.329670329670329,4.017361111111111,0.6944444444444444,0,0.10112359550561797,1.0,2.9669200291763596
16,8,row,bup,False,32,False,False,tw16_th8_trow_ibup_lo_pal32,0.1748402514312275,0.5920094936708861,2.3366192040890836,4.46578125,0.87890625,13,0.2567099567099567,0.9625,3.0997906173893526,0.9405854430379746,14.578587699316628,0.59984375,0.9193359375,0,0.26640926640926643,1.0,3.4565125492008386,0.7939082278481013,5.40084388185654,3.7865625,0.67109375,9,0.02524271844660194,1.0,3.24014619872795,0.5917734814688389,2.736754966887417,6.502566761731916,0.4405510038714324,14,0.01840383471537035,1.0,2.672958751666923,0.792572463768116,6.329670329670329,5.298611111111111,0.6909722222222222,0,0.07865168539325842,0.9166666666666666,2.957965778213025
16,16,row,row,False,0,False,True,tw16_th16_trow_irow_lo_pal0_full,-0.16474615929060676,0.5920094936708861,2.338326635001827,4.46296875,0.8669921875,16,0.256388046773495,0.9625,3.1943546464978927,0.9399525316455696,14.545454545454545,0.60421875,0.9189453125,0,0.26640926640926643,0.95,2.9704860740901147,0.7986550632911393,5.328892589508743,3.5803125,0.6142578125,14,0.028350515463917526,1.0,3.584975035668469,0.5927957727884083,2.6824462166172105,6.636159363927059,0.39351760151255966,11,0.018907046213319276,1.0,2.8641107096110296,0.7980072463768115,6.545454545454546,5.055555555555555,0.7118055555555556,0,0.10588235294117647,0.7638888888888888,2.951582476271277
16,16,row,row,False,0,True,True,tw16_th16_trow_irow_lo_pal0_pad64_full,-0.16474615929060676,0.5920094936708861,2.338326635001827,4.46296875,0.8669921875,16,0.256388046773495,0.9625,3.1943546464978927,0.9399525316455696,14.545454545454545,0.60421875,0.9189453125,0,0.26640926640926643,0.95,2.9704860740901147,0.7986550632911393,5.328892589508743,3.5803125,0.6142578125,14,0.028350515463917526,1.0,3.584975035668469,0.5927957727884083,2.6824462166172105,6.636159363927059,0.39351760151255966,11,0.018907046213319276,1.0,2.8641107096110296,0.7980072463768115,6.545454545454546,5.055555555555555,0.7118055555555556,0,0.10588235294117647,0.7638888888888888,2.951582476271277
16,32,col,bup,False,64,False,False,tw16_th32_tcol_ibup_lo_pal64,0.09959143441899898,0.5915348101265823,2.337472607742878,4.44609375,0.8552734375,14,0.2554019014693172,0.9625,3.141541899266879,0.9395569620253164,14.545454545454545,0.59578125,0.920703125,0,0.26640926640926643,0.975,2.4431825431937666,0.7950949367088608,5.157131345688961,3.58359375,0.69375,17,0.031511254019292605,1.0,4.106645916374996,0.5950705153519931,2.6330041414463206,6.601693889897157,0.32125686504006484,7,0.01848092404620231,1.0,2.5939789653784224,0.8079710144927537,6.4,4.758680555555555,0.71875,0,0.1111111111111111,0.9166666666666666,2.9513873412436284
16,8,row,bup,False,64,False,True,tw16_th8_trow_ibup_lo_pal64_full,0.06567947390588524,0.5911392405063292,2.335766423357664,4.4634375,0.8748046875,14,0.2554019014693172,0.9625,3.1915617631819586,0.9400316455696203,14.578587699316628,0.610625,0.9205078125,0,0.2625482625482625,0.9628125,3.190539066388929,0.7918512658227848,5.289256198347108,3.748125,0.6662109375,11,0.028938906752411574,1.0,3.3295017465827197,0.5923643960036791,2.7384389643584037,6.555716878402904,0.4405870171963627,13,0.01910984648891699,1.0,2.856330879343548,0.8206521739130435,6.545454545454546,4.519097222222222,0.7534722222222222,0,0.1267605633802817,0.7638888888888888,2.9490841855100722
16,8,row,bup,False,64,True,True,tw16_th8_trow_ibup_lo_pal64_pad64_full,0.06567947390588524,0.5911392405063292,2.335766423357664,4.4634375,0.8748046875,14,0.2554019014693172,0.9625,3.1915617631819586,0.9400316455696203,14.578587699316628,0.610625,0.9205078125,0,0.2625482625482625,0.9628125,3.190539066388929,0.7918512658227848,5.289256198347108,3.748125,0.6662109375,11,0.028938906752411574,1.0,3.3295017465827197,0.5923643960036791,2.7384389643584037,6.555716878402904,0.4405870171963627,13,0.01910984648891699,1.0,2.856330879343548,0.8206521739130435,6.545454545454546,4.519097222222222,0.7534722222222222,0,0.1267605633802817,0.7638888888888888,2.9490841855100722
16,8,row,bup,False,64,False,False,tw16_th8_trow_ibup_lo_pal64,0.06567947390588524,0.5911392405063292,2.335766423357664,4.4634375,0.8748046875,14,0.2554019014693172,0.9625,3.1915617631819586,0.9400316455696203,14.578587699316628,0.610625,0.9205078125,0,0.2625482625482625,0.9628125,3.190539066388929,0.7918512658227848,5.289256198347108,3.748125,0.6662109375,11,0.028938906752411574,1.0,3.3341745160870744,0.5911906947208797,2.7327476264701716,6.513006654567453,0.4405870171963627,13,0.01865593279663983,1.0,2.7210170088566823,0.8097826086956521,6.4,4.928819444444445,0.71875,0,0.08641975308641975,0.9166666666666666,2.9369546293126922
16,2,row,bup,False,64,False,False,tw16_th2_trow_ibup_lo_pal64,0.16222638660063948,0.5909810126582279,2.334914264866837,4.5140625,0.8826171875,13,0.25583405358686256,0.9625,3.143464367621309,0.940506329113924,14.545454545454545,0.69,0.927734375,0,0.26640926640926643,0.9628125,3.391066870102166,0.785126582278481,5.369127516778524,4.94734375,0.741796875,7,0.019935691318327974,1.0,3.0730189342498138,0.5785024793037292,2.6844376391982183,6.631959208365742,0.42420095435311067,15,0.020511025551277564,1.0,3.02770481078905,0.8478260869565217,6.4,4.779513888888889,0.71875,0,0.037037037037037035,1.0,2.9366323940900037
16,8,row,bup,False,0,False,False,tw16_th8_trow_ibup_lo_pal0,0.05043826149052877,0.5919303797468354,2.337472607742878,4.465625,0.88125,14,0.2568211346903421,0.9625,3.1234095677705653,0.9402689873417721,14.578587699316628,0.60359375,0.9177734375,0,0.2625482625482625,1.0,3.215056218234088,0.7936708860759494,5.503009458297506,3.67328125,0.66953125,11,0.030283505154639175,1.0,3.4349636039705347,0.5911297402399123,2.7383093525179856,6.525676259614554,0.4400828306473395,12,0.01833514118758529,1.0,2.5198053129698135,0.7817028985507246,6.329670329670329,5.666666666666667,0.6666666666666666,0,0.09278350515463918,0.9166666666666666,2.934505777768594
16,16,row,row,False,0,True,False,tw16_th16_trow_irow_lo_pal0_pad64,-0.16474615929060676,0.5920094936708861,2.338326635001827,4.46296875,0.8669921875,16,0.256388046773495,0.9625,3.1943546464978927,0.9399525316455696,14.545454545454545,0.60421875,0.9189453125,0,0.26640926640926643,0.95,2.9704860740901147,0.7986550632911393,5.328892589508743,3.5803125,0.6142578125,14,0.028350515463917526,1.0,3.586123920374477,0.5930297776536685,2.684064022268615,6.62219341457091,0.39416584136130367,11,0.019119921270912416,1.0,2.624636023330555,0.7826086956521738,6.329670329670329,5.461805555555555,0.6631944444444444,0,0.08247422680412371,0.9166666666666666,2.927979673055032
16,16,row,bup,False,64,True,False,tw16_th16_trow_ibup_lo_pal64_pad64,-0.043143633457100705,0.5911392405063292,2.338326635001827,4.46796875,0.8669921875,15,0.2554019014693172,0.9625,3.1536741463974765,0.9403481012658228,14.645308924485127,0.59671875,0.9189453125,0,0.2625482625482625,0.9875,3.3936652602748634,0.7931962025316456,5.132317562149158,3.67984375,0.6158203125,10,0.02829581993569132,1.0,3.1897710503509975,0.5921327118553039,2.682819383259912,6.59163425805894,0.3942018546862339,15,0.01873659788378388,1.0,2.7101474436392916,0.8070652173913043,6.4,4.928819444444445,0.71875,0,0.08641975308641975,0.9166666666666666,2.926802814527469
16,8,row,bup,False,64,True,False,tw16_th8_trow_ibup_lo_pal64_pad64,0.06567947390588524,0.5911392405063292,2.335766423357664,4.4634375,0.8748046875,14,0.2554019014693172,0.9625,3.1915617631819586,0.9400316455696203,14.578587699316628,0.610625,0.9205078125,0,0.2625482625482625,0.9628125,3.190539066388929,0.7918512658227848,5.289256198347108,3.748125,0.6662109375,11,0.028938906752411574,1.0,3.3309752344477666,0.5928943177559216,2.7415533336492444,6.5420101979085645,0.442243630143153,13,0.019227389363422265,1.0,2.594919159525137,0.8206521739130435,6.545454545454546,4.532986111111111,0.7430555555555556,0,0.12162162162162163,0.9166666666666666,2.923385059887745
16,8,row,bup,False,0,False,True,tw16_th8_trow_ibup_lo_pal0_full,0.05043826149052877,0.5919303797468354,2.337472607742878,4.465625,0.88125,14,0.2568211346903421,0.9625,3.1234095677705653,0.9402689873417721,14.578587699316628,0.60359375,0.9177734375,0,0.2625482625482625,1.0,3.215056218234088,0.7936708860759494,5.503009458297506,3.67328125,0.66953125,11,0.030283505154639175,1.0,3.328403179168596,0.5921118757684755,2.742463026166098,6.561749200587676,0.43948861078599083,13,0.019287521079258012,1.0,2.7091442374051065,0.7934782608695652,6.260869565217392,5.229166666666667,0.7152777777777778,0,0.11904761904761904,0.7638888888888888,2.921471542771542
16,8,row,bup,False,0,True,True,tw16_th8_trow_ibup_lo_pal0_pad64_full,0.05043826149052877,0.5919303797468354,2.337472607742878,4.465625,0.88125,14,0.2568211346903421,0.9625,3.1234095677705653,0.9402689873417721,14.578587699316628,0.60359375,0.9177734375,0,0.2625482625482625,1.0,3.215056218234088,0.7936708860759494,5.503009458297506,3.67328125,0.66953125,11,0.030283505154639175,1.0,3.328403179168596,0.5921118757684755,2.742463026166098,6.561749200587676,0.43948861078599083,13,0.019287521079258012,1.0,2.7091442374051065,0.7934782608695652,6.260869565217392,5.229166666666667,0.7152777777777778,0,0.11904761904761904,0.7638888888888888,2.921471542771542
16,8,col,row,False,32,False,True,tw16_th8_tcol_irow_lo_pal32_full,0.22184075280357662,0.5919303797468354,2.337472607742878,4.42640625,0.853515625,13,0.25627705627705627,0.9625,3.120561628301689,0.9398734177215189,14.545454545454545,0.5915625,0.9193359375,0,0.26640926640926643,0.9875,2.3731579056214978,0.7983386075949367,5.276174773289365,3.4871875,0.693359375,18,0.02977346278317152,1.0,3.967971078724929,0.6026824027979419,2.655482627254785,6.425598478956011,0.3189700189069956,9,0.01911010720304041,1.0,2.7562884437141904,0.7943840579710145,6.260869565217392,5.161458333333333,0.7048611111111112,0,0.11627906976744186,0.7638888888888888,2.9121345070332127
16,8,col,row,False,32,True,True,tw16_th8_tcol_irow_lo_pal32_pad64_full,0.22184075280357662,0.5919303797468354,2.337472607742878,4.42640625,0.853515625,13,0.25627705627705627,0.9625,3.120561628301689,0.9398734177215189,14.545454545454545,0.5915625,0.9193359375,0,0.26640926640926643,0.9875,2.3731579056214978,0.7983386075949367,5.276174773289365,3.4871875,0.693359375,18,0.02977346278317152,1.0,3.967971078724929,0.6026824027979419,2.655482627254785,6.425598478956011,0.3189700189069956,9,0.01911010720304041,1.0,2.7562884437141904,0.7943840579710145,6.260869565217392,5.161458333333333,0.7048611111111112,0,0.11627906976744186,0.7638888888888888,2.9121345070332127
16,32,col,bup,False,64,True,False,tw16_th32_tcol_ibup_lo_pal64_pad64,0.09959143441899898,0.5915348101265823,2.337472607742878,4.44609375,0.8552734375,14,0.2554019014693172,0.9625,3.141541899266879,0.9395569620253164,14.545454545454545,0.59578125,0.920703125,0,0.26640926640926643,0.975,2.4431825431937666,0.7950949367088608,5.157131345688961,3.58359375,0.69375,17,0.031511254019292605,1.0,3.968175294944637,0.6035762895609998,2.6651464897733557,6.413464696223317,0.3210948050778788,9,0.019612068965517242,1.0,2.5939789653784224,0.8079710144927537,6.4,4.758680555555555,0.71875,0,0.1111111111111111,0.9166666666666666,2.909846154814521
16,8,col,row,False,32,True,False,tw16_th8_tcol_irow_lo_pal32_pad64,0.22184075280357662,0.5919303797468354,2.337472607742878,4.42640625,0.853515625,13,0.25627705627705627,0.9625,3.120561628301689,0.9398734177215189,14.545454545454545,0.5915625,0.9193359375,0,0.26640926640926643,0.9875,2.3731579056214978,0.7983386075949367,5.276174773289365,3.4871875,0.693359375,18,0.02977346278317152,1.0,3.969315229812856,0.6027341570463829,2.658411064651013,6.422487252614294,0.3189880255694607,9,0.019043178883947784,1.0,2.6644367920206564,0.7980072463768115,6.4,4.973958333333333,0.6979166666666666,0,0.09195402298850575,0.9166666666666666,2.9033525871902364
16,2,col,bup,False,32,False,True,tw16_th2_tcol_ibup_lo_pal32_full,0.22184075280357662,0.5919303797468354,2.337472607742878,4.42640625,0.853515625,13,0.25627705627705627,0.9625,3.192591343369378,0.940506329113924,14.545454545454545,0.5915625,0.9193359375,0,0.2548262548262548,0.9875,2.56949500774759,0.7651898734177216,5.276174773289365,3.4871875,0.693359375,15,0.03495145631067961,1.0,3.698677102397082,0.5910710986345511,2.639370437956204,6.5711174487944,0.3277752768524354,11,0.016450945315514397,1.0,2.7562884437141904,0.7943840579710145,6.260869565217392,5.161458333333333,0.7048611111111112,0,0.11627906976744186,0.7638888888888888,2.901121686605242
16,16,row,bup,False,32,False,True,tw16_th16_trow_ibup_lo_pal32_full,0.08231045813422821,0.5920886075949368,2.338326635001827,4.4353125,0.866015625,14,0.25627705627705627,0.9625,3.103126771843324,0.940506329113924,14.61187214611872,0.59984375,0.91875,0,0.26640926640926643,1.0,3.304841996275282,0.7948575949367089,5.220228384991843,3.6715625,0.6123046875,11,0.026537216828478965,1.0,3.08715942098761,0.5924392461351302,2.6795887175211894,6.63049001814882,0.39250922841451336,16,0.018675185172183802,1.0,3.0215453904991953,0.8233695652173914,7.111111111111111,4.439236111111111,0.7534722222222222,0,0.1111111111111111,0.7638888888888888,2.900959081707778
16,16,row,bup,False,32,True,True,tw16_th16_trow_ibup_lo_pal32_pad64_full,0.08231045813422821,0.5920886075949368,2.338326635001827,4.4353125,0.866015625,14,0.25627705627705627,0.9625,3.103126771843324,0.940506329113924,14.61187214611872,0.59984375,0.91875,0,0.26640926640926643,1.0,3.304841996275282,0.7948575949367089,5.220228384991843,3.6715625,0.6123046875,11,0.026537216828478965,1.0,3.08715942098761,0.5924392461351302,2.6795887175211894,6.63049001814882,0.39250922841451336,16,0.018675185172183802,1.0,3.0215453904991953,0.8233695652173914,7.111111111111111,4.439236111111111,0.7534722222222222,0,0.1111111111111111,0.7638888888888888,2.900959081707778
16,16,col,row,False,32,True,False,tw16_th16_tcol_irow_lo_pal32_pad64,0.22184075280357662,0.5919303797468354,2.337472607742878,4.42640625,0.853515625,13,0.25627705627705627,0.9625,3.120561628301689,0.9398734177215189,14.545454545454545,0.5915625,0.9193359375,0,0.26640926640926643,0.9875,2.3731579056214978,0.7983386075949367,5.276174773289365,3.4871875,0.693359375,18,0.02977346278317152,1.0,3.970126755937553,0.6029427444069848,2.659021968930968,6.422089707026186,0.31891599891960026,9,0.01908451714736691,1.0,2.6375226912171224,0.7934782608695652,6.329670329670329,5.128472222222222,0.6909722222222222,0,0.0898876404494382,0.9166666666666666,2.9009046349472927
16,32,col,row,False,32,True,False,tw16_th32_tcol_irow_lo_pal32_pad64,0.22184075280357662,0.5919303797468354,2.337472607742878,4.42640625,0.853515625,13,0.25627705627705627,0.9625,3.120561628301689,0.9398734177215189,14.545454545454545,0.5915625,0.9193359375,0,0.26640926640926643,0.9875,2.3731579056214978,0.7983386075949367,5.276174773289365,3.4871875,0.693359375,18,0.02977346278317152,1.0,3.967872011104647,0.6026385082249706,2.6557264172595825,6.42495894909688,0.31846583235797243,9,0.01924455275229358,1.0,2.6375226912171224,0.7934782608695652,6.329670329670329,5.128472222222222,0.6909722222222222,0,0.0898876404494382,0.9166666666666666,2.9002282114974207
16,8,row,bup,False,0,True,False,tw16_th8_trow_ibup_lo_pal0_pad64,0.05043826149052877,0.5919303797468354,2.337472607742878,4.465625,0.88125,14,0.2568211346903421,0.9625,3.1234095677705653,0.9402689873417721,14.578587699316628,0.60359375,0.9177734375,0,0.2625482625482625,1.0,3.215056218234088,0.7936708860759494,5.503009458297506,3.67328125,0.66953125,11,0.030283505154639175,1.0,3.331970717116003,0.5927722938890961,2.7458471760797343,6.559070089015642,0.44143333033222293,13,0.018768452129902996,1.0,2.484560993730663,0.7971014492753623,6.4,5.328125,0.6944444444444444,0,0.11235955056179775,0.9166666666666666,2.9000834797883193
16,16,col,bup,False,64,False,False,tw16_th16_tcol_ibup_lo_pal64,0.21815914275233217,0.5915348101265823,2.337472607742878,4.4546875,0.8552734375,13,0.2554019014693172,0.9625,3.116740013718356,0.9398734177215189,14.545454545454545,0.6021875,0.920703125,0,0.26640926640926643,0.9875,2.444332263327201,0.7978639240506329,5.157131345688961,3.62,0.69375,17,0.03215434083601286,1.0,3.9060398551181104,0.5940784518599296,2.6330041414463206,6.605461930688791,0.32125686504006484,9,0.017815890794539727,1.0,2.562276066827697,0.8052536231884058,6.4,4.883680555555555,0.71875,0,0.1111111111111111,0.9166666666666666,2.891371086670234
16,8,col,row,False,64,False,True,tw16_th8_tcol_irow_lo_pal64_full,0.21980603093798656,0.5911392405063292,2.337472607742878,4.4353125,0.8552734375,13,0.2554019014693172,0.9625,3.1180160553850222,0.9398734177215189,14.545454545454545,0.59453125,0.920703125,0,0.26640926640926643,0.9875,2.2344222013588673,0.7972310126582278,5.157131345688961,3.516875,0.69375,19,0.029581993569131833,1.0,3.9740797539404937,0.6040813683330373,2.663551401869159,6.394780053582231,0.3212028450526695,9,0.01943456550634048,1.0,2.865874476395768,0.8079710144927537,6.4,4.796875,0.7256944444444444,0,0.11392405063291139,0.7638888888888888,2.888029803050175
16,8,col,row,False,64,True,True,tw16_th8_tcol_irow_lo_pal64_pad64_full,0.21980603093798656,0.5911392405063292,2.337472607742878,4.4353125,0.8552734375,13,0.2554019014693172,0.9625,3.1180160553850222,0.9398734177215189,14.545454545454545,0.59453125,0.920703125,0,0.26640926640926643,0.9875,2.2344222013588673,0.7972310126582278,5.157131345688961,3.516875,0.69375,19,0.029581993569131833,1.0,3.9740797539404937,0.6040813683330373,2.663551401869159,6.394780053582231,0.3212028450526695,9,0.01943456550634048,1.0,2.865874476395768,0.8079710144927537,6.4,4.796875,0.7256944444444444,0,0.11392405063291139,0.7638888888888888,2.888029803050175
16,4,row,row,False,64,False,False,tw16_th4_trow_irow_lo_pal64,-0.06377785402132918,0.5906645569620254,2.335766423357664,4.38046875,0.8890625,15,0.2554019014693172,0.9625,3.1144466780837736,0.9399525316455696,14.645308924485127,0.64140625,0.9236328125,0,0.26640926640926643,0.9875,3.2181451018720475,0.7858386075949367,5.157131345688961,3.9175,0.68046875,10,0.03022508038585209,1.0,3.2172228908056395,0.5853354406709317,2.678596231307005,6.585446374557082,0.41737642927883317,14,0.020616030801540078,1.0,2.76995521336554,0.8152173913043478,6.4,3.765625,0.71875,0,0.08641975308641975,1.0,2.8835340230450526
16,2,col,bup,False,32,False,False,tw16_th2_tcol_ibup_lo_pal32,0.22184075280357662,0.5919303797468354,2.337472607742878,4.42640625,0.853515625,13,0.25627705627705627,0.9625,3.192591343369378,0.940506329113924,14.545454545454545,0.5915625,0.9193359375,0,0.2548262548262548,0.9875,2.56949500774759,0.7651898734177216,5.276174773289365,3.4871875,0.693359375,15,0.03495145631067961,1.0,3.703107764826137,0.5905279471373326,2.6342029777352822,6.5865525883674705,0.32125686504006484,11,0.016479479374409575,1.0,2.566483772474247,0.792572463768116,6.329670329670329,5.128472222222222,0.6909722222222222,0,0.10112359550561797,0.9166666666666666,2.8834704182099635
16,8,col,row,False,0,False,True,tw16_th8_tcol_irow_lo_pal0_full,0.2206014475131901,0.5919303797468354,2.338326635001827,4.43203125,0.8533203125,13,0.256388046773495,0.9625,3.122035784419832,0.9401898734177214,14.545454545454545,0.5903125,0.9193359375,0,0.26640926640926643,0.9875,2.274202571825968,0.8005537974683544,5.4283290924512295,3.39625,0.6888671875,19,0.03350515463917526,1.0,3.9589524492290273,0.6019691962848649,2.653290529695024,6.458421916861118,0.31859187899522823,9,0.019290068124775905,1.0,2.734873188405798,0.7835144927536233,6.260869565217392,5.458333333333333,0.6875,0,0.10869565217391304,0.7638888888888888,2.8818431420342514
16,8,col,row,False,0,True,True,tw16_th8_tcol_irow_lo_pal0_pad64_full,0.2206014475131901,0.5919303797468354,2.338326635001827,4.43203125,0.8533203125,13,0.256388046773495,0.9625,3.122035784419832,0.9401898734177214,14.545454545454545,0.5903125,0.9193359375,0,0.26640926640926643,0.9875,2.274202571825968,0.8005537974683544,5.4283290924512295,3.39625,0.6888671875,19,0.03350515463917526,1.0,3.9589524492290273,0.6019691962848649,2.653290529695024,6.458421916861118,0.31859187899522823,9,0.019290068124775905,1.0,2.734873188405798,0.7835144927536233,6.260869565217392,5.458333333333333,0.6875,0,0.10869565217391304,0.7638888888888888,2.8818431420342514
16,2,col,bup,False,64,False,False,tw16_th2_tcol_ibup_lo_pal64,0.22043894233039163,0.5912974683544304,2.337472607742878,4.4353125,0.8552734375,13,0.2554019014693172,0.9625,3.188779947667903,0.9401898734177214,14.545454545454545,0.59453125,0.920703125,0,0.2548262548262548,0.9875,2.4338071987132563,0.7647943037974684,5.157131345688961,3.516875,0.69375,16,0.03472668810289389,1.0,3.801350662703258,0.5900579840236723,2.6330041414463206,6.591288566243194,0.32125686504006484,10,0.01631081554077704,1.0,2.5939789653784224,0.8079710144927537,6.4,4.758680555555555,0.71875,0,0.1111111111111111,0.9166666666666666,2.8793108687943523
16,16,col,col,False,64,True,False,tw16_th16_tcol_icol_lo_pal64_pad64,0.14566843334833868,0.5908227848101266,1.5080113100848256,4.4578125,0.8552734375,13,0.2554019014693172,0.9625,2.8034096915533167,0.9401107594936708,10.774410774410775,0.60234375,0.920703125,0,0.26640926640926643,0.9875,3.303847145002223,0.7954113924050633,3.7536656891495603,3.624375,0.69375,9,0.02765273311897106,1.0,3.5001212489528637,0.6035105618524642,1.8301594331266609,6.403629764065336,0.32141892500225083,13,0.01950571161721388,1.0,2.2901336736934566,0.8106884057971014,3.272727272727273,4.722222222222222,0.8576388888888888,0,0.08641975308641975,0.9166666666666666,2.878589994227512
16,16,row,bup,False,0,False,True,tw16_th16_trow_ibup_lo_pal0_full,0.31530760751210796,0.5919303797468354,2.338326635001827,4.44515625,0.8669921875,12,0.2568211346903421,0.9625,3.1969825473417743,0.9404272151898734,14.545454545454545,0.59984375,0.9189453125,0,0.26640926640926643,0.95,2.8340654286183664,0.7967563291139241,5.328892589508743,3.586875,0.6142578125,15,0.029639175257731958,1.0,3.284313602264519,0.5923695127395685,2.681948822547747,6.648621553884712,0.39326550823804807,14,0.01844305487247945,1.0,2.993338222976015,0.8134057971014492,7.024390243902439,4.789930555555555,0.7361111111111112,0,0.10256410256410256,0.7638888888888888,2.8779249853275624
16,16,row,bup,False,0,True,True,tw16_th16_trow_ibup_lo_pal0_pad64_full,0.31530760751210796,0.5919303797468354,2.338326635001827,4.44515625,0.8669921875,12,0.2568211346903421,0.9625,3.1969825473417743,0.9404272151898734,14.545454545454545,0.59984375,0.9189453125,0,0.26640926640926643,0.95,2.8340654286183664,0.7967563291139241,5.328892589508743,3.586875,0.6142578125,15,0.029639175257731958,1.0,3.284313602264519,0.5923695127395685,2.681948822547747,6.648621553884712,0.39326550823804807,14,0.01844305487247945,1.0,2.993338222976015,0.8134057971014492,7.024390243902439,4.789930555555555,0.7361111111111112,0,0.10256410256410256,0.7638888888888888,2.8779249853275624
16,16,col,row,False,0,True,False,tw16_th16_tcol_irow_lo_pal0_pad64,0.2206014475131901,0.5919303797468354,2.338326635001827,4.43203125,0.8533203125,13,0.256388046773495,0.9625,3.122035784419832,0.9401898734177214,14.545454545454545,0.5903125,0.9193359375,0,0.26640926640926643,0.9875,2.274202571825968,0.8005537974683544,5.4283290924512295,3.39625,0.6888671875,19,0.03350515463917526,1.0,3.9606855717416742,0.6019599577507082,2.654873348017621,6.457799671592775,0.31801566579634466,9,0.019178376828219098,1.0,2.6698350911792197,0.779891304347826,6.329670329670329,5.496527777777778,0.6631944444444444,0,0.07216494845360824,0.9166666666666666,2.875859269065387
16,32,col,row,False,0,True,False,tw16_th32_tcol_irow_lo_pal0_pad64,0.2206014475131901,0.5919303797468354,2.338326635001827,4.43203125,0.8533203125,13,0.256388046773495,0.9625,3.122035784419832,0.9401898734177214,14.545454545454545,0.5903125,0.9193359375,0,0.26640926640926643,0.9875,2.274202571825968,0.8005537974683544,5.4283290924512295,3.39625,0.6888671875,19,0.03350515463917526,1.0,3.959758017454555,0.6018732027487808,2.6542643483048125,6.458110794226947,0.31833978572071664,9,0.019177001935622624,1.0,2.6698350911792197,0.779891304347826,6.329670329670329,5.496527777777778,0.6631944444444444,0,0.07216494845360824,0.9166666666666666,2.8755810027792514
16,2,row,bup,False,32,False,False,tw16_th2_trow_ibup_lo_pal32,0.14775757484531393,0.5918512658227848,2.3340627279358133,4.525,0.8880859375,13,0.2571428571428571,0.9625,3.1165521383545416,0.9402689873417721,14.578587699316628,0.695,0.930078125,0,0.26640926640926643,0.975,3.3135308375767787,0.7878164556962025,5.536332179930795,4.86640625,0.741015625,8,0.019417475728155338,1.0,3.0651490340792362,0.5781543868503736,2.6873054949138373,6.652631578947369,0.4257135140001801,15,0.020678072845596727,1.0,2.7172673265461498,0.8396739130434783,6.329670329670329,5.163194444444445,0.6909722222222222,0,0.07865168539325842,1.0,2.874913622608154
16,2,col,bup,False,64,False,True,tw16_th2_tcol_ibup_lo_pal64_full,0.22043894233039163,0.5912974683544304,2.337472607742878,4.4353125,0.8552734375,13,0.2554019014693172,0.9625,3.188779947667903,0.9401898734177214,14.545454545454545,0.59453125,0.920703125,0,0.2548262548262548,0.9875,2.4338071987132563,0.7647943037974684,5.157131345688961,3.516875,0.69375,16,0.03472668810289389,1.0,3.6953094523684733,0.5905496876854914,2.634083044982699,6.57388298332037,0.3276312235527145,11,0.016550369928819385,1.0,2.862251287989971,0.8070652173913043,6.4,4.796875,0.7256944444444444,0,0.11392405063291139,0.7638888888888888,2.874325737955072
16,4,row,bup,False,32,False,False,tw16_th4_trow_ibup_lo_pal32,-0.07286357668352172,0.5920886075949368,2.335766423357664,4.40625,0.8908203125,15,0.2567099567099567,0.9625,3.2374457121316578,0.9424050632911392,14.61187214611872,0.62953125,0.9236328125,0,0.24324324324324326,1.0,2.7322120135214503,0.7849683544303798,5.3112033195020745,4.235625,0.67265625,14,0.025889967637540454,1.0,3.4830100036247327,0.5837772673226029,2.682943795214246,6.812946158499697,0.41858287566399566,11,0.01871872922570939,1.0,2.7943420655499303,0.7916666666666666,6.329670329670329,4.208333333333333,0.6944444444444444,0,0.10112359550561797,0.875,2.8706191301775394
16,16,col,col,False,64,False,True,tw16_th16_tcol_icol_lo_pal64_full,0.14566843334833868,0.5908227848101266,1.5080113100848256,4.4578125,0.8552734375,13,0.2554019014693172,0.9625,2.8034096915533167,0.9401107594936708,10.774410774410775,0.60234375,0.920703125,0,0.26640926640926643,0.9875,3.303847145002223,0.7954113924050633,3.7536656891495603,3.624375,0.69375,9,0.02765273311897106,1.0,3.341542010586916,0.6136720506936492,1.878470080197409,6.313386915564774,0.33348338885387596,15,0.019538188277087035,1.0,2.685123295585252,0.8351449275362319,3.74025974025974,4.090277777777778,0.8993055555555556,0,0.10144927536231885,0.7638888888888888,2.8705151849069073
16,16,col,col,False,64,True,True,tw16_th16_tcol_icol_lo_pal64_pad64_full,0.14566843334833868,0.5908227848101266,1.5080113100848256,4.4578125,0.8552734375,13,0.2554019014693172,0.9625,2.8034096915533167,0.9401107594936708,10.774410774410775,0.60234375,0.920703125,0,0.26640926640926643,0.9875,3.303847145002223,0.7954113924050633,3.7536656891495603,3.624375,0.69375,9,0.02765273311897106,1.0,3.341542010586916,0.6136720506936492,1.878470080197409,6.313386915564774,0.33348338885387596,15,0.019538188277087035,1.0,2.685123295585252,0.8351449275362319,3.74025974025974,4.090277777777778,0.8993055555555556,0,0.10144927536231885,0.7638888888888888,2.8705151849069073
16,4,row,row,False,32,False,True,tw16_th4_trow_irow_lo_pal32_full,-0.0702678222928701,0.5915348101265823,2.335766423357664,4.39296875,0.8908203125,15,0.25627705627705627,0.9625,3.0868686132199077,0.9399525316455696,14.61187214611872,0.64015625,0.9236328125,0,0.26640926640926643,1.0,3.39019764243874,0.7883702531645569,5.3112033195020745,3.80625,0.67265625,9,0.030420711974110032,1.0,3.028940228911762,0.5864114248442879,2.6900544008927327,6.537896465301184,0.4178446025029261,16,0.020743392650310624,1.0,2.793184531667798,0.8134057971014492,6.329670329670329,4.567708333333333,0.7395833333333334,0,0.13157894736842105,0.7638888888888888,2.866416322528127
16,8,col,row,False,0,True,False,tw16_th8_tcol_irow_lo_pal0_pad64,0.2206014475131901,0.5919303797468354,2.338326635001827,4.43203125,0.8533203125,13,0.256388046773495,0.9625,3.122035784419832,0.9401898734177214,14.545454545454545,0.5903125,0.9193359375,0,0.26640926640926643,0.9875,2.274202571825968,0.8005537974683544,5.4283290924512295,3.39625,0.6888671875,19,0.03350515463917526,1.0,3.9600651546653394,0.6019773240717459,2.6551170261587886,6.456762596145536,0.31830377239578644,9,0.01925352264171238,1.0,2.568839080755131,0.786231884057971,6.4,5.347222222222222,0.6736111111111112,0,0.09574468085106383,0.9166666666666666,2.865573542900078
16,32,col,bup,False,0,False,False,tw16_th32_tcol_ibup_lo_pal0,0.33843145376738226,0.5921677215189873,2.338326635001827,4.43515625,0.8533203125,12,0.2568211346903421,0.9625,3.1197243392721528,0.9397943037974683,14.545454545454545,0.5946875,0.9193359375,0,0.26640926640926643,0.9875,2.025961483696863,0.8000791139240506,5.4283290924512295,3.4575,0.6888671875,21,0.03286082474226804,1.0,4.109503952109706,0.5951492191703001,2.6343229214097077,6.60675827499784,0.3209147384532277,7,0.018020224640470275,1.0,2.6698350911792197,0.779891304347826,6.329670329670329,5.496527777777778,0.6631944444444444,0,0.07216494845360824,0.9166666666666666,2.864787525024168
16,8,col,row,False,64,True,False,tw16_th8_tcol_irow_lo_pal64_pad64,0.21980603093798656,0.5911392405063292,2.337472607742878,4.4353125,0.8552734375,13,0.2554019014693172,0.9625,3.1180160553850222,0.9398734177215189,14.545454545454545,0.59453125,0.920703125,0,0.26640926640926643,0.9875,2.2344222013588673,0.7972310126582278,5.157131345688961,3.516875,0.69375,19,0.029581993569131833,1.0,3.9746835537257326,0.6041764043283665,2.6656376704754883,6.392308357099646,0.32100477176555325,9,0.019544442049292232,1.0,2.6191495944547167,0.8125,6.47191011235955,4.588541666666667,0.7256944444444444,0,0.11392405063291139,0.9166666666666666,2.8635384547916414
16,32,col,row,False,64,True,False,tw16_th32_tcol_irow_lo_pal64_pad64,0.21980603093798656,0.5911392405063292,2.337472607742878,4.4353125,0.8552734375,13,0.2554019014693172,0.9625,3.1180160553850222,0.9398734177215189,14.545454545454545,0.59453125,0.920703125,0,0.26640926640926643,0.9875,2.2344222013588673,0.7972310126582278,5.157131345688961,3.516875,0.69375,19,0.029581993569131833,1.0,3.975719238616077,0.6041419397977027,2.6651464897733557,6.393414570910034,0.3210948050778788,9,0.019288793103448276,1.0,2.5939789653784224,0.8079710144927537,6.4,4.758680555555555,0.71875,0,0.1111111111111111,0.9166666666666666,2.8613320973511156
16,16,col,row,False,64,True,False,tw16_th16_tcol_irow_lo_pal64_pad64,0.21980603093798656,0.5911392405063292,2.337472607742878,4.4353125,0.8552734375,13,0.2554019014693172,0.9625,3.1180160553850222,0.9398734177215189,14.545454545454545,0.59453125,0.920703125,0,0.26640926640926643,0.9875,2.2344222013588673,0.7972310126582278,5.157131345688961,3.516875,0.69375,19,0.029581993569131833,1.0,3.974375954876167,0.6040114051276944,2.6652692679780716,6.39189352692075,0.320806698478437,9,0.019541633738055893,1.0,2.5939789653784224,0.8079710144927537,6.4,4.758680555555555,0.71875,0,0.1111111111111111,0.9166666666666666,2.860929112229142
16,16,row,bup,False,32,True,False,tw16_th16_trow_ibup_lo_pal32_pad64,0.08231045813422821,0.5920886075949368,2.338326635001827,4.4353125,0.866015625,14,0.25627705627705627,0.9625,3.103126771843324,0.940506329113924,14.61187214611872,0.59984375,0.91875,0,0.26640926640926643,1.0,3.304841996275282,0.7948575949367089,5.220228384991843,3.6715625,0.6123046875,11,0.026537216828478965,1.0,3.0899052733208814,0.5929605038776691,2.6778523489932886,6.615763546798029,0.3926892950391645,16,0.018904984041247238,1.0,2.598296644518249,0.7907608695652173,6.329670329670329,5.298611111111111,0.6909722222222222,0,0.0898876404494382,0.9166666666666666,2.8594579628096652
16,2,row,row,False,64,False,False,tw16_th2_trow_irow_lo_pal64,0.15747955115760126,0.5897943037974683,2.334914264866837,4.5140625,0.8826171875,13,0.25583405358686256,0.9625,3.141249177747892,0.9399525316455696,14.545454545454545,0.69,0.927734375,0,0.26640926640926643,0.9628125,3.2316208202018855,0.7685126582278481,5.369127516778524,4.94734375,0.741796875,8,0.015434083601286173,1.0,3.1274464653158205,0.6045310925033951,2.6844376391982183,6.635225996024544,0.42420095435311067,15,0.028701435071753587,1.0,2.507173409822866,0.8079710144927537,6.4,4.779513888888889,0.71875,0,0.1111111111111111,0.9583333333333334,2.8584958441365833
16,16,col,bup,False,0,False,False,tw16_th16_tcol_ibup_lo_pal0,0.22084768960179813,0.5921677215189873,2.338326635001827,4.43625,0.8533203125,13,0.256388046773495,0.9625,3.1200226646940945,0.9400316455696203,14.545454545454545,0.59859375,0.9193359375,0,0.26640926640926643,0.9875,2.2571530828040447,0.8002373417721519,5.4283290924512295,3.53734375,0.6888671875,19,0.03221649484536082,1.0,3.900797868602087,0.5934609707715254,2.6343229214097077,6.628554143980641,0.3209147384532277,9,0.017740298820812486,1.0,2.641755381034292,0.7780797101449275,6.329670329670329,5.621527777777778,0.6631944444444444,0,0.07216494845360824,0.9166666666666666,2.850148408201715
16,4,row,row,False,64,False,True,tw16_th4_trow_irow_lo_pal64_full,-0.06377785402132918,0.5906645569620254,2.335766423357664,4.38046875,0.8890625,15,0.2554019014693172,0.9625,3.1144466780837736,0.9399525316455696,14.645308924485127,0.64140625,0.9236328125,0,0.26640926640926643,0.9875,3.2181451018720475,0.7858386075949367,5.157131345688961,3.9175,0.68046875,10,0.03022508038585209,1.0,3.0306284755229953,0.5865075332852627,2.6863072851372056,6.533903724829314,0.41764652921580986,16,0.02063447501403706,1.0,2.9316255066910992,0.8306159420289855,6.620689655172414,4.149305555555555,0.7604166666666666,0,0.13043478260869565,0.7638888888888888,2.8437227277928154
16,2,col,bup,False,0,False,True,tw16_th2_tcol_ibup_lo_pal0_full,0.2183193757083104,0.5920094936708861,2.338326635001827,4.43203125,0.8533203125,13,0.2568211346903421,0.9625,3.1677996767027112,0.940506329113924,14.545454545454545,0.5903125,0.9193359375,0,0.2548262548262548,1.0,2.4896932412765755,0.7673259493670886,5.4283290924512295,3.39625,0.6888671875,16,0.035438144329896906,1.0,3.5954241473538184,0.5906278552809757,2.6392500342137675,6.591288566243194,0.32631673719276133,12,0.01650026274303731,1.0,2.734873188405798,0.7835144927536233,6.260869565217392,5.458333333333333,0.6875,0,0.10869565217391304,0.7638888888888888,2.840528271778005
16,16,row,bup,False,0,True,False,tw16_th16_trow_ibup_lo_pal0_pad64,0.31530760751210796,0.5919303797468354,2.338326635001827,4.44515625,0.8669921875,12,0.2568211346903421,0.9625,3.1969825473417743,0.9404272151898734,14.545454545454545,0.59984375,0.9189453125,0,0.26640926640926643,0.95,2.8340654286183664,0.7967563291139241,5.328892589508743,3.586875,0.6142578125,15,0.029639175257731958,1.0,3.2891561442738446,0.5932299308143479,2.684064022268615,6.631578947368421,0.39416584136130367,14,0.018487276817095458,1.0,2.5759997511888475,0.7789855072463767,6.329670329670329,5.666666666666667,0.6631944444444444,0,0.08247422680412371,0.9166666666666666,2.8376439007516434
16,4,row,row,False,0,False,True,tw16_th4_trow_irow_lo_pal0_full,-0.0739846877716197,0.5916139240506328,2.338326635001827,4.40390625,0.8919921875,15,0.256388046773495,0.9625,3.133396214272153,0.9397943037974683,14.545454545454545,0.6415625,0.9216796875,0,0.26640926640926643,0.975,3.3050387418435436,0.7894778481012659,5.432937181663837,3.72578125,0.6763671875,10,0.028350515463917526,1.0,3.0286999659540497,0.5862370722045684,2.691055397925485,6.5425460202229715,0.41739443594129827,16,0.02066449145703961,1.0,2.475270974422859,0.8016304347826086,6.193548387096774,4.902777777777778,0.71875,0,0.13253012048192772,0.8784722222222222,2.8242114007968526
16,32,col,bup,False,32,True,False,tw16_th32_tcol_ibup_lo_pal32_pad64,-0.018065299411612834,0.5922468354430379,2.337472607742878,4.4334375,0.853515625,15,0.25627705627705627,0.9625,3.097486404145571,0.9403481012658228,14.545454545454545,0.59140625,0.9193359375,0,0.26640926640926643,1.0,2.2673334918070296,0.7960443037974684,5.276174773289365,3.60046875,0.693359375,19,0.031067961165048542,0.975,3.8590890993265816,0.6020206441202642,2.6557264172595825,6.440895341802783,0.31846583235797243,10,0.019853784403669725,1.0,2.6375226912171224,0.7934782608695652,6.329670329670329,5.128472222222222,0.6909722222222222,0,0.0898876404494382,0.9166666666666666,2.814886947914434
16,4,row,bup,False,64,False,False,tw16_th4_trow_ibup_lo_pal64,-0.06544287248124547,0.5912183544303797,2.335766423357664,4.40375,0.8890625,15,0.2554019014693172,0.9625,3.2403923160250603,0.9424841772151898,14.645308924485127,0.63046875,0.9236328125,0,0.24324324324324326,1.0,2.448823395656899,0.7820411392405063,5.157131345688961,4.3075,0.68046875,16,0.02508038585209003,1.0,3.4819765982597826,0.5840736055275175,2.678596231307005,6.81704260651629,0.41737642927883317,11,0.019215960798039902,1.0,2.9540584742351053,0.8052536231884058,6.4,3.921875,0.71875,0,0.08641975308641975,0.875,2.8139594821402554
16,16,row,row,False,0,False,False,tw16_th16_trow_irow_lo_pal0,-0.16474615929060676,0.5920094936708861,2.338326635001827,4.46296875,0.8669921875,16,0.256388046773495,0.9625,3.1943546464978927,0.9399525316455696,14.545454545454545,0.60421875,0.9189453125,0,0.26640926640926643,0.95,2.9704860740901147,0.7986550632911393,5.328892589508743,3.5803125,0.6142578125,14,0.028350515463917526,1.0,3.1943060025505208,0.592186802503187,2.67760448002962,6.583821623023075,0.3925272350769785,15,0.018580076279785855,1.0,2.624636023330555,0.7826086956521738,6.329670329670329,5.461805555555555,0.6631944444444444,0,0.08247422680412371,0.9166666666666666,2.810434297707845
16,16,row,bup,False,0,False,False,tw16_th16_trow_ibup_lo_pal0,0.31530760751210796,0.5919303797468354,2.338326635001827,4.44515625,0.8669921875,12,0.2568211346903421,0.9625,3.1969825473417743,0.9404272151898734,14.545454545454545,0.59984375,0.9189453125,0,0.26640926640926643,0.95,2.8340654286183664,0.7967563291139241,5.328892589508743,3.586875,0.6142578125,15,0.029639175257731958,1.0,3.1881133431414614,0.5926045134472138,2.67760448002962,6.6171463140610145,0.3925272350769785,15,0.01896497428181532,1.0,2.5759997511888475,0.7789855072463767,6.329670329670329,5.666666666666667,0.6631944444444444,0,0.08247422680412371,0.9166666666666666,2.8073310604119284
16,16,col,bup,False,0,True,False,tw16_th16_tcol_ibup_lo_pal0_pad64,0.22084768960179813,0.5921677215189873,2.338326635001827,4.43625,0.8533203125,13,0.256388046773495,0.9625,3.1200226646940945,0.9400316455696203,14.545454545454545,0.59859375,0.9193359375,0,0.26640926640926643,0.9875,2.2571530828040447,0.8002373417721519,5.4283290924512295,3.53734375,0.6888671875,19,0.03221649484536082,1.0,3.7450092056784285,0.5993753712845429,2.654873348017621,6.485956269985308,0.31801566579634466,11,0.019285919128190422,1.0,2.641755381034292,0.7780797101449275,6.329670329670329,5.621527777777778,0.6631944444444444,0,0.07216494845360824,0.9166666666666666,2.8034118093246176
16,16,col,col,False,64,False,False,tw16_th16_tcol_icol_lo_pal64,0.14566843334833868,0.5908227848101266,1.5080113100848256,4.4578125,0.8552734375,13,0.2554019014693172,0.9625,2.8034096915533167,0.9401107594936708,10.774410774410775,0.60234375,0.920703125,0,0.26640926640926643,0.9875,3.303847145002223,0.7954113924050633,3.7536656891495603,3.624375,0.69375,9,0.02765273311897106,1.0,3.2383189118164593,0.5944613601935488,1.7933973961562306,6.593812116498142,0.3210948050778788,15,0.018060903045152257,1.0,2.2901336736934566,0.8106884057971014,3.272727272727273,4.722222222222222,0.8576388888888888,0,0.08641975308641975,0.9166666666666666,2.800049293086591
16,2,row,row,False,0,False,False,tw16_th2_trow_irow_lo_pal0,0.14920729827850376,0.5911392405063292,2.337472607742878,4.53359375,0.8857421875,13,0.2568211346903421,0.9625,3.129818719314459,0.9397151898734177,14.578587699316628,0.699375,0.9359375,0,0.26640926640926643,0.9625,3.0426476294299034,0.7699367088607595,5.683836589698046,4.82109375,0.74296875,10,0.015463917525773196,1.0,3.1237978406056497,0.604409336747981,2.689304141681774,6.646236280356063,0.4260916539119474,15,0.028517442877637425,1.0,2.444108352422309,0.7771739130434783,6.329670329670329,5.543402777777778,0.6631944444444444,0,0.09278350515463918,0.9583333333333334,2.79832802195974
16,2,col,bup,False,0,False,False,tw16_th2_tcol_ibup_lo_pal0,0.2183193757083104,0.5920094936708861,2.338326635001827,4.43203125,0.8533203125,13,0.2568211346903421,0.9625,3.1677996767027112,0.940506329113924,14.545454545454545,0.5903125,0.9193359375,0,0.2548262548262548,1.0,2.4896932412765755,0.7673259493670886,5.4283290924512295,3.39625,0.6888671875,16,0.035438144329896906,1.0,3.5025652107524854,0.5899626416153014,2.6343229214097077,6.585636505055743,0.3209147384532277,13,0.016305678995066308,1.0,2.53887737416144,0.7780797101449275,6.329670329670329,5.496527777777778,0.6631944444444444,0,0.09278350515463918,0.9166666666666666,2.793071009373169
16,32,col,bup,False,0,True,False,tw16_th32_tcol_ibup_lo_pal0_pad64,0.33843145376738226,0.5921677215189873,2.338326635001827,4.43515625,0.8533203125,12,0.2568211346903421,0.9625,3.1197243392721528,0.9397943037974683,14.545454545454545,0.5946875,0.9193359375,0,0.26640926640926643,0.9875,2.025961483696863,0.8000791139240506,5.4283290924512295,3.4575,0.6888671875,21,0.03286082474226804,1.0,3.8565575991906167,0.6018383935034453,2.6542643483048125,6.471316221588454,0.31833978572071664,10,0.019320381389346906,1.0,2.6698350911792197,0.779891304347826,6.329670329670329,5.496527777777778,0.6631944444444444,0,0.07216494845360824,0.9166666666666666,2.7889036191484413
16,16,col,bup,False,64,True,False,tw16_th16_tcol_ibup_lo_pal64_pad64,0.21815914275233217,0.5915348101265823,2.337472607742878,4.4546875,0.8552734375,13,0.2554019014693172,0.9625,3.116740013718356,0.9398734177215189,14.545454545454545,0.6021875,0.920703125,0,0.26640926640926643,0.9875,2.444332263327201,0.7978639240506329,5.157131345688961,3.62,0.69375,17,0.03215434083601286,1.0,3.5618048727105887,0.6024188821535925,2.6652692679780716,6.447204217440152,0.320806698478437,13,0.01903872404626769,1.0,2.562276066827697,0.8052536231884058,6.4,4.883680555555555,0.71875,0,0.1111111111111111,0.9166666666666666,2.7881005919479778
16,16,col,col,False,32,True,False,tw16_th16_tcol_icol_lo_pal32_pad64,0.028462208530626087,0.5918512658227848,1.509790044821892,4.4509375,0.853515625,14,0.25627705627705627,0.9625,2.782104791700788,0.9401107594936708,10.79258010118044,0.6015625,0.9193359375,0,0.26640926640926643,1.0,3.071641410110652,0.7973101265822784,3.780271707028943,3.68015625,0.693359375,11,0.026537216828478965,1.0,3.4993095743032683,0.6021576357816314,1.8250788643533122,6.412946158499698,0.3191500855316467,13,0.018976897689768978,1.0,2.1325086348014644,0.7943840579710144,3.031578947368421,5.09375,0.8506944444444444,0,0.0898876404494382,0.9166666666666666,2.7872947249245517
16,16,row,bup,False,32,False,False,tw16_th16_trow_ibup_lo_pal32,0.08231045813422821,0.5920886075949368,2.338326635001827,4.4353125,0.866015625,14,0.25627705627705627,0.9625,3.103126771843324,0.940506329113924,14.61187214611872,0.59984375,0.91875,0,0.26640926640926643,1.0,3.304841996275282,0.7948575949367089,5.220228384991843,3.6715625,0.6123046875,11,0.026537216828478965,1.0,2.789955934834671,0.5926569188233681,2.6754994450610434,6.614674617578429,0.3925812550643738,19,0.01871872922570939,1.0,2.598296644518249,0.7907608695652173,6.329670329670329,5.298611111111111,0.6909722222222222,0,0.0898876404494382,0.9166666666666666,2.769473161263802
16,4,row,bup,False,0,False,True,tw16_th4_trow_ibup_lo_pal0_full,-0.07830654498897527,0.5919303797468354,2.338326635001827,4.40625,0.8919921875,15,0.2572542226071893,0.9625,3.283973313183904,0.942246835443038,14.545454545454545,0.6309375,0.9216796875,0,0.24324324324324326,0.975,2.9033934508891743,0.785126582278481,5.432937181663837,4.18359375,0.6763671875,13,0.02384020618556701,0.9875,3.0856734747074297,0.5840532516793244,2.6905548063060967,6.811770806326161,0.4173224092914378,15,0.018912280701754387,1.0,2.399989170880186,0.7943840579710145,6.193548387096774,5.180555555555555,0.71875,0,0.13253012048192772,0.8784722222222222,2.76815179456013
16,2,row,row,False,32,False,False,tw16_th2_trow_irow_lo_pal32,0.14687396478448855,0.5909810126582279,2.3340627279358133,4.525,0.8880859375,13,0.2567099567099567,0.9625,3.11496985987353,0.9398734177215189,14.578587699316628,0.695,0.930078125,0,0.26640926640926643,0.975,3.1388976803935416,0.7693037974683544,5.536332179930795,4.86640625,0.741015625,9,0.016181229773462782,1.0,2.9217525046399295,0.6037826937286805,2.6873054949138373,6.647204217440152,0.4257135140001801,17,0.028480459046219517,1.0,2.473740213698079,0.7916666666666666,6.329670329670329,5.163194444444445,0.6909722222222222,0,0.10112359550561797,0.9583333333333334,2.7616552504139844
16,4,row,bup,False,32,False,True,tw16_th4_trow_ibup_lo_pal32_full,-0.07286357668352172,0.5920886075949368,2.335766423357664,4.40625,0.8908203125,15,0.2567099567099567,0.9625,3.2374457121316578,0.9424050632911392,14.61187214611872,0.62953125,0.9236328125,0,0.24324324324324326,1.0,2.7322120135214503,0.7849683544303798,5.3112033195020745,4.235625,0.67265625,14,0.025889967637540454,1.0,3.0864026438307963,0.5841578709234821,2.689304141681774,6.807622504537205,0.41762852255334476,15,0.018881830625065807,1.0,2.7226833239383295,0.8070652173913044,6.329670329670329,4.838541666666667,0.7395833333333334,0,0.13157894736842105,0.7638888888888888,2.744471048078198
16,16,row,col,False,32,False,False,tw16_th16_trow_icol_lo_pal32,0.13411720589349496,0.5919303797468354,1.509790044821892,4.42640625,0.866015625,13,0.25627705627705627,0.9625,2.807186886964709,0.9398734177215189,10.774410774410775,0.5915625,0.91875,0,0.26640926640926643,0.9875,2.3698953842370933,0.7983386075949367,3.7780401416765055,3.4871875,0.6123046875,18,0.02977346278317152,1.0,3.926225977358494,0.593519994186838,1.8206564496333826,6.629452942701581,0.39173494192851355,7,0.0178440222525454,1.0,2.084008497077928,0.7934782608695652,3.0,5.128472222222222,0.875,0,0.0898876404494382,0.9166666666666666,2.7430394098992896
16,16,row,col,False,32,False,True,tw16_th16_trow_icol_lo_pal32_full,0.13411720589349496,0.5919303797468354,1.509790044821892,4.42640625,0.866015625,13,0.25627705627705627,0.9625,2.807186886964709,0.9398734177215189,10.774410774410775,0.5915625,0.91875,0,0.26640926640926643,0.9875,2.3698953842370933,0.7983386075949367,3.7780401416765055,3.4871875,0.6123046875,18,0.02977346278317152,1.0,3.8285910745633362,0.5941907615888911,1.822262118491921,6.60167660530637,0.3928693616638156,8,0.018407278603295045,1.0,2.324170538906629,0.8088768115942029,3.2542372881355934,4.784722222222222,0.9270833333333334,0,0.1111111111111111,0.7638888888888888,2.737765143243612
16,16,row,col,False,32,True,True,tw16_th16_trow_icol_lo_pal32_pad64_full,0.13411720589349496,0.5919303797468354,1.509790044821892,4.42640625,0.866015625,13,0.25627705627705627,0.9625,2.807186886964709,0.9398734177215189,10.774410774410775,0.5915625,0.91875,0,0.26640926640926643,0.9875,2.3698953842370933,0.7983386075949367,3.7780401416765055,3.4871875,0.6123046875,18,0.02977346278317152,1.0,3.8285910745633362,0.5941907615888911,1.822262118491921,6.60167660530637,0.3928693616638156,8,0.018407278603295045,1.0,2.324170538906629,0.8088768115942029,3.2542372881355934,4.784722222222222,0.9270833333333334,0,0.1111111111111111,0.7638888888888888,2.737765143243612
16,16,col,col,False,32,False,True,tw16_th16_tcol_icol_lo_pal32_full,0.028462208530626087,0.5918512658227848,1.509790044821892,4.4509375,0.853515625,14,0.25627705627705627,0.9625,2.782104791700788,0.9401107594936708,10.79258010118044,0.6015625,0.9193359375,0,0.26640926640926643,1.0,3.071641410110652,0.7973101265822784,3.780271707028943,3.68015625,0.693359375,11,0.026537216828478965,1.0,3.2316871265178158,0.6124834726957751,1.875547054818945,6.341336098867859,0.3322769424687134,16,0.01987293144208038,1.0,2.439453026921673,0.8188405797101449,3.408284023668639,4.545138888888889,0.8888888888888888,0,0.11688311688311688,0.7638888888888888,2.7377024298009367
16,16,col,col,False,32,True,True,tw16_th16_tcol_icol_lo_pal32_pad64_full,0.028462208530626087,0.5918512658227848,1.509790044821892,4.4509375,0.853515625,14,0.25627705627705627,0.9625,2.782104791700788,0.9401107594936708,10.79258010118044,0.6015625,0.9193359375,0,0.26640926640926643,1.0,3.071641410110652,0.7973101265822784,3.780271707028943,3.68015625,0.693359375,11,0.026537216828478965,1.0,3.2316871265178158,0.6124834726957751,1.875547054818945,6.341336098867859,0.3322769424687134,16,0.01987293144208038,1.0,2.439453026921673,0.8188405797101449,3.408284023668639,4.545138888888889,0.8888888888888888,0,0.11688311688311688,0.7638888888888888,2.7377024298009367
16,16,row,col,False,64,False,True,tw16_th16_trow_icol_lo_pal64_full,0.13307652745607612,0.5911392405063292,1.507656065959953,4.4353125,0.8669921875,13,0.2554019014693172,0.9625,2.8063991265480417,0.9398734177215189,10.774410774410775,0.59453125,0.9189453125,0,0.26640926640926643,0.9875,2.2373244865624557,0.7972310126582278,3.789224393132031,3.516875,0.6158203125,19,0.029581993569131833,1.0,3.8353130067451904,0.5949802206159424,1.8255971726988736,6.57967332123412,0.3929413883136761,8,0.018452778461214018,1.0,2.5948039714446436,0.8260869565217391,3.5555555555555554,4.303819444444445,0.9236111111111112,0,0.0958904109589041,0.7638888888888888,2.7320885607732373
16,16,row,col,False,64,True,True,tw16_th16_trow_icol_lo_pal64_pad64_full,0.13307652745607612,0.5911392405063292,1.507656065959953,4.4353125,0.8669921875,13,0.2554019014693172,0.9625,2.8063991265480417,0.9398734177215189,10.774410774410775,0.59453125,0.9189453125,0,0.26640926640926643,0.9875,2.2373244865624557,0.7972310126582278,3.789224393132031,3.516875,0.6158203125,19,0.029581993569131833,1.0,3.8353130067451904,0.5949802206159424,1.8255971726988736,6.57967332123412,0.3929413883136761,8,0.018452778461214018,1.0,2.5948039714446436,0.8260869565217391,3.5555555555555554,4.303819444444445,0.9236111111111112,0,0.0958904109589041,0.7638888888888888,2.7320885607732373
16,16,row,col,False,32,True,False,tw16_th16_trow_icol_lo_pal32_pad64,0.13411720589349496,0.5919303797468354,1.509790044821892,4.42640625,0.866015625,13,0.25627705627705627,0.9625,2.807186886964709,0.9398734177215189,10.774410774410775,0.5915625,0.91875,0,0.26640926640926643,0.9875,2.3698953842370933,0.7983386075949367,3.7780401416765055,3.4871875,0.6123046875,18,0.02977346278317152,1.0,3.832737308495707,0.594241941312879,1.8216309823677581,6.598167833376545,0.39211308184028093,8,0.018028129493879556,1.0,2.084008497077928,0.7934782608695652,3.0,5.128472222222222,0.875,0,0.0898876404494382,0.9166666666666666,2.7149928092404534
16,16,row,col,False,0,True,False,tw16_th16_trow_icol_lo_pal0_pad64,0.13110830827841835,0.5919303797468354,1.5105027141845646,4.43203125,0.8669921875,13,0.256388046773495,0.9625,2.8159900400759263,0.9401898734177214,10.865874363327674,0.5903125,0.9189453125,0,0.26640926640926643,0.9875,2.250462131570235,0.8005537974683544,3.8004750593824226,3.39625,0.6142578125,19,0.03350515463917526,1.0,3.930215962289201,0.5943031639052578,1.82295112959637,6.592775041050903,0.3933555415503736,7,0.018346689160691692,1.0,2.077371621677707,0.779891304347826,2.782608695652174,5.496527777777778,0.8611111111111112,0,0.07216494845360824,0.9166666666666666,2.7145681801448065
16,16,col,col,False,32,False,False,tw16_th16_tcol_icol_lo_pal32,0.028462208530626087,0.5918512658227848,1.509790044821892,4.4509375,0.853515625,14,0.25627705627705627,0.9625,2.782104791700788,0.9401107594936708,10.79258010118044,0.6015625,0.9193359375,0,0.26640926640926643,1.0,3.071641410110652,0.7973101265822784,3.780271707028943,3.68015625,0.693359375,11,0.026537216828478965,1.0,3.244436055489693,0.595475317440292,1.7988620110689633,6.576147264713508,0.3214549383271811,15,0.018193905041810992,1.0,2.1325086348014644,0.7943840579710144,3.031578947368421,5.09375,0.8506944444444444,0,0.0898876404494382,0.9166666666666666,2.710832669280479
16,16,row,col,False,64,False,False,tw16_th16_trow_icol_lo_pal64,0.13307652745607612,0.5911392405063292,1.507656065959953,4.4353125,0.8669921875,13,0.2554019014693172,0.9625,2.8063991265480417,0.9398734177215189,10.774410774410775,0.59453125,0.9189453125,0,0.26640926640926643,0.9875,2.2373244865624557,0.7972310126582278,3.789224393132031,3.516875,0.6158203125,19,0.029581993569131833,1.0,3.92698249299504,0.5937715185796564,1.8211722488038278,6.625633048137585,0.39162690195372285,7,0.018025901295064754,1.0,2.0751002200600706,0.8079710144927537,3.235955056179775,4.758680555555555,0.8888888888888888,0,0.1111111111111111,0.9166666666666666,2.7076190315097346
16,16,row,col,False,0,False,False,tw16_th16_trow_icol_lo_pal0,0.13110830827841835,0.5919303797468354,1.5105027141845646,4.43203125,0.8669921875,13,0.256388046773495,0.9625,2.8159900400759263,0.9401898734177214,10.865874363327674,0.5903125,0.9189453125,0,0.26640926640926643,0.9875,2.250462131570235,0.8005537974683544,3.8004750593824226,3.39625,0.6142578125,19,0.03350515463917526,1.0,3.82694162904299,0.5934767507415799,1.8205418672708393,6.628571428571429,0.3917889619159089,8,0.01770530809335526,1.0,2.077371621677707,0.779891304347826,2.782608695652174,5.496527777777778,0.8611111111111112,0,0.07216494845360824,0.9166666666666666,2.683585880170943
16,16,row,col,False,0,False,True,tw16_th16_trow_icol_lo_pal0_full,0.13110830827841835,0.5919303797468354,1.5105027141845646,4.43203125,0.8669921875,13,0.256388046773495,0.9625,2.8159900400759263,0.9401898734177214,10.865874363327674,0.5903125,0.9189453125,0,0.26640926640926643,0.9875,2.250462131570235,0.8005537974683544,3.8004750593824226,3.39625,0.6142578125,19,0.03350515463917526,1.0,3.8288011875170707,0.5942953042297883,1.8226639783252474,6.596007259528131,0.3933195282254434,8,0.018492476444944454,1.0,2.066066311469143,0.7907608695652173,2.9844559585492227,5.282986111111111,0.9305555555555556,0,0.12359550561797752,0.7638888888888888,2.683013216692311
16,16,row,col,False,0,True,True,tw16_th16_trow_icol_lo_pal0_pad64_full,0.13110830827841835,0.5919303797468354,1.5105027141845646,4.43203125,0.8669921875,13,0.256388046773495,0.9625,2.8159900400759263,0.9401898734177214,10.865874363327674,0.5903125,0.9189453125,0,0.26640926640926643,0.9875,2.250462131570235,0.8005537974683544,3.8004750593824226,3.39625,0.6142578125,19,0.03350515463917526,1.0,3.8288011875170707,0.5942953042297883,1.8226639783252474,6.596007259528131,0.3933195282254434,8,0.018492476444944454,1.0,2.066066311469143,0.7907608695652173,2.9844559585492227,5.282986111111111,0.9305555555555556,0,0.12359550561797752,0.7638888888888888,2.683013216692311
16,16,row,col,False,64,True,False,tw16_th16_trow_icol_lo_pal64_pad64,0.13307652745607612,0.5911392405063292,1.507656065959953,4.4353125,0.8669921875,13,0.2554019014693172,0.9625,2.8063991265480417,0.9398734177215189,10.774410774410775,0.59453125,0.9189453125,0,0.26640926640926643,0.9875,2.2373244865624557,0.7972310126582278,3.789224393132031,3.516875,0.6158203125,19,0.029581993569131833,1.0,3.8377261682411126,0.5950838057160845,1.8261734162431742,6.574920058767609,0.39328351490051316,8,0.018174148416353217,1.0,2.0751002200600706,0.8079710144927537,3.235955056179775,4.758680555555555,0.8888888888888888,0,0.1111111111111111,0.9166666666666666,2.680842134083556
16,16,col,col,False,0,True,False,tw16_th16_tcol_icol_lo_pal0_pad64,-0.21328306263893437,0.5920094936708861,1.509790044821892,4.46296875,0.8533203125,16,0.256388046773495,0.9625,2.8810291719750496,0.9399525316455696,10.79258010118044,0.60421875,0.9193359375,0,0.26640926640926643,0.95,2.729706454978176,0.7986550632911393,3.7825059101654848,3.5803125,0.6888671875,14,0.028350515463917526,1.0,3.3911403900749404,0.600900933056664,1.81711109017243,6.432045631319679,0.31844782569550734,14,0.019034987094924002,1.0,2.0668326135050865,0.7826086956521738,2.823529411764706,5.461805555555555,0.8402777777777778,0,0.08247422680412371,0.9166666666666666,2.6657539963697148
16,4,row,bup,False,64,False,True,tw16_th4_trow_ibup_lo_pal64_full,-0.06544287248124547,0.5912183544303797,2.335766423357664,4.40375,0.8890625,15,0.2554019014693172,0.9625,3.2403923160250603,0.9424841772151898,14.645308924485127,0.63046875,0.9236328125,0,0.24324324324324326,1.0,2.448823395656899,0.7820411392405063,5.157131345688961,4.3075,0.68046875,16,0.02508038585209003,1.0,2.9883126402504985,0.5842105061094176,2.6854344597103603,6.8017975974418805,0.41750247591608897,16,0.01873815706365359,1.0,2.8582307804431126,0.8242753623188406,6.620689655172414,4.4375,0.7604166666666666,0,0.13043478260869565,0.7638888888888888,2.6562775253582704
16,16,col,col,False,0,False,False,tw16_th16_tcol_icol_lo_pal0,-0.21328306263893437,0.5920094936708861,1.509790044821892,4.46296875,0.8533203125,16,0.256388046773495,0.9625,2.8810291719750496,0.9399525316455696,10.79258010118044,0.60421875,0.9193359375,0,0.26640926640926643,0.95,2.729706454978176,0.7986550632911393,3.7825059101654848,3.5803125,0.6888671875,14,0.028350515463917526,1.0,3.3335280419864404,0.5950409296045713,1.7983028720626633,6.620516809264541,0.3212028450526695,14,0.018545085552328634,1.0,2.0668326135050865,0.7826086956521738,2.823529411764706,5.461805555555555,0.8402777777777778,0,0.08247422680412371,0.9166666666666666,2.648470291943165
16,16,col,col,False,0,False,True,tw16_th16_tcol_icol_lo_pal0_full,-0.21328306263893437,0.5920094936708861,1.509790044821892,4.46296875,0.8533203125,16,0.256388046773495,0.9625,2.8810291719750496,0.9399525316455696,10.79258010118044,0.60421875,0.9193359375,0,0.26640926640926643,0.95,2.729706454978176,0.7986550632911393,3.7825059101654848,3.5803125,0.6888671875,14,0.028350515463917526,1.0,3.22557758150349,0.6115889348050039,1.8781651733541098,6.33271108806499,0.3326730890429459,16,0.020471740097908322,1.0,2.2968656236159433,0.7980072463768115,3.1135135135135137,5.055555555555555,0.8993055555555556,0,0.10588235294117647,0.7638888888888888,2.639088454809365
16,16,col,col,False,0,True,True,tw16_th16_tcol_icol_lo_pal0_pad64_full,-0.21328306263893437,0.5920094936708861,1.509790044821892,4.46296875,0.8533203125,16,0.256388046773495,0.9625,2.8810291719750496,0.9399525316455696,10.79258010118044,0.60421875,0.9193359375,0,0.26640926640926643,0.95,2.729706454978176,0.7986550632911393,3.7825059101654848,3.5803125,0.6888671875,14,0.028350515463917526,1.0,3.22557758150349,0.6115889348050039,1.8781651733541098,6.33271108806499,0.3326730890429459,16,0.020471740097908322,1.0,2.2968656236159433,0.7980072463768115,3.1135135135135137,5.055555555555555,0.8993055555555556,0,0.10588235294117647,0.7638888888888888,2.639088454809365
