entry,name,size_bytes,instrs,decomp_ok,file
0x14000018,FUN_14000018,134,58,1,14000018_FUN_14000018
0x14000060,FUN_14000060,140,51,1,14000060_FUN_14000060
0x1400007c,FUN_1400007c,2,1,1,1400007c_FUN_1400007c
0x14000080,FUN_14000080,20,8,1,14000080_FUN_14000080
0x14000098,FUN_14000098,8,4,1,14000098_FUN_14000098
0x140000a4,FUN_140000a4,116,43,1,140000a4_FUN_140000a4
0x140001bc,FUN_140001bc,16,6,1,140001bc_FUN_140001bc
0x140001cc,FUN_140001cc,130,47,1,140001cc_FUN_140001cc
0x1400026c,FUN_1400026c,26,9,1,1400026c_FUN_1400026c
0x14000288,FUN_14000288,34,12,1,14000288_FUN_14000288
0x140002b0,FUN_140002b0,106,34,1,140002b0_FUN_140002b0
0x14000328,FUN_14000328,140,48,1,14000328_FUN_14000328
0x140003b4,FUN_140003b4,168,62,1,140003b4_FUN_140003b4
0x1400047c,FUN_1400047c,14,7,1,1400047c_FUN_1400047c
0x14000494,FUN_14000494,106,44,1,14000494_FUN_14000494
0x1400051c,FUN_1400051c,8,4,1,1400051c_FUN_1400051c
0x14000528,FUN_14000528,10,4,1,14000528_FUN_14000528
0x140006a8,FUN_140006a8,40,16,1,140006a8_FUN_140006a8
0x140006d4,FUN_140006d4,134,39,1,140006d4_FUN_140006d4
0x14000760,FUN_14000760,10,5,1,14000760_FUN_14000760
0x14000770,FUN_14000770,10,5,1,14000770_FUN_14000770
0x14000780,FUN_14000780,10,5,1,14000780_FUN_14000780
0x14000894,FUN_14000894,144,48,1,14000894_FUN_14000894
0x14000a78,FUN_14000a78,216,90,1,14000a78_FUN_14000a78
0x14001474,FUN_14001474,38,15,1,14001474_FUN_14001474
0x14001520,FUN_14001520,24,9,1,14001520_FUN_14001520
0x1400153c,FUN_1400153c,20,8,1,1400153c_FUN_1400153c
0x14001554,FUN_14001554,20,8,1,14001554_FUN_14001554
0x1400156c,FUN_1400156c,84,33,1,1400156c_FUN_1400156c
0x140015c8,FUN_140015c8,80,31,1,140015c8_FUN_140015c8
0x14001620,FUN_14001620,60,24,1,14001620_FUN_14001620
0x14001660,FUN_14001660,8,4,1,14001660_FUN_14001660
0x1400166c,FUN_1400166c,24,9,1,1400166c_FUN_1400166c
0x1400168c,FUN_1400168c,24,10,1,1400168c_FUN_1400168c
0x140016a8,FUN_140016a8,44,16,1,140016a8_FUN_140016a8
0x140016dc,FUN_140016dc,56,20,1,140016dc_FUN_140016dc
0x14001720,FUN_14001720,18,8,1,14001720_FUN_14001720
0x14001738,FUN_14001738,14,6,1,14001738_FUN_14001738
0x1400175c,FUN_1400175c,10,5,1,1400175c_FUN_1400175c
0x1400177c,FUN_1400177c,22,11,1,1400177c_FUN_1400177c
0x14001798,FUN_14001798,22,11,1,14001798_FUN_14001798
0x140017b4,FUN_140017b4,22,11,1,140017b4_FUN_140017b4
0x140017d0,FUN_140017d0,26,11,1,140017d0_FUN_140017d0
0x1400181c,FUN_1400181c,28,12,1,1400181c_FUN_1400181c
0x1400183c,FUN_1400183c,28,12,1,1400183c_FUN_1400183c
0x1400185c,FUN_1400185c,22,9,1,1400185c_FUN_1400185c
0x14001878,FUN_14001878,8,4,1,14001878_FUN_14001878
0x140018a0,FUN_140018a0,20,8,1,140018a0_FUN_140018a0
0x140018b8,FUN_140018b8,28,11,1,140018b8_FUN_140018b8
0x140018f8,FUN_140018f8,44,18,1,140018f8_FUN_140018f8
0x14001928,FUN_14001928,12,5,1,14001928_FUN_14001928
0x14001938,FUN_14001938,12,5,1,14001938_FUN_14001938
0x14001948,FUN_14001948,12,5,1,14001948_FUN_14001948
0x140019f4,FUN_140019f4,22,7,1,140019f4_FUN_140019f4
0x14001a2c,FUN_14001a2c,28,12,1,14001a2c_FUN_14001a2c
0x14001a5c,FUN_14001a5c,26,11,1,14001a5c_FUN_14001a5c
0x14001a7c,FUN_14001a7c,20,9,1,14001a7c_FUN_14001a7c
0x14001a94,FUN_14001a94,10,4,1,14001a94_FUN_14001a94
0x14001c60,FUN_14001c60,30,13,1,14001c60_FUN_14001c60
0x14001c8c,FUN_14001c8c,120,45,1,14001c8c_FUN_14001c8c
0x14001d38,FUN_14001d38,38,14,1,14001d38_FUN_14001d38
0x14001db8,FUN_14001db8,144,53,1,14001db8_FUN_14001db8
0x14001e54,FUN_14001e54,218,88,1,14001e54_FUN_14001e54
0x14001f6c,FUN_14001f6c,186,72,1,14001f6c_FUN_14001f6c
0x1400206c,FUN_1400206c,456,173,1,1400206c_FUN_1400206c
0x14002240,FUN_14002240,84,34,1,14002240_FUN_14002240
0x140022ac,FUN_140022ac,84,32,1,140022ac_FUN_140022ac
0x140023d0,FUN_140023d0,36,13,1,140023d0_FUN_140023d0
0x140028c8,FUN_140028c8,190,74,1,140028c8_FUN_140028c8
0x14002c48,FUN_14002c48,34,13,1,14002c48_FUN_14002c48
0x14002cf8,FUN_14002cf8,4,2,1,14002cf8_FUN_14002cf8
0x14002d28,FUN_14002d28,16,7,1,14002d28_FUN_14002d28
0x14002d3c,FUN_14002d3c,16,7,1,14002d3c_FUN_14002d3c
0x14002db4,FUN_14002db4,44,18,1,14002db4_FUN_14002db4
0x14002ee4,FUN_14002ee4,10,4,1,14002ee4_FUN_14002ee4
0x14003370,FUN_14003370,10,5,1,14003370_FUN_14003370
0x14003a18,FUN_14003a18,12,5,1,14003a18_FUN_14003a18
0x14003b44,FUN_14003b44,2,1,1,14003b44_FUN_14003b44
0x14003b48,FUN_14003b48,2,1,1,14003b48_FUN_14003b48
0x14003b4c,FUN_14003b4c,2,1,1,14003b4c_FUN_14003b4c
0x14003b50,FUN_14003b50,2,1,1,14003b50_FUN_14003b50
0x14003b54,FUN_14003b54,2,1,1,14003b54_FUN_14003b54
0x14003b58,FUN_14003b58,2,1,1,14003b58_FUN_14003b58
0x14003b80,FUN_14003b80,40,17,1,14003b80_FUN_14003b80
0x14003bcc,FUN_14003bcc,2,1,1,14003bcc_FUN_14003bcc
0x14003be8,FUN_14003be8,2,1,1,14003be8_FUN_14003be8
0x14003bec,FUN_14003bec,2,1,1,14003bec_FUN_14003bec
0x14003bf0,FUN_14003bf0,2,1,1,14003bf0_FUN_14003bf0
0x14003bf4,FUN_14003bf4,2,1,1,14003bf4_FUN_14003bf4
0x14003c08,FUN_14003c08,2,1,1,14003c08_FUN_14003c08
0x14003c0c,FUN_14003c0c,2,1,1,14003c0c_FUN_14003c0c
0x14003c10,FUN_14003c10,2,1,1,14003c10_FUN_14003c10
0x14003c38,FUN_14003c38,2,1,1,14003c38_FUN_14003c38
0x14003c3c,FUN_14003c3c,2,1,1,14003c3c_FUN_14003c3c
0x14003c70,FUN_14003c70,2,1,1,14003c70_FUN_14003c70
0x14003c74,FUN_14003c74,2,1,1,14003c74_FUN_14003c74
0x14003c78,FUN_14003c78,2,1,1,14003c78_FUN_14003c78
0x14003cd4,FUN_14003cd4,2,1,1,14003cd4_FUN_14003cd4
0x14003cdc,FUN_14003cdc,2,1,1,14003cdc_FUN_14003cdc
0x14003ce0,FUN_14003ce0,2,1,1,14003ce0_FUN_14003ce0
0x14003ce4,FUN_14003ce4,2,1,1,14003ce4_FUN_14003ce4
0x14003ce8,FUN_14003ce8,2,1,1,14003ce8_FUN_14003ce8
0x14003cec,FUN_14003cec,2,1,1,14003cec_FUN_14003cec
0x14003cf0,FUN_14003cf0,2,1,1,14003cf0_FUN_14003cf0
0x14003d00,FUN_14003d00,2,1,1,14003d00_FUN_14003d00
0x14003d0c,FUN_14003d0c,2,1,1,14003d0c_FUN_14003d0c
0x14003d14,FUN_14003d14,2,1,1,14003d14_FUN_14003d14
0x14003d18,FUN_14003d18,2,1,1,14003d18_FUN_14003d18
0x14003d24,FUN_14003d24,2,1,1,14003d24_FUN_14003d24
0x14003d28,FUN_14003d28,2,1,1,14003d28_FUN_14003d28
0x14003d2c,FUN_14003d2c,2,1,1,14003d2c_FUN_14003d2c
0x14003d34,FUN_14003d34,2,1,1,14003d34_FUN_14003d34
0x14003d38,FUN_14003d38,2,1,1,14003d38_FUN_14003d38
0x14003d3c,FUN_14003d3c,2,1,1,14003d3c_FUN_14003d3c
0x14003d40,FUN_14003d40,2,1,1,14003d40_FUN_14003d40
0x14003d48,FUN_14003d48,2,1,1,14003d48_FUN_14003d48
0x14003d54,FUN_14003d54,144,58,1,14003d54_FUN_14003d54
0x14004140,FUN_14004140,50,18,1,14004140_FUN_14004140
0x14004264,FUN_14004264,20,8,1,14004264_FUN_14004264
0x14004328,FUN_14004328,42,18,1,14004328_FUN_14004328
0x14004368,FUN_14004368,22,9,1,14004368_FUN_14004368
0x14004428,FUN_14004428,40,16,1,14004428_FUN_14004428
0x140044d4,FUN_140044d4,68,29,1,140044d4_FUN_140044d4
0x14004518,FUN_14004518,132,54,1,14004518_FUN_14004518
0x1400459c,FUN_1400459c,74,31,1,1400459c_FUN_1400459c
0x140045ee,FUN_140045ee,36,15,1,140045ee_FUN_140045ee
0x14004ab0,FUN_14004ab0,82,34,1,14004ab0_FUN_14004ab0
0x14004b04,FUN_14004b04,76,30,1,14004b04_FUN_14004b04
0x14004b50,FUN_14004b50,262,103,1,14004b50_FUN_14004b50
0x14004c58,FUN_14004c58,364,141,1,14004c58_FUN_14004c58
0x14004f74,FUN_14004f74,42,19,1,14004f74_FUN_14004f74
0x14004fa0,FUN_14004fa0,306,117,1,14004fa0_FUN_14004fa0
0x14005118,FUN_14005118,152,56,1,14005118_FUN_14005118
0x140058b0,FUN_140058b0,62,30,1,140058b0_FUN_140058b0
0x14005918,FUN_14005918,34,15,1,14005918_FUN_14005918
0x14005af4,FUN_14005af4,48,20,1,14005af4_FUN_14005af4
0x14005b24,FUN_14005b24,18,9,1,14005b24_FUN_14005b24
0x14005d3c,FUN_14005d3c,20,8,1,14005d3c_FUN_14005d3c
0x14005d50,FUN_14005d50,38,18,1,14005d50_FUN_14005d50
0x14005e70,FUN_14005e70,206,91,1,14005e70_FUN_14005e70
0x140061ec,FUN_140061ec,366,151,1,140061ec_FUN_140061ec
0x14006a74,FUN_14006a74,138,52,1,14006a74_FUN_14006a74
0x14006cb8,FUN_14006cb8,108,43,1,14006cb8_FUN_14006cb8
0x1400728c,FUN_1400728c,96,39,1,1400728c_FUN_1400728c
0x140072ec,FUN_140072ec,72,28,1,140072ec_FUN_140072ec
0x14007364,FUN_14007364,100,41,1,14007364_FUN_14007364
0x140073cc,FUN_140073cc,94,37,1,140073cc_FUN_140073cc
0x1400742c,FUN_1400742c,348,135,1,1400742c_FUN_1400742c
0x140076b8,FUN_140076b8,104,41,1,140076b8_FUN_140076b8
0x1400779c,FUN_1400779c,64,26,1,1400779c_FUN_1400779c
0x140092b8,FUN_140092b8,236,89,1,140092b8_FUN_140092b8
0x140094d4,FUN_140094d4,46,18,1,140094d4_FUN_140094d4
0x140094ec,FUN_140094ec,160,64,1,140094ec_FUN_140094ec
0x1400a350,FUN_1400a350,10,5,1,1400a350_FUN_1400a350
0x1400a380,FUN_1400a380,10,5,1,1400a380_FUN_1400a380
0x1400a3a0,FUN_1400a3a0,10,5,1,1400a3a0_FUN_1400a3a0
0x1400a3b0,FUN_1400a3b0,10,5,1,1400a3b0_FUN_1400a3b0
0x1400a3e0,FUN_1400a3e0,10,5,1,1400a3e0_FUN_1400a3e0
0x1400d188,FUN_1400d188,28,13,1,1400d188_FUN_1400d188
0x1400d1a4,FUN_1400d1a4,148,71,1,1400d1a4_FUN_1400d1a4
0x1400d368,FUN_1400d368,84,38,1,1400d368_FUN_1400d368
0x1400d480,FUN_1400d480,156,63,1,1400d480_FUN_1400d480
0x1400d52c,FUN_1400d52c,656,232,1,1400d52c_FUN_1400d52c
0x1400d7c4,FUN_1400d7c4,922,347,1,1400d7c4_FUN_1400d7c4
0x1400db68,FUN_1400db68,286,120,1,1400db68_FUN_1400db68
0x1400dc8c,FUN_1400dc8c,282,95,1,1400dc8c_FUN_1400dc8c
0x1400ddac,FUN_1400ddac,4202,1247,1,1400ddac_FUN_1400ddac
0x1400ef10,FUN_1400ef10,3264,1064,1,1400ef10_FUN_1400ef10
0x1400fbe4,FUN_1400fbe4,4866,1491,1,1400fbe4_FUN_1400fbe4
0x14010ef0,FUN_14010ef0,30,12,1,14010ef0_FUN_14010ef0
0x14010f10,FUN_14010f10,1198,407,1,14010f10_FUN_14010f10
0x140113e0,FUN_140113e0,3668,1232,1,140113e0_FUN_140113e0
0x14012264,FUN_14012264,10410,3587,1,14012264_FUN_14012264
0x14014de4,FUN_14014de4,104,42,1,14014de4_FUN_14014de4
0x14015a28,FUN_14015a28,10,5,1,14015a28_FUN_14015a28
0x14015a68,FUN_14015a68,10,5,1,14015a68_FUN_14015a68
0x14015b18,FUN_14015b18,10,5,1,14015b18_FUN_14015b18
0x14015e04,FUN_14015e04,20,7,1,14015e04_FUN_14015e04
0x14015f88,FUN_14015f88,1316,447,1,14015f88_FUN_14015f88
0x14016938,FUN_14016938,16,6,1,14016938_FUN_14016938
0x14016954,FUN_14016954,346,106,1,14016954_FUN_14016954
0x14016b08,FUN_14016b08,6220,2039,1,14016b08_FUN_14016b08
0x14018394,FUN_14018394,1964,653,1,14018394_FUN_14018394
0x14018b68,FUN_14018b68,1390,494,1,14018b68_FUN_14018b68
0x140190e0,FUN_140190e0,1378,489,1,140190e0_FUN_140190e0
0x14019664,FUN_14019664,1350,440,1,14019664_FUN_14019664
0x14019bc8,FUN_14019bc8,2018,625,1,14019bc8_FUN_14019bc8
0x1401a3c8,FUN_1401a3c8,3086,977,1,1401a3c8_FUN_1401a3c8
0x1401c128,FUN_1401c128,3389,1071,1,1401c128_FUN_1401c128
0x1401c2b8,FUN_1401c2b8,28,9,1,1401c2b8_FUN_1401c2b8
0x1401c2d4,FUN_1401c2d4,32,10,1,1401c2d4_FUN_1401c2d4
0x1401c2f4,FUN_1401c2f4,455,143,1,1401c2f4_FUN_1401c2f4
0x1401c4bc,FUN_1401c4bc,546,173,1,1401c4bc_FUN_1401c4bc
0x1401cf64,FUN_1401cf64,108,36,1,1401cf64_FUN_1401cf64
0x1401cfd0,FUN_1401cfd0,10,5,1,1401cfd0_FUN_1401cfd0
0x1401cff0,FUN_1401cff0,10,5,1,1401cff0_FUN_1401cff0
0x1401d010,FUN_1401d010,10,5,1,1401d010_FUN_1401d010
0x1401d020,FUN_1401d020,10,5,1,1401d020_FUN_1401d020
0x1401d040,FUN_1401d040,144,55,1,1401d040_FUN_1401d040
0x1401d18c,FUN_1401d18c,168,63,1,1401d18c_FUN_1401d18c
0x1401da2c,FUN_1401da2c,244,92,1,1401da2c_FUN_1401da2c
0x1401f774,FUN_1401f774,334,124,1,1401f774_FUN_1401f774
0x1401f8c4,FUN_1401f8c4,746,275,1,1401f8c4_FUN_1401f8c4
0x14021108,FUN_14021108,22,8,1,14021108_FUN_14021108
0x14021120,FUN_14021120,92,39,1,14021120_FUN_14021120
0x14021184,FUN_14021184,100,43,1,14021184_FUN_14021184
0x140211e8,FUN_140211e8,2722,1012,1,140211e8_FUN_140211e8
0x14021ca4,FUN_14021ca4,624,228,1,14021ca4_FUN_14021ca4
0x14021f6c,FUN_14021f6c,404,154,1,14021f6c_FUN_14021f6c
0x1402227c,FUN_1402227c,1746,639,1,1402227c_FUN_1402227c
0x1402295c,FUN_1402295c,754,260,1,1402295c_FUN_1402295c
0x14022ef4,FUN_14022ef4,874,325,1,14022ef4_FUN_14022ef4
0x14023280,FUN_14023280,250,89,1,14023280_FUN_14023280
0x140234ec,FUN_140234ec,60,24,1,140234ec_FUN_140234ec
0x14023528,FUN_14023528,2480,883,1,14023528_FUN_14023528
0x1402402c,FUN_1402402c,204,79,1,1402402c_FUN_1402402c
0x14024100,FUN_14024100,1528,517,1,14024100_FUN_14024100
0x14024788,FUN_14024788,18,8,1,14024788_FUN_14024788
0x1402479c,FUN_1402479c,70,25,1,1402479c_FUN_1402479c
0x140247e4,FUN_140247e4,262,104,1,140247e4_FUN_140247e4
0x14024924,FUN_14024924,10,5,1,14024924_FUN_14024924
0x14024964,FUN_14024964,10,5,1,14024964_FUN_14024964
0x14024984,FUN_14024984,10,5,1,14024984_FUN_14024984
0x140249a4,FUN_140249a4,10,5,1,140249a4_FUN_140249a4
0x140249b4,FUN_140249b4,10,5,1,140249b4_FUN_140249b4
0x140249c4,FUN_140249c4,10,5,1,140249c4_FUN_140249c4
0x140249e4,FUN_140249e4,10,5,1,140249e4_FUN_140249e4
0x140249f4,FUN_140249f4,10,5,1,140249f4_FUN_140249f4
0x14024a04,FUN_14024a04,10,5,1,14024a04_FUN_14024a04
0x14024a34,FUN_14024a34,10,5,1,14024a34_FUN_14024a34
0x14024a44,FUN_14024a44,10,5,1,14024a44_FUN_14024a44
0x14024a54,FUN_14024a54,10,5,1,14024a54_FUN_14024a54
0x14024a64,FUN_14024a64,10,5,1,14024a64_FUN_14024a64
0x14024a74,FUN_14024a74,10,5,1,14024a74_FUN_14024a74
0x14024a94,FUN_14024a94,10,5,1,14024a94_FUN_14024a94
0x14024aa4,FUN_14024aa4,10,5,1,14024aa4_FUN_14024aa4
0x14024ab4,FUN_14024ab4,10,5,1,14024ab4_FUN_14024ab4
0x14024af4,FUN_14024af4,10,5,1,14024af4_FUN_14024af4
0x14024b04,FUN_14024b04,10,5,1,14024b04_FUN_14024b04
0x14024b14,FUN_14024b14,10,5,1,14024b14_FUN_14024b14
0x140253e0,FUN_140253e0,24,10,1,140253e0_FUN_140253e0
0x140253fc,FUN_140253fc,16,7,1,140253fc_FUN_140253fc
0x14025410,FUN_14025410,2,1,1,14025410_FUN_14025410
0x14025414,FUN_14025414,2,1,1,14025414_FUN_14025414
0x14025418,FUN_14025418,2,1,1,14025418_FUN_14025418
0x1402541c,FUN_1402541c,2,1,1,1402541c_FUN_1402541c
0x14025420,FUN_14025420,544,200,1,14025420_FUN_14025420
0x14025890,FUN_14025890,274,103,1,14025890_FUN_14025890
0x140259c4,FUN_140259c4,232,83,1,140259c4_FUN_140259c4
0x14025a10,FUN_14025a10,144,54,1,14025a10_FUN_14025a10
0x14025b98,FUN_14025b98,414,166,1,14025b98_FUN_14025b98
0x14025fd4,FUN_14025fd4,762,283,1,14025fd4_FUN_14025fd4
0x1402634c,FUN_1402634c,456,171,1,1402634c_FUN_1402634c
0x14026764,FUN_14026764,464,148,1,14026764_FUN_14026764
0x14026974,FUN_14026974,196,69,1,14026974_FUN_14026974
0x14026a60,FUN_14026a60,82,31,1,14026a60_FUN_14026a60
0x14026abc,FUN_14026abc,52,21,1,14026abc_FUN_14026abc
0x14026af8,FUN_14026af8,308,115,1,14026af8_FUN_14026af8
0x14026c5c,FUN_14026c5c,6,3,1,14026c5c_FUN_14026c5c
0x14026cd0,FUN_14026cd0,188,72,1,14026cd0_FUN_14026cd0
0x14027578,FUN_14027578,68,29,1,14027578_FUN_14027578
0x140275c0,FUN_140275c0,58,24,1,140275c0_FUN_140275c0
0x14027604,FUN_14027604,478,181,1,14027604_FUN_14027604
0x14027890,FUN_14027890,30,12,1,14027890_FUN_14027890
0x140278b8,FUN_140278b8,6,2,1,140278b8_FUN_140278b8
0x140278c0,FUN_140278c0,144,60,1,140278c0_FUN_140278c0
0x1402795c,FUN_1402795c,256,109,1,1402795c_FUN_1402795c
0x14027a68,FUN_14027a68,182,71,1,14027a68_FUN_14027a68
0x14027b88,FUN_14027b88,66,29,1,14027b88_FUN_14027b88
0x14027bd8,FUN_14027bd8,10,4,1,14027bd8_FUN_14027bd8
0x14027be8,FUN_14027be8,120,44,1,14027be8_FUN_14027be8
0x14027c7c,FUN_14027c7c,122,44,1,14027c7c_FUN_14027c7c
0x14027e3c,FUN_14027e3c,136,49,1,14027e3c_FUN_14027e3c
0x14027ee8,FUN_14027ee8,144,53,1,14027ee8_FUN_14027ee8
0x14027f98,FUN_14027f98,22,9,1,14027f98_FUN_14027f98
0x14027fb4,FUN_14027fb4,134,51,1,14027fb4_FUN_14027fb4
0x14028078,FUN_14028078,46,18,1,14028078_FUN_14028078
0x140280ac,FUN_140280ac,56,20,1,140280ac_FUN_140280ac
0x140280f4,FUN_140280f4,4,2,1,140280f4_FUN_140280f4
0x140280f8,FUN_140280f8,6,2,1,140280f8_FUN_140280f8
0x14028100,FUN_14028100,14,4,1,14028100_FUN_14028100
0x14028110,FUN_14028110,120,42,1,14028110_FUN_14028110
0x14028180,FUN_14028180,14,6,1,14028180_FUN_14028180
0x14028194,FUN_14028194,98,40,1,14028194_FUN_14028194
0x14028228,FUN_14028228,258,90,1,14028228_FUN_14028228
0x14028338,FUN_14028338,728,227,1,14028338_FUN_14028338
0x14028648,FUN_14028648,8,3,1,14028648_FUN_14028648
0x14028650,FUN_14028650,64,26,1,14028650_FUN_14028650
0x14028694,FUN_14028694,60,22,1,14028694_FUN_14028694
0x14028770,FUN_14028770,236,95,1,14028770_FUN_14028770
0x14028888,FUN_14028888,174,66,1,14028888_FUN_14028888
0x140289c4,FUN_140289c4,60,24,1,140289c4_FUN_140289c4
0x14028a0c,FUN_14028a0c,46,20,1,14028a0c_FUN_14028a0c
0x14028a70,FUN_14028a70,68,24,1,14028a70_FUN_14028a70
0x14028c30,FUN_14028c30,106,40,1,14028c30_FUN_14028c30
0x14028cb8,FUN_14028cb8,10,5,1,14028cb8_FUN_14028cb8
0x14028cc8,FUN_14028cc8,178,75,1,14028cc8_FUN_14028cc8
0x14028db8,FUN_14028db8,18,8,1,14028db8_FUN_14028db8
0x14028e48,FUN_14028e48,132,50,1,14028e48_FUN_14028e48
0x14028ee8,FUN_14028ee8,132,50,1,14028ee8_FUN_14028ee8
0x140291ac,FUN_140291ac,6,2,1,140291ac_FUN_140291ac
0x140291b4,FUN_140291b4,352,118,1,140291b4_FUN_140291b4
0x14029348,FUN_14029348,34,15,1,14029348_FUN_14029348
0x14029378,FUN_14029378,32,12,1,14029378_FUN_14029378
0x140293b0,FUN_140293b0,6,3,1,140293b0_FUN_140293b0
0x140293bc,FUN_140293bc,12,6,1,140293bc_FUN_140293bc
0x140293d0,FUN_140293d0,18,6,1,140293d0_FUN_140293d0
0x140293e4,FUN_140293e4,18,6,1,140293e4_FUN_140293e4
0x140293f8,FUN_140293f8,20,8,1,140293f8_FUN_140293f8
0x140297f4,FUN_140297f4,340,117,1,140297f4_FUN_140297f4
0x14029a48,FUN_14029a48,52,23,1,14029a48_FUN_14029a48
0x14029bd8,FUN_14029bd8,198,77,1,14029bd8_FUN_14029bd8
0x14029cb0,FUN_14029cb0,346,132,1,14029cb0_FUN_14029cb0
0x14029e30,FUN_14029e30,212,81,1,14029e30_FUN_14029e30
0x14029f28,FUN_14029f28,16,7,1,14029f28_FUN_14029f28
0x14029f40,FUN_14029f40,300,113,1,14029f40_FUN_14029f40
0x14029f4c,FUN_14029f4c,52,23,1,14029f4c_FUN_14029f4c
0x14029f8c,FUN_14029f8c,6,3,1,14029f8c_FUN_14029f8c
0x14029fb8,FUN_14029fb8,332,133,1,14029fb8_FUN_14029fb8
0x1402a128,FUN_1402a128,14,6,1,1402a128_FUN_1402a128
0x1402a13c,FUN_1402a13c,50,19,1,1402a13c_FUN_1402a13c
0x1402a174,FUN_1402a174,184,70,1,1402a174_FUN_1402a174
0x1402a27c,FUN_1402a27c,20,8,1,1402a27c_FUN_1402a27c
0x1402a294,FUN_1402a294,30,11,1,1402a294_FUN_1402a294
0x1402a2b4,FUN_1402a2b4,88,32,1,1402a2b4_FUN_1402a2b4
0x1402a314,FUN_1402a314,28,12,1,1402a314_FUN_1402a314
0x1402a350,FUN_1402a350,82,35,1,1402a350_FUN_1402a350
0x1402a3a8,FUN_1402a3a8,388,155,1,1402a3a8_FUN_1402a3a8
0x1402a548,FUN_1402a548,240,99,1,1402a548_FUN_1402a548
0x1402a64c,FUN_1402a64c,140,61,1,1402a64c_FUN_1402a64c
0x1402a6e8,FUN_1402a6e8,460,176,1,1402a6e8_FUN_1402a6e8
0x1402a9fc,FUN_1402a9fc,280,103,1,1402a9fc_FUN_1402a9fc
0x1402ab1c,FUN_1402ab1c,92,38,1,1402ab1c_FUN_1402ab1c
0x1402ab8c,FUN_1402ab8c,292,110,1,1402ab8c_FUN_1402ab8c
0x1402acc8,FUN_1402acc8,290,115,1,1402acc8_FUN_1402acc8
0x1402ae14,FUN_1402ae14,244,97,1,1402ae14_FUN_1402ae14
0x1402af2c,FUN_1402af2c,418,160,1,1402af2c_FUN_1402af2c
0x1402b0f8,FUN_1402b0f8,86,30,1,1402b0f8_FUN_1402b0f8
0x1402b150,FUN_1402b150,224,94,1,1402b150_FUN_1402b150
0x1402b274,FUN_1402b274,26,11,1,1402b274_FUN_1402b274
0x1402b29c,FUN_1402b29c,82,35,1,1402b29c_FUN_1402b29c
0x1402bafc,FUN_1402bafc,82,39,1,1402bafc_FUN_1402bafc
0x1402bda8,FUN_1402bda8,94,35,1,1402bda8_FUN_1402bda8
0x1402be10,FUN_1402be10,1184,441,1,1402be10_FUN_1402be10
0x1402c308,FUN_1402c308,260,103,1,1402c308_FUN_1402c308
0x1402c520,FUN_1402c520,306,105,1,1402c520_FUN_1402c520
0x1402c684,FUN_1402c684,60,24,1,1402c684_FUN_1402c684
0x1402c6c8,FUN_1402c6c8,492,176,1,1402c6c8_FUN_1402c6c8
0x1402c8ec,FUN_1402c8ec,96,39,1,1402c8ec_FUN_1402c8ec
0x1402c954,FUN_1402c954,56,22,1,1402c954_FUN_1402c954
0x1402ca08,FUN_1402ca08,36,14,1,1402ca08_FUN_1402ca08
0x1402ca40,FUN_1402ca40,72,30,1,1402ca40_FUN_1402ca40
0x1402cba0,FUN_1402cba0,698,252,1,1402cba0_FUN_1402cba0
0x1402ce98,FUN_1402ce98,322,133,1,1402ce98_FUN_1402ce98
0x1402d004,FUN_1402d004,18,8,1,1402d004_FUN_1402d004
0x1402d20c,FUN_1402d20c,34,15,1,1402d20c_FUN_1402d20c
0x1402d238,FUN_1402d238,110,44,1,1402d238_FUN_1402d238
0x1402d254,FUN_1402d254,36,17,1,1402d254_FUN_1402d254
0x1402d69c,FUN_1402d69c,134,50,1,1402d69c_FUN_1402d69c
0x1402d6a4,FUN_1402d6a4,112,42,1,1402d6a4_FUN_1402d6a4
0x1402d72c,thunk_FUN_1402d6a4,4,1,1,1402d72c_thunk_FUN_1402d6a4
0x1402d7bc,FUN_1402d7bc,30,13,1,1402d7bc_FUN_1402d7bc
0x1402d7e0,FUN_1402d7e0,8,3,1,1402d7e0_FUN_1402d7e0
0x1402d7e8,FUN_1402d7e8,178,62,1,1402d7e8_FUN_1402d7e8
0x1402d8ac,FUN_1402d8ac,18,8,1,1402d8ac_FUN_1402d8ac
0x1402d918,FUN_1402d918,188,59,1,1402d918_FUN_1402d918
0x1402da3c,FUN_1402da3c,94,36,1,1402da3c_FUN_1402da3c
0x1402daa0,FUN_1402daa0,92,35,1,1402daa0_FUN_1402daa0
0x1402db00,FUN_1402db00,100,43,1,1402db00_FUN_1402db00
0x1402db68,FUN_1402db68,134,53,1,1402db68_FUN_1402db68
0x1402dbf4,FUN_1402dbf4,128,51,1,1402dbf4_FUN_1402dbf4
0x1402dc78,FUN_1402dc78,510,174,1,1402dc78_FUN_1402dc78
0x1402dea4,FUN_1402dea4,128,48,1,1402dea4_FUN_1402dea4
0x1402df3c,FUN_1402df3c,2,1,1,1402df3c_FUN_1402df3c
0x1402df44,FUN_1402df44,150,55,1,1402df44_FUN_1402df44
0x1402dff4,FUN_1402dff4,150,55,1,1402dff4_FUN_1402dff4
0x1402e0a4,FUN_1402e0a4,146,54,1,1402e0a4_FUN_1402e0a4
0x1402e17c,FUN_1402e17c,62,19,1,1402e17c_FUN_1402e17c
0x1402e1c8,FUN_1402e1c8,30,9,1,1402e1c8_FUN_1402e1c8
0x1402e1ec,FUN_1402e1ec,12,4,1,1402e1ec_FUN_1402e1ec
0x1402e1fc,FUN_1402e1fc,336,126,1,1402e1fc_FUN_1402e1fc
0x1402e37c,FUN_1402e37c,306,114,1,1402e37c_FUN_1402e37c
0x1402e4e0,FUN_1402e4e0,10,4,1,1402e4e0_FUN_1402e4e0
0x1402e4f4,FUN_1402e4f4,4,2,1,1402e4f4_FUN_1402e4f4
0x1402e4f8,FUN_1402e4f8,28,11,1,1402e4f8_FUN_1402e4f8
0x1402e518,FUN_1402e518,16,6,1,1402e518_FUN_1402e518
0x1402e52c,FUN_1402e52c,20,8,1,1402e52c_FUN_1402e52c
0x1402e544,FUN_1402e544,12,5,1,1402e544_FUN_1402e544
0x1402e554,FUN_1402e554,2,1,1,1402e554_FUN_1402e554
0x1402e558,FUN_1402e558,2,1,1,1402e558_FUN_1402e558
0x1402e55c,FUN_1402e55c,128,47,1,1402e55c_FUN_1402e55c
0x1402e5f8,FUN_1402e5f8,124,45,1,1402e5f8_FUN_1402e5f8
0x1402e690,FUN_1402e690,98,36,1,1402e690_FUN_1402e690
0x1402e6fc,FUN_1402e6fc,22,9,1,1402e6fc_FUN_1402e6fc
0x1402e718,FUN_1402e718,184,65,1,1402e718_FUN_1402e718
0x1402e7d8,FUN_1402e7d8,160,60,1,1402e7d8_FUN_1402e7d8
0x1402e88c,FUN_1402e88c,160,60,1,1402e88c_FUN_1402e88c
0x1402e940,FUN_1402e940,590,213,1,1402e940_FUN_1402e940
0x1402ebbc,FUN_1402ebbc,214,80,1,1402ebbc_FUN_1402ebbc
0x1402ecbc,FUN_1402ecbc,98,38,1,1402ecbc_FUN_1402ecbc
0x1402ed28,FUN_1402ed28,154,61,1,1402ed28_FUN_1402ed28
0x1402ee18,FUN_1402ee18,778,270,1,1402ee18_FUN_1402ee18
0x1402f130,FUN_1402f130,678,234,1,1402f130_FUN_1402f130
0x1402f3f4,FUN_1402f3f4,390,152,1,1402f3f4_FUN_1402f3f4
0x1402f598,FUN_1402f598,544,195,1,1402f598_FUN_1402f598
0x1402f7ec,FUN_1402f7ec,990,349,1,1402f7ec_FUN_1402f7ec
0x1402fc00,FUN_1402fc00,170,60,1,1402fc00_FUN_1402fc00
0x1402fcb4,FUN_1402fcb4,354,126,1,1402fcb4_FUN_1402fcb4
0x1402fe38,FUN_1402fe38,200,74,1,1402fe38_FUN_1402fe38
0x1402ff24,FUN_1402ff24,60,21,1,1402ff24_FUN_1402ff24
0x1402ff64,FUN_1402ff64,112,45,1,1402ff64_FUN_1402ff64
0x1402ffd8,FUN_1402ffd8,56,20,1,1402ffd8_FUN_1402ffd8
0x14030024,FUN_14030024,12,5,1,14030024_FUN_14030024
0x14030030,FUN_14030030,2,1,1,14030030_FUN_14030030
0x14030034,FUN_14030034,236,94,1,14030034_FUN_14030034
0x14030594,FUN_14030594,1016,355,1,14030594_FUN_14030594
0x1403059c,FUN_1403059c,6,2,1,1403059c_FUN_1403059c
0x140305a4,FUN_140305a4,12,5,1,140305a4_FUN_140305a4
0x14030694,FUN_14030694,278,109,1,14030694_FUN_14030694
0x140307d0,FUN_140307d0,78,27,1,140307d0_FUN_140307d0
0x14030824,FUN_14030824,14,4,1,14030824_FUN_14030824
0x14030834,FUN_14030834,68,28,1,14030834_FUN_14030834
0x14030884,FUN_14030884,212,73,1,14030884_FUN_14030884
0x14030968,FUN_14030968,242,87,1,14030968_FUN_14030968
0x14030a1c,FUN_14030a1c,324,106,1,14030a1c_FUN_14030a1c
0x14030b6c,FUN_14030b6c,250,94,1,14030b6c_FUN_14030b6c
0x14030c98,FUN_14030c98,244,98,1,14030c98_FUN_14030c98
0x14030db4,FUN_14030db4,132,40,1,14030db4_FUN_14030db4
0x14030e44,FUN_14030e44,1092,381,1,14030e44_FUN_14030e44
0x140312ec,FUN_140312ec,88,35,1,140312ec_FUN_140312ec
0x14031364,FUN_14031364,26,8,1,14031364_FUN_14031364
0x14031380,FUN_14031380,30,14,1,14031380_FUN_14031380
0x140313b0,FUN_140313b0,74,33,1,140313b0_FUN_140313b0
0x14031418,FUN_14031418,232,77,1,14031418_FUN_14031418
0x14031518,FUN_14031518,122,42,1,14031518_FUN_14031518
0x140315b0,FUN_140315b0,32,10,1,140315b0_FUN_140315b0
0x140315d4,FUN_140315d4,66,27,1,140315d4_FUN_140315d4
0x14031630,FUN_14031630,18,8,1,14031630_FUN_14031630
0x14031648,FUN_14031648,2,1,1,14031648_FUN_14031648
0x1403164c,FUN_1403164c,1438,424,1,1403164c_FUN_1403164c
0x14031c50,FUN_14031c50,714,230,1,14031c50_FUN_14031c50
0x14031f48,FUN_14031f48,448,161,1,14031f48_FUN_14031f48
0x1403214c,FUN_1403214c,88,38,1,1403214c_FUN_1403214c
0x140321c0,FUN_140321c0,398,133,1,140321c0_FUN_140321c0
0x14032390,FUN_14032390,32,12,1,14032390_FUN_14032390
0x140323b0,FUN_140323b0,200,70,1,140323b0_FUN_140323b0
0x14032484,FUN_14032484,150,53,1,14032484_FUN_14032484
0x14032660,FUN_14032660,56,18,1,14032660_FUN_14032660
0x140326a0,FUN_140326a0,6,3,1,140326a0_FUN_140326a0
0x140326ac,FUN_140326ac,76,34,1,140326ac_FUN_140326ac
0x14032710,FUN_14032710,82,37,1,14032710_FUN_14032710
0x14032774,FUN_14032774,6,3,1,14032774_FUN_14032774
0x14032780,FUN_14032780,54,24,1,14032780_FUN_14032780
0x140327c0,FUN_140327c0,78,33,1,140327c0_FUN_140327c0
0x1403282c,FUN_1403282c,102,39,1,1403282c_FUN_1403282c
0x1403289c,thunk_FUN_14034954,4,1,1,1403289c_thunk_FUN_14034954
0x140328a0,thunk_FUN_140349a0,4,1,1,140328a0_thunk_FUN_140349a0
0x140328a4,FUN_140328a4,80,32,1,140328a4_FUN_140328a4
0x14032b18,thunk_FUN_14034df0,4,1,1,14032b18_thunk_FUN_14034df0
0x14032b1c,thunk_FUN_14034fac,4,1,1,14032b1c_thunk_FUN_14034fac
0x14032b20,FUN_14032b20,70,27,1,14032b20_FUN_14032b20
0x14032b74,FUN_14032b74,960,349,1,14032b74_FUN_14032b74
0x14032d1c,thunk_FUN_14034fcc,4,1,1,14032d1c_thunk_FUN_14034fcc
0x14032d28,FUN_14032d28,2,1,1,14032d28_FUN_14032d28
0x14032d30,FUN_14032d30,2,1,1,14032d30_FUN_14032d30
0x14032d34,FUN_14032d34,48,20,1,14032d34_FUN_14032d34
0x14032d80,FUN_14032d80,994,328,1,14032d80_FUN_14032d80
0x140331bc,FUN_140331bc,288,94,1,140331bc_FUN_140331bc
0x140332f0,FUN_140332f0,114,47,1,140332f0_FUN_140332f0
0x1403337c,FUN_1403337c,740,304,1,1403337c_FUN_1403337c
0x140337dc,FUN_140337dc,4,2,1,140337dc_FUN_140337dc
0x140337e0,FUN_140337e0,116,47,1,140337e0_FUN_140337e0
0x14033980,FUN_14033980,316,119,1,14033980_FUN_14033980
0x14033b6c,FUN_14033b6c,176,72,1,14033b6c_FUN_14033b6c
0x14033ca8,FUN_14033ca8,2,1,1,14033ca8_FUN_14033ca8
0x14033cb0,FUN_14033cb0,444,161,1,14033cb0_FUN_14033cb0
0x140341fc,FUN_140341fc,52,22,1,140341fc_FUN_140341fc
0x14034238,FUN_14034238,166,66,1,14034238_FUN_14034238
0x14034300,FUN_14034300,158,62,1,14034300_FUN_14034300
0x1403443c,FUN_1403443c,312,125,1,1403443c_FUN_1403443c
0x14034598,FUN_14034598,48,21,1,14034598_FUN_14034598
0x140345d0,FUN_140345d0,140,51,1,140345d0_FUN_140345d0
0x14034664,FUN_14034664,256,111,1,14034664_FUN_14034664
0x1403477c,FUN_1403477c,128,53,1,1403477c_FUN_1403477c
0x140348d4,FUN_140348d4,60,23,1,140348d4_FUN_140348d4
0x14034918,FUN_14034918,52,21,1,14034918_FUN_14034918
0x14034954,FUN_14034954,68,28,1,14034954_FUN_14034954
0x140349a0,FUN_140349a0,148,54,1,140349a0_FUN_140349a0
0x14034a50,FUN_14034a50,252,92,1,14034a50_FUN_14034a50
0x14034b84,FUN_14034b84,320,113,1,14034b84_FUN_14034b84
0x14034cac,FUN_14034cac,268,100,1,14034cac_FUN_14034cac
0x14034df0,FUN_14034df0,270,101,1,14034df0_FUN_14034df0
0x14034fac,FUN_14034fac,28,11,1,14034fac_FUN_14034fac
0x14034fcc,FUN_14034fcc,142,52,1,14034fcc_FUN_14034fcc
0x14035154,FUN_14035154,144,52,1,14035154_FUN_14035154
0x140351ec,FUN_140351ec,12,6,1,140351ec_FUN_140351ec
0x140351fc,FUN_140351fc,88,38,1,140351fc_FUN_140351fc
0x14035270,FUN_14035270,88,38,1,14035270_FUN_14035270
0x140352e4,FUN_140352e4,88,38,1,140352e4_FUN_140352e4
0x14035358,FUN_14035358,88,38,1,14035358_FUN_14035358
0x140353d0,FUN_140353d0,302,119,1,140353d0_FUN_140353d0
0x14035530,FUN_14035530,96,40,1,14035530_FUN_14035530
0x14035668,FUN_14035668,96,36,1,14035668_FUN_14035668
0x140356d8,FUN_140356d8,134,57,1,140356d8_FUN_140356d8
0x140357e8,FUN_140357e8,152,53,1,140357e8_FUN_140357e8
0x14035830,FUN_14035830,24,9,1,14035830_FUN_14035830
0x14035854,FUN_14035854,330,115,1,14035854_FUN_14035854
0x140359cc,FUN_140359cc,148,58,1,140359cc_FUN_140359cc
0x14035a88,FUN_14035a88,440,174,1,14035a88_FUN_14035a88
0x14035c70,FUN_14035c70,740,255,1,14035c70_FUN_14035c70
0x14035f6c,FUN_14035f6c,220,86,1,14035f6c_FUN_14035f6c
0x140360e4,FUN_140360e4,304,98,1,140360e4_FUN_140360e4
0x14036238,FUN_14036238,86,30,1,14036238_FUN_14036238
0x14036294,FUN_14036294,86,30,1,14036294_FUN_14036294
0x140362f0,FUN_140362f0,338,124,1,140362f0_FUN_140362f0
0x14036528,FUN_14036528,256,106,1,14036528_FUN_14036528
0x14036654,FUN_14036654,8,4,1,14036654_FUN_14036654
0x14036660,FUN_14036660,8,4,1,14036660_FUN_14036660
0x1403666c,FUN_1403666c,60,25,1,1403666c_FUN_1403666c
0x140366c0,FUN_140366c0,156,63,1,140366c0_FUN_140366c0
0x14036780,FUN_14036780,708,262,1,14036780_FUN_14036780
0x14036aa8,FUN_14036aa8,100,39,1,14036aa8_FUN_14036aa8
0x14036b34,FUN_14036b34,278,95,1,14036b34_FUN_14036b34
0x14036c5c,FUN_14036c5c,348,120,1,14036c5c_FUN_14036c5c
0x14036dcc,FUN_14036dcc,274,92,1,14036dcc_FUN_14036dcc
0x14036ee0,FUN_14036ee0,274,93,1,14036ee0_FUN_14036ee0
0x14036ff8,FUN_14036ff8,298,115,1,14036ff8_FUN_14036ff8
0x1403714c,FUN_1403714c,76,30,1,1403714c_FUN_1403714c
0x140371a8,FUN_140371a8,1352,482,1,140371a8_FUN_140371a8
0x14037760,FUN_14037760,78,30,1,14037760_FUN_14037760
0x140377bc,FUN_140377bc,146,54,1,140377bc_FUN_140377bc
0x14037868,FUN_14037868,102,40,1,14037868_FUN_14037868
0x140378e4,FUN_140378e4,424,145,1,140378e4_FUN_140378e4
0x14037ac4,FUN_14037ac4,354,127,1,14037ac4_FUN_14037ac4
0x14037c58,FUN_14037c58,96,30,1,14037c58_FUN_14037c58
0x14037cb8,FUN_14037cb8,266,93,1,14037cb8_FUN_14037cb8
0x14037dd8,FUN_14037dd8,102,36,1,14037dd8_FUN_14037dd8
0x14037e60,thunk_FUN_140341fc,4,1,1,14037e60_thunk_FUN_140341fc
0x14037e64,FUN_14037e64,112,39,1,14037e64_FUN_14037e64
0x14037ed8,FUN_14037ed8,194,77,1,14037ed8_FUN_14037ed8
0x14037fa8,FUN_14037fa8,70,25,1,14037fa8_FUN_14037fa8
0x14037ff4,FUN_14037ff4,590,206,1,14037ff4_FUN_14037ff4
0x14038304,FUN_14038304,196,72,1,14038304_FUN_14038304
0x140383cc,FUN_140383cc,268,101,1,140383cc_FUN_140383cc
0x140384e4,FUN_140384e4,602,237,1,140384e4_FUN_140384e4
0x1403875c,FUN_1403875c,40,15,1,1403875c_FUN_1403875c
0x14038788,FUN_14038788,72,31,1,14038788_FUN_14038788
0x140387e0,FUN_140387e0,212,72,1,140387e0_FUN_140387e0
0x14038820,FUN_14038820,68,23,1,14038820_FUN_14038820
0x14038878,FUN_14038878,28,10,1,14038878_FUN_14038878
0x14038898,FUN_14038898,66,24,1,14038898_FUN_14038898
0x140388e4,FUN_140388e4,6,3,1,140388e4_FUN_140388e4
0x140388f0,FUN_140388f0,4,2,1,140388f0_FUN_140388f0
0x14038908,FUN_14038908,44,20,1,14038908_FUN_14038908
0x14038944,FUN_14038944,232,79,1,14038944_FUN_14038944
0x14038a5c,FUN_14038a5c,2,1,1,14038a5c_FUN_14038a5c
0x14038a78,FUN_14038a78,110,44,1,14038a78_FUN_14038a78
0x14038ae0,FUN_14038ae0,2,1,1,14038ae0_FUN_14038ae0
0x14038ae4,thunk_FUN_14031648,4,1,1,14038ae4_thunk_FUN_14031648
0x14038ae8,FUN_14038ae8,4,2,1,14038ae8_FUN_14038ae8
0x14038c00,FUN_14038c00,14,6,1,14038c00_FUN_14038c00
0x14038c10,FUN_14038c10,14,6,1,14038c10_FUN_14038c10
0x14038c20,FUN_14038c20,94,36,1,14038c20_FUN_14038c20
0x14038c94,FUN_14038c94,106,39,1,14038c94_FUN_14038c94
0x14038d14,FUN_14038d14,66,27,1,14038d14_FUN_14038d14
0x14038d6c,FUN_14038d6c,304,105,1,14038d6c_FUN_14038d6c
0x14038ec0,FUN_14038ec0,300,103,1,14038ec0_FUN_14038ec0
0x14039010,FUN_14039010,82,31,1,14039010_FUN_14039010
0x14039078,FUN_14039078,8,4,1,14039078_FUN_14039078
0x14039084,FUN_14039084,10,5,1,14039084_FUN_14039084
0x14039098,FUN_14039098,4,2,1,14039098_FUN_14039098
0x140390a0,FUN_140390a0,14,7,1,140390a0_FUN_140390a0
0x140390b4,FUN_140390b4,4,2,1,140390b4_FUN_140390b4
0x140390bc,FUN_140390bc,6,3,1,140390bc_FUN_140390bc
0x140390c8,FUN_140390c8,8,4,1,140390c8_FUN_140390c8
0x140390d4,FUN_140390d4,6,3,1,140390d4_FUN_140390d4
0x1403918c,FUN_1403918c,170,64,1,1403918c_FUN_1403918c
0x140391d0,FUN_140391d0,10,4,1,140391d0_FUN_140391d0
0x140391e0,FUN_140391e0,10,4,1,140391e0_FUN_140391e0
0x140391f0,FUN_140391f0,108,33,1,140391f0_FUN_140391f0
0x14039264,FUN_14039264,2100,679,1,14039264_FUN_14039264
0x14039adc,FUN_14039adc,10,4,1,14039adc_FUN_14039adc
0x14039b24,FUN_14039b24,6,3,1,14039b24_FUN_14039b24
0x14039b30,FUN_14039b30,32,12,1,14039b30_FUN_14039b30
0x14039b58,FUN_14039b58,10,4,1,14039b58_FUN_14039b58
0x14039c40,FUN_14039c40,134,50,1,14039c40_FUN_14039c40
0x14039cec,FUN_14039cec,342,97,1,14039cec_FUN_14039cec
0x14039e64,FUN_14039e64,78,32,1,14039e64_FUN_14039e64
0x14039ec8,FUN_14039ec8,90,37,1,14039ec8_FUN_14039ec8
0x14039f2c,FUN_14039f2c,64,25,1,14039f2c_FUN_14039f2c
0x14039f74,FUN_14039f74,178,65,1,14039f74_FUN_14039f74
0x1403a030,FUN_1403a030,248,94,1,1403a030_FUN_1403a030
0x1403a144,FUN_1403a144,374,138,1,1403a144_FUN_1403a144
0x1403a2cc,FUN_1403a2cc,262,106,1,1403a2cc_FUN_1403a2cc
0x1403a408,FUN_1403a408,812,239,1,1403a408_FUN_1403a408
0x1403a958,FUN_1403a958,22,9,1,1403a958_FUN_1403a958
0x1403a974,FUN_1403a974,48,19,1,1403a974_FUN_1403a974
0x1403ad40,FUN_1403ad40,118,45,1,1403ad40_FUN_1403ad40
0x1403add8,FUN_1403add8,120,47,1,1403add8_FUN_1403add8
0x1403ae64,FUN_1403ae64,38,16,1,1403ae64_FUN_1403ae64
0x1403ae9c,FUN_1403ae9c,12,5,1,1403ae9c_FUN_1403ae9c
0x1403aeac,FUN_1403aeac,316,116,1,1403aeac_FUN_1403aeac
0x1403b00c,FUN_1403b00c,32,14,1,1403b00c_FUN_1403b00c
0x1403b028,FUN_1403b028,30,13,1,1403b028_FUN_1403b028
0x1403b064,FUN_1403b064,166,71,1,1403b064_FUN_1403b064
0x1403cbf0,FUN_1403cbf0,12,6,1,1403cbf0_FUN_1403cbf0
0x1403cc0c,thunk_FUN_14047db8,4,1,1,1403cc0c_thunk_FUN_14047db8
0x1403cc18,thunk_FUN_1409561c,4,1,1,1403cc18_thunk_FUN_1409561c
0x1403cc1c,thunk_FUN_14095630,4,1,1,1403cc1c_thunk_FUN_14095630
0x1403cc24,thunk_FUN_1409f124,4,1,1,1403cc24_thunk_FUN_1409f124
0x1403cc28,FUN_1403cc28,106,42,1,1403cc28_FUN_1403cc28
0x1403ccbc,thunk_FUN_1409edf8,4,1,1,1403ccbc_thunk_FUN_1409edf8
0x1403ccc0,thunk_FUN_14096d18,4,1,1,1403ccc0_thunk_FUN_14096d18
0x1403cd20,FUN_1403cd20,56,19,1,1403cd20_FUN_1403cd20
0x1403cd80,FUN_1403cd80,160,58,1,1403cd80_FUN_1403cd80
0x1403cdc4,thunk_FUN_14094f7c,4,1,1,1403cdc4_thunk_FUN_14094f7c
0x1403cdc8,thunk_FUN_14094f84,4,1,1,1403cdc8_thunk_FUN_14094f84
0x1403cdcc,thunk_FUN_14049f78,4,1,1,1403cdcc_thunk_FUN_14049f78
0x1403cdd0,FUN_1403cdd0,150,54,1,1403cdd0_FUN_1403cdd0
0x1403ce6c,thunk_FUN_14096c50,4,1,1,1403ce6c_thunk_FUN_14096c50
0x1403ce70,thunk_FUN_14096c7c,4,1,1,1403ce70_thunk_FUN_14096c7c
0x1403ce78,FUN_1403ce78,8,3,1,1403ce78_FUN_1403ce78
0x1403ce80,thunk_FUN_1404b318,4,1,1,1403ce80_thunk_FUN_1404b318
0x1403ce90,FUN_1403ce90,116,43,1,1403ce90_FUN_1403ce90
0x1403cee4,FUN_1403cee4,66,26,1,1403cee4_FUN_1403cee4
0x1403ceec,thunk_FUN_14048958,4,1,1,1403ceec_thunk_FUN_14048958
0x1403cef0,thunk_FUN_1404b580,4,1,1,1403cef0_thunk_FUN_1404b580
0x1403cef4,thunk_FUN_14050368,4,1,1,1403cef4_thunk_FUN_14050368
0x1403cefc,thunk_FUN_14047a18,4,1,1,1403cefc_thunk_FUN_14047a18
0x1403cf00,thunk_FUN_140926a8,4,1,1,1403cf00_thunk_FUN_140926a8
0x1403cf08,thunk_FUN_14095520,4,1,1,1403cf08_thunk_FUN_14095520
0x1403cff8,thunk_FUN_1405289c,4,1,1,1403cff8_thunk_FUN_1405289c
0x1403d00c,thunk_FUN_1404e2b8,4,1,1,1403d00c_thunk_FUN_1404e2b8
0x1403d038,FUN_1403d038,316,106,1,1403d038_FUN_1403d038
0x1403d1b8,FUN_1403d1b8,32,12,1,1403d1b8_FUN_1403d1b8
0x1403d1e0,thunk_FUN_1404f348,4,1,1,1403d1e0_thunk_FUN_1404f348
0x1403d21c,thunk_FUN_1403dffc,4,1,1,1403d21c_thunk_FUN_1403dffc
0x1403d220,thunk_FUN_1403dffc,4,1,1,1403d220_thunk_FUN_1403dffc
0x1403d224,thunk_FUN_140749d0,4,1,1,1403d224_thunk_FUN_140749d0
0x1403d228,thunk_FUN_14043554,4,1,1,1403d228_thunk_FUN_14043554
0x1403d22c,thunk_FUN_14073d40,4,1,1,1403d22c_thunk_FUN_14073d40
0x1403d230,thunk_FUN_1404348c,4,1,1,1403d230_thunk_FUN_1404348c
0x1403d234,thunk_FUN_14044f6c,4,1,1,1403d234_thunk_FUN_14044f6c
0x1403d238,FUN_1403d238,4,1,1,1403d238_FUN_1403d238
0x1403d24c,thunk_FUN_14044e9c,4,1,1,1403d24c_thunk_FUN_14044e9c
0x1403d264,thunk_FUN_14041acc,4,1,1,1403d264_thunk_FUN_14041acc
0x1403d274,FUN_1403d274,126,51,1,1403d274_FUN_1403d274
0x1403d31a,FUN_1403d31a,16,7,1,1403d31a_FUN_1403d31a
0x1403d390,FUN_1403d390,90,35,1,1403d390_FUN_1403d390
0x1403d5f8,FUN_1403d5f8,128,50,1,1403d5f8_FUN_1403d5f8
0x1403d68c,FUN_1403d68c,140,53,1,1403d68c_FUN_1403d68c
0x1403d82c,FUN_1403d82c,116,44,1,1403d82c_FUN_1403d82c
0x1403d8b4,FUN_1403d8b4,138,53,1,1403d8b4_FUN_1403d8b4
0x1403d9a0,FUN_1403d9a0,614,240,1,1403d9a0_FUN_1403d9a0
0x1403dffc,FUN_1403dffc,38,16,1,1403dffc_FUN_1403dffc
0x1403e660,FUN_1403e660,52,20,1,1403e660_FUN_1403e660
0x1403f404,FUN_1403f404,96,40,1,1403f404_FUN_1403f404
0x1403f504,FUN_1403f504,130,46,1,1403f504_FUN_1403f504
0x1403f59c,FUN_1403f59c,106,42,1,1403f59c_FUN_1403f59c
0x1403feb4,FUN_1403feb4,500,198,1,1403feb4_FUN_1403feb4
0x14040140,FUN_14040140,118,48,1,14040140_FUN_14040140
0x14040340,FUN_14040340,90,34,1,14040340_FUN_14040340
0x14040658,FUN_14040658,360,132,1,14040658_FUN_14040658
0x140407ec,FUN_140407ec,172,69,1,140407ec_FUN_140407ec
0x140410b4,FUN_140410b4,62,24,1,140410b4_FUN_140410b4
0x140410fc,FUN_140410fc,88,37,1,140410fc_FUN_140410fc
0x14041478,FUN_14041478,56,22,1,14041478_FUN_14041478
0x140414d0,FUN_140414d0,64,25,1,140414d0_FUN_140414d0
0x1404152c,FUN_1404152c,66,25,1,1404152c_FUN_1404152c
0x140419cc,FUN_140419cc,38,15,1,140419cc_FUN_140419cc
0x14041a14,FUN_14041a14,184,77,1,14041a14_FUN_14041a14
0x14041acc,FUN_14041acc,6,3,1,14041acc_FUN_14041acc
0x14041ad8,FUN_14041ad8,80,36,1,14041ad8_FUN_14041ad8
0x14041b34,FUN_14041b34,2,1,1,14041b34_FUN_14041b34
0x14041b38,FUN_14041b38,4,2,1,14041b38_FUN_14041b38
0x14041b40,FUN_14041b40,258,99,1,14041b40_FUN_14041b40
0x14041c5c,FUN_14041c5c,284,104,1,14041c5c_FUN_14041c5c
0x14041cc4,FUN_14041cc4,100,40,1,14041cc4_FUN_14041cc4
0x14041d3c,FUN_14041d3c,68,28,1,14041d3c_FUN_14041d3c
0x14041d98,FUN_14041d98,226,84,1,14041d98_FUN_14041d98
0x14041e80,FUN_14041e80,86,35,1,14041e80_FUN_14041e80
0x14041f98,FUN_14041f98,232,105,1,14041f98_FUN_14041f98
0x140420a0,FUN_140420a0,128,51,1,140420a0_FUN_140420a0
0x14042138,FUN_14042138,108,43,1,14042138_FUN_14042138
0x140422fc,FUN_140422fc,234,88,1,140422fc_FUN_140422fc
0x140429b8,FUN_140429b8,112,42,1,140429b8_FUN_140429b8
0x14042aa8,FUN_14042aa8,134,52,1,14042aa8_FUN_14042aa8
0x14042b44,FUN_14042b44,192,69,1,14042b44_FUN_14042b44
0x14042c20,FUN_14042c20,364,133,1,14042c20_FUN_14042c20
0x14042e00,FUN_14042e00,2362,894,1,14042e00_FUN_14042e00
0x140431f4,FUN_140431f4,4,2,1,140431f4_FUN_140431f4
0x1404320c,FUN_1404320c,576,210,1,1404320c_FUN_1404320c
0x1404348c,FUN_1404348c,58,23,1,1404348c_FUN_1404348c
0x140434e0,FUN_140434e0,26,8,1,140434e0_FUN_140434e0
0x14043500,FUN_14043500,48,16,1,14043500_FUN_14043500
0x14043534,FUN_14043534,26,9,1,14043534_FUN_14043534
0x14043554,FUN_14043554,82,33,1,14043554_FUN_14043554
0x14043b00,FUN_14043b00,136,49,1,14043b00_FUN_14043b00
0x14043f3c,FUN_14043f3c,80,30,1,14043f3c_FUN_14043f3c
0x14043fa8,FUN_14043fa8,456,163,1,14043fa8_FUN_14043fa8
0x140442c8,FUN_140442c8,6,2,1,140442c8_FUN_140442c8
0x140443a8,FUN_140443a8,90,32,1,140443a8_FUN_140443a8
0x14044418,FUN_14044418,118,44,1,14044418_FUN_14044418
0x140444a4,FUN_140444a4,108,38,1,140444a4_FUN_140444a4
0x14044590,FUN_14044590,156,58,1,14044590_FUN_14044590
0x14044644,FUN_14044644,106,44,1,14044644_FUN_14044644
0x14044818,FUN_14044818,76,27,1,14044818_FUN_14044818
0x14044838,thunk_FUN_14043b00,4,1,1,14044838_thunk_FUN_14043b00
0x14044840,FUN_14044840,220,85,1,14044840_FUN_14044840
0x140448d0,FUN_140448d0,152,58,1,140448d0_FUN_140448d0
0x1404499c,FUN_1404499c,142,52,1,1404499c_FUN_1404499c
0x14044a50,FUN_14044a50,142,50,1,14044a50_FUN_14044a50
0x14044b04,caseD_0,72,29,1,14044b04_caseD_0
0x14044b60,FUN_14044b60,72,29,1,14044b60_FUN_14044b60
0x14044c3c,FUN_14044c3c,6,2,1,14044c3c_FUN_14044c3c
0x14044c48,FUN_14044c48,358,123,1,14044c48_FUN_14044c48
0x14044dec,FUN_14044dec,138,50,1,14044dec_FUN_14044dec
0x14044e9c,FUN_14044e9c,24,10,1,14044e9c_FUN_14044e9c
0x14044eb4,FUN_14044eb4,144,55,1,14044eb4_FUN_14044eb4
0x14044f6c,FUN_14044f6c,60,21,1,14044f6c_FUN_14044f6c
0x14044fbc,FUN_14044fbc,264,95,1,14044fbc_FUN_14044fbc
0x14045144,FUN_14045144,58,22,1,14045144_FUN_14045144
0x14045194,FUN_14045194,776,290,1,14045194_FUN_14045194
0x14045c9c,FUN_14045c9c,146,52,1,14045c9c_FUN_14045c9c
0x14045e20,FUN_14045e20,84,29,1,14045e20_FUN_14045e20
0x1404602c,FUN_1404602c,10,4,1,1404602c_FUN_1404602c
0x14046194,FUN_14046194,384,140,1,14046194_FUN_14046194
0x140463cc,FUN_140463cc,154,60,1,140463cc_FUN_140463cc
0x14046450,FUN_14046450,622,243,1,14046450_FUN_14046450
0x14046758,FUN_14046758,50,19,1,14046758_FUN_14046758
0x14046790,FUN_14046790,306,120,1,14046790_FUN_14046790
0x14046930,FUN_14046930,74,29,1,14046930_FUN_14046930
0x14046990,FUN_14046990,74,29,1,14046990_FUN_14046990
0x140469f0,FUN_140469f0,82,33,1,140469f0_FUN_140469f0
0x14046a5c,FUN_14046a5c,82,33,1,14046a5c_FUN_14046a5c
0x14046d1c,FUN_14046d1c,82,34,1,14046d1c_FUN_14046d1c
0x14046d84,FUN_14046d84,78,31,1,14046d84_FUN_14046d84
0x14046de8,FUN_14046de8,164,70,1,14046de8_FUN_14046de8
0x14046eb4,FUN_14046eb4,54,22,1,14046eb4_FUN_14046eb4
0x14046f00,FUN_14046f00,54,22,1,14046f00_FUN_14046f00
0x14046f4c,FUN_14046f4c,120,50,1,14046f4c_FUN_14046f4c
0x14046fe4,FUN_14046fe4,58,24,1,14046fe4_FUN_14046fe4
0x14047038,FUN_14047038,56,23,1,14047038_FUN_14047038
0x14047084,FUN_14047084,56,23,1,14047084_FUN_14047084
0x140470d0,FUN_140470d0,154,65,1,140470d0_FUN_140470d0
0x1404718c,FUN_1404718c,54,22,1,1404718c_FUN_1404718c
0x140471d8,FUN_140471d8,38,16,1,140471d8_FUN_140471d8
0x14047534,FUN_14047534,14,5,1,14047534_FUN_14047534
0x14047544,FUN_14047544,2,1,1,14047544_FUN_14047544
0x14047978,FUN_14047978,58,26,1,14047978_FUN_14047978
0x14047a18,FUN_14047a18,80,34,1,14047a18_FUN_14047a18
0x14047db8,FUN_14047db8,118,46,1,14047db8_FUN_14047db8
0x14047e70,FUN_14047e70,104,40,1,14047e70_FUN_14047e70
0x140483e8,FUN_140483e8,160,63,1,140483e8_FUN_140483e8
0x140484a0,FUN_140484a0,56,23,1,140484a0_FUN_140484a0
0x14048588,FUN_14048588,64,25,1,14048588_FUN_14048588
0x14048620,FUN_14048620,64,25,1,14048620_FUN_14048620
0x1404866c,FUN_1404866c,68,27,1,1404866c_FUN_1404866c
0x140486bc,FUN_140486bc,90,36,1,140486bc_FUN_140486bc
0x14048724,FUN_14048724,78,30,1,14048724_FUN_14048724
0x14048780,FUN_14048780,72,29,1,14048780_FUN_14048780
0x140487d4,FUN_140487d4,64,25,1,140487d4_FUN_140487d4
0x14048820,FUN_14048820,72,29,1,14048820_FUN_14048820
0x14048874,FUN_14048874,64,25,1,14048874_FUN_14048874
0x140488c0,FUN_140488c0,64,25,1,140488c0_FUN_140488c0
0x1404890c,FUN_1404890c,64,25,1,1404890c_FUN_1404890c
0x14048958,FUN_14048958,84,32,1,14048958_FUN_14048958
0x140489b8,FUN_140489b8,92,33,1,140489b8_FUN_140489b8
0x14048a20,FUN_14048a20,68,27,1,14048a20_FUN_14048a20
0x14048a70,FUN_14048a70,16,6,1,14048a70_FUN_14048a70
0x14048a90,FUN_14048a90,56,26,1,14048a90_FUN_14048a90
0x14048ac8,FUN_14048ac8,130,54,1,14048ac8_FUN_14048ac8
0x14048b4c,FUN_14048b4c,222,85,1,14048b4c_FUN_14048b4c
0x14048c2c,FUN_14048c2c,50,19,1,14048c2c_FUN_14048c2c
0x14048cd8,FUN_14048cd8,596,237,1,14048cd8_FUN_14048cd8
0x1404907c,FUN_1404907c,596,228,1,1404907c_FUN_1404907c
0x14049358,FUN_14049358,212,86,1,14049358_FUN_14049358
0x14049864,FUN_14049864,20,9,1,14049864_FUN_14049864
0x14049934,FUN_14049934,74,30,1,14049934_FUN_14049934
0x14049be0,FUN_14049be0,66,26,1,14049be0_FUN_14049be0
0x14049c88,FUN_14049c88,6,3,1,14049c88_FUN_14049c88
0x14049ca8,FUN_14049ca8,240,76,1,14049ca8_FUN_14049ca8
0x14049f78,FUN_14049f78,6,3,1,14049f78_FUN_14049f78
0x1404a114,FUN_1404a114,58,24,1,1404a114_FUN_1404a114
0x1404a1b4,FUN_1404a1b4,52,20,1,1404a1b4_FUN_1404a1b4
0x1404a1fc,FUN_1404a1fc,8,3,1,1404a1fc_FUN_1404a1fc
0x1404a204,FUN_1404a204,8,3,1,1404a204_FUN_1404a204
0x1404a210,FUN_1404a210,8,3,1,1404a210_FUN_1404a210
0x1404a2d4,FUN_1404a2d4,128,53,1,1404a2d4_FUN_1404a2d4
0x1404a374,FUN_1404a374,368,141,1,1404a374_FUN_1404a374
0x1404a510,FUN_1404a510,28,13,1,1404a510_FUN_1404a510
0x1404a534,FUN_1404a534,80,30,1,1404a534_FUN_1404a534
0x1404a594,FUN_1404a594,72,26,1,1404a594_FUN_1404a594
0x1404a5f0,FUN_1404a5f0,72,25,1,1404a5f0_FUN_1404a5f0
0x1404a648,FUN_1404a648,114,43,1,1404a648_FUN_1404a648
0x1404a6d8,FUN_1404a6d8,358,131,1,1404a6d8_FUN_1404a6d8
0x1404a860,FUN_1404a860,66,27,1,1404a860_FUN_1404a860
0x1404a8f8,FUN_1404a8f8,82,29,1,1404a8f8_FUN_1404a8f8
0x1404aa14,FUN_1404aa14,116,45,1,1404aa14_FUN_1404aa14
0x1404ae04,FUN_1404ae04,36,15,1,1404ae04_FUN_1404ae04
0x1404ae30,FUN_1404ae30,168,66,1,1404ae30_FUN_1404ae30
0x1404b138,FUN_1404b138,124,49,1,1404b138_FUN_1404b138
0x1404b24c,FUN_1404b24c,6,3,1,1404b24c_FUN_1404b24c
0x1404b280,FUN_1404b280,14,6,1,1404b280_FUN_1404b280
0x1404b294,FUN_1404b294,92,37,1,1404b294_FUN_1404b294
0x1404b318,FUN_1404b318,236,92,1,1404b318_FUN_1404b318
0x1404b424,thunk_FUN_1404b318,4,1,1,1404b424_thunk_FUN_1404b318
0x1404b4b4,FUN_1404b4b4,210,84,1,1404b4b4_FUN_1404b4b4
0x1404b580,FUN_1404b580,46,17,1,1404b580_FUN_1404b580
0x1404b5c2,FUN_1404b5c2,66,25,1,1404b5c2_FUN_1404b5c2
0x1404be3c,FUN_1404be3c,94,38,1,1404be3c_FUN_1404be3c
0x1404bf78,FUN_1404bf78,264,99,1,1404bf78_FUN_1404bf78
0x1404bff4,FUN_1404bff4,282,103,1,1404bff4_FUN_1404bff4
0x1404c4f8,FUN_1404c4f8,1118,442,1,1404c4f8_FUN_1404c4f8
0x1404ca1c,FUN_1404ca1c,114,45,1,1404ca1c_FUN_1404ca1c
0x1404ca64,thunk_FUN_14095e18,4,1,1,1404ca64_thunk_FUN_14095e18
0x1404ca68,FUN_1404ca68,56,23,1,1404ca68_FUN_1404ca68
0x1404cab4,FUN_1404cab4,18,6,1,1404cab4_FUN_1404cab4
0x1404ce50,FUN_1404ce50,94,37,1,1404ce50_FUN_1404ce50
0x1404d18c,FUN_1404d18c,634,241,1,1404d18c_FUN_1404d18c
0x1404d1e0,thunk_FUN_140950b4,4,1,1,1404d1e0_thunk_FUN_140950b4
0x1404d1e8,FUN_1404d1e8,50,22,1,1404d1e8_FUN_1404d1e8
0x1404d3dc,FUN_1404d3dc,6,3,1,1404d3dc_FUN_1404d3dc
0x1404d3e8,FUN_1404d3e8,82,27,1,1404d3e8_FUN_1404d3e8
0x1404d43c,FUN_1404d43c,228,82,1,1404d43c_FUN_1404d43c
0x1404d54c,FUN_1404d54c,24,8,1,1404d54c_FUN_1404d54c
0x1404d564,FUN_1404d564,68,27,1,1404d564_FUN_1404d564
0x1404d5c0,FUN_1404d5c0,2836,1072,1,1404d5c0_FUN_1404d5c0
0x1404e220,FUN_1404e220,126,50,1,1404e220_FUN_1404e220
0x1404e2b8,FUN_1404e2b8,30,12,1,1404e2b8_FUN_1404e2b8
0x1404e2dc,FUN_1404e2dc,84,34,1,1404e2dc_FUN_1404e2dc
0x1404e334,FUN_1404e334,84,34,1,1404e334_FUN_1404e334
0x1404f274,FUN_1404f274,250,96,1,1404f274_FUN_1404f274
0x1404f348,FUN_1404f348,28,10,1,1404f348_FUN_1404f348
0x1404f368,FUN_1404f368,64,24,1,1404f368_FUN_1404f368
0x1404f50c,FUN_1404f50c,76,31,1,1404f50c_FUN_1404f50c
0x1404f55c,FUN_1404f55c,30,12,1,1404f55c_FUN_1404f55c
0x1404f580,FUN_1404f580,116,47,1,1404f580_FUN_1404f580
0x1404feb4,FUN_1404feb4,24,8,1,1404feb4_FUN_1404feb4
0x1404fef8,FUN_1404fef8,56,23,1,1404fef8_FUN_1404fef8
0x1404ff48,FUN_1404ff48,146,55,1,1404ff48_FUN_1404ff48
0x1405016c,FUN_1405016c,12,5,1,1405016c_FUN_1405016c
0x1405017c,FUN_1405017c,4,2,1,1405017c_FUN_1405017c
0x14050180,FUN_14050180,152,57,1,14050180_FUN_14050180
0x1405021c,FUN_1405021c,256,85,1,1405021c_FUN_1405021c
0x14050350,FUN_14050350,20,8,1,14050350_FUN_14050350
0x14050368,FUN_14050368,56,24,1,14050368_FUN_14050368
0x14050634,FUN_14050634,98,42,1,14050634_FUN_14050634
0x14050724,FUN_14050724,204,82,1,14050724_FUN_14050724
0x14050828,FUN_14050828,54,20,1,14050828_FUN_14050828
0x14050868,FUN_14050868,2,1,1,14050868_FUN_14050868
0x1405086c,FUN_1405086c,400,150,1,1405086c_FUN_1405086c
0x14050a40,FUN_14050a40,44,17,1,14050a40_FUN_14050a40
0x14050a78,FUN_14050a78,96,36,1,14050a78_FUN_14050a78
0x14050b34,FUN_14050b34,46,17,1,14050b34_FUN_14050b34
0x14050b70,FUN_14050b70,44,17,1,14050b70_FUN_14050b70
0x14050c00,FUN_14050c00,76,30,1,14050c00_FUN_14050c00
0x14050d50,FUN_14050d50,120,47,1,14050d50_FUN_14050d50
0x14050de0,FUN_14050de0,68,25,1,14050de0_FUN_14050de0
0x14050e38,FUN_14050e38,322,127,1,14050e38_FUN_14050e38
0x14050f9c,FUN_14050f9c,174,69,1,14050f9c_FUN_14050f9c
0x14051058,FUN_14051058,166,62,1,14051058_FUN_14051058
0x140511c0,FUN_140511c0,308,116,1,140511c0_FUN_140511c0
0x140512a4,FUN_140512a4,178,67,1,140512a4_FUN_140512a4
0x14051378,FUN_14051378,6,3,1,14051378_FUN_14051378
0x1405137e,FUN_1405137e,46,18,1,1405137e_FUN_1405137e
0x14051528,FUN_14051528,128,50,1,14051528_FUN_14051528
0x140515ac,FUN_140515ac,108,44,1,140515ac_FUN_140515ac
0x1405162c,FUN_1405162c,20,8,1,1405162c_FUN_1405162c
0x14051640,FUN_14051640,90,34,1,14051640_FUN_14051640
0x1405165c,FUN_1405165c,8,3,1,1405165c_FUN_1405165c
0x14051668,FUN_14051668,24,8,1,14051668_FUN_14051668
0x140516a0,FUN_140516a0,38,14,1,140516a0_FUN_140516a0
0x140516e4,FUN_140516e4,2,1,1,140516e4_FUN_140516e4
0x140516e8,FUN_140516e8,114,44,1,140516e8_FUN_140516e8
0x14051938,FUN_14051938,16,6,1,14051938_FUN_14051938
0x1405194c,FUN_1405194c,16,6,1,1405194c_FUN_1405194c
0x14051974,FUN_14051974,68,28,1,14051974_FUN_14051974
0x14051a2c,FUN_14051a2c,70,25,1,14051a2c_FUN_14051a2c
0x14051a80,FUN_14051a80,118,45,1,14051a80_FUN_14051a80
0x14051b04,FUN_14051b04,132,52,1,14051b04_FUN_14051b04
0x14051b8c,FUN_14051b8c,176,67,1,14051b8c_FUN_14051b8c
0x14051c40,FUN_14051c40,164,61,1,14051c40_FUN_14051c40
0x14051cfc,FUN_14051cfc,126,45,1,14051cfc_FUN_14051cfc
0x14051d90,FUN_14051d90,256,97,1,14051d90_FUN_14051d90
0x14051ea4,FUN_14051ea4,654,238,1,14051ea4_FUN_14051ea4
0x14052104,FUN_14052104,68,26,1,14052104_FUN_14052104
0x14052154,FUN_14052154,1588,564,1,14052154_FUN_14052154
0x1405289c,FUN_1405289c,350,130,1,1405289c_FUN_1405289c
0x14052a74,FUN_14052a74,18,8,1,14052a74_FUN_14052a74
0x14052da0,FUN_14052da0,120,52,1,14052da0_FUN_14052da0
0x1405395c,FUN_1405395c,6,3,1,1405395c_FUN_1405395c
0x14053bb0,FUN_14053bb0,116,48,1,14053bb0_FUN_14053bb0
0x14053d50,FUN_14053d50,52,21,1,14053d50_FUN_14053d50
0x14053dc8,FUN_14053dc8,28,12,1,14053dc8_FUN_14053dc8
0x14053e64,FUN_14053e64,46,19,1,14053e64_FUN_14053e64
0x14053e98,FUN_14053e98,60,26,1,14053e98_FUN_14053e98
0x14053ed4,FUN_14053ed4,68,27,1,14053ed4_FUN_14053ed4
0x14053f18,FUN_14053f18,388,154,1,14053f18_FUN_14053f18
0x14054210,FUN_14054210,10,4,1,14054210_FUN_14054210
0x140543b4,FUN_140543b4,58,24,1,140543b4_FUN_140543b4
0x140545b8,thunk_FUN_1405c538,4,1,1,140545b8_thunk_FUN_1405c538
0x140545bc,FUN_140545bc,34,14,1,140545bc_FUN_140545bc
0x140545e4,FUN_140545e4,36,14,1,140545e4_FUN_140545e4
0x14054698,FUN_14054698,32,16,1,14054698_FUN_14054698
0x140547f4,FUN_140547f4,26,10,1,140547f4_FUN_140547f4
0x1405491c,FUN_1405491c,70,24,1,1405491c_FUN_1405491c
0x14054964,FUN_14054964,74,31,1,14054964_FUN_14054964
0x14054bac,FUN_14054bac,174,60,1,14054bac_FUN_14054bac
0x14055d8c,FUN_14055d8c,48,20,1,14055d8c_FUN_14055d8c
0x140561ac,FUN_140561ac,90,34,1,140561ac_FUN_140561ac
0x140563f4,FUN_140563f4,14,6,1,140563f4_FUN_140563f4
0x140564f8,FUN_140564f8,44,17,1,140564f8_FUN_140564f8
0x14056870,FUN_14056870,102,42,1,14056870_FUN_14056870
0x140568d8,FUN_140568d8,98,40,1,140568d8_FUN_140568d8
0x1405693c,FUN_1405693c,104,41,1,1405693c_FUN_1405693c
0x14056a70,FUN_14056a70,74,32,1,14056a70_FUN_14056a70
0x14056b28,FUN_14056b28,104,44,1,14056b28_FUN_14056b28
0x14056cac,FUN_14056cac,76,33,1,14056cac_FUN_14056cac
0x14057320,FUN_14057320,8,3,1,14057320_FUN_14057320
0x14057630,FUN_14057630,84,30,1,14057630_FUN_14057630
0x14057684,FUN_14057684,68,30,1,14057684_FUN_14057684
0x14057c70,FUN_14057c70,262,95,1,14057c70_FUN_14057c70
0x14057c80,FUN_14057c80,52,18,1,14057c80_FUN_14057c80
0x14057d20,FUN_14057d20,34,14,1,14057d20_FUN_14057d20
0x14057d48,FUN_14057d48,28,9,1,14057d48_FUN_14057d48
0x14057d64,FUN_14057d64,106,39,1,14057d64_FUN_14057d64
0x14057dd4,FUN_14057dd4,12,5,1,14057dd4_FUN_14057dd4
0x14057de0,FUN_14057de0,14,5,1,14057de0_FUN_14057de0
0x14057df0,FUN_14057df0,262,96,1,14057df0_FUN_14057df0
0x14057f7a,FUN_14057f7a,214,83,1,14057f7a_FUN_14057f7a
0x140580f4,FUN_140580f4,42,14,1,140580f4_FUN_140580f4
0x1405814c,FUN_1405814c,44,14,1,1405814c_FUN_1405814c
0x1405826c,FUN_1405826c,16,5,1,1405826c_FUN_1405826c
0x14058450,FUN_14058450,82,34,1,14058450_FUN_14058450
0x14058610,FUN_14058610,202,63,1,14058610_FUN_14058610
0x14058748,FUN_14058748,132,48,1,14058748_FUN_14058748
0x140587d4,FUN_140587d4,132,49,1,140587d4_FUN_140587d4
0x14058860,FUN_14058860,254,95,1,14058860_FUN_14058860
0x14058974,FUN_14058974,34,13,1,14058974_FUN_14058974
0x14058998,FUN_14058998,166,62,1,14058998_FUN_14058998
0x14058a68,FUN_14058a68,56,23,1,14058a68_FUN_14058a68
0x14058c20,FUN_14058c20,112,43,1,14058c20_FUN_14058c20
0x14058ef0,FUN_14058ef0,176,72,1,14058ef0_FUN_14058ef0
0x14059088,FUN_14059088,222,90,1,14059088_FUN_14059088
0x14059128,FUN_14059128,188,74,1,14059128_FUN_14059128
0x140591ec,FUN_140591ec,24,11,1,140591ec_FUN_140591ec
0x14059434,FUN_14059434,222,90,1,14059434_FUN_14059434
0x14059748,FUN_14059748,90,32,1,14059748_FUN_14059748
0x14059838,FUN_14059838,96,36,1,14059838_FUN_14059838
0x140598a0,FUN_140598a0,96,32,1,140598a0_FUN_140598a0
0x14059904,FUN_14059904,26,11,1,14059904_FUN_14059904
0x1405996c,FUN_1405996c,88,32,1,1405996c_FUN_1405996c
0x140599c8,FUN_140599c8,84,30,1,140599c8_FUN_140599c8
0x14059a20,FUN_14059a20,88,32,1,14059a20_FUN_14059a20
0x14059ce4,FUN_14059ce4,6,2,1,14059ce4_FUN_14059ce4
0x14059dd0,FUN_14059dd0,94,38,1,14059dd0_FUN_14059dd0
0x1405a5d4,FUN_1405a5d4,178,73,1,1405a5d4_FUN_1405a5d4
0x1405b0a8,FUN_1405b0a8,64,28,1,1405b0a8_FUN_1405b0a8
0x1405b0f0,FUN_1405b0f0,20,9,1,1405b0f0_FUN_1405b0f0
0x1405b134,FUN_1405b134,18,6,1,1405b134_FUN_1405b134
0x1405b148,FUN_1405b148,42,18,1,1405b148_FUN_1405b148
0x1405b1e0,FUN_1405b1e0,20,8,1,1405b1e0_FUN_1405b1e0
0x1405b26c,FUN_1405b26c,84,39,1,1405b26c_FUN_1405b26c
0x1405b33c,FUN_1405b33c,50,18,1,1405b33c_FUN_1405b33c
0x1405b3f4,FUN_1405b3f4,128,50,1,1405b3f4_FUN_1405b3f4
0x1405b698,FUN_1405b698,78,36,1,1405b698_FUN_1405b698
0x1405ba0c,FUN_1405ba0c,288,109,1,1405ba0c_FUN_1405ba0c
0x1405bb44,FUN_1405bb44,294,109,1,1405bb44_FUN_1405bb44
0x1405bc78,FUN_1405bc78,378,133,1,1405bc78_FUN_1405bc78
0x1405be00,FUN_1405be00,154,62,1,1405be00_FUN_1405be00
0x1405bef8,FUN_1405bef8,28,11,1,1405bef8_FUN_1405bef8
0x1405bf18,FUN_1405bf18,60,19,1,1405bf18_FUN_1405bf18
0x1405bf58,FUN_1405bf58,136,55,1,1405bf58_FUN_1405bf58
0x1405bfe8,FUN_1405bfe8,130,53,1,1405bfe8_FUN_1405bfe8
0x1405c074,FUN_1405c074,134,56,1,1405c074_FUN_1405c074
0x1405c1f8,FUN_1405c1f8,18,9,1,1405c1f8_FUN_1405c1f8
0x1405c284,FUN_1405c284,40,18,1,1405c284_FUN_1405c284
0x1405c2b0,FUN_1405c2b0,24,9,1,1405c2b0_FUN_1405c2b0
0x1405c2cc,FUN_1405c2cc,26,10,1,1405c2cc_FUN_1405c2cc
0x1405c314,FUN_1405c314,44,18,1,1405c314_FUN_1405c314
0x1405c364,FUN_1405c364,14,5,1,1405c364_FUN_1405c364
0x1405c378,FUN_1405c378,114,36,1,1405c378_FUN_1405c378
0x1405c424,FUN_1405c424,160,61,1,1405c424_FUN_1405c424
0x1405c538,FUN_1405c538,202,84,1,1405c538_FUN_1405c538
0x1405c660,FUN_1405c660,122,49,1,1405c660_FUN_1405c660
0x1405c6e4,FUN_1405c6e4,290,117,1,1405c6e4_FUN_1405c6e4
0x1405c838,FUN_1405c838,56,24,1,1405c838_FUN_1405c838
0x1405c948,FUN_1405c948,326,115,1,1405c948_FUN_1405c948
0x1405cc7c,FUN_1405cc7c,40,15,1,1405cc7c_FUN_1405cc7c
0x1405cce4,FUN_1405cce4,84,36,1,1405cce4_FUN_1405cce4
0x1405cd44,FUN_1405cd44,522,193,1,1405cd44_FUN_1405cd44
0x1405ce3c,FUN_1405ce3c,62,25,1,1405ce3c_FUN_1405ce3c
0x1405cecc,FUN_1405cecc,60,25,1,1405cecc_FUN_1405cecc
0x1405d64c,FUN_1405d64c,104,38,1,1405d64c_FUN_1405d64c
0x1405d6bc,FUN_1405d6bc,16,7,1,1405d6bc_FUN_1405d6bc
0x1405d6d0,FUN_1405d6d0,174,66,1,1405d6d0_FUN_1405d6d0
0x1405d88c,FUN_1405d88c,18,7,1,1405d88c_FUN_1405d88c
0x1405d8d0,FUN_1405d8d0,126,54,1,1405d8d0_FUN_1405d8d0
0x1405da84,FUN_1405da84,122,53,1,1405da84_FUN_1405da84
0x1405db18,FUN_1405db18,34,13,1,1405db18_FUN_1405db18
0x1405db3c,FUN_1405db3c,64,23,1,1405db3c_FUN_1405db3c
0x1405dd50,FUN_1405dd50,152,59,1,1405dd50_FUN_1405dd50
0x1405dde8,FUN_1405dde8,50,21,1,1405dde8_FUN_1405dde8
0x1405de1c,FUN_1405de1c,60,25,1,1405de1c_FUN_1405de1c
0x1405e53c,FUN_1405e53c,94,38,1,1405e53c_FUN_1405e53c
0x1405e59c,FUN_1405e59c,94,38,1,1405e59c_FUN_1405e59c
0x1405e5fc,FUN_1405e5fc,130,50,1,1405e5fc_FUN_1405e5fc
0x1405e8fc,FUN_1405e8fc,114,45,1,1405e8fc_FUN_1405e8fc
0x1405e970,FUN_1405e970,98,42,1,1405e970_FUN_1405e970
0x1405e9d4,FUN_1405e9d4,130,50,1,1405e9d4_FUN_1405e9d4
0x1405ea58,FUN_1405ea58,122,48,1,1405ea58_FUN_1405ea58
0x1405ead4,FUN_1405ead4,98,42,1,1405ead4_FUN_1405ead4
0x1405eb38,FUN_1405eb38,178,66,1,1405eb38_FUN_1405eb38
0x1405f858,FUN_1405f858,68,28,1,1405f858_FUN_1405f858
0x1405f8b0,FUN_1405f8b0,58,22,1,1405f8b0_FUN_1405f8b0
0x1405f8ec,FUN_1405f8ec,64,25,1,1405f8ec_FUN_1405f8ec
0x1405fddc,FUN_1405fddc,18,8,1,1405fddc_FUN_1405fddc
0x140602a8,FUN_140602a8,60,25,1,140602a8_FUN_140602a8
0x140602e8,FUN_140602e8,26,10,1,140602e8_FUN_140602e8
0x14060338,FUN_14060338,56,25,1,14060338_FUN_14060338
0x14060374,FUN_14060374,14,5,1,14060374_FUN_14060374
0x14060388,FUN_14060388,140,51,1,14060388_FUN_14060388
0x14060420,FUN_14060420,38,14,1,14060420_FUN_14060420
0x1406045c,FUN_1406045c,172,61,1,1406045c_FUN_1406045c
0x140605b0,FUN_140605b0,88,31,1,140605b0_FUN_140605b0
0x140605e4,FUN_140605e4,360,145,1,140605e4_FUN_140605e4
0x140607dc,FUN_140607dc,126,55,1,140607dc_FUN_140607dc
0x14060cdc,FUN_14060cdc,158,66,1,14060cdc_FUN_14060cdc
0x1406111c,FUN_1406111c,146,60,1,1406111c_FUN_1406111c
0x14062974,FUN_14062974,48,21,1,14062974_FUN_14062974
0x14062d14,FUN_14062d14,78,29,1,14062d14_FUN_14062d14
0x14062d94,FUN_14062d94,60,26,1,14062d94_FUN_14062d94
0x14063254,FUN_14063254,32,13,1,14063254_FUN_14063254
0x14063274,FUN_14063274,92,33,1,14063274_FUN_14063274
0x14063910,FUN_14063910,20,6,1,14063910_FUN_14063910
0x1406393c,FUN_1406393c,14,4,1,1406393c_FUN_1406393c
0x14063b0c,FUN_14063b0c,256,105,1,14063b0c_FUN_14063b0c
0x1406414c,FUN_1406414c,112,41,1,1406414c_FUN_1406414c
0x140641f0,FUN_140641f0,12,4,1,140641f0_FUN_140641f0
0x14064200,FUN_14064200,12,4,1,14064200_FUN_14064200
0x14064210,FUN_14064210,12,4,1,14064210_FUN_14064210
0x14064220,FUN_14064220,4,2,1,14064220_FUN_14064220
0x14064228,FUN_14064228,22,11,1,14064228_FUN_14064228
0x14064244,FUN_14064244,310,112,1,14064244_FUN_14064244
0x14064384,FUN_14064384,1310,471,1,14064384_FUN_14064384
0x14064b8c,FUN_14064b8c,84,32,1,14064b8c_FUN_14064b8c
0x14064be4,FUN_14064be4,94,37,1,14064be4_FUN_14064be4
0x14064c90,FUN_14064c90,130,55,1,14064c90_FUN_14064c90
0x14064dec,FUN_14064dec,50,19,1,14064dec_FUN_14064dec
0x14064e20,FUN_14064e20,114,40,1,14064e20_FUN_14064e20
0x14064e94,FUN_14064e94,566,210,1,14064e94_FUN_14064e94
0x140650e4,FUN_140650e4,794,304,1,140650e4_FUN_140650e4
0x14065428,FUN_14065428,296,115,1,14065428_FUN_14065428
0x14065550,FUN_14065550,76,31,1,14065550_FUN_14065550
0x140655a0,FUN_140655a0,194,65,1,140655a0_FUN_140655a0
0x1406566c,FUN_1406566c,94,41,1,1406566c_FUN_1406566c
0x14065960,FUN_14065960,50,19,1,14065960_FUN_14065960
0x14065c10,FUN_14065c10,168,69,1,14065c10_FUN_14065c10
0x14065cc0,FUN_14065cc0,76,28,1,14065cc0_FUN_14065cc0
0x14065d14,FUN_14065d14,74,28,1,14065d14_FUN_14065d14
0x14065d68,FUN_14065d68,100,42,1,14065d68_FUN_14065d68
0x14065dd4,FUN_14065dd4,206,79,1,14065dd4_FUN_14065dd4
0x14065eac,FUN_14065eac,98,38,1,14065eac_FUN_14065eac
0x14065f94,FUN_14065f94,62,22,1,14065f94_FUN_14065f94
0x14065fe4,FUN_14065fe4,76,26,1,14065fe4_FUN_14065fe4
0x14066034,FUN_14066034,94,34,1,14066034_FUN_14066034
0x14066098,FUN_14066098,22,9,1,14066098_FUN_14066098
0x14066108,FUN_14066108,34,13,1,14066108_FUN_14066108
0x14066130,FUN_14066130,28,13,1,14066130_FUN_14066130
0x14066150,FUN_14066150,32,15,1,14066150_FUN_14066150
0x14066334,FUN_14066334,90,33,1,14066334_FUN_14066334
0x14066390,FUN_14066390,334,152,1,14066390_FUN_14066390
0x140664f0,FUN_140664f0,80,29,1,140664f0_FUN_140664f0
0x140666e0,FUN_140666e0,210,88,1,140666e0_FUN_140666e0
0x140667b8,FUN_140667b8,18,6,1,140667b8_FUN_140667b8
0x140667cc,FUN_140667cc,84,37,1,140667cc_FUN_140667cc
0x140668a4,FUN_140668a4,100,48,1,140668a4_FUN_140668a4
0x1406690c,FUN_1406690c,460,162,1,1406690c_FUN_1406690c
0x14066adc,FUN_14066adc,522,174,1,14066adc_FUN_14066adc
0x14066cf0,FUN_14066cf0,766,295,1,14066cf0_FUN_14066cf0
0x14067034,FUN_14067034,122,48,1,14067034_FUN_14067034
0x140670b4,FUN_140670b4,574,231,1,140670b4_FUN_140670b4
0x14067314,FUN_14067314,154,65,1,14067314_FUN_14067314
0x140673b8,FUN_140673b8,118,50,1,140673b8_FUN_140673b8
0x14067434,FUN_14067434,36,16,1,14067434_FUN_14067434
0x14067458,FUN_14067458,40,18,1,14067458_FUN_14067458
0x14067480,FUN_14067480,50,21,1,14067480_FUN_14067480
0x14067590,FUN_14067590,144,57,1,14067590_FUN_14067590
0x1406762c,FUN_1406762c,40,18,1,1406762c_FUN_1406762c
0x14067b54,FUN_14067b54,112,52,1,14067b54_FUN_14067b54
0x14067bc4,FUN_14067bc4,256,104,1,14067bc4_FUN_14067bc4
0x14067ccc,FUN_14067ccc,68,26,1,14067ccc_FUN_14067ccc
0x14067d10,FUN_14067d10,118,52,1,14067d10_FUN_14067d10
0x14067d88,FUN_14067d88,118,50,1,14067d88_FUN_14067d88
0x14067e54,FUN_14067e54,166,71,1,14067e54_FUN_14067e54
0x14067f40,FUN_14067f40,50,19,1,14067f40_FUN_14067f40
0x14067f74,FUN_14067f74,134,48,1,14067f74_FUN_14067f74
0x1406806c,FUN_1406806c,54,22,1,1406806c_FUN_1406806c
0x140680a4,FUN_140680a4,62,22,1,140680a4_FUN_140680a4
0x140682a8,FUN_140682a8,120,46,1,140682a8_FUN_140682a8
0x14068890,FUN_14068890,276,105,1,14068890_FUN_14068890
0x140689b0,FUN_140689b0,708,263,1,140689b0_FUN_140689b0
0x14068dec,FUN_14068dec,580,226,1,14068dec_FUN_14068dec
0x1406904c,FUN_1406904c,158,61,1,1406904c_FUN_1406904c
0x14069108,FUN_14069108,54,20,1,14069108_FUN_14069108
0x14069164,FUN_14069164,38,16,1,14069164_FUN_14069164
0x14069190,FUN_14069190,132,48,1,14069190_FUN_14069190
0x140692a4,FUN_140692a4,10,4,1,140692a4_FUN_140692a4
0x140693b4,FUN_140693b4,544,207,1,140693b4_FUN_140693b4
0x14069db4,FUN_14069db4,664,242,1,14069db4_FUN_14069db4
0x1406a4a0,FUN_1406a4a0,80,32,1,1406a4a0_FUN_1406a4a0
0x1406a4f0,FUN_1406a4f0,72,29,1,1406a4f0_FUN_1406a4f0
0x1406a714,FUN_1406a714,42,19,1,1406a714_FUN_1406a714
0x1406a740,FUN_1406a740,50,19,1,1406a740_FUN_1406a740
0x1406a774,FUN_1406a774,116,39,1,1406a774_FUN_1406a774
0x1406a7e8,FUN_1406a7e8,114,36,1,1406a7e8_FUN_1406a7e8
0x1406a85c,FUN_1406a85c,122,38,1,1406a85c_FUN_1406a85c
0x1406a8d8,FUN_1406a8d8,114,38,1,1406a8d8_FUN_1406a8d8
0x1406a94c,FUN_1406a94c,106,34,1,1406a94c_FUN_1406a94c
0x1406a9b8,FUN_1406a9b8,46,21,1,1406a9b8_FUN_1406a9b8
0x1406a9e8,FUN_1406a9e8,860,345,1,1406a9e8_FUN_1406a9e8
0x1406adcc,FUN_1406adcc,68,30,1,1406adcc_FUN_1406adcc
0x1406ae10,FUN_1406ae10,86,38,1,1406ae10_FUN_1406ae10
0x1406af68,FUN_1406af68,604,247,1,1406af68_FUN_1406af68
0x1406b4bc,FUN_1406b4bc,68,31,1,1406b4bc_FUN_1406b4bc
0x1406b514,FUN_1406b514,66,28,1,1406b514_FUN_1406b514
0x1406b558,FUN_1406b558,34,15,1,1406b558_FUN_1406b558
0x1406b57c,FUN_1406b57c,84,29,1,1406b57c_FUN_1406b57c
0x1406b660,FUN_1406b660,174,73,1,1406b660_FUN_1406b660
0x1406b7e4,FUN_1406b7e4,74,27,1,1406b7e4_FUN_1406b7e4
0x1406b830,FUN_1406b830,120,47,1,1406b830_FUN_1406b830
0x1406b8b0,FUN_1406b8b0,214,86,1,1406b8b0_FUN_1406b8b0
0x1406b990,FUN_1406b990,28,13,1,1406b990_FUN_1406b990
0x1406bf34,FUN_1406bf34,110,47,1,1406bf34_FUN_1406bf34
0x1406bfb4,FUN_1406bfb4,28,13,1,1406bfb4_FUN_1406bfb4
0x1406c364,FUN_1406c364,74,33,1,1406c364_FUN_1406c364
0x1406c3b0,FUN_1406c3b0,86,33,1,1406c3b0_FUN_1406c3b0
0x1406c408,FUN_1406c408,72,30,1,1406c408_FUN_1406c408
0x1406c9d4,FUN_1406c9d4,36,16,1,1406c9d4_FUN_1406c9d4
0x1406cc4c,FUN_1406cc4c,232,92,1,1406cc4c_FUN_1406cc4c
0x1406cd54,FUN_1406cd54,98,40,1,1406cd54_FUN_1406cd54
0x1406cdd0,FUN_1406cdd0,368,135,1,1406cdd0_FUN_1406cdd0
0x1406cf54,FUN_1406cf54,204,69,1,1406cf54_FUN_1406cf54
0x1406d034,FUN_1406d034,28,13,1,1406d034_FUN_1406d034
0x1406d054,FUN_1406d054,102,47,1,1406d054_FUN_1406d054
0x1406d0c0,FUN_1406d0c0,68,29,1,1406d0c0_FUN_1406d0c0
0x1406d104,FUN_1406d104,248,90,1,1406d104_FUN_1406d104
0x1406d210,FUN_1406d210,194,72,1,1406d210_FUN_1406d210
0x1406d250,FUN_1406d250,102,37,1,1406d250_FUN_1406d250
0x1406d258,FUN_1406d258,6,2,1,1406d258_FUN_1406d258
0x1406d260,FUN_1406d260,174,74,1,1406d260_FUN_1406d260
0x1406d4d4,FUN_1406d4d4,8,3,1,1406d4d4_FUN_1406d4d4
0x1406d4e0,FUN_1406d4e0,8,3,1,1406d4e0_FUN_1406d4e0
0x1406d5c0,FUN_1406d5c0,72,28,1,1406d5c0_FUN_1406d5c0
0x1406d628,FUN_1406d628,126,56,1,1406d628_FUN_1406d628
0x1406d6c0,FUN_1406d6c0,216,86,1,1406d6c0_FUN_1406d6c0
0x1406d73c,FUN_1406d73c,24,10,1,1406d73c_FUN_1406d73c
0x1406d7d8,FUN_1406d7d8,30,14,1,1406d7d8_FUN_1406d7d8
0x1406d7f8,FUN_1406d7f8,34,15,1,1406d7f8_FUN_1406d7f8
0x1406da30,FUN_1406da30,44,15,1,1406da30_FUN_1406da30
0x1406db30,FUN_1406db30,24,10,1,1406db30_FUN_1406db30
0x1406dba8,FUN_1406dba8,46,16,1,1406dba8_FUN_1406dba8
0x1406dbd8,FUN_1406dbd8,186,66,1,1406dbd8_FUN_1406dbd8
0x1406dca0,FUN_1406dca0,58,22,1,1406dca0_FUN_1406dca0
0x1406dd10,FUN_1406dd10,70,28,1,1406dd10_FUN_1406dd10
0x1406dde0,FUN_1406dde0,102,39,1,1406dde0_FUN_1406dde0
0x1406df68,FUN_1406df68,38,13,1,1406df68_FUN_1406df68
0x1406dfe4,FUN_1406dfe4,354,143,1,1406dfe4_FUN_1406dfe4
0x1406e284,FUN_1406e284,66,29,1,1406e284_FUN_1406e284
0x1406e2c8,FUN_1406e2c8,60,27,1,1406e2c8_FUN_1406e2c8
0x1406e314,FUN_1406e314,134,52,1,1406e314_FUN_1406e314
0x1406e3c0,FUN_1406e3c0,88,33,1,1406e3c0_FUN_1406e3c0
0x1406e428,FUN_1406e428,130,44,1,1406e428_FUN_1406e428
0x1406e4cc,FUN_1406e4cc,76,30,1,1406e4cc_FUN_1406e4cc
0x1406e5ec,FUN_1406e5ec,84,34,1,1406e5ec_FUN_1406e5ec
0x1406f8dc,FUN_1406f8dc,22,11,1,1406f8dc_FUN_1406f8dc
0x1406f8f8,FUN_1406f8f8,104,43,1,1406f8f8_FUN_1406f8f8
0x1406f968,FUN_1406f968,128,55,1,1406f968_FUN_1406f968
0x1406fa24,FUN_1406fa24,56,23,1,1406fa24_FUN_1406fa24
0x1406fa5c,FUN_1406fa5c,84,39,1,1406fa5c_FUN_1406fa5c
0x1406fab8,FUN_1406fab8,48,22,1,1406fab8_FUN_1406fab8
0x1406faf0,FUN_1406faf0,272,111,1,1406faf0_FUN_1406faf0
0x1406fcb4,FUN_1406fcb4,274,103,1,1406fcb4_FUN_1406fcb4
0x1406fdd4,FUN_1406fdd4,146,59,1,1406fdd4_FUN_1406fdd4
0x1406fe70,FUN_1406fe70,36,13,1,1406fe70_FUN_1406fe70
0x14070238,FUN_14070238,628,248,1,14070238_FUN_14070238
0x14070608,FUN_14070608,264,97,1,14070608_FUN_14070608
0x140709d0,FUN_140709d0,34,14,1,140709d0_FUN_140709d0
0x140709f8,FUN_140709f8,84,36,1,140709f8_FUN_140709f8
0x14070aa4,FUN_14070aa4,10,5,1,14070aa4_FUN_14070aa4
0x14070c18,FUN_14070c18,1350,487,1,14070c18_FUN_14070c18
0x140711d0,FUN_140711d0,246,92,1,140711d0_FUN_140711d0
0x140712cc,FUN_140712cc,220,83,1,140712cc_FUN_140712cc
0x14071478,FUN_14071478,52,23,1,14071478_FUN_14071478
0x1407152c,FUN_1407152c,12,5,1,1407152c_FUN_1407152c
0x14071538,FUN_14071538,216,85,1,14071538_FUN_14071538
0x14071620,FUN_14071620,70,31,1,14071620_FUN_14071620
0x1407166c,FUN_1407166c,140,53,1,1407166c_FUN_1407166c
0x14071714,FUN_14071714,94,36,1,14071714_FUN_14071714
0x14071a0c,thunk_FUN_1407858c,4,1,1,14071a0c_thunk_FUN_1407858c
0x14071ab0,FUN_14071ab0,172,68,1,14071ab0_FUN_14071ab0
0x14071ea8,FUN_14071ea8,182,68,1,14071ea8_FUN_14071ea8
0x14071f60,FUN_14071f60,166,55,1,14071f60_FUN_14071f60
0x14072014,FUN_14072014,366,142,1,14072014_FUN_14072014
0x1407218c,FUN_1407218c,80,29,1,1407218c_FUN_1407218c
0x140721e4,FUN_140721e4,68,20,1,140721e4_FUN_140721e4
0x14072484,FUN_14072484,82,31,1,14072484_FUN_14072484
0x140724e0,FUN_140724e0,156,48,1,140724e0_FUN_140724e0
0x14072584,FUN_14072584,166,55,1,14072584_FUN_14072584
0x14072670,FUN_14072670,22,9,1,14072670_FUN_14072670
0x14072688,FUN_14072688,44,18,1,14072688_FUN_14072688
0x14072878,FUN_14072878,54,19,1,14072878_FUN_14072878
0x140728b0,FUN_140728b0,42,15,1,140728b0_FUN_140728b0
0x140729e4,FUN_140729e4,62,24,1,140729e4_FUN_140729e4
0x14072a3c,FUN_14072a3c,8,3,1,14072a3c_FUN_14072a3c
0x14072a44,FUN_14072a44,100,40,1,14072a44_FUN_14072a44
0x14072abc,FUN_14072abc,102,38,1,14072abc_FUN_14072abc
0x14072b38,FUN_14072b38,66,28,1,14072b38_FUN_14072b38
0x14072b7c,FUN_14072b7c,828,308,1,14072b7c_FUN_14072b7c
0x14072f30,FUN_14072f30,860,319,1,14072f30_FUN_14072f30
0x140732f8,FUN_140732f8,152,51,1,140732f8_FUN_140732f8
0x14073390,FUN_14073390,186,65,1,14073390_FUN_14073390
0x14073468,FUN_14073468,250,95,1,14073468_FUN_14073468
0x1407358c,FUN_1407358c,26,12,1,1407358c_FUN_1407358c
0x140735a8,FUN_140735a8,398,154,1,140735a8_FUN_140735a8
0x14073698,FUN_14073698,16,8,1,14073698_FUN_14073698
0x140736a8,FUN_140736a8,62,26,1,140736a8_FUN_140736a8
0x140736fc,FUN_140736fc,52,22,1,140736fc_FUN_140736fc
0x1407373c,FUN_1407373c,62,26,1,1407373c_FUN_1407373c
0x14073790,FUN_14073790,52,22,1,14073790_FUN_14073790
0x140737d0,FUN_140737d0,84,37,1,140737d0_FUN_140737d0
0x14073830,FUN_14073830,132,50,1,14073830_FUN_14073830
0x140738bc,FUN_140738bc,58,25,1,140738bc_FUN_140738bc
0x140738f8,FUN_140738f8,66,21,1,140738f8_FUN_140738f8
0x1407393c,FUN_1407393c,42,19,1,1407393c_FUN_1407393c
0x14073968,FUN_14073968,66,29,1,14073968_FUN_14073968
0x140739b4,FUN_140739b4,8,3,1,140739b4_FUN_140739b4
0x140739bc,FUN_140739bc,50,21,1,140739bc_FUN_140739bc
0x140739f0,FUN_140739f0,46,22,1,140739f0_FUN_140739f0
0x14073a28,FUN_14073a28,38,18,1,14073a28_FUN_14073a28
0x14073a58,FUN_14073a58,20,10,1,14073a58_FUN_14073a58
0x14073a6c,FUN_14073a6c,146,63,1,14073a6c_FUN_14073a6c
0x14073b34,FUN_14073b34,68,32,1,14073b34_FUN_14073b34
0x14073bb0,FUN_14073bb0,62,29,1,14073bb0_FUN_14073bb0
0x14073c0c,FUN_14073c0c,10,4,1,14073c0c_FUN_14073c0c
0x14073c1c,FUN_14073c1c,40,18,1,14073c1c_FUN_14073c1c
0x14073c58,FUN_14073c58,106,42,1,14073c58_FUN_14073c58
0x14073cd4,FUN_14073cd4,90,37,1,14073cd4_FUN_14073cd4
0x14073d40,FUN_14073d40,88,34,1,14073d40_FUN_14073d40
0x14073db4,FUN_14073db4,88,36,1,14073db4_FUN_14073db4
0x14073eec,FUN_14073eec,206,83,1,14073eec_FUN_14073eec
0x14073fdc,FUN_14073fdc,336,138,1,14073fdc_FUN_14073fdc
0x14074168,FUN_14074168,386,151,1,14074168_FUN_14074168
0x14074308,FUN_14074308,16,6,1,14074308_FUN_14074308
0x14074318,FUN_14074318,66,23,1,14074318_FUN_14074318
0x14074378,FUN_14074378,74,28,1,14074378_FUN_14074378
0x140743d0,FUN_140743d0,58,20,1,140743d0_FUN_140743d0
0x14074414,thunk_FUN_14074168,4,1,1,14074414_thunk_FUN_14074168
0x14074424,FUN_14074424,474,176,1,14074424_FUN_14074424
0x140746c8,FUN_140746c8,86,34,1,140746c8_FUN_140746c8
0x14074734,FUN_14074734,176,65,1,14074734_FUN_14074734
0x140747b4,FUN_140747b4,134,51,1,140747b4_FUN_140747b4
0x140749d0,FUN_140749d0,12,5,1,140749d0_FUN_140749d0
0x140749f4,thunk_FUN_14073d40,4,1,1,140749f4_thunk_FUN_14073d40
0x140749f8,FUN_140749f8,12,4,1,140749f8_FUN_140749f8
0x14074a08,FUN_14074a08,112,46,1,14074a08_FUN_14074a08
0x14074a88,FUN_14074a88,114,47,1,14074a88_FUN_14074a88
0x14074b0c,FUN_14074b0c,56,20,1,14074b0c_FUN_14074b0c
0x14074b48,FUN_14074b48,12,6,1,14074b48_FUN_14074b48
0x14074b54,FUN_14074b54,50,23,1,14074b54_FUN_14074b54
0x14074b88,FUN_14074b88,12,5,1,14074b88_FUN_14074b88
0x14074b94,FUN_14074b94,96,43,1,14074b94_FUN_14074b94
0x14074c04,FUN_14074c04,96,43,1,14074c04_FUN_14074c04
0x14074c74,FUN_14074c74,102,46,1,14074c74_FUN_14074c74
0x14074cec,FUN_14074cec,34,17,1,14074cec_FUN_14074cec
0x14074d10,FUN_14074d10,64,30,1,14074d10_FUN_14074d10
0x14074d50,FUN_14074d50,12,6,1,14074d50_FUN_14074d50
0x14074d5c,FUN_14074d5c,34,17,1,14074d5c_FUN_14074d5c
0x14074d80,FUN_14074d80,56,24,1,14074d80_FUN_14074d80
0x14074dc0,FUN_14074dc0,74,33,1,14074dc0_FUN_14074dc0
0x14074e14,FUN_14074e14,138,57,1,14074e14_FUN_14074e14
0x14074f8c,FUN_14074f8c,166,63,1,14074f8c_FUN_14074f8c
0x14074f94,FUN_14074f94,82,32,1,14074f94_FUN_14074f94
0x14074ff8,FUN_14074ff8,106,38,1,14074ff8_FUN_14074ff8
0x14075074,FUN_14075074,128,51,1,14075074_FUN_14075074
0x14075110,FUN_14075110,72,28,1,14075110_FUN_14075110
0x14075168,FUN_14075168,116,41,1,14075168_FUN_14075168
0x1407522c,FUN_1407522c,30,14,1,1407522c_FUN_1407522c
0x1407524c,FUN_1407524c,4,2,1,1407524c_FUN_1407524c
0x14075250,FUN_14075250,8,4,1,14075250_FUN_14075250
0x14075258,FUN_14075258,8,4,1,14075258_FUN_14075258
0x14075260,FUN_14075260,12,6,1,14075260_FUN_14075260
0x1407529c,FUN_1407529c,174,68,1,1407529c_FUN_1407529c
0x14075428,FUN_14075428,24,8,1,14075428_FUN_14075428
0x14075440,FUN_14075440,18,7,1,14075440_FUN_14075440
0x14075458,FUN_14075458,16,8,1,14075458_FUN_14075458
0x14075468,FUN_14075468,94,41,1,14075468_FUN_14075468
0x140754ec,FUN_140754ec,8,4,1,140754ec_FUN_140754ec
0x140754f4,FUN_140754f4,44,20,1,140754f4_FUN_140754f4
0x14075520,FUN_14075520,42,21,1,14075520_FUN_14075520
0x1407554c,FUN_1407554c,44,20,1,1407554c_FUN_1407554c
0x1407557c,FUN_1407557c,14,6,1,1407557c_FUN_1407557c
0x140755e4,FUN_140755e4,288,114,1,140755e4_FUN_140755e4
0x1407561c,FUN_1407561c,42,15,1,1407561c_FUN_1407561c
0x14075654,thunk_FUN_140a20f4,4,1,1,14075654_thunk_FUN_140a20f4
0x14075658,FUN_14075658,8,3,1,14075658_FUN_14075658
0x14075660,FUN_14075660,38,17,1,14075660_FUN_14075660
0x14075698,FUN_14075698,12,5,1,14075698_FUN_14075698
0x140756a8,FUN_140756a8,8,3,1,140756a8_FUN_140756a8
0x140756b4,FUN_140756b4,8,3,1,140756b4_FUN_140756b4
0x140756c0,FUN_140756c0,12,4,1,140756c0_FUN_140756c0
0x140756d0,thunk_FUN_140e5848,4,1,1,140756d0_thunk_FUN_140e5848
0x140756d4,thunk_FUN_140291ac,4,1,1,140756d4_thunk_FUN_140291ac
0x140758c8,FUN_140758c8,580,221,1,140758c8_FUN_140758c8
0x140759b8,FUN_140759b8,192,72,1,140759b8_FUN_140759b8
0x14075aec,FUN_14075aec,344,140,1,14075aec_FUN_14075aec
0x14075b28,FUN_14075b28,132,54,1,14075b28_FUN_14075b28
0x14075c1c,FUN_14075c1c,82,33,1,14075c1c_FUN_14075c1c
0x14075c6e,FUN_14075c6e,94,37,1,14075c6e_FUN_14075c6e
0x14075cf4,FUN_14075cf4,6,3,1,14075cf4_FUN_14075cf4
0x14075d70,FUN_14075d70,42,19,1,14075d70_FUN_14075d70
0x14076578,thunk_FUN_140bd248,4,1,1,14076578_thunk_FUN_140bd248
0x140765f4,FUN_140765f4,64,24,1,140765f4_FUN_140765f4
0x1407667c,FUN_1407667c,88,36,1,1407667c_FUN_1407667c
0x140767a8,FUN_140767a8,342,133,1,140767a8_FUN_140767a8
0x14076960,FUN_14076960,58,23,1,14076960_FUN_14076960
0x14076a2c,FUN_14076a2c,114,37,1,14076a2c_FUN_14076a2c
0x14076ab0,FUN_14076ab0,24,10,1,14076ab0_FUN_14076ab0
0x14076bf8,FUN_14076bf8,56,21,1,14076bf8_FUN_14076bf8
0x14076d24,FUN_14076d24,136,51,1,14076d24_FUN_14076d24
0x14076ea8,FUN_14076ea8,118,42,1,14076ea8_FUN_14076ea8
0x14076f28,FUN_14076f28,420,151,1,14076f28_FUN_14076f28
0x1407717c,FUN_1407717c,384,142,1,1407717c_FUN_1407717c
0x1407737c,FUN_1407737c,6,3,1,1407737c_FUN_1407737c
0x14077394,FUN_14077394,558,203,1,14077394_FUN_14077394
0x1407772c,FUN_1407772c,140,51,1,1407772c_FUN_1407772c
0x1407780c,FUN_1407780c,330,122,1,1407780c_FUN_1407780c
0x140779a8,FUN_140779a8,54,21,1,140779a8_FUN_140779a8
0x140779e0,FUN_140779e0,54,22,1,140779e0_FUN_140779e0
0x14077a18,FUN_14077a18,88,37,1,14077a18_FUN_14077a18
0x14077a84,FUN_14077a84,178,66,1,14077a84_FUN_14077a84
0x14077b14,FUN_14077b14,1456,526,1,14077b14_FUN_14077b14
0x14078274,FUN_14078274,180,69,1,14078274_FUN_14078274
0x14078370,FUN_14078370,218,83,1,14078370_FUN_14078370
0x14078458,FUN_14078458,50,16,1,14078458_FUN_14078458
0x1407848c,FUN_1407848c,208,76,1,1407848c_FUN_1407848c
0x1407858c,FUN_1407858c,234,87,1,1407858c_FUN_1407858c
0x140786b4,FUN_140786b4,42,16,1,140786b4_FUN_140786b4
0x14078778,FUN_14078778,2408,842,1,14078778_FUN_14078778
0x14079348,FUN_14079348,244,97,1,14079348_FUN_14079348
0x1407950c,FUN_1407950c,470,185,1,1407950c_FUN_1407950c
0x140799c8,FUN_140799c8,128,49,1,140799c8_FUN_140799c8
0x14079a64,FUN_14079a64,6,3,1,14079a64_FUN_14079a64
0x14079a70,FUN_14079a70,36,14,1,14079a70_FUN_14079a70
0x14079a94,FUN_14079a94,20,7,1,14079a94_FUN_14079a94
0x14079aa8,FUN_14079aa8,40,14,1,14079aa8_FUN_14079aa8
0x14079ebc,FUN_14079ebc,76,29,1,14079ebc_FUN_14079ebc
0x14079f18,FUN_14079f18,200,74,1,14079f18_FUN_14079f18
0x1407a1dc,FUN_1407a1dc,36,16,1,1407a1dc_FUN_1407a1dc
0x1407a230,FUN_1407a230,88,44,1,1407a230_FUN_1407a230
0x1407a318,FUN_1407a318,32,13,1,1407a318_FUN_1407a318
0x1407a3d0,FUN_1407a3d0,272,121,1,1407a3d0_FUN_1407a3d0
0x1407a6bc,FUN_1407a6bc,88,42,1,1407a6bc_FUN_1407a6bc
0x1407a718,FUN_1407a718,468,206,1,1407a718_FUN_1407a718
0x1407a934,FUN_1407a934,198,80,1,1407a934_FUN_1407a934
0x1407b1a0,FUN_1407b1a0,90,41,1,1407b1a0_FUN_1407b1a0
0x1407b214,FUN_1407b214,494,203,1,1407b214_FUN_1407b214
0x1407b428,FUN_1407b428,292,116,1,1407b428_FUN_1407b428
0x1407b560,FUN_1407b560,476,182,1,1407b560_FUN_1407b560
0x1407b748,FUN_1407b748,412,158,1,1407b748_FUN_1407b748
0x1407b908,FUN_1407b908,668,247,1,1407b908_FUN_1407b908
0x1407bbc4,FUN_1407bbc4,342,134,1,1407bbc4_FUN_1407bbc4
0x1407bd34,FUN_1407bd34,338,129,1,1407bd34_FUN_1407bd34
0x1407c0ac,FUN_1407c0ac,240,104,1,1407c0ac_FUN_1407c0ac
0x1407c1b4,FUN_1407c1b4,86,29,1,1407c1b4_FUN_1407c1b4
0x1407c220,FUN_1407c220,144,58,1,1407c220_FUN_1407c220
0x1407c2c8,FUN_1407c2c8,40,16,1,1407c2c8_FUN_1407c2c8
0x1407c404,FUN_1407c404,464,204,1,1407c404_FUN_1407c404
0x1407c698,FUN_1407c698,84,39,1,1407c698_FUN_1407c698
0x1407c6ec,FUN_1407c6ec,296,112,1,1407c6ec_FUN_1407c6ec
0x1407c988,FUN_1407c988,1028,397,1,1407c988_FUN_1407c988
0x1407de10,FUN_1407de10,588,203,1,1407de10_FUN_1407de10
0x1407eb80,FUN_1407eb80,88,40,1,1407eb80_FUN_1407eb80
0x1407ebe8,FUN_1407ebe8,74,30,1,1407ebe8_FUN_1407ebe8
0x1407ec34,FUN_1407ec34,98,42,1,1407ec34_FUN_1407ec34
0x1407ed0c,FUN_1407ed0c,50,20,1,1407ed0c_FUN_1407ed0c
0x1407edac,FUN_1407edac,58,23,1,1407edac_FUN_1407edac
0x1407ef88,FUN_1407ef88,122,47,1,1407ef88_FUN_1407ef88
0x1407f01c,FUN_1407f01c,128,53,1,1407f01c_FUN_1407f01c
0x1407f60c,FUN_1407f60c,572,237,1,1407f60c_FUN_1407f60c
0x1407f720,FUN_1407f720,6,2,1,1407f720_FUN_1407f720
0x1407f728,FUN_1407f728,14,6,1,1407f728_FUN_1407f728
0x1407f764,FUN_1407f764,82,34,1,1407f764_FUN_1407f764
0x1407f7c0,FUN_1407f7c0,68,30,1,1407f7c0_FUN_1407f7c0
0x1407f80c,FUN_1407f80c,70,27,1,1407f80c_FUN_1407f80c
0x1407f854,FUN_1407f854,152,60,1,1407f854_FUN_1407f854
0x1407f8ec,FUN_1407f8ec,174,67,1,1407f8ec_FUN_1407f8ec
0x1407f99c,FUN_1407f99c,130,53,1,1407f99c_FUN_1407f99c
0x1407fa20,FUN_1407fa20,702,265,1,1407fa20_FUN_1407fa20
0x140816a4,thunk_FUN_14087954,4,1,1,140816a4_thunk_FUN_14087954
0x140817a0,FUN_140817a0,240,100,1,140817a0_FUN_140817a0
0x140817e4,FUN_140817e4,24,8,1,140817e4_FUN_140817e4
0x140817fc,FUN_140817fc,26,10,1,140817fc_FUN_140817fc
0x1408182c,FUN_1408182c,170,74,1,1408182c_FUN_1408182c
0x14081900,FUN_14081900,54,19,1,14081900_FUN_14081900
0x14081960,FUN_14081960,116,48,1,14081960_FUN_14081960
0x140819f8,FUN_140819f8,12,5,1,140819f8_FUN_140819f8
0x14081a04,FUN_14081a04,104,43,1,14081a04_FUN_14081a04
0x14081a84,FUN_14081a84,164,69,1,14081a84_FUN_14081a84
0x14081b48,FUN_14081b48,164,69,1,14081b48_FUN_14081b48
0x14081c0c,FUN_14081c0c,134,53,1,14081c0c_FUN_14081c0c
0x14081cb4,FUN_14081cb4,166,68,1,14081cb4_FUN_14081cb4
0x14081d78,FUN_14081d78,64,27,1,14081d78_FUN_14081d78
0x14081dcc,FUN_14081dcc,150,63,1,14081dcc_FUN_14081dcc
0x14081e88,FUN_14081e88,166,68,1,14081e88_FUN_14081e88
0x14081f4c,FUN_14081f4c,40,14,1,14081f4c_FUN_14081f4c
0x14081f74,FUN_14081f74,116,49,1,14081f74_FUN_14081f74
0x1408201c,FUN_1408201c,62,24,1,1408201c_FUN_1408201c
0x14082098,FUN_14082098,384,127,1,14082098_FUN_14082098
0x1408223c,FUN_1408223c,128,43,1,1408223c_FUN_1408223c
0x14082394,FUN_14082394,12,4,1,14082394_FUN_14082394
0x14082488,FUN_14082488,138,51,1,14082488_FUN_14082488
0x140825e8,FUN_140825e8,200,79,1,140825e8_FUN_140825e8
0x140826f4,FUN_140826f4,28,11,1,140826f4_FUN_140826f4
0x140829a8,FUN_140829a8,30,13,1,140829a8_FUN_140829a8
0x14082c1c,FUN_14082c1c,44,17,1,14082c1c_FUN_14082c1c
0x14082d9c,FUN_14082d9c,208,87,1,14082d9c_FUN_14082d9c
0x14083258,FUN_14083258,56,22,1,14083258_FUN_14083258
0x14083294,FUN_14083294,52,22,1,14083294_FUN_14083294
0x140832c8,FUN_140832c8,104,38,1,140832c8_FUN_140832c8
0x140834b4,FUN_140834b4,88,36,1,140834b4_FUN_140834b4
0x14083664,FUN_14083664,86,35,1,14083664_FUN_14083664
0x140836dc,FUN_140836dc,362,138,1,140836dc_FUN_140836dc
0x140839b8,FUN_140839b8,2114,753,1,140839b8_FUN_140839b8
0x14084c28,FUN_14084c28,80,33,1,14084c28_FUN_14084c28
0x14084c78,FUN_14084c78,250,99,1,14084c78_FUN_14084c78
0x14084d98,FUN_14084d98,122,47,1,14084d98_FUN_14084d98
0x14084e28,FUN_14084e28,84,36,1,14084e28_FUN_14084e28
0x14084e94,FUN_14084e94,104,42,1,14084e94_FUN_14084e94
0x14085398,FUN_14085398,12,4,1,14085398_FUN_14085398
0x140853a8,FUN_140853a8,14,6,1,140853a8_FUN_140853a8
0x14085ad0,FUN_14085ad0,88,32,1,14085ad0_FUN_14085ad0
0x14085c08,FUN_14085c08,58,25,1,14085c08_FUN_14085c08
0x14085c48,FUN_14085c48,76,33,1,14085c48_FUN_14085c48
0x14085ca4,FUN_14085ca4,38,16,1,14085ca4_FUN_14085ca4
0x14085cd4,FUN_14085cd4,166,69,1,14085cd4_FUN_14085cd4
0x14085da0,FUN_14085da0,70,27,1,14085da0_FUN_14085da0
0x14085e30,FUN_14085e30,56,25,1,14085e30_FUN_14085e30
0x14085e6c,FUN_14085e6c,944,369,1,14085e6c_FUN_14085e6c
0x14086168,FUN_14086168,38,16,1,14086168_FUN_14086168
0x14086190,FUN_14086190,8,4,1,14086190_FUN_14086190
0x140862b4,FUN_140862b4,18,7,1,140862b4_FUN_140862b4
0x140862d4,FUN_140862d4,82,28,1,140862d4_FUN_140862d4
0x1408632c,FUN_1408632c,82,28,1,1408632c_FUN_1408632c
0x14086384,FUN_14086384,24,10,1,14086384_FUN_14086384
0x140863ac,FUN_140863ac,12,4,1,140863ac_FUN_140863ac
0x140863bc,FUN_140863bc,10,5,1,140863bc_FUN_140863bc
0x140863cc,FUN_140863cc,14,6,1,140863cc_FUN_140863cc
0x140863fc,FUN_140863fc,6,3,1,140863fc_FUN_140863fc
0x14086408,FUN_14086408,16,6,1,14086408_FUN_14086408
0x140864e4,FUN_140864e4,154,65,1,140864e4_FUN_140864e4
0x14086600,FUN_14086600,6,3,1,14086600_FUN_14086600
0x14086624,FUN_14086624,176,71,1,14086624_FUN_14086624
0x140866dc,FUN_140866dc,158,70,1,140866dc_FUN_140866dc
0x14086798,FUN_14086798,6,3,1,14086798_FUN_14086798
0x140870ec,FUN_140870ec,52,21,1,140870ec_FUN_140870ec
0x14087134,FUN_14087134,6,3,1,14087134_FUN_14087134
0x14087140,FUN_14087140,92,31,1,14087140_FUN_14087140
0x1408719c,FUN_1408719c,16,7,1,1408719c_FUN_1408719c
0x14087274,FUN_14087274,62,27,1,14087274_FUN_14087274
0x140872b4,FUN_140872b4,282,91,1,140872b4_FUN_140872b4
0x140873d0,FUN_140873d0,222,85,1,140873d0_FUN_140873d0
0x140874f4,FUN_140874f4,62,24,1,140874f4_FUN_140874f4
0x1408755c,FUN_1408755c,54,23,1,1408755c_FUN_1408755c
0x14087594,FUN_14087594,54,23,1,14087594_FUN_14087594
0x14087648,FUN_14087648,66,28,1,14087648_FUN_14087648
0x140876c4,FUN_140876c4,82,30,1,140876c4_FUN_140876c4
0x14087718,FUN_14087718,116,47,1,14087718_FUN_14087718
0x14087914,FUN_14087914,16,7,1,14087914_FUN_14087914
0x14087954,FUN_14087954,88,37,1,14087954_FUN_14087954
0x140879e0,FUN_140879e0,236,94,1,140879e0_FUN_140879e0
0x14087b38,FUN_14087b38,46,18,1,14087b38_FUN_14087b38
0x14087b68,FUN_14087b68,92,34,1,14087b68_FUN_14087b68
0x14087c44,FUN_14087c44,60,26,1,14087c44_FUN_14087c44
0x14087c80,FUN_14087c80,24,9,1,14087c80_FUN_14087c80
0x14087d04,FUN_14087d04,44,19,1,14087d04_FUN_14087d04
0x14088808,FUN_14088808,102,33,1,14088808_FUN_14088808
0x14088870,FUN_14088870,300,108,1,14088870_FUN_14088870
0x140889ac,FUN_140889ac,122,49,1,140889ac_FUN_140889ac
0x14088a34,FUN_14088a34,346,139,1,14088a34_FUN_14088a34
0x14088cf8,FUN_14088cf8,72,29,1,14088cf8_FUN_14088cf8
0x14089af8,FUN_14089af8,44,18,1,14089af8_FUN_14089af8
0x1408a624,FUN_1408a624,232,89,1,1408a624_FUN_1408a624
0x1408a70c,FUN_1408a70c,56,26,1,1408a70c_FUN_1408a70c
0x1408a760,FUN_1408a760,52,22,1,1408a760_FUN_1408a760
0x1408a798,FUN_1408a798,58,24,1,1408a798_FUN_1408a798
0x1408a7dc,FUN_1408a7dc,46,19,1,1408a7dc_FUN_1408a7dc
0x1408a810,FUN_1408a810,12,4,1,1408a810_FUN_1408a810
0x1408a820,FUN_1408a820,386,147,1,1408a820_FUN_1408a820
0x1408a8dc,FUN_1408a8dc,118,54,1,1408a8dc_FUN_1408a8dc
0x1408a9c8,FUN_1408a9c8,56,24,1,1408a9c8_FUN_1408a9c8
0x1408aa84,FUN_1408aa84,28,10,1,1408aa84_FUN_1408aa84
0x1408aaa0,FUN_1408aaa0,32,13,1,1408aaa0_FUN_1408aaa0
0x1408aac4,FUN_1408aac4,110,42,1,1408aac4_FUN_1408aac4
0x1408ab6c,FUN_1408ab6c,150,61,1,1408ab6c_FUN_1408ab6c
0x1408ac24,FUN_1408ac24,172,65,1,1408ac24_FUN_1408ac24
0x1408acf0,FUN_1408acf0,32,13,1,1408acf0_FUN_1408acf0
0x1408ad10,FUN_1408ad10,58,21,1,1408ad10_FUN_1408ad10
0x1408ad70,FUN_1408ad70,36,15,1,1408ad70_FUN_1408ad70
0x1408ad94,FUN_1408ad94,48,20,1,1408ad94_FUN_1408ad94
0x1408adc8,FUN_1408adc8,84,34,1,1408adc8_FUN_1408adc8
0x1408ae80,FUN_1408ae80,444,165,1,1408ae80_FUN_1408ae80
0x1408b24c,FUN_1408b24c,8,3,1,1408b24c_FUN_1408b24c
0x1408b254,FUN_1408b254,154,61,1,1408b254_FUN_1408b254
0x1408b2fc,FUN_1408b2fc,70,27,1,1408b2fc_FUN_1408b2fc
0x1408b348,FUN_1408b348,80,33,1,1408b348_FUN_1408b348
0x1408b3a4,FUN_1408b3a4,90,33,1,1408b3a4_FUN_1408b3a4
0x1408b59c,FUN_1408b59c,24,10,1,1408b59c_FUN_1408b59c
0x1408b72c,FUN_1408b72c,114,48,1,1408b72c_FUN_1408b72c
0x1408b85c,FUN_1408b85c,118,45,1,1408b85c_FUN_1408b85c
0x1408bac4,FUN_1408bac4,60,23,1,1408bac4_FUN_1408bac4
0x1408bd9c,FUN_1408bd9c,108,40,1,1408bd9c_FUN_1408bd9c
0x1408c3a0,FUN_1408c3a0,252,92,1,1408c3a0_FUN_1408c3a0
0x1408c4e0,FUN_1408c4e0,32,14,1,1408c4e0_FUN_1408c4e0
0x1408c5a4,FUN_1408c5a4,70,28,1,1408c5a4_FUN_1408c5a4
0x1408c8cc,FUN_1408c8cc,386,146,1,1408c8cc_FUN_1408c8cc
0x1408cabc,FUN_1408cabc,98,39,1,1408cabc_FUN_1408cabc
0x1408cb68,FUN_1408cb68,34,13,1,1408cb68_FUN_1408cb68
0x1408ce00,FUN_1408ce00,24,10,1,1408ce00_FUN_1408ce00
0x1408d010,FUN_1408d010,68,26,1,1408d010_FUN_1408d010
0x1408d274,FUN_1408d274,248,93,1,1408d274_FUN_1408d274
0x1408d4f4,FUN_1408d4f4,296,113,1,1408d4f4_FUN_1408d4f4
0x1408d6a8,FUN_1408d6a8,204,79,1,1408d6a8_FUN_1408d6a8
0x1408d858,FUN_1408d858,620,222,1,1408d858_FUN_1408d858
0x1408db0c,FUN_1408db0c,88,36,1,1408db0c_FUN_1408db0c
0x1408dba0,FUN_1408dba0,70,29,1,1408dba0_FUN_1408dba0
0x1408dc68,FUN_1408dc68,88,39,1,1408dc68_FUN_1408dc68
0x1408dd18,FUN_1408dd18,6,3,1,1408dd18_FUN_1408dd18
0x1408dd28,FUN_1408dd28,6,3,1,1408dd28_FUN_1408dd28
0x1408df8c,FUN_1408df8c,536,200,1,1408df8c_FUN_1408df8c
0x1408e3f8,FUN_1408e3f8,26,12,1,1408e3f8_FUN_1408e3f8
0x1408e414,FUN_1408e414,26,11,1,1408e414_FUN_1408e414
0x1408e430,FUN_1408e430,54,21,1,1408e430_FUN_1408e430
0x1408e4a8,FUN_1408e4a8,56,22,1,1408e4a8_FUN_1408e4a8
0x1408e4e0,FUN_1408e4e0,26,11,1,1408e4e0_FUN_1408e4e0
0x1408e504,FUN_1408e504,44,19,1,1408e504_FUN_1408e504
0x1408e540,FUN_1408e540,156,62,1,1408e540_FUN_1408e540
0x1408e628,FUN_1408e628,174,66,1,1408e628_FUN_1408e628
0x1408e820,FUN_1408e820,232,93,1,1408e820_FUN_1408e820
0x1408e93c,FUN_1408e93c,276,103,1,1408e93c_FUN_1408e93c
0x1408ecd4,FUN_1408ecd4,128,53,1,1408ecd4_FUN_1408ecd4
0x1408ee58,FUN_1408ee58,80,26,1,1408ee58_FUN_1408ee58
0x1408eea8,FUN_1408eea8,26,11,1,1408eea8_FUN_1408eea8
0x1408ef64,FUN_1408ef64,12,4,1,1408ef64_FUN_1408ef64
0x1408ef74,FUN_1408ef74,142,63,1,1408ef74_FUN_1408ef74
0x1408f394,FUN_1408f394,280,107,1,1408f394_FUN_1408f394
0x1408f6a0,FUN_1408f6a0,166,68,1,1408f6a0_FUN_1408f6a0
0x1409073c,FUN_1409073c,188,74,1,1409073c_FUN_1409073c
0x14090744,FUN_14090744,28,11,1,14090744_FUN_14090744
0x140908b4,FUN_140908b4,64,25,1,140908b4_FUN_140908b4
0x14090cc4,FUN_14090cc4,210,82,1,14090cc4_FUN_14090cc4
0x140923e0,FUN_140923e0,10,5,1,140923e0_FUN_140923e0
0x140923f0,FUN_140923f0,12,5,1,140923f0_FUN_140923f0
0x14092480,FUN_14092480,18,8,1,14092480_FUN_14092480
0x1409249c,FUN_1409249c,34,14,1,1409249c_FUN_1409249c
0x140924c0,FUN_140924c0,34,14,1,140924c0_FUN_140924c0
0x14092520,FUN_14092520,306,127,1,14092520_FUN_14092520
0x1409265c,FUN_1409265c,18,8,1,1409265c_FUN_1409265c
0x140926a4,thunk_FUN_14086190,4,1,1,140926a4_thunk_FUN_14086190
0x140926a8,FUN_140926a8,2,1,1,140926a8_FUN_140926a8
0x140926ac,FUN_140926ac,22,6,1,140926ac_FUN_140926ac
0x140926c8,thunk_FUN_140863fc,4,1,1,140926c8_thunk_FUN_140863fc
0x140926cc,FUN_140926cc,6,3,1,140926cc_FUN_140926cc
0x140926e0,FUN_140926e0,16,8,1,140926e0_FUN_140926e0
0x140926f8,thunk_FUN_14086408,4,1,1,140926f8_thunk_FUN_14086408
0x14092758,FUN_14092758,86,38,1,14092758_FUN_14092758
0x14092f94,FUN_14092f94,8,3,1,14092f94_FUN_14092f94
0x14092f9c,FUN_14092f9c,4,2,1,14092f9c_FUN_14092f9c
0x14093000,FUN_14093000,8,3,1,14093000_FUN_14093000
0x14093008,FUN_14093008,44,17,1,14093008_FUN_14093008
0x14093034,FUN_14093034,24,10,1,14093034_FUN_14093034
0x14093064,FUN_14093064,26,12,1,14093064_FUN_14093064
0x1409315c,FUN_1409315c,52,21,1,1409315c_FUN_1409315c
0x14093198,FUN_14093198,40,14,1,14093198_FUN_14093198
0x140931fc,FUN_140931fc,168,70,1,140931fc_FUN_140931fc
0x14093294,FUN_14093294,20,8,1,14093294_FUN_14093294
0x140932dc,FUN_140932dc,120,46,1,140932dc_FUN_140932dc
0x14093354,FUN_14093354,6,3,1,14093354_FUN_14093354
0x14093360,FUN_14093360,6,3,1,14093360_FUN_14093360
0x1409336c,FUN_1409336c,102,38,1,1409336c_FUN_1409336c
0x140933d8,FUN_140933d8,522,192,1,140933d8_FUN_140933d8
0x14093420,FUN_14093420,50,21,1,14093420_FUN_14093420
0x1409408c,FUN_1409408c,140,50,1,1409408c_FUN_1409408c
0x140941f8,FUN_140941f8,38,18,1,140941f8_FUN_140941f8
0x1409428c,FUN_1409428c,84,30,1,1409428c_FUN_1409428c
0x14094340,FUN_14094340,32,11,1,14094340_FUN_14094340
0x14094360,FUN_14094360,152,51,1,14094360_FUN_14094360
0x14094620,FUN_14094620,222,70,1,14094620_FUN_14094620
0x14094704,FUN_14094704,126,41,1,14094704_FUN_14094704
0x14094ab4,FUN_14094ab4,40,15,1,14094ab4_FUN_14094ab4
0x14094ae8,FUN_14094ae8,112,41,1,14094ae8_FUN_14094ae8
0x14094bac,FUN_14094bac,116,50,1,14094bac_FUN_14094bac
0x14094d18,FUN_14094d18,4,2,1,14094d18_FUN_14094d18
0x14094d1c,FUN_14094d1c,4,2,1,14094d1c_FUN_14094d1c
0x14094d20,FUN_14094d20,46,20,1,14094d20_FUN_14094d20
0x14094e74,FUN_14094e74,18,7,1,14094e74_FUN_14094e74
0x14094ea8,FUN_14094ea8,18,7,1,14094ea8_FUN_14094ea8
0x14094f14,FUN_14094f14,24,10,1,14094f14_FUN_14094f14
0x14094f7c,FUN_14094f7c,4,2,1,14094f7c_FUN_14094f7c
0x14094f84,FUN_14094f84,60,25,1,14094f84_FUN_14094f84
0x14094fe4,FUN_14094fe4,34,14,1,14094fe4_FUN_14094fe4
0x14095008,FUN_14095008,30,11,1,14095008_FUN_14095008
0x14095028,FUN_14095028,30,13,1,14095028_FUN_14095028
0x14095050,FUN_14095050,34,15,1,14095050_FUN_14095050
0x14095080,FUN_14095080,30,13,1,14095080_FUN_14095080
0x140950ac,thunk_FUN_14086600,4,1,1,140950ac_thunk_FUN_14086600
0x140950b4,FUN_140950b4,8,3,1,140950b4_FUN_140950b4
0x140950e4,FUN_140950e4,32,12,1,140950e4_FUN_140950e4
0x14095100,FUN_14095100,36,14,1,14095100_FUN_14095100
0x140951c8,FUN_140951c8,94,43,1,140951c8_FUN_140951c8
0x140952cc,FUN_140952cc,30,11,1,140952cc_FUN_140952cc
0x140952ec,FUN_140952ec,54,20,1,140952ec_FUN_140952ec
0x14095328,FUN_14095328,12,5,1,14095328_FUN_14095328
0x14095334,FUN_14095334,22,10,1,14095334_FUN_14095334
0x140953f8,FUN_140953f8,136,52,1,140953f8_FUN_140953f8
0x1409549c,FUN_1409549c,108,45,1,1409549c_FUN_1409549c
0x14095520,FUN_14095520,48,19,1,14095520_FUN_14095520
0x14095558,FUN_14095558,70,28,1,14095558_FUN_14095558
0x140955b4,FUN_140955b4,12,5,1,140955b4_FUN_140955b4
0x140955c0,FUN_140955c0,12,5,1,140955c0_FUN_140955c0
0x140955cc,FUN_140955cc,52,20,1,140955cc_FUN_140955cc
0x1409561c,FUN_1409561c,14,5,1,1409561c_FUN_1409561c
0x14095630,FUN_14095630,14,5,1,14095630_FUN_14095630
0x14095644,FUN_14095644,4,2,1,14095644_FUN_14095644
0x1409565c,FUN_1409565c,6,2,1,1409565c_FUN_1409565c
0x1409566c,FUN_1409566c,86,31,1,1409566c_FUN_1409566c
0x140956f8,FUN_140956f8,72,30,1,140956f8_FUN_140956f8
0x14095748,FUN_14095748,46,19,1,14095748_FUN_14095748
0x1409579c,FUN_1409579c,4,2,1,1409579c_FUN_1409579c
0x140957a0,FUN_140957a0,8,3,1,140957a0_FUN_140957a0
0x140957a8,FUN_140957a8,6,3,1,140957a8_FUN_140957a8
0x140957e0,FUN_140957e0,34,13,1,140957e0_FUN_140957e0
0x14095848,FUN_14095848,8,3,1,14095848_FUN_14095848
0x140958e4,FUN_140958e4,20,8,1,140958e4_FUN_140958e4
0x14095968,thunk_FUN_14086798,4,1,1,14095968_thunk_FUN_14086798
0x1409596c,FUN_1409596c,32,11,1,1409596c_FUN_1409596c
0x1409598c,FUN_1409598c,14,7,1,1409598c_FUN_1409598c
0x1409599c,FUN_1409599c,4,2,1,1409599c_FUN_1409599c
0x140959a4,FUN_140959a4,20,9,1,140959a4_FUN_140959a4
0x140959c4,FUN_140959c4,8,3,1,140959c4_FUN_140959c4
0x140959cc,FUN_140959cc,6,2,1,140959cc_FUN_140959cc
0x140959dc,FUN_140959dc,6,2,1,140959dc_FUN_140959dc
0x140959e4,FUN_140959e4,102,40,1,140959e4_FUN_140959e4
0x14095ab4,FUN_14095ab4,34,14,1,14095ab4_FUN_14095ab4
0x14095ad8,FUN_14095ad8,20,8,1,14095ad8_FUN_14095ad8
0x14095b5c,FUN_14095b5c,16,7,1,14095b5c_FUN_14095b5c
0x14095d38,FUN_14095d38,20,8,1,14095d38_FUN_14095d38
0x14095d50,FUN_14095d50,30,11,1,14095d50_FUN_14095d50
0x14095d70,FUN_14095d70,42,16,1,14095d70_FUN_14095d70
0x14095d9c,FUN_14095d9c,26,10,1,14095d9c_FUN_14095d9c
0x14095db8,FUN_14095db8,84,35,1,14095db8_FUN_14095db8
0x14095e0c,FUN_14095e0c,4,2,1,14095e0c_FUN_14095e0c
0x14095e10,FUN_14095e10,2,1,1,14095e10_FUN_14095e10
0x14095e14,FUN_14095e14,2,1,1,14095e14_FUN_14095e14
0x14095e18,FUN_14095e18,58,24,1,14095e18_FUN_14095e18
0x14096b44,thunk_FUN_140863fc,4,1,1,14096b44_thunk_FUN_140863fc
0x14096b4c,FUN_14096b4c,46,19,1,14096b4c_FUN_14096b4c
0x14096bb4,FUN_14096bb4,88,33,1,14096bb4_FUN_14096bb4
0x14096c50,FUN_14096c50,42,16,1,14096c50_FUN_14096c50
0x14096c7c,FUN_14096c7c,26,11,1,14096c7c_FUN_14096c7c
0x14096cb4,thunk_FUN_14087134,4,1,1,14096cb4_thunk_FUN_14087134
0x14096cb8,FUN_14096cb8,18,7,1,14096cb8_FUN_14096cb8
0x14096d18,FUN_14096d18,18,6,1,14096d18_FUN_14096d18
0x14096d2c,FUN_14096d2c,16,5,1,14096d2c_FUN_14096d2c
0x14096d3c,FUN_14096d3c,10,4,1,14096d3c_FUN_14096d3c
0x14096d48,FUN_14096d48,46,18,1,14096d48_FUN_14096d48
0x14096d78,FUN_14096d78,136,46,1,14096d78_FUN_14096d78
0x14096e04,FUN_14096e04,12,4,1,14096e04_FUN_14096e04
0x14096e14,FUN_14096e14,120,50,1,14096e14_FUN_14096e14
0x14097610,FUN_14097610,58,24,1,14097610_FUN_14097610
0x14097db0,FUN_14097db0,6,2,1,14097db0_FUN_14097db0
0x14097db8,FUN_14097db8,46,19,1,14097db8_FUN_14097db8
0x14097df0,FUN_14097df0,40,16,1,14097df0_FUN_14097df0
0x14097ebc,FUN_14097ebc,42,12,1,14097ebc_FUN_14097ebc
0x14097ee8,FUN_14097ee8,42,12,1,14097ee8_FUN_14097ee8
0x14097f14,FUN_14097f14,42,12,1,14097f14_FUN_14097f14
0x14097f40,FUN_14097f40,42,12,1,14097f40_FUN_14097f40
0x14097f8c,FUN_14097f8c,22,8,1,14097f8c_FUN_14097f8c
0x14097fac,FUN_14097fac,22,8,1,14097fac_FUN_14097fac
0x14097fcc,FUN_14097fcc,44,17,1,14097fcc_FUN_14097fcc
0x14098034,FUN_14098034,52,21,1,14098034_FUN_14098034
0x14098188,FUN_14098188,72,31,1,14098188_FUN_14098188
0x14098190,FUN_14098190,76,30,1,14098190_FUN_14098190
0x140982f4,FUN_140982f4,42,16,1,140982f4_FUN_140982f4
0x14098328,FUN_14098328,14,6,1,14098328_FUN_14098328
0x14098338,FUN_14098338,50,21,1,14098338_FUN_14098338
0x14098380,FUN_14098380,22,10,1,14098380_FUN_14098380
0x140983c4,FUN_140983c4,24,9,1,140983c4_FUN_140983c4
0x140983e4,FUN_140983e4,10,5,1,140983e4_FUN_140983e4
0x140984b0,FUN_140984b0,4,2,1,140984b0_FUN_140984b0
0x140984b4,FUN_140984b4,150,55,1,140984b4_FUN_140984b4
0x14098558,FUN_14098558,142,61,1,14098558_FUN_14098558
0x140985ec,FUN_140985ec,398,150,1,140985ec_FUN_140985ec
0x140987fc,FUN_140987fc,114,49,1,140987fc_FUN_140987fc
0x1409888c,FUN_1409888c,6,3,1,1409888c_FUN_1409888c
0x14098898,FUN_14098898,164,61,1,14098898_FUN_14098898
0x1409895c,FUN_1409895c,656,239,1,1409895c_FUN_1409895c
0x14098c34,FUN_14098c34,626,218,1,14098c34_FUN_14098c34
0x14099b3c,FUN_14099b3c,60,20,1,14099b3c_FUN_14099b3c
0x14099e78,FUN_14099e78,6,3,1,14099e78_FUN_14099e78
0x14099e84,FUN_14099e84,6,3,1,14099e84_FUN_14099e84
0x1409a190,FUN_1409a190,78,34,1,1409a190_FUN_1409a190
0x1409a4c0,FUN_1409a4c0,114,44,1,1409a4c0_FUN_1409a4c0
0x1409a4c8,FUN_1409a4c8,168,60,1,1409a4c8_FUN_1409a4c8
0x1409a604,FUN_1409a604,6,3,1,1409a604_FUN_1409a604
0x1409b000,FUN_1409b000,48,19,1,1409b000_FUN_1409b000
0x1409b044,FUN_1409b044,2,1,1,1409b044_FUN_1409b044
0x1409b088,FUN_1409b088,36,17,1,1409b088_FUN_1409b088
0x1409b360,FUN_1409b360,6,3,1,1409b360_FUN_1409b360
0x1409b36c,FUN_1409b36c,6,3,1,1409b36c_FUN_1409b36c
0x1409b3c4,FUN_1409b3c4,10,5,1,1409b3c4_FUN_1409b3c4
0x1409b480,FUN_1409b480,256,109,1,1409b480_FUN_1409b480
0x1409b5d8,FUN_1409b5d8,92,39,1,1409b5d8_FUN_1409b5d8
0x1409bb4c,FUN_1409bb4c,60,24,1,1409bb4c_FUN_1409bb4c
0x1409bb98,FUN_1409bb98,250,94,1,1409bb98_FUN_1409bb98
0x1409c428,FUN_1409c428,6,3,1,1409c428_FUN_1409c428
0x1409cfbc,FUN_1409cfbc,78,34,1,1409cfbc_FUN_1409cfbc
0x1409d184,FUN_1409d184,318,126,1,1409d184_FUN_1409d184
0x1409d304,FUN_1409d304,326,129,1,1409d304_FUN_1409d304
0x1409d30c,FUN_1409d30c,2,1,1,1409d30c_FUN_1409d30c
0x1409d310,FUN_1409d310,60,26,1,1409d310_FUN_1409d310
0x1409d4bc,FUN_1409d4bc,38,14,1,1409d4bc_FUN_1409d4bc
0x1409d4f0,FUN_1409d4f0,8,4,1,1409d4f0_FUN_1409d4f0
0x1409d518,FUN_1409d518,142,61,1,1409d518_FUN_1409d518
0x1409d5c8,FUN_1409d5c8,260,111,1,1409d5c8_FUN_1409d5c8
0x1409d6e4,FUN_1409d6e4,38,13,1,1409d6e4_FUN_1409d6e4
0x1409d6f8,FUN_1409d6f8,36,16,1,1409d6f8_FUN_1409d6f8
0x1409d758,thunk_FUN_140a9b8c,4,1,1,1409d758_thunk_FUN_140a9b8c
0x1409d75c,FUN_1409d75c,192,84,1,1409d75c_FUN_1409d75c
0x1409d948,FUN_1409d948,554,223,1,1409d948_FUN_1409d948
0x1409dbc8,FUN_1409dbc8,4,2,1,1409dbc8_FUN_1409dbc8
0x1409dbd0,FUN_1409dbd0,14,7,1,1409dbd0_FUN_1409dbd0
0x1409dc00,FUN_1409dc00,12,6,1,1409dc00_FUN_1409dc00
0x1409dc10,FUN_1409dc10,60,21,1,1409dc10_FUN_1409dc10
0x1409dc50,FUN_1409dc50,80,34,1,1409dc50_FUN_1409dc50
0x1409dd84,FUN_1409dd84,94,43,1,1409dd84_FUN_1409dd84
0x1409de08,FUN_1409de08,62,28,1,1409de08_FUN_1409de08
0x1409de5c,FUN_1409de5c,18,8,1,1409de5c_FUN_1409de5c
0x1409de74,FUN_1409de74,62,27,1,1409de74_FUN_1409de74
0x1409dec8,FUN_1409dec8,86,34,1,1409dec8_FUN_1409dec8
0x1409df38,FUN_1409df38,602,250,1,1409df38_FUN_1409df38
0x1409e1ec,FUN_1409e1ec,450,189,1,1409e1ec_FUN_1409e1ec
0x1409e400,FUN_1409e400,380,159,1,1409e400_FUN_1409e400
0x1409e5b8,FUN_1409e5b8,68,27,1,1409e5b8_FUN_1409e5b8
0x1409e604,FUN_1409e604,8,3,1,1409e604_FUN_1409e604
0x1409e610,FUN_1409e610,46,21,1,1409e610_FUN_1409e610
0x1409e644,FUN_1409e644,6,3,1,1409e644_FUN_1409e644
0x1409e650,FUN_1409e650,18,9,1,1409e650_FUN_1409e650
0x1409e6a8,FUN_1409e6a8,14,7,1,1409e6a8_FUN_1409e6a8
0x1409e6bc,FUN_1409e6bc,18,9,1,1409e6bc_FUN_1409e6bc
0x1409e6d4,FUN_1409e6d4,14,7,1,1409e6d4_FUN_1409e6d4
0x1409e794,FUN_1409e794,32,13,1,1409e794_FUN_1409e794
0x1409e7c0,FUN_1409e7c0,30,12,1,1409e7c0_FUN_1409e7c0
0x1409e7e0,FUN_1409e7e0,98,41,1,1409e7e0_FUN_1409e7e0
0x1409e854,FUN_1409e854,24,9,1,1409e854_FUN_1409e854
0x1409e86c,FUN_1409e86c,8,3,1,1409e86c_FUN_1409e86c
0x1409e874,FUN_1409e874,20,8,1,1409e874_FUN_1409e874
0x1409e888,FUN_1409e888,48,22,1,1409e888_FUN_1409e888
0x1409e894,FUN_1409e894,174,78,1,1409e894_FUN_1409e894
0x1409e908,thunk_FUN_140b4ef4,4,1,1,1409e908_thunk_FUN_140b4ef4
0x1409e90c,FUN_1409e90c,18,8,1,1409e90c_FUN_1409e90c
0x1409e924,FUN_1409e924,8,3,1,1409e924_FUN_1409e924
0x1409e930,FUN_1409e930,116,48,1,1409e930_FUN_1409e930
0x1409e9ac,FUN_1409e9ac,90,34,1,1409e9ac_FUN_1409e9ac
0x1409eb54,FUN_1409eb54,114,47,1,1409eb54_FUN_1409eb54
0x1409ebdc,FUN_1409ebdc,192,77,1,1409ebdc_FUN_1409ebdc
0x1409ecc4,FUN_1409ecc4,262,105,1,1409ecc4_FUN_1409ecc4
0x1409edf8,FUN_1409edf8,26,11,1,1409edf8_FUN_1409edf8
0x1409ee1c,FUN_1409ee1c,26,11,1,1409ee1c_FUN_1409ee1c
0x1409ee40,FUN_1409ee40,80,36,1,1409ee40_FUN_1409ee40
0x1409eea8,FUN_1409eea8,280,100,1,1409eea8_FUN_1409eea8
0x1409f124,FUN_1409f124,28,13,1,1409f124_FUN_1409f124
0x1409f14c,FUN_1409f14c,356,133,1,1409f14c_FUN_1409f14c
0x1409f3bc,FUN_1409f3bc,78,25,1,1409f3bc_FUN_1409f3bc
0x1409f410,FUN_1409f410,70,26,1,1409f410_FUN_1409f410
0x1409f464,FUN_1409f464,6,3,1,1409f464_FUN_1409f464
0x1409f470,FUN_1409f470,32,11,1,1409f470_FUN_1409f470
0x1409f494,FUN_1409f494,90,35,1,1409f494_FUN_1409f494
0x1409f4f4,FUN_1409f4f4,336,127,1,1409f4f4_FUN_1409f4f4
0x1409f860,FUN_1409f860,90,32,1,1409f860_FUN_1409f860
0x1409f8c0,FUN_1409f8c0,218,81,1,1409f8c0_FUN_1409f8c0
0x1409fa6c,FUN_1409fa6c,66,26,1,1409fa6c_FUN_1409fa6c
0x1409fca4,FUN_1409fca4,156,61,1,1409fca4_FUN_1409fca4
0x1409fd44,FUN_1409fd44,198,82,1,1409fd44_FUN_1409fd44
0x1409fec8,FUN_1409fec8,112,43,1,1409fec8_FUN_1409fec8
0x1409ff40,FUN_1409ff40,108,34,1,1409ff40_FUN_1409ff40
0x1409ffb4,FUN_1409ffb4,40,17,1,1409ffb4_FUN_1409ffb4
0x1409ffe4,FUN_1409ffe4,52,20,1,1409ffe4_FUN_1409ffe4
0x140a001c,FUN_140a001c,44,17,1,140a001c_FUN_140a001c
0x140a004c,FUN_140a004c,92,30,1,140a004c_FUN_140a004c
0x140a01b8,FUN_140a01b8,82,27,1,140a01b8_FUN_140a01b8
0x140a0248,FUN_140a0248,72,23,1,140a0248_FUN_140a0248
0x140a02ec,FUN_140a02ec,12,5,1,140a02ec_FUN_140a02ec
0x140a034c,FUN_140a034c,254,106,1,140a034c_FUN_140a034c
0x140a047c,FUN_140a047c,74,28,1,140a047c_FUN_140a047c
0x140a04dc,FUN_140a04dc,68,28,1,140a04dc_FUN_140a04dc
0x140a0534,FUN_140a0534,1244,482,1,140a0534_FUN_140a0534
0x140a0af8,FUN_140a0af8,730,266,1,140a0af8_FUN_140a0af8
0x140a0e48,FUN_140a0e48,58,23,1,140a0e48_FUN_140a0e48
0x140a0e8c,FUN_140a0e8c,254,105,1,140a0e8c_FUN_140a0e8c
0x140a0ebc,FUN_140a0ebc,10,4,1,140a0ebc_FUN_140a0ebc
0x140a0ecc,FUN_140a0ecc,16,7,1,140a0ecc_FUN_140a0ecc
0x140a0ee0,FUN_140a0ee0,60,26,1,140a0ee0_FUN_140a0ee0
0x140a0f2c,FUN_140a0f2c,22,8,1,140a0f2c_FUN_140a0f2c
0x140a1128,FUN_140a1128,10,3,1,140a1128_FUN_140a1128
0x140a1134,FUN_140a1134,38,15,1,140a1134_FUN_140a1134
0x140a115c,FUN_140a115c,38,15,1,140a115c_FUN_140a115c
0x140a1184,FUN_140a1184,38,15,1,140a1184_FUN_140a1184
0x140a11ac,FUN_140a11ac,388,145,1,140a11ac_FUN_140a11ac
0x140a1548,FUN_140a1548,46,17,1,140a1548_FUN_140a1548
0x140a157c,FUN_140a157c,14,6,1,140a157c_FUN_140a157c
0x140a15a4,FUN_140a15a4,110,39,1,140a15a4_FUN_140a15a4
0x140a16e0,FUN_140a16e0,52,19,1,140a16e0_FUN_140a16e0
0x140a1718,FUN_140a1718,100,38,1,140a1718_FUN_140a1718
0x140a1780,FUN_140a1780,42,15,1,140a1780_FUN_140a1780
0x140a17ac,FUN_140a17ac,42,15,1,140a17ac_FUN_140a17ac
0x140a17d8,FUN_140a17d8,42,15,1,140a17d8_FUN_140a17d8
0x140a1804,FUN_140a1804,288,111,1,140a1804_FUN_140a1804
0x140a1958,FUN_140a1958,308,125,1,140a1958_FUN_140a1958
0x140a1ac8,FUN_140a1ac8,764,249,1,140a1ac8_FUN_140a1ac8
0x140a1dfc,FUN_140a1dfc,44,18,1,140a1dfc_FUN_140a1dfc
0x140a1e34,FUN_140a1e34,50,21,1,140a1e34_FUN_140a1e34
0x140a1f1c,FUN_140a1f1c,20,9,1,140a1f1c_FUN_140a1f1c
0x140a1f38,FUN_140a1f38,20,9,1,140a1f38_FUN_140a1f38
0x140a20f4,FUN_140a20f4,30,12,1,140a20f4_FUN_140a20f4
0x140a2118,FUN_140a2118,12,6,1,140a2118_FUN_140a2118
0x140a2138,thunk_FUN_140a15a4,4,1,1,140a2138_thunk_FUN_140a15a4
0x140a2224,FUN_140a2224,144,58,1,140a2224_FUN_140a2224
0x140a2254,FUN_140a2254,102,41,1,140a2254_FUN_140a2254
0x140a22dc,FUN_140a22dc,154,67,1,140a22dc_FUN_140a22dc
0x140a2394,FUN_140a2394,36,15,1,140a2394_FUN_140a2394
0x140a2434,FUN_140a2434,82,36,1,140a2434_FUN_140a2434
0x140a2494,FUN_140a2494,228,91,1,140a2494_FUN_140a2494
0x140a2588,FUN_140a2588,80,35,1,140a2588_FUN_140a2588
0x140a25e0,FUN_140a25e0,188,83,1,140a25e0_FUN_140a25e0
0x140a26a8,FUN_140a26a8,4,2,1,140a26a8_FUN_140a26a8
0x140a26ac,FUN_140a26ac,120,46,1,140a26ac_FUN_140a26ac
0x140a2734,FUN_140a2734,408,156,1,140a2734_FUN_140a2734
0x140a2a30,FUN_140a2a30,330,127,1,140a2a30_FUN_140a2a30
0x140a2b9c,FUN_140a2b9c,6,3,1,140a2b9c_FUN_140a2b9c
0x140a2bac,FUN_140a2bac,282,116,1,140a2bac_FUN_140a2bac
0x140a2ce8,FUN_140a2ce8,22,9,1,140a2ce8_FUN_140a2ce8
0x140a2d10,FUN_140a2d10,18,8,1,140a2d10_FUN_140a2d10
0x140a2d2c,FUN_140a2d2c,100,42,1,140a2d2c_FUN_140a2d2c
0x140a2db4,FUN_140a2db4,102,42,1,140a2db4_FUN_140a2db4
0x140a2e40,FUN_140a2e40,4,2,1,140a2e40_FUN_140a2e40
0x140a2e48,FUN_140a2e48,6,3,1,140a2e48_FUN_140a2e48
0x140a2e54,FUN_140a2e54,12,6,1,140a2e54_FUN_140a2e54
0x140a2e68,FUN_140a2e68,84,36,1,140a2e68_FUN_140a2e68
0x140a2edc,FUN_140a2edc,38,13,1,140a2edc_FUN_140a2edc
0x140a3268,FUN_140a3268,22,8,1,140a3268_FUN_140a3268
0x140a35e4,FUN_140a35e4,132,54,1,140a35e4_FUN_140a35e4
0x140a367c,FUN_140a367c,42,18,1,140a367c_FUN_140a367c
0x140a36bc,FUN_140a36bc,64,26,1,140a36bc_FUN_140a36bc
0x140a3730,FUN_140a3730,64,27,1,140a3730_FUN_140a3730
0x140a377c,FUN_140a377c,40,18,1,140a377c_FUN_140a377c
0x140a383c,FUN_140a383c,8,3,1,140a383c_FUN_140a383c
0x140a3848,FUN_140a3848,2,1,1,140a3848_FUN_140a3848
0x140a421c,FUN_140a421c,100,40,1,140a421c_FUN_140a421c
0x140a4460,FUN_140a4460,30,11,1,140a4460_FUN_140a4460
0x140a4524,FUN_140a4524,6,3,1,140a4524_FUN_140a4524
0x140a4648,FUN_140a4648,180,68,1,140a4648_FUN_140a4648
0x140a4838,FUN_140a4838,78,34,1,140a4838_FUN_140a4838
0x140a49fc,FUN_140a49fc,288,117,1,140a49fc_FUN_140a49fc
0x140a4a58,FUN_140a4a58,212,82,1,140a4a58_FUN_140a4a58
0x140a4b80,FUN_140a4b80,132,49,1,140a4b80_FUN_140a4b80
0x140a4c1c,FUN_140a4c1c,196,73,1,140a4c1c_FUN_140a4c1c
0x140a4cfc,FUN_140a4cfc,200,75,1,140a4cfc_FUN_140a4cfc
0x140a4de0,FUN_140a4de0,262,100,1,140a4de0_FUN_140a4de0
0x140a4f04,FUN_140a4f04,108,40,1,140a4f04_FUN_140a4f04
0x140a5058,FUN_140a5058,22,9,1,140a5058_FUN_140a5058
0x140a5088,FUN_140a5088,108,45,1,140a5088_FUN_140a5088
0x140a509c,FUN_140a509c,50,20,1,140a509c_FUN_140a509c
0x140a50a8,FUN_140a50a8,6,3,1,140a50a8_FUN_140a50a8
0x140a5484,FUN_140a5484,104,36,1,140a5484_FUN_140a5484
0x140a54f8,FUN_140a54f8,264,100,1,140a54f8_FUN_140a54f8
0x140a5748,FUN_140a5748,148,55,1,140a5748_FUN_140a5748
0x140a5904,FUN_140a5904,74,31,1,140a5904_FUN_140a5904
0x140a59ac,FUN_140a59ac,38,16,1,140a59ac_FUN_140a59ac
0x140a59e8,FUN_140a59e8,216,85,1,140a59e8_FUN_140a59e8
0x140a5a94,FUN_140a5a94,240,86,1,140a5a94_FUN_140a5a94
0x140a5bec,FUN_140a5bec,4,2,1,140a5bec_FUN_140a5bec
0x140a5bf0,FUN_140a5bf0,112,42,1,140a5bf0_FUN_140a5bf0
0x140a5c70,FUN_140a5c70,190,70,1,140a5c70_FUN_140a5c70
0x140a65cc,FUN_140a65cc,4,2,1,140a65cc_FUN_140a65cc
0x140a65d4,FUN_140a65d4,102,36,1,140a65d4_FUN_140a65d4
0x140a6640,FUN_140a6640,146,49,1,140a6640_FUN_140a6640
0x140a66dc,FUN_140a66dc,166,59,1,140a66dc_FUN_140a66dc
0x140a67a0,FUN_140a67a0,254,89,1,140a67a0_FUN_140a67a0
0x140a68c0,FUN_140a68c0,156,61,1,140a68c0_FUN_140a68c0
0x140a6978,FUN_140a6978,36,13,1,140a6978_FUN_140a6978
0x140a6a58,FUN_140a6a58,266,95,1,140a6a58_FUN_140a6a58
0x140a6b78,FUN_140a6b78,94,31,1,140a6b78_FUN_140a6b78
0x140a6bdc,FUN_140a6bdc,240,109,1,140a6bdc_FUN_140a6bdc
0x140a6ce8,FUN_140a6ce8,6,3,1,140a6ce8_FUN_140a6ce8
0x140a6cf4,FUN_140a6cf4,96,37,1,140a6cf4_FUN_140a6cf4
0x140a6d6c,FUN_140a6d6c,80,31,1,140a6d6c_FUN_140a6d6c
0x140a6dec,FUN_140a6dec,72,29,1,140a6dec_FUN_140a6dec
0x140a6e38,FUN_140a6e38,196,76,1,140a6e38_FUN_140a6e38
0x140a6f04,FUN_140a6f04,470,164,1,140a6f04_FUN_140a6f04
0x140a70f8,FUN_140a70f8,386,136,1,140a70f8_FUN_140a70f8
0x140a7470,FUN_140a7470,4,2,1,140a7470_FUN_140a7470
0x140a7474,FUN_140a7474,4,2,1,140a7474_FUN_140a7474
0x140a7478,FUN_140a7478,4,2,1,140a7478_FUN_140a7478
0x140a747c,FUN_140a747c,4,2,1,140a747c_FUN_140a747c
0x140a7480,FUN_140a7480,94,37,1,140a7480_FUN_140a7480
0x140a7648,FUN_140a7648,4,2,1,140a7648_FUN_140a7648
0x140a764c,FUN_140a764c,2,1,1,140a764c_FUN_140a764c
0x140a7650,FUN_140a7650,46,18,1,140a7650_FUN_140a7650
0x140a7de0,FUN_140a7de0,96,40,1,140a7de0_FUN_140a7de0
0x140a8590,FUN_140a8590,84,34,1,140a8590_FUN_140a8590
0x140a8600,FUN_140a8600,450,172,1,140a8600_FUN_140a8600
0x140a97e4,FUN_140a97e4,46,21,1,140a97e4_FUN_140a97e4
0x140a999c,FUN_140a999c,38,13,1,140a999c_FUN_140a999c
0x140a99c8,FUN_140a99c8,38,13,1,140a99c8_FUN_140a99c8
0x140a99f4,FUN_140a99f4,38,13,1,140a99f4_FUN_140a99f4
0x140a9a20,FUN_140a9a20,42,15,1,140a9a20_FUN_140a9a20
0x140a9a8c,FUN_140a9a8c,78,27,1,140a9a8c_FUN_140a9a8c
0x140a9af8,FUN_140a9af8,128,39,1,140a9af8_FUN_140a9af8
0x140a9b8c,FUN_140a9b8c,80,33,1,140a9b8c_FUN_140a9b8c
0x140a9d40,FUN_140a9d40,72,27,1,140a9d40_FUN_140a9d40
0x140a9f8c,FUN_140a9f8c,98,32,1,140a9f8c_FUN_140a9f8c
0x140aa054,FUN_140aa054,108,40,1,140aa054_FUN_140aa054
0x140aa0c8,FUN_140aa0c8,88,31,1,140aa0c8_FUN_140aa0c8
0x140aa124,FUN_140aa124,58,21,1,140aa124_FUN_140aa124
0x140aa254,FUN_140aa254,12,5,1,140aa254_FUN_140aa254
0x140abc90,FUN_140abc90,468,162,1,140abc90_FUN_140abc90
0x140abf28,FUN_140abf28,204,79,1,140abf28_FUN_140abf28
0x140acc18,FUN_140acc18,70,27,1,140acc18_FUN_140acc18
0x140ad8bc,FUN_140ad8bc,10,5,1,140ad8bc_FUN_140ad8bc
0x140ad8cc,FUN_140ad8cc,34,16,1,140ad8cc_FUN_140ad8cc
0x140ad978,FUN_140ad978,36,16,1,140ad978_FUN_140ad978
0x140ad9b8,FUN_140ad9b8,354,128,1,140ad9b8_FUN_140ad9b8
0x140add9c,FUN_140add9c,66,29,1,140add9c_FUN_140add9c
0x140ade54,FUN_140ade54,66,29,1,140ade54_FUN_140ade54
0x140adea0,FUN_140adea0,8,3,1,140adea0_FUN_140adea0
0x140adeac,FUN_140adeac,360,136,1,140adeac_FUN_140adeac
0x140adf04,FUN_140adf04,4,2,1,140adf04_FUN_140adf04
0x140adf30,FUN_140adf30,278,101,1,140adf30_FUN_140adf30
0x140ae07c,FUN_140ae07c,150,57,1,140ae07c_FUN_140ae07c
0x140ae13c,FUN_140ae13c,274,107,1,140ae13c_FUN_140ae13c
0x140ae280,FUN_140ae280,174,65,1,140ae280_FUN_140ae280
0x140ae3b4,FUN_140ae3b4,100,36,1,140ae3b4_FUN_140ae3b4
0x140ae420,FUN_140ae420,132,44,1,140ae420_FUN_140ae420
0x140ae4ac,FUN_140ae4ac,36,16,1,140ae4ac_FUN_140ae4ac
0x140ae4dc,FUN_140ae4dc,14,5,1,140ae4dc_FUN_140ae4dc
0x140ae4f4,FUN_140ae4f4,180,67,1,140ae4f4_FUN_140ae4f4
0x140ae5b4,FUN_140ae5b4,154,57,1,140ae5b4_FUN_140ae5b4
0x140ae6f4,FUN_140ae6f4,130,48,1,140ae6f4_FUN_140ae6f4
0x140ae784,FUN_140ae784,72,28,1,140ae784_FUN_140ae784
0x140ae7d8,FUN_140ae7d8,12,4,1,140ae7d8_FUN_140ae7d8
0x140ae7e4,FUN_140ae7e4,116,45,1,140ae7e4_FUN_140ae7e4
0x140ae858,FUN_140ae858,64,22,1,140ae858_FUN_140ae858
0x140ae89c,FUN_140ae89c,28,10,1,140ae89c_FUN_140ae89c
0x140ae8b8,FUN_140ae8b8,6,2,1,140ae8b8_FUN_140ae8b8
0x140ae8c0,FUN_140ae8c0,198,77,1,140ae8c0_FUN_140ae8c0
0x140ae8f8,FUN_140ae8f8,228,83,1,140ae8f8_FUN_140ae8f8
0x140ae9ec,FUN_140ae9ec,112,44,1,140ae9ec_FUN_140ae9ec
0x140aea74,FUN_140aea74,224,84,1,140aea74_FUN_140aea74
0x140aed5c,FUN_140aed5c,206,82,1,140aed5c_FUN_140aed5c
0x140aee5c,FUN_140aee5c,6,3,1,140aee5c_FUN_140aee5c
0x140aee68,FUN_140aee68,222,81,1,140aee68_FUN_140aee68
0x140af300,FUN_140af300,6,3,1,140af300_FUN_140af300
0x140af3fc,FUN_140af3fc,20,10,1,140af3fc_FUN_140af3fc
0x140af414,FUN_140af414,200,76,1,140af414_FUN_140af414
0x140af4fc,FUN_140af4fc,244,87,1,140af4fc_FUN_140af4fc
0x140af908,FUN_140af908,356,132,1,140af908_FUN_140af908
0x140afb5c,FUN_140afb5c,26,9,1,140afb5c_FUN_140afb5c
0x140afb78,FUN_140afb78,142,56,1,140afb78_FUN_140afb78
0x140afc24,FUN_140afc24,6,2,1,140afc24_FUN_140afc24
0x140afd14,FUN_140afd14,26,9,1,140afd14_FUN_140afd14
0x140afd4c,FUN_140afd4c,82,31,1,140afd4c_FUN_140afd4c
0x140afda4,FUN_140afda4,200,79,1,140afda4_FUN_140afda4
0x140afed4,FUN_140afed4,2600,982,1,140afed4_FUN_140afed4
0x140b06dc,FUN_140b06dc,26,9,1,140b06dc_FUN_140b06dc
0x140b06f8,FUN_140b06f8,26,9,1,140b06f8_FUN_140b06f8
0x140b0714,FUN_140b0714,96,32,1,140b0714_FUN_140b0714
0x140b0778,FUN_140b0778,102,36,1,140b0778_FUN_140b0778
0x140b0904,FUN_140b0904,6,2,1,140b0904_FUN_140b0904
0x140b0910,FUN_140b0910,70,27,1,140b0910_FUN_140b0910
0x140b0b64,FUN_140b0b64,126,46,1,140b0b64_FUN_140b0b64
0x140b0bf8,FUN_140b0bf8,30,14,1,140b0bf8_FUN_140b0bf8
0x140b103c,FUN_140b103c,36,16,1,140b103c_FUN_140b103c
0x140b1528,FUN_140b1528,6,3,1,140b1528_FUN_140b1528
0x140b1afc,FUN_140b1afc,6,3,1,140b1afc_FUN_140b1afc
0x140b1f3c,FUN_140b1f3c,198,81,1,140b1f3c_FUN_140b1f3c
0x140b201c,FUN_140b201c,44,18,1,140b201c_FUN_140b201c
0x140b206c,FUN_140b206c,18,7,1,140b206c_FUN_140b206c
0x140b2080,FUN_140b2080,18,7,1,140b2080_FUN_140b2080
0x140b2094,FUN_140b2094,136,56,1,140b2094_FUN_140b2094
0x140b20d4,FUN_140b20d4,146,56,1,140b20d4_FUN_140b20d4
0x140b2178,FUN_140b2178,16,7,1,140b2178_FUN_140b2178
0x140b293c,FUN_140b293c,156,64,1,140b293c_FUN_140b293c
0x140b2b08,FUN_140b2b08,128,46,1,140b2b08_FUN_140b2b08
0x140b2cf4,FUN_140b2cf4,148,56,1,140b2cf4_FUN_140b2cf4
0x140b2e6c,FUN_140b2e6c,362,136,1,140b2e6c_FUN_140b2e6c
0x140b337c,FUN_140b337c,14,6,1,140b337c_FUN_140b337c
0x140b35fc,FUN_140b35fc,192,68,1,140b35fc_FUN_140b35fc
0x140b36d0,FUN_140b36d0,80,32,1,140b36d0_FUN_140b36d0
0x140b3734,FUN_140b3734,16,6,1,140b3734_FUN_140b3734
0x140b3748,FUN_140b3748,72,29,1,140b3748_FUN_140b3748
0x140b37b0,FUN_140b37b0,40,16,1,140b37b0_FUN_140b37b0
0x140b3838,FUN_140b3838,40,14,1,140b3838_FUN_140b3838
0x140b38c4,FUN_140b38c4,48,18,1,140b38c4_FUN_140b38c4
0x140b38e4,FUN_140b38e4,2,1,1,140b38e4_FUN_140b38e4
0x140b38e8,FUN_140b38e8,1004,351,1,140b38e8_FUN_140b38e8
0x140b3d94,FUN_140b3d94,134,51,1,140b3d94_FUN_140b3d94
0x140b3e3c,FUN_140b3e3c,84,33,1,140b3e3c_FUN_140b3e3c
0x140b4210,FUN_140b4210,74,30,1,140b4210_FUN_140b4210
0x140b42ac,FUN_140b42ac,100,40,1,140b42ac_FUN_140b42ac
0x140b4344,FUN_140b4344,558,199,1,140b4344_FUN_140b4344
0x140b46e8,FUN_140b46e8,286,107,1,140b46e8_FUN_140b46e8
0x140b4844,FUN_140b4844,170,62,1,140b4844_FUN_140b4844
0x140b490c,FUN_140b490c,122,46,1,140b490c_FUN_140b490c
0x140b49a4,FUN_140b49a4,40,14,1,140b49a4_FUN_140b49a4
0x140b4a50,FUN_140b4a50,246,102,1,140b4a50_FUN_140b4a50
0x140b4b6c,FUN_140b4b6c,82,36,1,140b4b6c_FUN_140b4b6c
0x140b4be0,FUN_140b4be0,20,8,1,140b4be0_FUN_140b4be0
0x140b4bf8,FUN_140b4bf8,6,3,1,140b4bf8_FUN_140b4bf8
0x140b4c04,FUN_140b4c04,66,31,1,140b4c04_FUN_140b4c04
0x140b4c54,FUN_140b4c54,10,4,1,140b4c54_FUN_140b4c54
0x140b4c68,FUN_140b4c68,46,21,1,140b4c68_FUN_140b4c68
0x140b4ca8,FUN_140b4ca8,46,20,1,140b4ca8_FUN_140b4ca8
0x140b4ce4,FUN_140b4ce4,98,43,1,140b4ce4_FUN_140b4ce4
0x140b4d50,FUN_140b4d50,22,9,1,140b4d50_FUN_140b4d50
0x140b4d70,FUN_140b4d70,16,7,1,140b4d70_FUN_140b4d70
0x140b4d88,FUN_140b4d88,22,10,1,140b4d88_FUN_140b4d88
0x140b4da8,FUN_140b4da8,22,10,1,140b4da8_FUN_140b4da8
0x140b4e20,FUN_140b4e20,98,44,1,140b4e20_FUN_140b4e20
0x140b4e9c,FUN_140b4e9c,74,32,1,140b4e9c_FUN_140b4e9c
0x140b4ef4,FUN_140b4ef4,104,48,1,140b4ef4_FUN_140b4ef4
0x140b4f64,FUN_140b4f64,80,37,1,140b4f64_FUN_140b4f64
0x140b4ff0,FUN_140b4ff0,16,7,1,140b4ff0_FUN_140b4ff0
0x140b5008,FUN_140b5008,16,7,1,140b5008_FUN_140b5008
0x140b5020,FUN_140b5020,16,7,1,140b5020_FUN_140b5020
0x140b5038,FUN_140b5038,16,7,1,140b5038_FUN_140b5038
0x140b5050,FUN_140b5050,48,22,1,140b5050_FUN_140b5050
0x140b50a8,FUN_140b50a8,32,13,1,140b50a8_FUN_140b50a8
0x140b50ec,FUN_140b50ec,50,21,1,140b50ec_FUN_140b50ec
0x140b567c,FUN_140b567c,168,69,1,140b567c_FUN_140b567c
0x140b6044,FUN_140b6044,60,26,1,140b6044_FUN_140b6044
0x140b6324,FUN_140b6324,838,312,1,140b6324_FUN_140b6324
0x140b666c,FUN_140b666c,398,146,1,140b666c_FUN_140b666c
0x140b6800,FUN_140b6800,280,102,1,140b6800_FUN_140b6800
0x140b6918,FUN_140b6918,1118,435,1,140b6918_FUN_140b6918
0x140b6d80,FUN_140b6d80,196,64,1,140b6d80_FUN_140b6d80
0x140b6e88,FUN_140b6e88,50,18,1,140b6e88_FUN_140b6e88
0x140b6fe0,FUN_140b6fe0,10,3,1,140b6fe0_FUN_140b6fe0
0x140b6fec,FUN_140b6fec,20,9,1,140b6fec_FUN_140b6fec
0x140b7008,FUN_140b7008,20,9,1,140b7008_FUN_140b7008
0x140b7024,FUN_140b7024,20,9,1,140b7024_FUN_140b7024
0x140b7044,FUN_140b7044,20,9,1,140b7044_FUN_140b7044
0x140b7058,FUN_140b7058,20,9,1,140b7058_FUN_140b7058
0x140b706c,FUN_140b706c,50,18,1,140b706c_FUN_140b706c
0x140b707c,FUN_140b707c,20,9,1,140b707c_FUN_140b707c
0x140b70a0,FUN_140b70a0,20,9,1,140b70a0_FUN_140b70a0
0x140b70b4,FUN_140b70b4,2874,1051,1,140b70b4_FUN_140b70b4
0x140b7c10,FUN_140b7c10,108,43,1,140b7c10_FUN_140b7c10
0x140b7cf0,FUN_140b7cf0,18,7,1,140b7cf0_FUN_140b7cf0
0x140b7d04,FUN_140b7d04,18,7,1,140b7d04_FUN_140b7d04
0x140b7d18,FUN_140b7d18,18,7,1,140b7d18_FUN_140b7d18
0x140b7d40,FUN_140b7d40,276,95,1,140b7d40_FUN_140b7d40
0x140b8070,FUN_140b8070,3320,1214,1,140b8070_FUN_140b8070
0x140b9300,FUN_140b9300,198,81,1,140b9300_FUN_140b9300
0x140b93f8,FUN_140b93f8,42,18,1,140b93f8_FUN_140b93f8
0x140b9444,FUN_140b9444,62,26,1,140b9444_FUN_140b9444
0x140b94c4,FUN_140b94c4,10,4,1,140b94c4_FUN_140b94c4
0x140b94f8,FUN_140b94f8,12,4,1,140b94f8_FUN_140b94f8
0x140b9528,FUN_140b9528,12,4,1,140b9528_FUN_140b9528
0x140b96d8,FUN_140b96d8,124,47,1,140b96d8_FUN_140b96d8
0x140b9760,FUN_140b9760,120,45,1,140b9760_FUN_140b9760
0x140b97dc,FUN_140b97dc,1196,454,1,140b97dc_FUN_140b97dc
0x140b9c98,FUN_140b9c98,14,6,1,140b9c98_FUN_140b9c98
0x140b9ca8,FUN_140b9ca8,3070,963,1,140b9ca8_FUN_140b9ca8
0x140bb2cc,thunk_FUN_140b94c4,4,1,1,140bb2cc_thunk_FUN_140b94c4
0x140bb9b4,FUN_140bb9b4,446,135,1,140bb9b4_FUN_140bb9b4
0x140bbb94,FUN_140bbb94,2132,563,1,140bbb94_FUN_140bbb94
0x140bc43c,FUN_140bc43c,54,22,1,140bc43c_FUN_140bc43c
0x140bc474,FUN_140bc474,416,146,1,140bc474_FUN_140bc474
0x140bc640,FUN_140bc640,34,14,1,140bc640_FUN_140bc640
0x140bcbd8,FUN_140bcbd8,30,12,1,140bcbd8_FUN_140bcbd8
0x140bccfc,FUN_140bccfc,34,13,1,140bccfc_FUN_140bccfc
0x140bce28,FUN_140bce28,20,7,1,140bce28_FUN_140bce28
0x140bce3c,FUN_140bce3c,26,12,1,140bce3c_FUN_140bce3c
0x140bce58,FUN_140bce58,66,28,1,140bce58_FUN_140bce58
0x140bcf00,FUN_140bcf00,50,17,1,140bcf00_FUN_140bcf00
0x140bcf34,FUN_140bcf34,64,23,1,140bcf34_FUN_140bcf34
0x140bcfc8,FUN_140bcfc8,142,64,1,140bcfc8_FUN_140bcfc8
0x140bd09c,FUN_140bd09c,6,3,1,140bd09c_FUN_140bd09c
0x140bd0a8,FUN_140bd0a8,8,4,1,140bd0a8_FUN_140bd0a8
0x140bd0b4,FUN_140bd0b4,8,4,1,140bd0b4_FUN_140bd0b4
0x140bd0c0,FUN_140bd0c0,6,3,1,140bd0c0_FUN_140bd0c0
0x140bd0d8,FUN_140bd0d8,6,3,1,140bd0d8_FUN_140bd0d8
0x140bd0f0,FUN_140bd0f0,56,24,1,140bd0f0_FUN_140bd0f0
0x140bd188,FUN_140bd188,14,6,1,140bd188_FUN_140bd188
0x140bd248,FUN_140bd248,440,185,1,140bd248_FUN_140bd248
0x140bd528,FUN_140bd528,186,60,1,140bd528_FUN_140bd528
0x140bd5f0,FUN_140bd5f0,158,57,1,140bd5f0_FUN_140bd5f0
0x140bd690,FUN_140bd690,122,49,1,140bd690_FUN_140bd690
0x140bd718,FUN_140bd718,320,116,1,140bd718_FUN_140bd718
0x140bd860,FUN_140bd860,268,94,1,140bd860_FUN_140bd860
0x140bd978,FUN_140bd978,122,41,1,140bd978_FUN_140bd978
0x140bd9f8,FUN_140bd9f8,118,45,1,140bd9f8_FUN_140bd9f8
0x140bda74,FUN_140bda74,162,53,1,140bda74_FUN_140bda74
0x140bdb20,FUN_140bdb20,280,98,1,140bdb20_FUN_140bdb20
0x140bdc40,FUN_140bdc40,58,25,1,140bdc40_FUN_140bdc40
0x140bdc98,FUN_140bdc98,756,290,1,140bdc98_FUN_140bdc98
0x140bdfd0,FUN_140bdfd0,66,29,1,140bdfd0_FUN_140bdfd0
0x140be020,FUN_140be020,682,287,1,140be020_FUN_140be020
0x140be4ac,FUN_140be4ac,40,16,1,140be4ac_FUN_140be4ac
0x140be500,FUN_140be500,280,110,1,140be500_FUN_140be500
0x140be630,FUN_140be630,148,59,1,140be630_FUN_140be630
0x140be684,FUN_140be684,10,5,1,140be684_FUN_140be684
0x140be698,FUN_140be698,6,3,1,140be698_FUN_140be698
0x140be7cc,FUN_140be7cc,44,18,1,140be7cc_FUN_140be7cc
0x140be800,FUN_140be800,268,98,1,140be800_FUN_140be800
0x140be92c,FUN_140be92c,80,31,1,140be92c_FUN_140be92c
0x140be984,FUN_140be984,116,47,1,140be984_FUN_140be984
0x140bfe38,FUN_140bfe38,98,41,1,140bfe38_FUN_140bfe38
0x140bfefc,FUN_140bfefc,6,3,1,140bfefc_FUN_140bfefc
0x140bff16,FUN_140bff16,24,12,1,140bff16_FUN_140bff16
0x140bff2e,FUN_140bff2e,6,3,1,140bff2e_FUN_140bff2e
0x140bff34,FUN_140bff34,34,14,1,140bff34_FUN_140bff34
0x140bff58,FUN_140bff58,54,20,1,140bff58_FUN_140bff58
0x140bff94,FUN_140bff94,52,20,1,140bff94_FUN_140bff94
0x140c0288,FUN_140c0288,2,1,1,140c0288_FUN_140c0288
0x140c028a,FUN_140c028a,18,9,1,140c028a_FUN_140c028a
0x140c02b8,FUN_140c02b8,36,15,1,140c02b8_FUN_140c02b8
0x140c02cc,FUN_140c02cc,16,7,1,140c02cc_FUN_140c02cc
0x140c02e0,FUN_140c02e0,4,2,1,140c02e0_FUN_140c02e0
0x140c02e8,FUN_140c02e8,114,47,1,140c02e8_FUN_140c02e8
0x140c035a,FUN_140c035a,30,12,1,140c035a_FUN_140c035a
0x140c0378,FUN_140c0378,22,10,1,140c0378_FUN_140c0378
0x140c0394,FUN_140c0394,40,19,1,140c0394_FUN_140c0394
0x140c03c0,FUN_140c03c0,20,10,1,140c03c0_FUN_140c03c0
0x140c03d8,FUN_140c03d8,366,135,1,140c03d8_FUN_140c03d8
0x140c054c,FUN_140c054c,134,53,1,140c054c_FUN_140c054c
0x140c05dc,FUN_140c05dc,32,12,1,140c05dc_FUN_140c05dc
0x140c0600,FUN_140c0600,1362,496,1,140c0600_FUN_140c0600
0x140c0d50,FUN_140c0d50,48,20,1,140c0d50_FUN_140c0d50
0x140c0d60,FUN_140c0d60,44,20,1,140c0d60_FUN_140c0d60
0x140c0d94,FUN_140c0d94,120,48,1,140c0d94_FUN_140c0d94
0x140c0e1c,FUN_140c0e1c,120,48,1,140c0e1c_FUN_140c0e1c
0x140c0ed8,FUN_140c0ed8,28,13,1,140c0ed8_FUN_140c0ed8
0x140c0f0c,FUN_140c0f0c,124,48,1,140c0f0c_FUN_140c0f0c
0x140c0f9c,FUN_140c0f9c,124,48,1,140c0f9c_FUN_140c0f9c
0x140c1060,FUN_140c1060,28,13,1,140c1060_FUN_140c1060
0x140c1094,FUN_140c1094,56,22,1,140c1094_FUN_140c1094
0x140c10e4,FUN_140c10e4,56,22,1,140c10e4_FUN_140c10e4
0x140c1134,FUN_140c1134,56,22,1,140c1134_FUN_140c1134
0x140c1184,FUN_140c1184,56,22,1,140c1184_FUN_140c1184
0x140c11d4,FUN_140c11d4,120,48,1,140c11d4_FUN_140c11d4
0x140c125c,FUN_140c125c,120,48,1,140c125c_FUN_140c125c
0x140c1318,FUN_140c1318,28,13,1,140c1318_FUN_140c1318
0x140c134c,FUN_140c134c,124,48,1,140c134c_FUN_140c134c
0x140c13dc,FUN_140c13dc,124,48,1,140c13dc_FUN_140c13dc
0x140c14a0,FUN_140c14a0,28,13,1,140c14a0_FUN_140c14a0
0x140c14d4,FUN_140c14d4,130,56,1,140c14d4_FUN_140c14d4
0x140c15a4,FUN_140c15a4,132,52,1,140c15a4_FUN_140c15a4
0x140c1674,FUN_140c1674,48,19,1,140c1674_FUN_140c1674
0x140c16bc,FUN_140c16bc,48,19,1,140c16bc_FUN_140c16bc
0x140c1704,FUN_140c1704,130,56,1,140c1704_FUN_140c1704
0x140c17d4,FUN_140c17d4,132,52,1,140c17d4_FUN_140c17d4
0x140c1870,FUN_140c1870,28,13,1,140c1870_FUN_140c1870
0x140c18ce,FUN_140c18ce,222,93,1,140c18ce_FUN_140c18ce
0x140c1e10,FUN_140c1e10,36,16,1,140c1e10_FUN_140c1e10
0x140c1eac,FUN_140c1eac,48,19,1,140c1eac_FUN_140c1eac
0x140c1edc,FUN_140c1edc,26,12,1,140c1edc_FUN_140c1edc
0x140c2160,FUN_140c2160,16,7,1,140c2160_FUN_140c2160
0x140c2188,FUN_140c2188,16,7,1,140c2188_FUN_140c2188
0x140c21b0,FUN_140c21b0,16,7,1,140c21b0_FUN_140c21b0
0x140c21d8,FUN_140c21d8,692,264,1,140c21d8_FUN_140c21d8
0x140c254c,FUN_140c254c,42,18,1,140c254c_FUN_140c254c
0x140c2576,FUN_140c2576,58,23,1,140c2576_FUN_140c2576
0x140c25ca,FUN_140c25ca,66,28,1,140c25ca_FUN_140c25ca
0x140c260c,FUN_140c260c,66,28,1,140c260c_FUN_140c260c
0x140c264e,FUN_140c264e,66,28,1,140c264e_FUN_140c264e
0x140c2690,FUN_140c2690,66,28,1,140c2690_FUN_140c2690
0x140c26d2,FUN_140c26d2,66,28,1,140c26d2_FUN_140c26d2
0x140c2808,FUN_140c2808,66,28,1,140c2808_FUN_140c2808
0x140c284a,FUN_140c284a,66,28,1,140c284a_FUN_140c284a
0x140c288c,FUN_140c288c,66,28,1,140c288c_FUN_140c288c
0x140c28ce,FUN_140c28ce,66,28,1,140c28ce_FUN_140c28ce
0x140c2910,FUN_140c2910,66,28,1,140c2910_FUN_140c2910
0x140c2a2a,FUN_140c2a2a,26,13,1,140c2a2a_FUN_140c2a2a
0x140c2af4,FUN_140c2af4,24,9,1,140c2af4_FUN_140c2af4
0x140c2bd4,FUN_140c2bd4,24,9,1,140c2bd4_FUN_140c2bd4
0x140c2c04,FUN_140c2c04,24,9,1,140c2c04_FUN_140c2c04
0x140c2c34,FUN_140c2c34,24,9,1,140c2c34_FUN_140c2c34
0x140c2c64,FUN_140c2c64,24,9,1,140c2c64_FUN_140c2c64
0x140c2c94,FUN_140c2c94,24,9,1,140c2c94_FUN_140c2c94
0x140c2cc4,FUN_140c2cc4,24,9,1,140c2cc4_FUN_140c2cc4
0x140c2cf4,FUN_140c2cf4,24,9,1,140c2cf4_FUN_140c2cf4
0x140c2d24,FUN_140c2d24,24,9,1,140c2d24_FUN_140c2d24
0x140c2d54,FUN_140c2d54,24,9,1,140c2d54_FUN_140c2d54
0x140c2d82,FUN_140c2d82,14,7,1,140c2d82_FUN_140c2d82
0x140c2d90,FUN_140c2d90,122,44,1,140c2d90_FUN_140c2d90
0x140c2e0a,FUN_140c2e0a,118,44,1,140c2e0a_FUN_140c2e0a
0x140c2eac,FUN_140c2eac,170,63,1,140c2eac_FUN_140c2eac
0x140c2f56,FUN_140c2f56,170,63,1,140c2f56_FUN_140c2f56
0x140c3000,FUN_140c3000,170,63,1,140c3000_FUN_140c3000
0x140c30aa,FUN_140c30aa,170,63,1,140c30aa_FUN_140c30aa
0x140c3154,FUN_140c3154,40,17,1,140c3154_FUN_140c3154
0x140c317c,FUN_140c317c,40,17,1,140c317c_FUN_140c317c
0x140c31c0,FUN_140c31c0,180,67,1,140c31c0_FUN_140c31c0
0x140c3274,FUN_140c3274,180,67,1,140c3274_FUN_140c3274
0x140c3328,FUN_140c3328,954,384,1,140c3328_FUN_140c3328
0x140c37a8,FUN_140c37a8,30,12,1,140c37a8_FUN_140c37a8
0x140c37f6,FUN_140c37f6,62,24,1,140c37f6_FUN_140c37f6
0x140c391c,FUN_140c391c,36,16,1,140c391c_FUN_140c391c
0x140c39c0,FUN_140c39c0,66,27,1,140c39c0_FUN_140c39c0
0x140c3a04,FUN_140c3a04,146,49,1,140c3a04_FUN_140c3a04
0x140c3a9c,FUN_140c3a9c,30,12,1,140c3a9c_FUN_140c3a9c
0x140c3aea,FUN_140c3aea,62,24,1,140c3aea_FUN_140c3aea
0x140c3c0c,FUN_140c3c0c,36,16,1,140c3c0c_FUN_140c3c0c
0x140c3cb0,FUN_140c3cb0,66,27,1,140c3cb0_FUN_140c3cb0
0x140c3cf4,FUN_140c3cf4,146,49,1,140c3cf4_FUN_140c3cf4
0x140c3d8c,FUN_140c3d8c,16,7,1,140c3d8c_FUN_140c3d8c
0x140c3d9c,FUN_140c3d9c,28,12,1,140c3d9c_FUN_140c3d9c
0x140c3dbc,FUN_140c3dbc,28,11,1,140c3dbc_FUN_140c3dbc
0x140c3dd8,FUN_140c3dd8,26,12,1,140c3dd8_FUN_140c3dd8
0x140c3df2,FUN_140c3df2,24,11,1,140c3df2_FUN_140c3df2
0x140c3e0a,FUN_140c3e0a,24,11,1,140c3e0a_FUN_140c3e0a
0x140c3e22,FUN_140c3e22,34,14,1,140c3e22_FUN_140c3e22
0x140c3e44,FUN_140c3e44,10,4,1,140c3e44_FUN_140c3e44
0x140c3e50,FUN_140c3e50,52,21,1,140c3e50_FUN_140c3e50
0x140c3e88,FUN_140c3e88,42,17,1,140c3e88_FUN_140c3e88
0x140c3eb2,FUN_140c3eb2,30,13,1,140c3eb2_FUN_140c3eb2
0x140c3ed0,FUN_140c3ed0,18,9,1,140c3ed0_FUN_140c3ed0
0x140c3ee8,FUN_140c3ee8,88,35,1,140c3ee8_FUN_140c3ee8
0x140c3fc2,thunk_FUN_140db700,4,1,1,140c3fc2_thunk_FUN_140db700
0x140c3fc8,FUN_140c3fc8,24,11,1,140c3fc8_FUN_140c3fc8
0x140c3fe4,FUN_140c3fe4,20,9,1,140c3fe4_FUN_140c3fe4
0x140c3ff8,FUN_140c3ff8,40,16,1,140c3ff8_FUN_140c3ff8
0x140c4024,FUN_140c4024,146,55,1,140c4024_FUN_140c4024
0x140c40b8,FUN_140c40b8,42,17,1,140c40b8_FUN_140c40b8
0x140c40e8,FUN_140c40e8,18,7,1,140c40e8_FUN_140c40e8
0x140c40fa,FUN_140c40fa,12,5,1,140c40fa_FUN_140c40fa
0x140c4108,FUN_140c4108,42,18,1,140c4108_FUN_140c4108
0x140c4138,FUN_140c4138,52,22,1,140c4138_FUN_140c4138
0x140c4170,FUN_140c4170,36,15,1,140c4170_FUN_140c4170
0x140c4194,FUN_140c4194,34,15,1,140c4194_FUN_140c4194
0x140c41b8,FUN_140c41b8,110,45,1,140c41b8_FUN_140c41b8
0x140c422c,FUN_140c422c,22,8,1,140c422c_FUN_140c422c
0x140c4248,FUN_140c4248,50,20,1,140c4248_FUN_140c4248
0x140c427a,FUN_140c427a,62,24,1,140c427a_FUN_140c427a
0x140c42b8,FUN_140c42b8,76,30,1,140c42b8_FUN_140c42b8
0x140c4416,FUN_140c4416,60,24,1,140c4416_FUN_140c4416
0x140c4452,FUN_140c4452,22,9,1,140c4452_FUN_140c4452
0x140c4468,FUN_140c4468,24,11,1,140c4468_FUN_140c4468
0x140c4480,FUN_140c4480,76,28,1,140c4480_FUN_140c4480
0x140c44a4,FUN_140c44a4,26,11,1,140c44a4_FUN_140c44a4
0x140c4502,FUN_140c4502,16,7,1,140c4502_FUN_140c4502
0x140c4514,FUN_140c4514,28,12,1,140c4514_FUN_140c4514
0x140c4534,FUN_140c4534,28,11,1,140c4534_FUN_140c4534
0x140c4550,FUN_140c4550,28,12,1,140c4550_FUN_140c4550
0x140c456c,FUN_140c456c,24,11,1,140c456c_FUN_140c456c
0x140c4584,FUN_140c4584,24,11,1,140c4584_FUN_140c4584
0x140c45be,FUN_140c45be,12,5,1,140c45be_FUN_140c45be
0x140c45cc,FUN_140c45cc,54,21,1,140c45cc_FUN_140c45cc
0x140c4634,FUN_140c4634,20,9,1,140c4634_FUN_140c4634
0x140c464c,FUN_140c464c,84,34,1,140c464c_FUN_140c464c
0x140c4722,thunk_FUN_140db700,4,1,1,140c4722_thunk_FUN_140db700
0x140c4728,FUN_140c4728,24,11,1,140c4728_FUN_140c4728
0x140c4744,FUN_140c4744,20,9,1,140c4744_FUN_140c4744
0x140c4758,FUN_140c4758,150,55,1,140c4758_FUN_140c4758
0x140c4834,FUN_140c4834,42,18,1,140c4834_FUN_140c4834
0x140c4938,FUN_140c4938,22,8,1,140c4938_FUN_140c4938
0x140c4954,FUN_140c4954,50,20,1,140c4954_FUN_140c4954
0x140c4986,FUN_140c4986,62,24,1,140c4986_FUN_140c4986
0x140c49c4,FUN_140c49c4,78,30,1,140c49c4_FUN_140c49c4
0x140c4a14,FUN_140c4a14,112,43,1,140c4a14_FUN_140c4a14
0x140c4b62,FUN_140c4b62,22,9,1,140c4b62_FUN_140c4b62
0x140c4b78,FUN_140c4b78,24,11,1,140c4b78_FUN_140c4b78
0x140c4b90,FUN_140c4b90,76,29,1,140c4b90_FUN_140c4b90
0x140c4bb4,FUN_140c4bb4,28,11,1,140c4bb4_FUN_140c4bb4
0x140c4c20,FUN_140c4c20,36,14,1,140c4c20_FUN_140c4c20
0x140c4c84,FUN_140c4c84,28,11,1,140c4c84_FUN_140c4c84
0x140c4cba,FUN_140c4cba,72,29,1,140c4cba_FUN_140c4cba
0x140c4d04,FUN_140c4d04,36,16,1,140c4d04_FUN_140c4d04
0x140c4d2c,FUN_140c4d2c,76,30,1,140c4d2c_FUN_140c4d2c
0x140c4d90,FUN_140c4d90,32,15,1,140c4d90_FUN_140c4d90
0x140c4dc0,FUN_140c4dc0,32,15,1,140c4dc0_FUN_140c4dc0
0x140c4de0,FUN_140c4de0,298,131,1,140c4de0_FUN_140c4de0
0x140c4ef8,FUN_140c4ef8,74,25,1,140c4ef8_FUN_140c4ef8
0x140c4f42,FUN_140c4f42,42,19,1,140c4f42_FUN_140c4f42
0x140c4f6c,FUN_140c4f6c,42,19,1,140c4f6c_FUN_140c4f6c
0x140c5038,FUN_140c5038,108,38,1,140c5038_FUN_140c5038
0x140c5270,FUN_140c5270,16,7,1,140c5270_FUN_140c5270
0x140c5298,FUN_140c5298,16,7,1,140c5298_FUN_140c5298
0x140c52c0,FUN_140c52c0,16,7,1,140c52c0_FUN_140c52c0
0x140c52e8,FUN_140c52e8,24,9,1,140c52e8_FUN_140c52e8
0x140c5318,FUN_140c5318,24,9,1,140c5318_FUN_140c5318
0x140c5346,FUN_140c5346,20,9,1,140c5346_FUN_140c5346
0x140c535a,FUN_140c535a,20,8,1,140c535a_FUN_140c535a
0x140c53d8,FUN_140c53d8,56,24,1,140c53d8_FUN_140c53d8
0x140c5418,FUN_140c5418,18,7,1,140c5418_FUN_140c5418
0x140c542c,FUN_140c542c,94,31,1,140c542c_FUN_140c542c
0x140c5494,FUN_140c5494,34,15,1,140c5494_FUN_140c5494
0x140c54c0,FUN_140c54c0,106,43,1,140c54c0_FUN_140c54c0
0x140c5530,FUN_140c5530,6,3,1,140c5530_FUN_140c5530
0x140c5536,FUN_140c5536,34,15,1,140c5536_FUN_140c5536
0x140c5558,FUN_140c5558,62,28,1,140c5558_FUN_140c5558
0x140c5596,FUN_140c5596,32,14,1,140c5596_FUN_140c5596
0x140c55b6,FUN_140c55b6,6,3,1,140c55b6_FUN_140c55b6
0x140c55bc,FUN_140c55bc,6,3,1,140c55bc_FUN_140c55bc
0x140c55c2,FUN_140c55c2,14,7,1,140c55c2_FUN_140c55c2
0x140c55d0,FUN_140c55d0,14,7,1,140c55d0_FUN_140c55d0
0x140c55de,FUN_140c55de,14,7,1,140c55de_FUN_140c55de
0x140c55ec,FUN_140c55ec,14,7,1,140c55ec_FUN_140c55ec
0x140c55fa,FUN_140c55fa,6,3,1,140c55fa_FUN_140c55fa
0x140c5600,FUN_140c5600,10,5,1,140c5600_FUN_140c5600
0x140c560a,FUN_140c560a,10,5,1,140c560a_FUN_140c560a
0x140c5614,FUN_140c5614,6,3,1,140c5614_FUN_140c5614
0x140c561a,FUN_140c561a,6,3,1,140c561a_FUN_140c561a
0x140c5620,FUN_140c5620,14,7,1,140c5620_FUN_140c5620
0x140c562e,FUN_140c562e,14,7,1,140c562e_FUN_140c562e
0x140c563c,FUN_140c563c,14,7,1,140c563c_FUN_140c563c
0x140c564a,FUN_140c564a,14,7,1,140c564a_FUN_140c564a
0x140c5658,FUN_140c5658,6,3,1,140c5658_FUN_140c5658
0x140c565e,FUN_140c565e,10,5,1,140c565e_FUN_140c565e
0x140c5668,FUN_140c5668,10,5,1,140c5668_FUN_140c5668
0x140c5672,FUN_140c5672,62,26,1,140c5672_FUN_140c5672
0x140c56b0,FUN_140c56b0,62,26,1,140c56b0_FUN_140c56b0
0x140c56ee,FUN_140c56ee,44,18,1,140c56ee_FUN_140c56ee
0x140c571a,FUN_140c571a,48,20,1,140c571a_FUN_140c571a
0x140c574a,FUN_140c574a,6,3,1,140c574a_FUN_140c574a
0x140c5750,FUN_140c5750,6,3,1,140c5750_FUN_140c5750
0x140c5756,FUN_140c5756,14,7,1,140c5756_FUN_140c5756
0x140c5764,FUN_140c5764,14,7,1,140c5764_FUN_140c5764
0x140c5772,FUN_140c5772,14,7,1,140c5772_FUN_140c5772
0x140c5786,FUN_140c5786,56,24,1,140c5786_FUN_140c5786
0x140c57be,FUN_140c57be,56,24,1,140c57be_FUN_140c57be
0x140c57f6,FUN_140c57f6,56,24,1,140c57f6_FUN_140c57f6
0x140c582e,FUN_140c582e,56,24,1,140c582e_FUN_140c582e
0x140c5866,FUN_140c5866,56,24,1,140c5866_FUN_140c5866
0x140c58a0,FUN_140c58a0,26,12,1,140c58a0_FUN_140c58a0
0x140c58c0,FUN_140c58c0,6,3,1,140c58c0_FUN_140c58c0
0x140c58c6,FUN_140c58c6,24,12,1,140c58c6_FUN_140c58c6
0x140c5900,FUN_140c5900,52,20,1,140c5900_FUN_140c5900
0x140c5934,FUN_140c5934,556,216,1,140c5934_FUN_140c5934
0x140c5ee0,FUN_140c5ee0,30,13,1,140c5ee0_FUN_140c5ee0
0x140c5efe,FUN_140c5efe,36,16,1,140c5efe_FUN_140c5efe
0x140c5f22,FUN_140c5f22,14,5,1,140c5f22_FUN_140c5f22
0x140c5f30,FUN_140c5f30,186,70,1,140c5f30_FUN_140c5f30
0x140c5fea,FUN_140c5fea,364,131,1,140c5fea_FUN_140c5fea
0x140c62b8,FUN_140c62b8,1400,521,1,140c62b8_FUN_140c62b8
0x140c68b4,FUN_140c68b4,138,54,1,140c68b4_FUN_140c68b4
0x140c6ae4,FUN_140c6ae4,114,38,1,140c6ae4_FUN_140c6ae4
0x140c6b56,FUN_140c6b56,158,50,1,140c6b56_FUN_140c6b56
0x140c76c8,FUN_140c76c8,38,17,1,140c76c8_FUN_140c76c8
0x140c76ee,FUN_140c76ee,54,22,1,140c76ee_FUN_140c76ee
0x140c773e,FUN_140c773e,66,28,1,140c773e_FUN_140c773e
0x140c7780,FUN_140c7780,66,28,1,140c7780_FUN_140c7780
0x140c77c2,FUN_140c77c2,66,28,1,140c77c2_FUN_140c77c2
0x140c7804,FUN_140c7804,66,28,1,140c7804_FUN_140c7804
0x140c7846,FUN_140c7846,66,28,1,140c7846_FUN_140c7846
0x140c7978,FUN_140c7978,66,28,1,140c7978_FUN_140c7978
0x140c79ba,FUN_140c79ba,66,28,1,140c79ba_FUN_140c79ba
0x140c79fc,FUN_140c79fc,66,28,1,140c79fc_FUN_140c79fc
0x140c7a3e,FUN_140c7a3e,66,28,1,140c7a3e_FUN_140c7a3e
0x140c7a80,FUN_140c7a80,66,28,1,140c7a80_FUN_140c7a80
0x140c7b98,FUN_140c7b98,66,29,1,140c7b98_FUN_140c7b98
0x140c7be0,FUN_140c7be0,66,30,1,140c7be0_FUN_140c7be0
0x140c7cd8,FUN_140c7cd8,24,9,1,140c7cd8_FUN_140c7cd8
0x140c7db8,FUN_140c7db8,24,9,1,140c7db8_FUN_140c7db8
0x140c7de8,FUN_140c7de8,24,9,1,140c7de8_FUN_140c7de8
0x140c7e18,FUN_140c7e18,24,9,1,140c7e18_FUN_140c7e18
0x140c7e48,FUN_140c7e48,24,9,1,140c7e48_FUN_140c7e48
0x140c7e78,FUN_140c7e78,24,9,1,140c7e78_FUN_140c7e78
0x140c7ea8,FUN_140c7ea8,24,9,1,140c7ea8_FUN_140c7ea8
0x140c7ed8,FUN_140c7ed8,24,9,1,140c7ed8_FUN_140c7ed8
0x140c7f08,FUN_140c7f08,24,9,1,140c7f08_FUN_140c7f08
0x140c7f38,FUN_140c7f38,24,9,1,140c7f38_FUN_140c7f38
0x140c7f66,FUN_140c7f66,124,45,1,140c7f66_FUN_140c7f66
0x140c7fe2,FUN_140c7fe2,120,45,1,140c7fe2_FUN_140c7fe2
0x140c8086,FUN_140c8086,172,64,1,140c8086_FUN_140c8086
0x140c8132,FUN_140c8132,172,64,1,140c8132_FUN_140c8132
0x140c81de,FUN_140c81de,172,64,1,140c81de_FUN_140c81de
0x140c828a,FUN_140c828a,172,64,1,140c828a_FUN_140c828a
0x140c8336,FUN_140c8336,44,19,1,140c8336_FUN_140c8336
0x140c8362,FUN_140c8362,44,19,1,140c8362_FUN_140c8362
0x140c83aa,FUN_140c83aa,180,67,1,140c83aa_FUN_140c83aa
0x140c845e,FUN_140c845e,180,67,1,140c845e_FUN_140c845e
0x140c8514,FUN_140c8514,954,384,1,140c8514_FUN_140c8514
0x140c8994,FUN_140c8994,36,14,1,140c8994_FUN_140c8994
0x140c89bc,FUN_140c89bc,98,34,1,140c89bc_FUN_140c89bc
0x140c8a48,FUN_140c8a48,134,51,1,140c8a48_FUN_140c8a48
0x140c8b0c,FUN_140c8b0c,86,38,1,140c8b0c_FUN_140c8b0c
0x140c8b8e,FUN_140c8b8e,154,50,1,140c8b8e_FUN_140c8b8e
0x140c8c80,FUN_140c8c80,70,30,1,140c8c80_FUN_140c8c80
0x140c8cc8,FUN_140c8cc8,38,14,1,140c8cc8_FUN_140c8cc8
0x140c8d7c,FUN_140c8d7c,134,51,1,140c8d7c_FUN_140c8d7c
0x140c8e40,FUN_140c8e40,90,38,1,140c8e40_FUN_140c8e40
0x140c8fb8,FUN_140c8fb8,72,30,1,140c8fb8_FUN_140c8fb8
0x140c91c8,FUN_140c91c8,16,7,1,140c91c8_FUN_140c91c8
0x140c91f0,FUN_140c91f0,16,7,1,140c91f0_FUN_140c91f0
0x140c9218,FUN_140c9218,16,7,1,140c9218_FUN_140c9218
0x140c9240,FUN_140c9240,24,9,1,140c9240_FUN_140c9240
0x140c9270,FUN_140c9270,24,9,1,140c9270_FUN_140c9270
0x140c929e,FUN_140c929e,20,9,1,140c929e_FUN_140c929e
0x140c92b2,FUN_140c92b2,20,8,1,140c92b2_FUN_140c92b2
0x140c9370,FUN_140c9370,18,7,1,140c9370_FUN_140c9370
0x140c9384,FUN_140c9384,96,32,1,140c9384_FUN_140c9384
0x140c93ec,FUN_140c93ec,34,15,1,140c93ec_FUN_140c93ec
0x140c9418,FUN_140c9418,6,3,1,140c9418_FUN_140c9418
0x140c941e,FUN_140c941e,6,3,1,140c941e_FUN_140c941e
0x140c9424,FUN_140c9424,14,7,1,140c9424_FUN_140c9424
0x140c9432,FUN_140c9432,14,7,1,140c9432_FUN_140c9432
0x140c9440,FUN_140c9440,14,7,1,140c9440_FUN_140c9440
0x140c944e,FUN_140c944e,14,7,1,140c944e_FUN_140c944e
0x140c945c,FUN_140c945c,6,3,1,140c945c_FUN_140c945c
0x140c9462,FUN_140c9462,10,5,1,140c9462_FUN_140c9462
0x140c946c,FUN_140c946c,10,5,1,140c946c_FUN_140c946c
0x140c9476,FUN_140c9476,6,3,1,140c9476_FUN_140c9476
0x140c947c,FUN_140c947c,6,3,1,140c947c_FUN_140c947c
0x140c9482,FUN_140c9482,14,7,1,140c9482_FUN_140c9482
0x140c9490,FUN_140c9490,14,7,1,140c9490_FUN_140c9490
0x140c949e,FUN_140c949e,14,7,1,140c949e_FUN_140c949e
0x140c94ac,FUN_140c94ac,14,7,1,140c94ac_FUN_140c94ac
0x140c94ba,FUN_140c94ba,6,3,1,140c94ba_FUN_140c94ba
0x140c94c0,FUN_140c94c0,10,5,1,140c94c0_FUN_140c94c0
0x140c94ca,FUN_140c94ca,10,5,1,140c94ca_FUN_140c94ca
0x140c94d4,FUN_140c94d4,62,26,1,140c94d4_FUN_140c94d4
0x140c9512,FUN_140c9512,62,26,1,140c9512_FUN_140c9512
0x140c9550,FUN_140c9550,42,18,1,140c9550_FUN_140c9550
0x140c957a,FUN_140c957a,46,20,1,140c957a_FUN_140c957a
0x140c95a8,FUN_140c95a8,6,3,1,140c95a8_FUN_140c95a8
0x140c95ae,FUN_140c95ae,6,3,1,140c95ae_FUN_140c95ae
0x140c95b4,FUN_140c95b4,14,7,1,140c95b4_FUN_140c95b4
0x140c95c2,FUN_140c95c2,14,7,1,140c95c2_FUN_140c95c2
0x140c95d0,FUN_140c95d0,14,7,1,140c95d0_FUN_140c95d0
0x140c95e4,FUN_140c95e4,56,24,1,140c95e4_FUN_140c95e4
0x140c961c,FUN_140c961c,56,24,1,140c961c_FUN_140c961c
0x140c9654,FUN_140c9654,56,24,1,140c9654_FUN_140c9654
0x140c968c,FUN_140c968c,56,24,1,140c968c_FUN_140c968c
0x140c96c4,FUN_140c96c4,56,24,1,140c96c4_FUN_140c96c4
0x140c96fc,FUN_140c96fc,26,12,1,140c96fc_FUN_140c96fc
0x140c971c,FUN_140c971c,6,3,1,140c971c_FUN_140c971c
0x140c9722,FUN_140c9722,24,12,1,140c9722_FUN_140c9722
0x140c975c,FUN_140c975c,14,6,1,140c975c_FUN_140c975c
0x140c976a,FUN_140c976a,6,3,1,140c976a_FUN_140c976a
0x140c9770,FUN_140c9770,52,20,1,140c9770_FUN_140c9770
0x140c97a4,FUN_140c97a4,560,217,1,140c97a4_FUN_140c97a4
0x140c9d52,FUN_140c9d52,6,3,1,140c9d52_FUN_140c9d52
0x140c9d58,FUN_140c9d58,6,3,1,140c9d58_FUN_140c9d58
0x140c9d5e,FUN_140c9d5e,6,3,1,140c9d5e_FUN_140c9d5e
0x140c9d64,FUN_140c9d64,30,13,1,140c9d64_FUN_140c9d64
0x140c9d82,FUN_140c9d82,36,16,1,140c9d82_FUN_140c9d82
0x140c9da6,FUN_140c9da6,14,5,1,140c9da6_FUN_140c9da6
0x140c9db4,FUN_140c9db4,186,70,1,140c9db4_FUN_140c9db4
0x140c9e6e,FUN_140c9e6e,368,134,1,140c9e6e_FUN_140c9e6e
0x140ca144,FUN_140ca144,1392,515,1,140ca144_FUN_140ca144
0x140ca738,FUN_140ca738,138,54,1,140ca738_FUN_140ca738
0x140ca968,FUN_140ca968,114,38,1,140ca968_FUN_140ca968
0x140ca9da,FUN_140ca9da,148,48,1,140ca9da_FUN_140ca9da
0x140cb5bc,FUN_140cb5bc,324,139,1,140cb5bc_FUN_140cb5bc
0x140cb734,FUN_140cb734,18,7,1,140cb734_FUN_140cb734
0x140cb7f4,FUN_140cb7f4,6,2,1,140cb7f4_FUN_140cb7f4
0x140cb7fa,FUN_140cb7fa,6,2,1,140cb7fa_FUN_140cb7fa
0x140cb800,FUN_140cb800,6,2,1,140cb800_FUN_140cb800
0x140cb806,FUN_140cb806,6,2,1,140cb806_FUN_140cb806
0x140cb80c,FUN_140cb80c,56,19,1,140cb80c_FUN_140cb80c
0x140cb844,FUN_140cb844,6,2,1,140cb844_FUN_140cb844
0x140cb84c,FUN_140cb84c,16,7,1,140cb84c_FUN_140cb84c
0x140cb8c4,FUN_140cb8c4,60,22,1,140cb8c4_FUN_140cb8c4
0x140cb900,FUN_140cb900,42,16,1,140cb900_FUN_140cb900
0x140cb958,FUN_140cb958,62,22,1,140cb958_FUN_140cb958
0x140cb996,FUN_140cb996,44,17,1,140cb996_FUN_140cb996
0x140cb9c4,FUN_140cb9c4,62,22,1,140cb9c4_FUN_140cb9c4
0x140cba08,FUN_140cba08,26,12,1,140cba08_FUN_140cba08
0x140cba22,FUN_140cba22,32,15,1,140cba22_FUN_140cba22
0x140cba44,FUN_140cba44,52,20,1,140cba44_FUN_140cba44
0x140cba90,FUN_140cba90,28,12,1,140cba90_FUN_140cba90
0x140cbd24,FUN_140cbd24,16,7,1,140cbd24_FUN_140cbd24
0x140cbd38,FUN_140cbd38,16,7,1,140cbd38_FUN_140cbd38
0x140cbd9c,FUN_140cbd9c,16,7,1,140cbd9c_FUN_140cbd9c
0x140cbe30,FUN_140cbe30,24,9,1,140cbe30_FUN_140cbe30
0x140cbe60,FUN_140cbe60,24,9,1,140cbe60_FUN_140cbe60
0x140cbffc,FUN_140cbffc,20,9,1,140cbffc_FUN_140cbffc
0x140cc010,FUN_140cc010,64,25,1,140cc010_FUN_140cc010
0x140cc050,FUN_140cc050,40,16,1,140cc050_FUN_140cc050
0x140cc080,FUN_140cc080,14,6,1,140cc080_FUN_140cc080
0x140cc090,FUN_140cc090,46,17,1,140cc090_FUN_140cc090
0x140cc0c4,FUN_140cc0c4,46,17,1,140cc0c4_FUN_140cc0c4
0x140cc0f8,FUN_140cc0f8,6,3,1,140cc0f8_FUN_140cc0f8
0x140cc0fe,FUN_140cc0fe,6,3,1,140cc0fe_FUN_140cc0fe
0x140cc104,FUN_140cc104,14,7,1,140cc104_FUN_140cc104
0x140cc112,FUN_140cc112,14,7,1,140cc112_FUN_140cc112
0x140cc120,FUN_140cc120,14,7,1,140cc120_FUN_140cc120
0x140cc12e,FUN_140cc12e,14,7,1,140cc12e_FUN_140cc12e
0x140cc13c,FUN_140cc13c,6,3,1,140cc13c_FUN_140cc13c
0x140cc142,FUN_140cc142,10,5,1,140cc142_FUN_140cc142
0x140cc14c,FUN_140cc14c,10,5,1,140cc14c_FUN_140cc14c
0x140cc156,FUN_140cc156,6,3,1,140cc156_FUN_140cc156
0x140cc15c,FUN_140cc15c,6,3,1,140cc15c_FUN_140cc15c
0x140cc162,FUN_140cc162,14,7,1,140cc162_FUN_140cc162
0x140cc170,FUN_140cc170,14,7,1,140cc170_FUN_140cc170
0x140cc17e,FUN_140cc17e,14,7,1,140cc17e_FUN_140cc17e
0x140cc18c,FUN_140cc18c,14,7,1,140cc18c_FUN_140cc18c
0x140cc19a,FUN_140cc19a,6,3,1,140cc19a_FUN_140cc19a
0x140cc1a0,FUN_140cc1a0,10,5,1,140cc1a0_FUN_140cc1a0
0x140cc1aa,FUN_140cc1aa,10,5,1,140cc1aa_FUN_140cc1aa
0x140cc1b4,FUN_140cc1b4,62,26,1,140cc1b4_FUN_140cc1b4
0x140cc1f2,FUN_140cc1f2,62,26,1,140cc1f2_FUN_140cc1f2
0x140cc230,FUN_140cc230,44,18,1,140cc230_FUN_140cc230
0x140cc25c,FUN_140cc25c,48,20,1,140cc25c_FUN_140cc25c
0x140cc28c,FUN_140cc28c,36,14,1,140cc28c_FUN_140cc28c
0x140cc2b4,FUN_140cc2b4,6,3,1,140cc2b4_FUN_140cc2b4
0x140cc2ba,FUN_140cc2ba,6,3,1,140cc2ba_FUN_140cc2ba
0x140cc2c0,FUN_140cc2c0,14,7,1,140cc2c0_FUN_140cc2c0
0x140cc2ce,FUN_140cc2ce,14,7,1,140cc2ce_FUN_140cc2ce
0x140cc2dc,FUN_140cc2dc,14,7,1,140cc2dc_FUN_140cc2dc
0x140cc2ec,FUN_140cc2ec,36,16,1,140cc2ec_FUN_140cc2ec
0x140cc314,FUN_140cc314,12,6,1,140cc314_FUN_140cc314
0x140cc320,FUN_140cc320,12,6,1,140cc320_FUN_140cc320
0x140cc32c,FUN_140cc32c,12,6,1,140cc32c_FUN_140cc32c
0x140cc338,FUN_140cc338,32,16,1,140cc338_FUN_140cc338
0x140cc358,FUN_140cc358,32,16,1,140cc358_FUN_140cc358
0x140cc378,FUN_140cc378,62,26,1,140cc378_FUN_140cc378
0x140cc3b6,FUN_140cc3b6,76,26,1,140cc3b6_FUN_140cc3b6
0x140cc408,FUN_140cc408,56,24,1,140cc408_FUN_140cc408
0x140cc440,FUN_140cc440,56,24,1,140cc440_FUN_140cc440
0x140cc478,FUN_140cc478,56,24,1,140cc478_FUN_140cc478
0x140cc4b0,FUN_140cc4b0,56,24,1,140cc4b0_FUN_140cc4b0
0x140cc4e8,FUN_140cc4e8,56,24,1,140cc4e8_FUN_140cc4e8
0x140cc520,FUN_140cc520,26,12,1,140cc520_FUN_140cc520
0x140cc540,FUN_140cc540,6,3,1,140cc540_FUN_140cc540
0x140cc546,FUN_140cc546,24,12,1,140cc546_FUN_140cc546
0x140cc580,FUN_140cc580,48,18,1,140cc580_FUN_140cc580
0x140cc5bc,FUN_140cc5bc,48,18,1,140cc5bc_FUN_140cc5bc
0x140cc5f8,FUN_140cc5f8,238,87,1,140cc5f8_FUN_140cc5f8
0x140cc6f0,FUN_140cc6f0,48,18,1,140cc6f0_FUN_140cc6f0
0x140cc72c,FUN_140cc72c,48,18,1,140cc72c_FUN_140cc72c
0x140cc768,FUN_140cc768,48,18,1,140cc768_FUN_140cc768
0x140cc7a4,FUN_140cc7a4,278,103,1,140cc7a4_FUN_140cc7a4
0x140cc8c0,FUN_140cc8c0,68,24,1,140cc8c0_FUN_140cc8c0
0x140cc908,FUN_140cc908,48,18,1,140cc908_FUN_140cc908
0x140cc944,FUN_140cc944,278,103,1,140cc944_FUN_140cc944
0x140cca60,FUN_140cca60,68,24,1,140cca60_FUN_140cca60
0x140ccaa8,FUN_140ccaa8,48,18,1,140ccaa8_FUN_140ccaa8
0x140ccae4,FUN_140ccae4,48,21,1,140ccae4_FUN_140ccae4
0x140ccb20,FUN_140ccb20,48,21,1,140ccb20_FUN_140ccb20
0x140ccb5c,FUN_140ccb5c,48,21,1,140ccb5c_FUN_140ccb5c
0x140ccb98,FUN_140ccb98,146,55,1,140ccb98_FUN_140ccb98
0x140ccc2a,FUN_140ccc2a,68,28,1,140ccc2a_FUN_140ccc2a
0x140ccc6e,FUN_140ccc6e,38,16,1,140ccc6e_FUN_140ccc6e
0x140ccc94,FUN_140ccc94,198,79,1,140ccc94_FUN_140ccc94
0x140ccd5a,FUN_140ccd5a,28,11,1,140ccd5a_FUN_140ccd5a
0x140ccd76,FUN_140ccd76,98,39,1,140ccd76_FUN_140ccd76
0x140ccdd8,FUN_140ccdd8,156,59,1,140ccdd8_FUN_140ccdd8
0x140cce74,FUN_140cce74,20,8,1,140cce74_FUN_140cce74
0x140cd4fc,FUN_140cd4fc,68,24,1,140cd4fc_FUN_140cd4fc
0x140cd544,FUN_140cd544,318,119,1,140cd544_FUN_140cd544
0x140cd6aa,FUN_140cd6aa,252,87,1,140cd6aa_FUN_140cd6aa
0x140cd7a6,FUN_140cd7a6,280,104,1,140cd7a6_FUN_140cd7a6
0x140cd8e6,FUN_140cd8e6,88,28,1,140cd8e6_FUN_140cd8e6
0x140cd93e,FUN_140cd93e,356,122,1,140cd93e_FUN_140cd93e
0x140cdace,FUN_140cdace,296,109,1,140cdace_FUN_140cdace
0x140cdc22,FUN_140cdc22,518,181,1,140cdc22_FUN_140cdc22
0x140cde50,FUN_140cde50,518,181,1,140cde50_FUN_140cde50
0x140ce07e,FUN_140ce07e,186,70,1,140ce07e_FUN_140ce07e
0x140ce138,FUN_140ce138,364,131,1,140ce138_FUN_140ce138
0x140ce404,FUN_140ce404,1400,521,1,140ce404_FUN_140ce404
0x140cea00,FUN_140cea00,948,355,1,140cea00_FUN_140cea00
0x140cedbc,FUN_140cedbc,136,48,1,140cedbc_FUN_140cedbc
0x140cef60,FUN_140cef60,852,320,1,140cef60_FUN_140cef60
0x140cf2ee,FUN_140cf2ee,432,169,1,140cf2ee_FUN_140cf2ee
0x140cf820,FUN_140cf820,822,312,1,140cf820_FUN_140cf820
0x140cfb94,FUN_140cfb94,822,312,1,140cfb94_FUN_140cfb94
0x140cff06,FUN_140cff06,96,33,1,140cff06_FUN_140cff06
0x140d0354,FUN_140d0354,902,335,1,140d0354_FUN_140d0354
0x140d0716,FUN_140d0716,138,54,1,140d0716_FUN_140d0716
0x140d0946,FUN_140d0946,114,38,1,140d0946_FUN_140d0946
0x140d09b8,FUN_140d09b8,994,382,1,140d09b8_FUN_140d09b8
0x140d0db0,FUN_140d0db0,994,382,1,140d0db0_FUN_140d0db0
0x140d11a8,FUN_140d11a8,126,44,1,140d11a8_FUN_140d11a8
0x140d14a4,FUN_140d14a4,72,27,1,140d14a4_FUN_140d14a4
0x140d14f0,FUN_140d14f0,82,28,1,140d14f0_FUN_140d14f0
0x140d1548,FUN_140d1548,130,53,1,140d1548_FUN_140d1548
0x140d160e,FUN_140d160e,24,11,1,140d160e_FUN_140d160e
0x140d1676,FUN_140d1676,24,11,1,140d1676_FUN_140d1676
0x140d169c,FUN_140d169c,18,7,1,140d169c_FUN_140d169c
0x140d1742,FUN_140d1742,92,38,1,140d1742_FUN_140d1742
0x140d179e,FUN_140d179e,92,39,1,140d179e_FUN_140d179e
0x140d17fa,FUN_140d17fa,82,36,1,140d17fa_FUN_140d17fa
0x140d1852,FUN_140d1852,18,8,1,140d1852_FUN_140d1852
0x140d1864,FUN_140d1864,6,3,1,140d1864_FUN_140d1864
0x140d1870,FUN_140d1870,18,8,1,140d1870_FUN_140d1870
0x140d1882,FUN_140d1882,6,3,1,140d1882_FUN_140d1882
0x140d1888,FUN_140d1888,8,3,1,140d1888_FUN_140d1888
0x140d1890,FUN_140d1890,62,22,1,140d1890_FUN_140d1890
0x140d18d4,FUN_140d18d4,16,6,1,140d18d4_FUN_140d18d4
0x140d18e4,FUN_140d18e4,24,11,1,140d18e4_FUN_140d18e4
0x140d1900,FUN_140d1900,24,10,1,140d1900_FUN_140d1900
0x140d1918,FUN_140d1918,24,12,1,140d1918_FUN_140d1918
0x140d1930,FUN_140d1930,24,9,1,140d1930_FUN_140d1930
0x140d1948,FUN_140d1948,24,11,1,140d1948_FUN_140d1948
0x140d1960,FUN_140d1960,34,14,1,140d1960_FUN_140d1960
0x140d19b6,FUN_140d19b6,10,4,1,140d19b6_FUN_140d19b6
0x140d19c0,FUN_140d19c0,10,4,1,140d19c0_FUN_140d19c0
0x140d19ca,FUN_140d19ca,118,45,1,140d19ca_FUN_140d19ca
0x140d1a40,FUN_140d1a40,42,20,1,140d1a40_FUN_140d1a40
0x140d1a6a,FUN_140d1a6a,80,36,1,140d1a6a_FUN_140d1a6a
0x140d1aba,FUN_140d1aba,98,43,1,140d1aba_FUN_140d1aba
0x140d1b1c,FUN_140d1b1c,60,27,1,140d1b1c_FUN_140d1b1c
0x140d1b58,FUN_140d1b58,120,49,1,140d1b58_FUN_140d1b58
0x140d1bd4,FUN_140d1bd4,20,8,1,140d1bd4_FUN_140d1bd4
0x140d1be8,FUN_140d1be8,30,14,1,140d1be8_FUN_140d1be8
0x140d1c10,FUN_140d1c10,28,13,1,140d1c10_FUN_140d1c10
0x140d1c2c,FUN_140d1c2c,244,98,1,140d1c2c_FUN_140d1c2c
0x140d1d24,FUN_140d1d24,64,29,1,140d1d24_FUN_140d1d24
0x140d1d64,FUN_140d1d64,28,12,1,140d1d64_FUN_140d1d64
0x140d1d84,FUN_140d1d84,50,21,1,140d1d84_FUN_140d1d84
0x140d1dbc,FUN_140d1dbc,220,86,1,140d1dbc_FUN_140d1dbc
0x140d1e98,FUN_140d1e98,28,13,1,140d1e98_FUN_140d1e98
0x140d1f1c,FUN_140d1f1c,66,30,1,140d1f1c_FUN_140d1f1c
0x140d2158,FUN_140d2158,16,7,1,140d2158_FUN_140d2158
0x140d216c,FUN_140d216c,16,7,1,140d216c_FUN_140d216c
0x140d21d0,FUN_140d21d0,16,7,1,140d21d0_FUN_140d21d0
0x140d2264,FUN_140d2264,24,9,1,140d2264_FUN_140d2264
0x140d2294,FUN_140d2294,24,9,1,140d2294_FUN_140d2294
0x140d2450,FUN_140d2450,20,9,1,140d2450_FUN_140d2450
0x140d2464,FUN_140d2464,62,24,1,140d2464_FUN_140d2464
0x140d24a4,FUN_140d24a4,40,16,1,140d24a4_FUN_140d24a4
0x140d2504,FUN_140d2504,14,6,1,140d2504_FUN_140d2504
0x140d2514,FUN_140d2514,48,17,1,140d2514_FUN_140d2514
0x140d2548,FUN_140d2548,48,17,1,140d2548_FUN_140d2548
0x140d257c,FUN_140d257c,6,3,1,140d257c_FUN_140d257c
0x140d2582,FUN_140d2582,6,3,1,140d2582_FUN_140d2582
0x140d2588,FUN_140d2588,14,7,1,140d2588_FUN_140d2588
0x140d2596,FUN_140d2596,14,7,1,140d2596_FUN_140d2596
0x140d25a4,FUN_140d25a4,14,7,1,140d25a4_FUN_140d25a4
0x140d25b2,FUN_140d25b2,14,7,1,140d25b2_FUN_140d25b2
0x140d25c0,FUN_140d25c0,6,3,1,140d25c0_FUN_140d25c0
0x140d25c6,FUN_140d25c6,10,5,1,140d25c6_FUN_140d25c6
0x140d25d0,FUN_140d25d0,10,5,1,140d25d0_FUN_140d25d0
0x140d25da,FUN_140d25da,6,3,1,140d25da_FUN_140d25da
0x140d25e0,FUN_140d25e0,6,3,1,140d25e0_FUN_140d25e0
0x140d25e6,FUN_140d25e6,14,7,1,140d25e6_FUN_140d25e6
0x140d25f4,FUN_140d25f4,14,7,1,140d25f4_FUN_140d25f4
0x140d2602,FUN_140d2602,14,7,1,140d2602_FUN_140d2602
0x140d2610,FUN_140d2610,14,7,1,140d2610_FUN_140d2610
0x140d261e,FUN_140d261e,6,3,1,140d261e_FUN_140d261e
0x140d2624,FUN_140d2624,10,5,1,140d2624_FUN_140d2624
0x140d262e,FUN_140d262e,10,5,1,140d262e_FUN_140d262e
0x140d2638,FUN_140d2638,62,26,1,140d2638_FUN_140d2638
0x140d2676,FUN_140d2676,62,26,1,140d2676_FUN_140d2676
0x140d26b4,FUN_140d26b4,42,18,1,140d26b4_FUN_140d26b4
0x140d26de,FUN_140d26de,46,20,1,140d26de_FUN_140d26de
0x140d270c,FUN_140d270c,38,14,1,140d270c_FUN_140d270c
0x140d2738,FUN_140d2738,6,3,1,140d2738_FUN_140d2738
0x140d273e,FUN_140d273e,6,3,1,140d273e_FUN_140d273e
0x140d2744,FUN_140d2744,14,7,1,140d2744_FUN_140d2744
0x140d2752,FUN_140d2752,14,7,1,140d2752_FUN_140d2752
0x140d2760,FUN_140d2760,14,7,1,140d2760_FUN_140d2760
0x140d2770,FUN_140d2770,36,16,1,140d2770_FUN_140d2770
0x140d2798,FUN_140d2798,12,6,1,140d2798_FUN_140d2798
0x140d27a4,FUN_140d27a4,12,6,1,140d27a4_FUN_140d27a4
0x140d27b0,FUN_140d27b0,12,6,1,140d27b0_FUN_140d27b0
0x140d27bc,FUN_140d27bc,32,16,1,140d27bc_FUN_140d27bc
0x140d27dc,FUN_140d27dc,32,16,1,140d27dc_FUN_140d27dc
0x140d27fc,FUN_140d27fc,62,26,1,140d27fc_FUN_140d27fc
0x140d283a,FUN_140d283a,76,26,1,140d283a_FUN_140d283a
0x140d288c,FUN_140d288c,56,24,1,140d288c_FUN_140d288c
0x140d28c4,FUN_140d28c4,56,24,1,140d28c4_FUN_140d28c4
0x140d28fc,FUN_140d28fc,56,24,1,140d28fc_FUN_140d28fc
0x140d2934,FUN_140d2934,56,24,1,140d2934_FUN_140d2934
0x140d296c,FUN_140d296c,56,24,1,140d296c_FUN_140d296c
0x140d29a4,FUN_140d29a4,26,12,1,140d29a4_FUN_140d29a4
0x140d29c4,FUN_140d29c4,6,3,1,140d29c4_FUN_140d29c4
0x140d29ca,FUN_140d29ca,24,12,1,140d29ca_FUN_140d29ca
0x140d2a04,FUN_140d2a04,48,18,1,140d2a04_FUN_140d2a04
0x140d2a40,FUN_140d2a40,48,18,1,140d2a40_FUN_140d2a40
0x140d2a7c,FUN_140d2a7c,48,18,1,140d2a7c_FUN_140d2a7c
0x140d2ab8,FUN_140d2ab8,48,18,1,140d2ab8_FUN_140d2ab8
0x140d2af4,FUN_140d2af4,48,18,1,140d2af4_FUN_140d2af4
0x140d2b30,FUN_140d2b30,48,18,1,140d2b30_FUN_140d2b30
0x140d2b6c,FUN_140d2b6c,48,18,1,140d2b6c_FUN_140d2b6c
0x140d2ba8,FUN_140d2ba8,48,21,1,140d2ba8_FUN_140d2ba8
0x140d2be4,FUN_140d2be4,48,21,1,140d2be4_FUN_140d2be4
0x140d2c20,FUN_140d2c20,48,21,1,140d2c20_FUN_140d2c20
0x140d2c5c,FUN_140d2c5c,152,57,1,140d2c5c_FUN_140d2c5c
0x140d2cf4,FUN_140d2cf4,72,30,1,140d2cf4_FUN_140d2cf4
0x140d2d3c,FUN_140d2d3c,42,17,1,140d2d3c_FUN_140d2d3c
0x140d2d66,FUN_140d2d66,108,40,1,140d2d66_FUN_140d2d66
0x140d2dd2,FUN_140d2dd2,164,60,1,140d2dd2_FUN_140d2dd2
0x140d2e78,FUN_140d2e78,322,118,1,140d2e78_FUN_140d2e78
0x140d2fc0,FUN_140d2fc0,68,24,1,140d2fc0_FUN_140d2fc0
0x140d3008,FUN_140d3008,322,118,1,140d3008_FUN_140d3008
0x140d3150,FUN_140d3150,68,24,1,140d3150_FUN_140d3150
0x140d3198,FUN_140d3198,264,97,1,140d3198_FUN_140d3198
0x140d32a8,FUN_140d32a8,20,8,1,140d32a8_FUN_140d32a8
0x140d38a0,FUN_140d38a0,70,24,1,140d38a0_FUN_140d38a0
0x140d38ec,FUN_140d38ec,202,79,1,140d38ec_FUN_140d38ec
0x140d39b6,FUN_140d39b6,28,11,1,140d39b6_FUN_140d39b6
0x140d39d2,FUN_140d39d2,316,118,1,140d39d2_FUN_140d39d2
0x140d3b34,FUN_140d3b34,252,86,1,140d3b34_FUN_140d3b34
0x140d3c30,FUN_140d3c30,266,103,1,140d3c30_FUN_140d3c30
0x140d3d60,FUN_140d3d60,86,28,1,140d3d60_FUN_140d3d60
0x140d3db6,FUN_140d3db6,344,121,1,140d3db6_FUN_140d3db6
0x140d3f38,FUN_140d3f38,288,108,1,140d3f38_FUN_140d3f38
0x140d4082,FUN_140d4082,508,182,1,140d4082_FUN_140d4082
0x140d42a4,FUN_140d42a4,508,182,1,140d42a4_FUN_140d42a4
0x140d44c6,FUN_140d44c6,116,42,1,140d44c6_FUN_140d44c6
0x140d453a,FUN_140d453a,186,70,1,140d453a_FUN_140d453a
0x140d45f4,FUN_140d45f4,368,134,1,140d45f4_FUN_140d45f4
0x140d48cc,FUN_140d48cc,1392,515,1,140d48cc_FUN_140d48cc
0x140d4ec0,FUN_140d4ec0,904,355,1,140d4ec0_FUN_140d4ec0
0x140d53f0,FUN_140d53f0,818,320,1,140d53f0_FUN_140d53f0
0x140d575e,FUN_140d575e,434,168,1,140d575e_FUN_140d575e
0x140d5c70,FUN_140d5c70,792,312,1,140d5c70_FUN_140d5c70
0x140d5fc4,FUN_140d5fc4,792,312,1,140d5fc4_FUN_140d5fc4
0x140d6316,FUN_140d6316,96,33,1,140d6316_FUN_140d6316
0x140d6744,FUN_140d6744,870,335,1,140d6744_FUN_140d6744
0x140d6ae6,FUN_140d6ae6,138,54,1,140d6ae6_FUN_140d6ae6
0x140d6d16,FUN_140d6d16,114,38,1,140d6d16_FUN_140d6d16
0x140d6d88,FUN_140d6d88,998,379,1,140d6d88_FUN_140d6d88
0x140d7180,FUN_140d7180,984,374,1,140d7180_FUN_140d7180
0x140d7770,FUN_140d7770,12,5,1,140d7770_FUN_140d7770
0x140d777c,FUN_140d777c,68,24,1,140d777c_FUN_140d777c
0x140d77c4,FUN_140d77c4,16,6,1,140d77c4_FUN_140d77c4
0x140d77d4,FUN_140d77d4,24,11,1,140d77d4_FUN_140d77d4
0x140d77f0,FUN_140d77f0,24,10,1,140d77f0_FUN_140d77f0
0x140d7808,FUN_140d7808,26,12,1,140d7808_FUN_140d7808
0x140d7822,FUN_140d7822,32,12,1,140d7822_FUN_140d7822
0x140d783a,FUN_140d783a,30,13,1,140d783a_FUN_140d783a
0x140d7852,FUN_140d7852,50,21,1,140d7852_FUN_140d7852
0x140d78a6,FUN_140d78a6,12,5,1,140d78a6_FUN_140d78a6
0x140d78b2,FUN_140d78b2,12,5,1,140d78b2_FUN_140d78b2
0x140d78be,FUN_140d78be,120,45,1,140d78be_FUN_140d78be
0x140d7936,FUN_140d7936,78,34,1,140d7936_FUN_140d7936
0x140d7984,FUN_140d7984,98,43,1,140d7984_FUN_140d7984
0x140d79e6,FUN_140d79e6,62,26,1,140d79e6_FUN_140d79e6
0x140d7a24,FUN_140d7a24,122,48,1,140d7a24_FUN_140d7a24
0x140d7aa4,FUN_140d7aa4,20,8,1,140d7aa4_FUN_140d7aa4
0x140d7ab8,FUN_140d7ab8,24,10,1,140d7ab8_FUN_140d7ab8
0x140d7adc,FUN_140d7adc,264,99,1,140d7adc_FUN_140d7adc
0x140d7be8,FUN_140d7be8,66,28,1,140d7be8_FUN_140d7be8
0x140d7c2c,FUN_140d7c2c,28,12,1,140d7c2c_FUN_140d7c2c
0x140d7c4c,FUN_140d7c4c,52,21,1,140d7c4c_FUN_140d7c4c
0x140d7cec,FUN_140d7cec,66,29,1,140d7cec_FUN_140d7cec
0x140d7d34,FUN_140d7d34,44,17,1,140d7d34_FUN_140d7d34
0x140d7da0,FUN_140d7da0,16,7,1,140d7da0_FUN_140d7da0
0x140d7e48,thunk_FUN_140db700,4,1,1,140d7e48_thunk_FUN_140db700
0x140d7e4c,thunk_FUN_140db700,4,1,1,140d7e4c_thunk_FUN_140db700
0x140d7e50,FUN_140d7e50,178,73,1,140d7e50_FUN_140d7e50
0x140d7f02,FUN_140d7f02,6,2,1,140d7f02_FUN_140d7f02
0x140d7f28,FUN_140d7f28,8,3,1,140d7f28_FUN_140d7f28
0x140d7f34,thunk_FUN_140bff34,4,1,1,140d7f34_thunk_FUN_140bff34
0x140d7fa0,FUN_140d7fa0,116,48,1,140d7fa0_FUN_140d7fa0
0x140d803e,FUN_140d803e,2,1,1,140d803e_FUN_140d803e
0x140d8044,FUN_140d8044,44,20,1,140d8044_FUN_140d8044
0x140d84dc,FUN_140d84dc,138,52,1,140d84dc_FUN_140d84dc
0x140d8578,FUN_140d8578,162,60,1,140d8578_FUN_140d8578
0x140d862c,FUN_140d862c,152,58,1,140d862c_FUN_140d862c
0x140d86fc,FUN_140d86fc,6,3,1,140d86fc_FUN_140d86fc
0x140d8748,FUN_140d8748,28,11,1,140d8748_FUN_140d8748
0x140d8780,FUN_140d8780,28,11,1,140d8780_FUN_140d8780
0x140d87b8,FUN_140d87b8,26,12,1,140d87b8_FUN_140d87b8
0x140d87d8,FUN_140d87d8,26,12,1,140d87d8_FUN_140d87d8
0x140d897e,FUN_140d897e,22,9,1,140d897e_FUN_140d897e
0x140d89fe,FUN_140d89fe,44,16,1,140d89fe_FUN_140d89fe
0x140d8a2a,FUN_140d8a2a,136,57,1,140d8a2a_FUN_140d8a2a
0x140d8b0c,FUN_140d8b0c,100,42,1,140d8b0c_FUN_140d8b0c
0x140d8b4e,FUN_140d8b4e,8,2,1,140d8b4e_FUN_140d8b4e
0x140d8bb4,FUN_140d8bb4,334,121,1,140d8bb4_FUN_140d8bb4
0x140d8db0,FUN_140d8db0,94,35,1,140d8db0_FUN_140d8db0
0x140d8e10,FUN_140d8e10,334,121,1,140d8e10_FUN_140d8e10
0x140d90e4,FUN_140d90e4,12,5,1,140d90e4_FUN_140d90e4
0x140d9116,FUN_140d9116,36,15,1,140d9116_FUN_140d9116
0x140d916c,FUN_140d916c,16,7,1,140d916c_FUN_140d916c
0x140d917c,FUN_140d917c,26,9,1,140d917c_FUN_140d917c
0x140d9196,FUN_140d9196,94,30,1,140d9196_FUN_140d9196
0x140d9204,FUN_140d9204,26,9,1,140d9204_FUN_140d9204
0x140d921e,FUN_140d921e,96,31,1,140d921e_FUN_140d921e
0x140d9290,thunk_FUN_140d9394,4,1,1,140d9290_thunk_FUN_140d9394
0x140d9294,FUN_140d9294,186,60,1,140d9294_FUN_140d9294
0x140d9350,FUN_140d9350,62,19,1,140d9350_FUN_140d9350
0x140d9394,FUN_140d9394,306,102,1,140d9394_FUN_140d9394
0x140d94ec,FUN_140d94ec,1492,433,1,140d94ec_FUN_140d94ec
0x140d9b00,FUN_140d9b00,562,174,1,140d9b00_FUN_140d9b00
0x140d9d6c,FUN_140d9d6c,6,2,1,140d9d6c_FUN_140d9d6c
0x140d9d74,FUN_140d9d74,226,63,1,140d9d74_FUN_140d9d74
0x140d9e78,FUN_140d9e78,1622,544,1,140d9e78_FUN_140d9e78
0x140da4f4,FUN_140da4f4,114,31,1,140da4f4_FUN_140da4f4
0x140da5d8,FUN_140da5d8,6,2,1,140da5d8_FUN_140da5d8
0x140da5e8,FUN_140da5e8,356,107,1,140da5e8_FUN_140da5e8
0x140da798,FUN_140da798,14,4,1,140da798_FUN_140da798
0x140da7a8,FUN_140da7a8,26,10,1,140da7a8_FUN_140da7a8
0x140da7c4,FUN_140da7c4,6,2,1,140da7c4_FUN_140da7c4
0x140da7cc,FUN_140da7cc,6,2,1,140da7cc_FUN_140da7cc
0x140da7d8,FUN_140da7d8,196,67,1,140da7d8_FUN_140da7d8
0x140da8b8,FUN_140da8b8,16,6,1,140da8b8_FUN_140da8b8
0x140da8c8,FUN_140da8c8,42,18,1,140da8c8_FUN_140da8c8
0x140da918,FUN_140da918,132,51,1,140da918_FUN_140da918
0x140da9c8,FUN_140da9c8,6,3,1,140da9c8_FUN_140da9c8
0x140da9fc,FUN_140da9fc,260,119,1,140da9fc_FUN_140da9fc
0x140dab04,FUN_140dab04,108,49,1,140dab04_FUN_140dab04
0x140daba0,FUN_140daba0,54,24,1,140daba0_FUN_140daba0
0x140dabf4,FUN_140dabf4,44,17,1,140dabf4_FUN_140dabf4
0x140dac20,FUN_140dac20,6,2,1,140dac20_FUN_140dac20
0x140dac2c,FUN_140dac2c,6,2,1,140dac2c_FUN_140dac2c
0x140dac38,FUN_140dac38,6,2,1,140dac38_FUN_140dac38
0x140dac50,FUN_140dac50,108,43,1,140dac50_FUN_140dac50
0x140dacc0,FUN_140dacc0,130,50,1,140dacc0_FUN_140dacc0
0x140dad74,FUN_140dad74,32,13,1,140dad74_FUN_140dad74
0x140db110,FUN_140db110,58,23,1,140db110_FUN_140db110
0x140db264,FUN_140db264,118,55,1,140db264_FUN_140db264
0x140db2f0,FUN_140db2f0,328,111,1,140db2f0_FUN_140db2f0
0x140db490,FUN_140db490,332,131,1,140db490_FUN_140db490
0x140db534,FUN_140db534,16,7,1,140db534_FUN_140db534
0x140db56c,FUN_140db56c,16,7,1,140db56c_FUN_140db56c
0x140db5c0,FUN_140db5c0,50,22,1,140db5c0_FUN_140db5c0
0x140db600,FUN_140db600,8,3,1,140db600_FUN_140db600
0x140db60c,FUN_140db60c,12,5,1,140db60c_FUN_140db60c
0x140db61c,FUN_140db61c,2,1,1,140db61c_FUN_140db61c
0x140db620,FUN_140db620,2,1,1,140db620_FUN_140db620
0x140db622,FUN_140db622,2,1,1,140db622_FUN_140db622
0x140db624,FUN_140db624,2,1,1,140db624_FUN_140db624
0x140db626,FUN_140db626,74,31,1,140db626_FUN_140db626
0x140db670,FUN_140db670,124,51,1,140db670_FUN_140db670
0x140db6f0,FUN_140db6f0,10,4,1,140db6f0_FUN_140db6f0
0x140db700,FUN_140db700,10,4,1,140db700_FUN_140db700
0x140db784,FUN_140db784,32,15,1,140db784_FUN_140db784
0x140db7a4,FUN_140db7a4,44,19,1,140db7a4_FUN_140db7a4
0x140db7d0,FUN_140db7d0,146,69,1,140db7d0_FUN_140db7d0
0x140db868,FUN_140db868,60,25,1,140db868_FUN_140db868
0x140db8a8,FUN_140db8a8,226,100,1,140db8a8_FUN_140db8a8
0x140db990,FUN_140db990,46,20,1,140db990_FUN_140db990
0x140db9be,FUN_140db9be,36,16,1,140db9be_FUN_140db9be
0x140db9e4,FUN_140db9e4,572,238,1,140db9e4_FUN_140db9e4
0x140dbc44,FUN_140dbc44,224,95,1,140dbc44_FUN_140dbc44
0x140dbd24,FUN_140dbd24,10076,5013,1,140dbd24_FUN_140dbd24
0x140dbf70,FUN_140dbf70,44,19,1,140dbf70_FUN_140dbf70
0x140dc044,FUN_140dc044,68,30,1,140dc044_FUN_140dc044
0x140dc0a0,FUN_140dc0a0,92,37,1,140dc0a0_FUN_140dc0a0
0x140dc130,FUN_140dc130,256,111,1,140dc130_FUN_140dc130
0x140dc244,FUN_140dc244,76,35,1,140dc244_FUN_140dc244
0x140dc29c,FUN_140dc29c,28,13,1,140dc29c_FUN_140dc29c
0x140dc30c,FUN_140dc30c,120,52,1,140dc30c_FUN_140dc30c
0x140dc340,thunk_FUN_140e4560,4,1,1,140dc340_thunk_FUN_140e4560
0x140dc344,FUN_140dc344,98,41,1,140dc344_FUN_140dc344
0x140dc3ac,FUN_140dc3ac,56,24,1,140dc3ac_FUN_140dc3ac
0x140dc3ec,FUN_140dc3ec,78,31,1,140dc3ec_FUN_140dc3ec
0x140dc46a,FUN_140dc46a,88,36,1,140dc46a_FUN_140dc46a
0x140dc4e0,FUN_140dc4e0,30,13,1,140dc4e0_FUN_140dc4e0
0x140dc4fe,FUN_140dc4fe,26,12,1,140dc4fe_FUN_140dc4fe
0x140dc518,FUN_140dc518,20,8,1,140dc518_FUN_140dc518
0x140dc52c,thunk_FUN_140dc518,4,1,1,140dc52c_thunk_FUN_140dc518
0x140dc530,FUN_140dc530,34,15,1,140dc530_FUN_140dc530
0x140dc554,FUN_140dc554,362,178,1,140dc554_FUN_140dc554
0x140dd3a4,FUN_140dd3a4,16,7,1,140dd3a4_FUN_140dd3a4
0x140dd3b4,FUN_140dd3b4,40,18,1,140dd3b4_FUN_140dd3b4
0x140dd402,FUN_140dd402,40,17,1,140dd402_FUN_140dd402
0x140dd42a,FUN_140dd42a,44,20,1,140dd42a_FUN_140dd42a
0x140dd456,FUN_140dd456,56,20,1,140dd456_FUN_140dd456
0x140dd490,FUN_140dd490,2932,1136,1,140dd490_FUN_140dd490
0x140de094,FUN_140de094,14,6,1,140de094_FUN_140de094
0x140de0ac,FUN_140de0ac,164,53,1,140de0ac_FUN_140de0ac
0x140de704,FUN_140de704,4,2,1,140de704_FUN_140de704
0x140de708,FUN_140de708,110,39,1,140de708_FUN_140de708
0x140de980,FUN_140de980,86,36,1,140de980_FUN_140de980
0x140de9d8,FUN_140de9d8,24,10,1,140de9d8_FUN_140de9d8
0x140de9f4,FUN_140de9f4,150,70,1,140de9f4_FUN_140de9f4
0x140dea98,FUN_140dea98,38,18,1,140dea98_FUN_140dea98
0x140deba0,FUN_140deba0,30,13,1,140deba0_FUN_140deba0
0x140debc0,FUN_140debc0,168,64,1,140debc0_FUN_140debc0
0x140df564,thunk_FUN_140debc0,4,1,1,140df564_thunk_FUN_140debc0
0x140df568,FUN_140df568,18,9,1,140df568_FUN_140df568
0x140df57a,FUN_140df57a,242,98,1,140df57a_FUN_140df57a
0x140df66c,FUN_140df66c,26,11,1,140df66c_FUN_140df66c
0x140df694,FUN_140df694,122,46,1,140df694_FUN_140df694
0x140df85c,FUN_140df85c,28,14,1,140df85c_FUN_140df85c
0x140df878,FUN_140df878,6,2,1,140df878_FUN_140df878
0x140df8b8,FUN_140df8b8,202,87,1,140df8b8_FUN_140df8b8
0x140df994,FUN_140df994,180,62,1,140df994_FUN_140df994
0x140dfc44,FUN_140dfc44,130,55,1,140dfc44_FUN_140dfc44
0x140dfd04,FUN_140dfd04,126,57,1,140dfd04_FUN_140dfd04
0x140dfd54,FUN_140dfd54,30,14,1,140dfd54_FUN_140dfd54
0x140dfd78,FUN_140dfd78,162,62,1,140dfd78_FUN_140dfd78
0x140dfe1a,FUN_140dfe1a,42,18,1,140dfe1a_FUN_140dfe1a
0x140dfe44,FUN_140dfe44,1146,450,1,140dfe44_FUN_140dfe44
0x140e02d0,FUN_140e02d0,36,14,1,140e02d0_FUN_140e02d0
0x140e02f4,FUN_140e02f4,40,17,1,140e02f4_FUN_140e02f4
0x140e031c,FUN_140e031c,312,129,1,140e031c_FUN_140e031c
0x140e0454,FUN_140e0454,114,41,1,140e0454_FUN_140e0454
0x140e04e4,FUN_140e04e4,28,13,1,140e04e4_FUN_140e04e4
0x140e058c,FUN_140e058c,32,15,1,140e058c_FUN_140e058c
0x140e05b0,FUN_140e05b0,28,13,1,140e05b0_FUN_140e05b0
0x140e05cc,FUN_140e05cc,6,2,1,140e05cc_FUN_140e05cc
0x140e05d8,FUN_140e05d8,6,2,1,140e05d8_FUN_140e05d8
0x140e05e4,FUN_140e05e4,118,49,1,140e05e4_FUN_140e05e4
0x140e0664,FUN_140e0664,60,25,1,140e0664_FUN_140e0664
0x140e06a8,FUN_140e06a8,136,51,1,140e06a8_FUN_140e06a8
0x140e0738,FUN_140e0738,138,57,1,140e0738_FUN_140e0738
0x140e07cc,FUN_140e07cc,64,27,1,140e07cc_FUN_140e07cc
0x140e080c,FUN_140e080c,94,45,1,140e080c_FUN_140e080c
0x140e086c,FUN_140e086c,34,14,1,140e086c_FUN_140e086c
0x140e0898,FUN_140e0898,328,115,1,140e0898_FUN_140e0898
0x140e09e8,FUN_140e09e8,166,64,1,140e09e8_FUN_140e09e8
0x140e0a9c,FUN_140e0a9c,214,76,1,140e0a9c_FUN_140e0a9c
0x140e0b7c,FUN_140e0b7c,56,22,1,140e0b7c_FUN_140e0b7c
0x140e0bb4,FUN_140e0bb4,278,101,1,140e0bb4_FUN_140e0bb4
0x140e0cd4,FUN_140e0cd4,80,30,1,140e0cd4_FUN_140e0cd4
0x140e0d28,FUN_140e0d28,156,50,1,140e0d28_FUN_140e0d28
0x140e0dc8,FUN_140e0dc8,176,66,1,140e0dc8_FUN_140e0dc8
0x140e0e80,FUN_140e0e80,102,34,1,140e0e80_FUN_140e0e80
0x140e0ee6,FUN_140e0ee6,70,28,1,140e0ee6_FUN_140e0ee6
0x140e0f2c,FUN_140e0f2c,66,26,1,140e0f2c_FUN_140e0f2c
0x140e0f6e,FUN_140e0f6e,94,37,1,140e0f6e_FUN_140e0f6e
0x140e0fcc,FUN_140e0fcc,182,74,1,140e0fcc_FUN_140e0fcc
0x140e1084,FUN_140e1084,488,200,1,140e1084_FUN_140e1084
0x140e1338,FUN_140e1338,482,210,1,140e1338_FUN_140e1338
0x140e1630,FUN_140e1630,174,79,1,140e1630_FUN_140e1630
0x140e16e4,FUN_140e16e4,478,192,1,140e16e4_FUN_140e16e4
0x140e18f8,FUN_140e18f8,112,52,1,140e18f8_FUN_140e18f8
0x140e1968,FUN_140e1968,100,42,1,140e1968_FUN_140e1968
0x140e1b80,FUN_140e1b80,6,2,1,140e1b80_FUN_140e1b80
0x140e1b8c,FUN_140e1b8c,6,2,1,140e1b8c_FUN_140e1b8c
0x140e1b98,FUN_140e1b98,16,7,1,140e1b98_FUN_140e1b98
0x140e1ba8,FUN_140e1ba8,226,91,1,140e1ba8_FUN_140e1ba8
0x140e1c90,FUN_140e1c90,2600,1056,1,140e1c90_FUN_140e1c90
0x140e2780,FUN_140e2780,290,102,1,140e2780_FUN_140e2780
0x140e28a8,FUN_140e28a8,2918,1173,1,140e28a8_FUN_140e28a8
0x140e3480,FUN_140e3480,4,2,1,140e3480_FUN_140e3480
0x140e3490,FUN_140e3490,4,1,1,140e3490_FUN_140e3490
0x140e3494,FUN_140e3494,630,202,1,140e3494_FUN_140e3494
0x140e370c,FUN_140e370c,30,10,1,140e370c_FUN_140e370c
0x140e372c,FUN_140e372c,34,12,1,140e372c_FUN_140e372c
0x140e3750,FUN_140e3750,66,21,1,140e3750_FUN_140e3750
0x140e37a4,FUN_140e37a4,90,28,1,140e37a4_FUN_140e37a4
0x140e3800,FUN_140e3800,412,117,1,140e3800_FUN_140e3800
0x140e39dc,FUN_140e39dc,184,61,1,140e39dc_FUN_140e39dc
0x140e3a54,FUN_140e3a54,360,109,1,140e3a54_FUN_140e3a54
0x140e3bc2,FUN_140e3bc2,98,30,1,140e3bc2_FUN_140e3bc2
0x140e3c34,FUN_140e3c34,122,40,1,140e3c34_FUN_140e3c34
0x140e3cb0,FUN_140e3cb0,14,7,1,140e3cb0_FUN_140e3cb0
0x140e3cc0,FUN_140e3cc0,16,6,1,140e3cc0_FUN_140e3cc0
0x140e3cd0,FUN_140e3cd0,18,6,1,140e3cd0_FUN_140e3cd0
0x140e3ce4,FUN_140e3ce4,18,6,1,140e3ce4_FUN_140e3ce4
0x140e3cf8,FUN_140e3cf8,18,6,1,140e3cf8_FUN_140e3cf8
0x140e3d0c,FUN_140e3d0c,18,6,1,140e3d0c_FUN_140e3d0c
0x140e3d20,FUN_140e3d20,18,6,1,140e3d20_FUN_140e3d20
0x140e3d34,FUN_140e3d34,44,14,1,140e3d34_FUN_140e3d34
0x140e3d60,FUN_140e3d60,78,25,1,140e3d60_FUN_140e3d60
0x140e3db0,FUN_140e3db0,64,21,1,140e3db0_FUN_140e3db0
0x140e3df0,FUN_140e3df0,158,46,1,140e3df0_FUN_140e3df0
0x140e4030,FUN_140e4030,124,39,1,140e4030_FUN_140e4030
0x140e40ac,FUN_140e40ac,160,55,1,140e40ac_FUN_140e40ac
0x140e414c,FUN_140e414c,50,17,1,140e414c_FUN_140e414c
0x140e417c,FUN_140e417c,40,12,1,140e417c_FUN_140e417c
0x140e41a4,FUN_140e41a4,46,17,1,140e41a4_FUN_140e41a4
0x140e41d4,FUN_140e41d4,56,21,1,140e41d4_FUN_140e41d4
0x140e4214,FUN_140e4214,52,20,1,140e4214_FUN_140e4214
0x140e4250,FUN_140e4250,748,263,1,140e4250_FUN_140e4250
0x140e4550,FUN_140e4550,12,5,1,140e4550_FUN_140e4550
0x140e4560,FUN_140e4560,12,5,1,140e4560_FUN_140e4560
0x140e4570,FUN_140e4570,10,5,1,140e4570_FUN_140e4570
0x140e4580,FUN_140e4580,12,5,1,140e4580_FUN_140e4580
0x140e4590,FUN_140e4590,12,5,1,140e4590_FUN_140e4590
0x140e45b0,FUN_140e45b0,22,11,1,140e45b0_FUN_140e45b0
0x140e45d0,FUN_140e45d0,12,5,1,140e45d0_FUN_140e45d0
0x140e45e0,FUN_140e45e0,2,1,1,140e45e0_FUN_140e45e0
0x140e5068,FUN_140e5068,10,5,1,140e5068_FUN_140e5068
0x140e5078,FUN_140e5078,10,5,1,140e5078_FUN_140e5078
0x140e5088,FUN_140e5088,10,5,1,140e5088_FUN_140e5088
0x140e5098,FUN_140e5098,10,5,1,140e5098_FUN_140e5098
0x140e50a8,FUN_140e50a8,10,5,1,140e50a8_FUN_140e50a8
0x140e50b8,FUN_140e50b8,10,5,1,140e50b8_FUN_140e50b8
0x140e50d8,FUN_140e50d8,10,5,1,140e50d8_FUN_140e50d8
0x140e50f8,FUN_140e50f8,10,5,1,140e50f8_FUN_140e50f8
0x140e5108,FUN_140e5108,10,5,1,140e5108_FUN_140e5108
0x140e5128,FUN_140e5128,10,5,1,140e5128_FUN_140e5128
0x140e5138,FUN_140e5138,10,5,1,140e5138_FUN_140e5138
0x140e5148,FUN_140e5148,10,5,1,140e5148_FUN_140e5148
0x140e5168,FUN_140e5168,10,5,1,140e5168_FUN_140e5168
0x140e5178,FUN_140e5178,10,5,1,140e5178_FUN_140e5178
0x140e5188,FUN_140e5188,10,5,1,140e5188_FUN_140e5188
0x140e5198,FUN_140e5198,10,5,1,140e5198_FUN_140e5198
0x140e51b8,FUN_140e51b8,10,5,1,140e51b8_FUN_140e51b8
0x140e51d8,FUN_140e51d8,10,5,1,140e51d8_FUN_140e51d8
0x140e51e8,FUN_140e51e8,10,5,1,140e51e8_FUN_140e51e8
0x140e5208,FUN_140e5208,10,5,1,140e5208_FUN_140e5208
0x140e5218,FUN_140e5218,10,5,1,140e5218_FUN_140e5218
0x140e5228,FUN_140e5228,10,5,1,140e5228_FUN_140e5228
0x140e5248,FUN_140e5248,10,5,1,140e5248_FUN_140e5248
0x140e5258,FUN_140e5258,10,5,1,140e5258_FUN_140e5258
0x140e5268,FUN_140e5268,10,5,1,140e5268_FUN_140e5268
0x140e5278,FUN_140e5278,10,5,1,140e5278_FUN_140e5278
0x140e5288,FUN_140e5288,10,5,1,140e5288_FUN_140e5288
0x140e5298,FUN_140e5298,10,5,1,140e5298_FUN_140e5298
0x140e52a8,FUN_140e52a8,10,5,1,140e52a8_FUN_140e52a8
0x140e52b8,FUN_140e52b8,10,5,1,140e52b8_FUN_140e52b8
0x140e52c8,FUN_140e52c8,10,5,1,140e52c8_FUN_140e52c8
0x140e52d8,FUN_140e52d8,10,5,1,140e52d8_FUN_140e52d8
0x140e52e8,FUN_140e52e8,10,5,1,140e52e8_FUN_140e52e8
0x140e52f8,FUN_140e52f8,10,5,1,140e52f8_FUN_140e52f8
0x140e5308,FUN_140e5308,10,5,1,140e5308_FUN_140e5308
0x140e5328,FUN_140e5328,10,5,1,140e5328_FUN_140e5328
0x140e5338,FUN_140e5338,10,5,1,140e5338_FUN_140e5338
0x140e5348,FUN_140e5348,10,5,1,140e5348_FUN_140e5348
0x140e5358,FUN_140e5358,10,5,1,140e5358_FUN_140e5358
0x140e5368,FUN_140e5368,10,5,1,140e5368_FUN_140e5368
0x140e5378,FUN_140e5378,10,5,1,140e5378_FUN_140e5378
0x140e5398,FUN_140e5398,10,5,1,140e5398_FUN_140e5398
0x140e53a8,FUN_140e53a8,10,5,1,140e53a8_FUN_140e53a8
0x140e53b8,FUN_140e53b8,10,5,1,140e53b8_FUN_140e53b8
0x140e53c8,FUN_140e53c8,10,5,1,140e53c8_FUN_140e53c8
0x140e53d8,FUN_140e53d8,10,5,1,140e53d8_FUN_140e53d8
0x140e53e8,FUN_140e53e8,10,5,1,140e53e8_FUN_140e53e8
0x140e5408,FUN_140e5408,10,5,1,140e5408_FUN_140e5408
0x140e5418,FUN_140e5418,10,5,1,140e5418_FUN_140e5418
0x140e5438,FUN_140e5438,10,5,1,140e5438_FUN_140e5438
0x140e5448,FUN_140e5448,10,5,1,140e5448_FUN_140e5448
0x140e5458,FUN_140e5458,10,5,1,140e5458_FUN_140e5458
0x140e5468,FUN_140e5468,10,5,1,140e5468_FUN_140e5468
0x140e5498,FUN_140e5498,10,5,1,140e5498_FUN_140e5498
0x140e54a8,FUN_140e54a8,10,5,1,140e54a8_FUN_140e54a8
0x140e54c8,FUN_140e54c8,10,5,1,140e54c8_FUN_140e54c8
0x140e54d8,FUN_140e54d8,10,5,1,140e54d8_FUN_140e54d8
0x140e5508,FUN_140e5508,10,5,1,140e5508_FUN_140e5508
0x140e5518,FUN_140e5518,10,5,1,140e5518_FUN_140e5518
0x140e5528,FUN_140e5528,10,5,1,140e5528_FUN_140e5528
0x140e5538,FUN_140e5538,10,5,1,140e5538_FUN_140e5538
0x140e5548,FUN_140e5548,10,5,1,140e5548_FUN_140e5548
0x140e5558,FUN_140e5558,10,5,1,140e5558_FUN_140e5558
0x140e5578,FUN_140e5578,10,5,1,140e5578_FUN_140e5578
0x140e5588,FUN_140e5588,10,5,1,140e5588_FUN_140e5588
0x140e5598,FUN_140e5598,10,5,1,140e5598_FUN_140e5598
0x140e55b8,FUN_140e55b8,10,5,1,140e55b8_FUN_140e55b8
0x140e55c8,FUN_140e55c8,10,5,1,140e55c8_FUN_140e55c8
0x140e55d8,FUN_140e55d8,10,5,1,140e55d8_FUN_140e55d8
0x140e55e8,FUN_140e55e8,10,5,1,140e55e8_FUN_140e55e8
0x140e55f8,FUN_140e55f8,10,5,1,140e55f8_FUN_140e55f8
0x140e5608,FUN_140e5608,10,5,1,140e5608_FUN_140e5608
0x140e5618,FUN_140e5618,10,5,1,140e5618_FUN_140e5618
0x140e5658,FUN_140e5658,10,5,1,140e5658_FUN_140e5658
0x140e5668,FUN_140e5668,10,5,1,140e5668_FUN_140e5668
0x140e5678,FUN_140e5678,10,5,1,140e5678_FUN_140e5678
0x140e56b8,FUN_140e56b8,10,5,1,140e56b8_FUN_140e56b8
0x140e56c8,FUN_140e56c8,10,5,1,140e56c8_FUN_140e56c8
0x140e56d8,FUN_140e56d8,10,5,1,140e56d8_FUN_140e56d8
0x140e56e8,FUN_140e56e8,10,5,1,140e56e8_FUN_140e56e8
0x140e56f8,FUN_140e56f8,10,5,1,140e56f8_FUN_140e56f8
0x140e5708,FUN_140e5708,10,5,1,140e5708_FUN_140e5708
0x140e5718,FUN_140e5718,10,5,1,140e5718_FUN_140e5718
0x140e5728,FUN_140e5728,10,5,1,140e5728_FUN_140e5728
0x140e5748,FUN_140e5748,10,5,1,140e5748_FUN_140e5748
0x140e5758,FUN_140e5758,10,5,1,140e5758_FUN_140e5758
0x140e5768,FUN_140e5768,10,5,1,140e5768_FUN_140e5768
0x140e5788,FUN_140e5788,10,5,1,140e5788_FUN_140e5788
0x140e5798,FUN_140e5798,10,5,1,140e5798_FUN_140e5798
0x140e57a8,FUN_140e57a8,10,5,1,140e57a8_FUN_140e57a8
0x140e57b8,FUN_140e57b8,10,5,1,140e57b8_FUN_140e57b8
0x140e5808,FUN_140e5808,10,5,1,140e5808_FUN_140e5808
0x140e5818,FUN_140e5818,10,5,1,140e5818_FUN_140e5818
0x140e5828,FUN_140e5828,10,5,1,140e5828_FUN_140e5828
0x140e5838,FUN_140e5838,10,5,1,140e5838_FUN_140e5838
0x140e5848,FUN_140e5848,10,5,1,140e5848_FUN_140e5848
0x140e5858,FUN_140e5858,10,5,1,140e5858_FUN_140e5858
0x140e5868,FUN_140e5868,10,5,1,140e5868_FUN_140e5868
0x140e5888,FUN_140e5888,10,5,1,140e5888_FUN_140e5888
0x140e5898,FUN_140e5898,10,5,1,140e5898_FUN_140e5898
0x140e58a8,FUN_140e58a8,10,5,1,140e58a8_FUN_140e58a8
0x140e58b8,FUN_140e58b8,10,5,1,140e58b8_FUN_140e58b8
0x140e58d8,FUN_140e58d8,10,5,1,140e58d8_FUN_140e58d8
0x140e58e8,FUN_140e58e8,10,5,1,140e58e8_FUN_140e58e8
0x140e58f8,FUN_140e58f8,10,5,1,140e58f8_FUN_140e58f8
0x140e5908,FUN_140e5908,10,5,1,140e5908_FUN_140e5908
0x140e5918,FUN_140e5918,10,5,1,140e5918_FUN_140e5918
0x140e5938,FUN_140e5938,10,5,1,140e5938_FUN_140e5938
0x140e5948,FUN_140e5948,10,5,1,140e5948_FUN_140e5948
0x140e5958,FUN_140e5958,10,5,1,140e5958_FUN_140e5958
0x140e5978,FUN_140e5978,10,5,1,140e5978_FUN_140e5978
0x140e5988,FUN_140e5988,10,5,1,140e5988_FUN_140e5988
0x140e5998,FUN_140e5998,10,5,1,140e5998_FUN_140e5998
0x140e59b8,FUN_140e59b8,10,5,1,140e59b8_FUN_140e59b8
0x140e59c8,FUN_140e59c8,10,5,1,140e59c8_FUN_140e59c8
0x140e59d8,FUN_140e59d8,10,5,1,140e59d8_FUN_140e59d8
0x140e59e8,FUN_140e59e8,10,5,1,140e59e8_FUN_140e59e8
0x140e5a08,FUN_140e5a08,10,5,1,140e5a08_FUN_140e5a08
0x140e5a28,FUN_140e5a28,10,5,1,140e5a28_FUN_140e5a28
0x140e5a38,FUN_140e5a38,10,5,1,140e5a38_FUN_140e5a38
0x140e5a48,FUN_140e5a48,10,5,1,140e5a48_FUN_140e5a48
0x140ee364,FUN_140ee364,12186,6093,1,140ee364_FUN_140ee364
0x140f12fe,FUN_140f12fe,94332,8001,1,140f12fe_FUN_140f12fe
0x1410cb44,FUN_1410cb44,102,43,1,1410cb44_FUN_1410cb44
0x1410f3ec,FUN_1410f3ec,10,5,1,1410f3ec_FUN_1410f3ec
0x1410fb7c,FUN_1410fb7c,10,5,1,1410fb7c_FUN_1410fb7c
